id,P001179,P001180
c9d4870a9d044cdbb488dd1355044a59,.,༌Eཀོཏཏར༼༢༢བ༢༽ འདུལ་བ་གཅིག་ཡན་ཆད་སྒོ་གསུམ་གྱིས་བསྡུས་པའི་མདོ་སྡེ་།
540999f1c4cb4fd296b98d8cf7eee19d,.,བཤད ༼༣༽ པ་དང་པོ་གཉིས་པོ་དང་༎གསུམ་པོ་ཡང་ནི་དེ་བཞིན་ཏེ་༎བརྩོན་ཕ་ཐ་མར་བྱས་ནས་ནི་༎བསྡུས་པ་འདི་ནི་ངེས་པར་སྨྲས་༎སྒོ་དང་པོའི་མདོ་བསྡུས་པ་སྟེ་༎བཤད་པ་མི་མཁས་གསོལ་བ་དང་༎ཀུན་དཀྲིས་ཉེས་བྱུང་དེ་བཞིན་ཏེ་༎མཁས་པ་དང་ནི་བསྒོས་པ་ཡང་༎༼༤༽ མང་དུ་ཐོས་པ་ཆོས་སྤངས་པའོ་༎བཤད་པ་བསྡུས་པ་སྨོད་པ་དང་༎ལྟ་བ་ཕྱེ་མང་གཉིས་པོ་དང་༎སྐུར་པ་དག་དང་བཞི་པོ་དང་༎གསོ་སྦྱིན་གཉིས་ཀྱང་དེ་བཞིན་ནོ་༎
be3342de4a2c4654a9c9338c30e72f62,. . . . . . . . . . . . . . .,འདི་ལྟ་སྟེ་། སྡོམ་པ་དང་ལྡན་པའི་རྒྱུ་གཅིག་གིས་ཉེས་པ་ཐམས་ཅད་བརྗོད་པར་འགྱུར་རོ་༎  ༼༥༽ འདི་ལྟ་སྟེ་། སྣོམ་པ་མེད་པའི་རྒྱུ་གཅིག་གིས་ཉེས་པ་ཐམས་ཅད་མི་བརྗོད་པར་འགྱུར་རོ་། འདི་ལྟ་སྟེ་། སྡོམ་པ་མེད་པའི་རྒྱུ་གཅིག་ཏུ་ཉེས་པ་ཐམས་ཅད་མ་འདུས་པར་འགྱུར་རོ་༎ འདི་ལྟ་སྟེ་། སྡོམ་པ་དང་ལྡན་པའི་རྒྱུ་གཅིག་ཏུ་ཉེས་པ་ཐམས་ཅད་འདུས་པར་འགྱུར་རོ་༎ ངག ༼༦༽ ལས་བྱུང་བའི་ཁ་ན་མ་ཐོ་བ་རྣམས་ཀྱི་ནང་ན་དེ་བཞིན་བཤེགས་པ་ལ་མེད་བཞིན་དུ་སྐུར་པ་བཏབ་པ་གཅིག་བུ་ཉེས་པ་ཆེའོ་༎ ལུས་ལས་བྱུང་བའི་ཁ་ནམ་ཐོ་བ་ཐམས་ཅད་ཀྱི་ནང་ན་དེ་བཞིན་གཤེགས་པ་ལ་ངན་སེམས་ཀྱིས་ཁྲག་ཕྱུང་བ་གང་ཡིན་པ་དེ་གཅིག་བུ་ཉེས་པ་ཆེའོ་༎  ༼༧༽ འདི་ལྟ་སྟེ་། ཁ་ན་མ་ཐོ་བ་ཐམས་ཅད་ཀྱི་ནང་ན་དགེ་འདུན་ཕྱེ་བ་གཅིག་པུ་ཉེས་བ་ཆེའོ་༎ མང་པོ་ལས་བུང་བའི་ཁན་མ་ཐོ་བ་ཐམས་ཅད་ཀྱི་ནང་ན་དགེ་འདུན་འབྱེད་པའི་རྗེས་སུ་ཕྱོགས་པ་གཅིག་པུ་ཉེས་པ་ཆེའོ་༎ ཕྲ་མ་ལས་བྱུང་བའི་ཁ་ནམ་ཐོ་བ་ཐམས་ཅད་ཀྱི་ནང་ན་གང་དེ་བཞིན ༼༢༣ཨ༡༽ གཤེགས་པའི་ཉན་ཐོས་ཀྱི་དགེ་འདུན་འབྱེད་པར་བྱེད་པ་གང་ཡིན་པ་དེ་གཅིག་པུ་ཉེས་པ་ཆེའོ་༎ གང་ཟག་ལས་བྱུང་བའི་ཁ་ན་མ་ཐོ་བ་ཐམས་ཅད་ཀྱི་ནང་ན་མེད་བཞིན་དུ་སྐུར་པ་བཏབ་པ་གཅིག་པུ་ཉེས་པ་ཆེའོ་༎ སྲོག་གཅོད་པ་ལས་བྱུང་བའི་ཁན་མ་ཐོ་བ ༼༢༽ ཐམས་ཅད་ཀྱི་ནང་ན་རང་སངས་རྒྱས་འཚོ་བ་དང་ཕྲལ་བ་གཅིག་པུ་ཉེས་པ་ཆེའོ་༎ མ་བྱིན་པར་ལེན་པ་ལས་བྱུང་བའི་ཁ་ན་མ་ཐོ་བ་ཐམས་ཅད་ཀྱི་ནང་ན་གང་དེ་བཞིན་གཤེགས་བའི་ཉན་ཐོས་ཀྱི་དགེ་འདུན་མངའ་བ་ལས་བརྐུས་པ་གང་ཡིན་པ་དེ་གཅིག་བུ་ཉེས་བ་ཆེའོ་༎ མི ༼༣༽ ཚངས་པར་སྤྱོད་པ་ལས་བྱུང་བའི་ཁ་ན་མ་ཐོ་བ་ཐམས་ཅད་ཀྱི་ནང་ན་དགྲ་བཅོམ་པ་ཡིན་ལ་མ་ཡང་ཡིན་པ་ལ་མི་ཚངས་པར་སྤྱོད་པ་གཅིག་པུ་ཉེས་པ་ཆེའོ་༎ བརྫུན་དུ་སྨྲ་བ་ལས་བྱུང་བའི་ཁ་ན་མ་ཐོ་བ་ཐམས་ཅད་ཀྱི་ནང་ན་མེད་པ་ལ་མེད་བཞིན་དུ་མི་ལས་བླ་མར་གྱུར་པའི་ཆོས ༼༤༽ སྨྲས་པ༈་གཅིག་བུ་ཉེས་པ་ཆེའོ་༎ ཆོས་དང་ལྡན་པའི་གསོ་སྦྱིན་བཞག་པ་གཅིག་ནི་འདི་ལྟ་སྟེ་། རྩ་བ་མེད་བའོ་༎ ཆོས་དང་ལྡན་པའི་གསོ་སྦྱིན་བཞག་པ་གཅིག་ནི་འདི་ལྟ་སྟེ་། རྩ་བ་དང་བཅས་པའོ་༎
4947a2a8b0af4adca027fd096b1358b0,.,གཅིག་པ་རྫོགས་སྷོ་༎ ༎
98f76fec500645f4afcb825bf7134350,.,མདོར་ན་།མི ༼༥༽ མཁས་པ་ལ་གསུམ་དུ་བྱ་༎གཞན་ཡང་ལྷག་མར་བཅས་བ་གསུམ་༎ཛོགས་པ་མ་ལུས་ཀྱིས་བྱ་དང་༎ངག་གི་བྱ་དང་ལུང་མི་སྟོན་༎
407ba86e669c40798f72614c3957f8d6,. . . . . . .,ཉེས་པ་གཉིས་ཏེ་། མི་དགེ་བ་དང་། ལུང་དུ་མི་སྟོན་པའོ་༎ མི་དགེ་བ་ལ་ཡང་གཉིས་ཏེ་། ལྷག་མ་དང་བཅས་པ་དང་། ལྷག ༼༦༽ མ་མ་ལུས་པའོ་༎ ལུང་དུ་མི་སྟོན་པ་ལ་གཉིས་ཏེ་། ལྷག་མ་དང་བཅས་པ་དང་། ལྷག་མ་མ་ལུས་པོ་༎ ཉེས་པ་ལ་ཡང་གཉིས་ཏེ་། ལྷག་མ་དང་བཅས་པ་དང་། ལྷག་མ་མ་ལུས་པའོ་༎ ལྷག་མ་དང་བཅས་པ་ལ་གཉིས་ཏེ་། མི་དགེ་ཁ་དང་ལུང་དུ་མི་སྟོན་པའོ་༎  ༼༧༽ ལྷག་མ་མ་ལུས་པའོ་༎ ལུང་དུ་མི་སྟོན་པ་ལ་གཉིས་ཏེ་། མི་དགེ་བ་དང་ལུང་དུ་མི་སྟོན་བའོ་༎
06aae98186be4ac78ffe82a320a4fc57,. . . . . . . . .,ཉེས་པ་ལ་ཡང་གཉིས་ཏེ་། ལུས་ལ་བྱུང་བ་དང་། ངག་ལས་བྱུང་བའོ་༎ ལུས་ལས་བྱུང་བ་ལའང་གཉིས་ཏེ་། ལྷག་མ་དང་བས་པ་དང་། ལྷག་མ་མ་ལུས་བའོ་༎ གཞན་ཡང ༼༢༣བ༡༽ ལས་ལས་བྱུང་བ་གཉིས་ཏེ་མི་དགེ་བ་དང་། ལུང་དུ་མི་སྟོན་པའོ་༎ གཞན་ཡང་ལས་ལས་བྱུང་བ་གཉིས་ཏེ་། དམིགས་པ་དང་། མི་དམིགས་པའོ་༎ ངག་ལས་བྱུང་བའང་གཉིས་ཏེ་། ལྷག་མ་དང་བཅས་པ་དང་། ལྷག་མ་མ་ལུས་པའོ་༎ གཞན་ཡང་ངག་ལས ༼༢༽ བྱུང་བ་གཉིས་ཏེ་། མི་དགེ་བ་དང་། ལུང་དུ་མི་སྟོན་པའོ་༎ གཞན་ཡང་ངག་ལས་བྱུང་བ་གཉིས་ཏེ་། དམིགས་པ་དང་། མི་དམིགས་པའོ་༎ ཉེས་པ་ནི་གཉིས་ཏེ་། ལུང་དུ་སྟོན་པ་དང་། ལུང་དུ་མི་སྟོན་བའོ་༎ གཞན་ཡང་ཉེས་པ་གཉིས་ཏེ་། བསྒྲིབས་པ་དང་། ༼༣༽ མ་བསྒྲིབས་པའོ་༎
48073e3044614957b37553bf21028727,.,མདོར་ན་།གསོལ་བ་གཞག་པར་འོས་པ་དང་༎མ་གཞག་སླར་བསླང་དེ་བཞིན་ཏེ་༎དབྱེ་བ་རྣམ་པ་ལྔར་བྱས་ནས་༎ནར་མ་དག་དང་སྨྲ་བའོ་༎
38dd43f36bce4c7bac73c217760af188,. . . . . .,ཉེས་པ་གཉིས་ཏེ་། གསོལ་བར་བྱ་བ་དང་། གསོལ་བ་མེད་པའོ་༎ གཞན་ཡང་ཉེས་པ་གཉིས ༼༤༽ ཏེ༈་གཞག་པར་འོས་བ་དང་། མི་གཞག་པར་འོས་པའོ་། གཞན་ཡང་ཉེས་པ་གཉིས་ཏེ་། གནང་བའི་ཁ་ན་མ་ཐོ་བ་དང་། མ་གནང་བའི་ཁ་ན་མ་ཐོ་བའོ་༎ གཞན་ཡང་ཉེས་པ་གཉིས་ཏེ་། སླར་བསླང་དུ་ཡོད་པ་དང་། བསླང་དུ་མེད་པའོ་༎ གཞན་ཡང་ཉེས་པ ༼༥༽ གནིས་ཏེ་། འབྱེད་པར་བྱེད་པ་དང་། མི་འབྱེད་པར་བྱེད་པ་ཡང་གཉིས་ཏེ་། ལྷག་མ་དང་བཅས་པ་དང་། ལྷག་མ་མ་ལསུ་པའ་༎ མི་འབྱེད་པར་བྱེད་བ་ལ་ཡང་གཉིས་ཏེ་། མི་དགེ་བ་དང་། ལུང་དུ་མི་སྟོན་པའོ་༎ གཞན་ཡང་འབྱེད་པར་མི་བྱེད ༼༦༽ བ་ཡང་གཉིས་ཏེ་། ལྷག་མ་དག་བཅས་ང་དང་། ལྷག་མ་མ་ལུས་པའོ་༎
135f9e15c49a44b2be82629de90f2667,.,གཞན་ཡང་ཉེས་པ་གཉིས་ཏེ་། ནར་མ་དང་། སྐད་ཅིག་མའོ་༎
cd60f817db8443c1b8c6c9bd3cadfbb7,.,གཞན་ཡང་ཉེས་པ་གཉིས་ཏེ་། སྨྲ་བ་དང་། མི་སྨྲ་བའོ་༎
8b64e3ea9c40429693017bc50a3a1827,.,མདོར་ན་།ཀུན་ཏུ་དཀྲིས་དང་བསྒྲིབས་པ་མེད་༎ཐུན་མོང་པ་དང ༼༧༽ བདུན་པོ་དང་༎སངས་རྒྱས་དུས་དང་ཡུལ་དག་དང་༎ཤིན་ཏུ་ཆགས་དང་ཕྱོགས་རྣམས་སོ་༎
1d208e207b6b41858e85c545b71c2b28,. . . . . . . . . . . .,ཉེས་པ་གཉིས་ཏེ་། ཀུན་དུ་དཀྲིས་པ་དང་། མ་དཀྲིས་པའོ་༎ བསྒྲིབས་པར་འགྲོ་བ་དང་། མ་བསྒྲིབས་པར་འགྲོ་བའོ་༎ ཐུན་མོང་བ་དང་། ཐུན་མོང་མ་ཡིན་པའོ་༎  ༼༢༤ཨ༡༽ དགེ་སློང་མའི་ཐུན་མོང་པ་དང་། དགེ་སློང་གི་ཐུན་མོང་བའོ་༎ དགེ་སློང་གི་ཐུན་མོང་བ་དང་། དགེ་སློང་གི་ཐུན་མོང་བ་དང་། དགེ་ཚུལ་མའི་ཐུན་མོང་བའོ་༎ དགེ་སློང་གི་ཐུན་མོང་པ་དང་། དགེ་ཚུལ་ཕའི་ཐུན་མོང་བའོ་༎  ༼༢༽ དགེ་སློང་གི་ཐུན་མོང་བ་དང་། དགེ་བསྙེན་པའི་ཐུན་མོང་པའོ་༎ དགེ་སློང་གི་ཐུན་མོང་བ་དང་། དགེ་བསྙེན་མའི་ཐུན་མོང་བའོ་༎ སངས་རྒྱས་ཀྱི་དུས་དང་། ནར་མའོ་༎ ཡུལ་ལས་གནང་བ་དང་། ཡུལ་ལས་མི་གནང་བའོ་༎ ཤིན་ཏུ་ཆགས་པ་དང་། ཤིན་ཏུ ༼༣༽ མ་ཆགས་པའོ་༎ ཕྱོགས་གཅིག་པ་དང་། ཕྱོགས་ཐམས་ཅད་པའོ་༎
d77935cee4974735b54853ac1c406575,.,མདོར་ན་།ཀློག་པ་སྦོམ་པོར་གཞན་པ་དང་༎ལྕི་བ་རྣམ་སྨིན་དེ་བཞིན་ཏེ་༎བསླང་པ་རྣམ་པ་བཞི་པོ་དང་༎བཤགས་པ་རྗེས་སུ་བརྟེན་པའོ་༎
df96ab116642442f95dd6f6efa52fcbb,. . .,རྣམ་པར་སྨིན་པ་དང་བཅས་པ་དང་། རྣམ ༼༤༽ པར་སྨིན་པ་མེད་པའོ་༎ སླར་བསླད་དུ་རུང་བ་དང་། སཱར་བསླང་དུ་མི་རུང་བའོ་༎ སླར་བསླང་དུ་རུང་བ་ལ་ཡང་གཉིས་ཏེ་། བཤགས་པ་དང་། དང་པོ་ནས་སྡོམ་ཕ་བྱིན་པའོ་༎
ac64a38836ec4670b7032afa67226e43,. . .,གཞན་ཡང་སླར་བསླང་དུ་རུང་བ་གཉིས་ཏེ་། བཏགས་པ་དང་། དོན་དམ་པའོ་། སླར ༼༥༽ དབྱུང་དུ་མི་རུང་བ་གཉིས་ཏེ་མ་མཐོང་བ་དང་། མི་འཆགས་པའོ་༎ བརྟེན་པ་ལ་གཉིས་ཏེ་། དགེ་འདུན་ལ་བརྟེན་པ་དང་། གང་ཟག་ལ་བརྟེན་པའོ་༎ བཤགས་པ་ལ་གཉིས་ཏེ་། དགེ་འདུན་དང་། གང་ཟག་ལའོ་༎
cc871652221240cf9dbfba76efe4403e,.,མདོར་ན་།མཁས་པ་དག་ནི་གསུམ་དུ་བྱ་༎༼༦༽ ངོ་ཚ་བ་དང་རྣམ་གཉིས་དང་༎རྒོལ་དང་ཞལ་ནས་གསུངས་པ་དང་༎བརྟན་པ་དང་ནེ་གསོལ་བའོ་༎
cc5a4d2eea7d44098905abda0d90e80a,.,ཉེས་པ་མ་བྱུང་བ་ལ་ཉེས་པ་མ་བྱུང་བར་མཁས་པ་དང་། ཉེས་པ་བྱུང་བར་མཁས་པའོ་༎
3a43f2c83d9440dcae951889043d8377,. . . .,གཞན་ཡང་མཁས་པ་ལ་གཉིས་ཏེ་། ཉེས་པ་བུང་བ་སཱར་བསླད་བ་ལ ༼༧༽ མཁས་པ་དང་། ཉེས་པ་མ་བྱུང་བ་རྣམ་པར་དག་པར་བྱ་བ་ལ་མཁས་པའོ་༎ ངོ་ཆ་བ་ལ་གཉིས་ཏེ་། བག་དང་བཅས་པ་དང་། བག་མེད་པའོ་༎ རྒོལ་བར་བྱེད་པ་ལ་ཉེས་པར་འགྱུར་བ་གཉིས་ཏེ་། དགེ་འདུན་དང་། གང་ཟག་ལས་སོ་༎ སྨྲ་བ་ལས་བྱུང་བའི་ཉེས ༼༢༤བ༡༽ བ་གཉིས་ཏེ་། ཞལ་ནས་གསུངས་པ་དང་། བཤད་པའོ་༎
16abb50f4f304721b4067e0d9fc95edc,.,གཞན་ཡང་སྨྲ་བ་ལས་བྱུང་བ་གཉིས་ཏེ་། བརྟན་པ་དང་། མི་བརྟན་པའོ་༎
8640b68595eb4ab98abbf0d4c25cf3e2,.,གཞན་ཡང་སྨྲ་བ་ལས་བྱུང་བ་གཉིས་ཏེ་། གསོལ་བ་འདེབས་པ་དང་། གསོལ་བ་མི་འདེབས་པའོམ་༎
10dadb87741e4d988a0019e80a04f490,.,མདོར་ན་།བསྐོས ༼༢༽ དང་སྡོམ་དང་བརྟགས་པ་དང་༎ཉན་བ་ཤིན་ཏུ་སེམས་པ་དང་༎རབ་ཤེས་ཐབ་མོ་མི་མཐུན་དང་༎རང་བཞིན་ངེས་སྨྲ་ཤེས་རབ་བོ་༎
85205fd6110d4fea85ffdfa0ffe5182e,.,དགེ་འདུན་གྱི་ཞལ་ཏ་བ་གཉིས་ཏེ་། བསྐོས་པ་དང་། སྡོམ་པ་དང་། མི་སྡོམ་པ་དང་། བརྟགས་པར་སྨྲ་བ ༼༣༽ དང་༈་མ་བརྟགས་པར་སྨྲ་བ་དང་། ཉན་པ་དང་། སྤྲོགས་པ་དང་། སེམས་པ་དང་། མི་སེམས་པ་དང་། རབ་ཏུ་ཤེས་པ་དང་། རབ་ཏུ་ཤེས་པར་མི་བྱེད་པ་དང་། ཐབ་མོ་བྱེད་པ་དང་། ཐབ་མོ་མི་བྱེད་པ་དང་། མི་མཐུན་པ་དང་། མཐུན་པ་དང་། རང་བཞིན་དུ་གནས ༼༤༽ པ་དང་༈་རང་བཞིན་དུ་གནས་བ་མ་ཡིན་པ་དང་། དེ་བཞིན་དུ་ངེས་པར་སྨྲ་བ་དང་། ངེས་པ་མ་ཡིན་པར་སྨྲ་བ་དང་། ཤེས་རབ་ཅན་དང་། འཆལ་བའི་ཤེས་རབ་ཅན་ནོ་༎
ca37c637c94d46639576ddb4511a05a1,.,མདོར་ན་།མང་དུ་ཐོས་པ་ཁ་ཏོན་ལོ་པས་༎རྫོགས་དང་ངེས་པར་གྱུར་པ་དང་༎བསྙེན་བཀུར་བྱེད་ངན ༼༥༽ བྱས་པ་དང་༎ཆོས་ཤེས་པ་དང་བདུན་པའོ་༎
0fb9d82ad48f4bf68116dfa753bdd142,.,དགེ་འདུན་གྱི་ཞལ་ཏ་བ་གཉིས་ཏེ་། མང་དུ་ཐོས་པ་དང་། ཉུང་དུ་ཐོས་པ་དང་། ལུང་ཁ་ཏོ་ན་ལོ་བས་པ་དང་། ལུང་ཁ་ཏོན་མ་ལོ་བས་པ་དང་། ལུང་རྫོགས་པ་དང་། ལུང་མ་རྫོགས་པ་དང་། ངེས་པ་དང་། དེས་པ་མ་ཡིན ༼༦༽ བ་དང་༈་བསྙེན་བཀུར་བྱེད་པ་དང་། བསྙེན་བཀུར་མི་བྱེད་པ་དང་། ཆོས་ཤེས་པ་དང་། ཆོས་མི་ཤེས་པ་དང་། དོན་ཤེས་པ་དང་། དོན་མི་ཤེས་པ་དང་། དུས་ཤེས་པ་དང་། དུས་མི་ཤེས་པ་དང་། ཚོད་ཤེས་པ་དང་། ཚོད་མི་ཤེས་པ་དང་། བདག་ཉིད་ཤེས་པ་དང་། ༼༧༽ བདག་ཉིད་མི་ཤེས་པ་དང་། འཁོར་ཤེས་པ་དང་། འཁོར་མི་ཤེས་པ་དང་། གང་ཟག་དམ་པ་དང་། གང་ཟག་དམ་པ་དང་། གང་ཟག་དམ་པ་མ་ཡིན་པ་ཤེས་པ་དང་། གང་ཟག་དམ་པ་དང་། གང་ཟག་དམ་པ་མ་ཡིན་པ་མི་ཤེས་པའོ་༎
95eb9e0a36904fd1ba6f1f649b8ef724,.,མདོར་ན་།ཆོས་དང་འདུལ་བ་ཉེས་པ་དང་༎ལྷག་མར ༼༢༥ཨ༡༽ བཅས་དང་ལི་བ་དང་༎སྤྱད་པར་སྨྲས་པ་སྨ་བབ་དང་༎མཅས་པ་མ་ཡེངས་ལོག་པར་སྡུང་༎
8423b06f75e347078cca9dc3dfc6c48e,. . . . . . . . . . . . . . . . . . . . . . . . . . . . . . . . . . . . . . . . . . .,དགེ་འདུན་གྱི་ཟལ་ཏ་བ་གཉིས་ཏེ་། དེ་བཞིན་གཤེགས་པ་ལ་སྐུར་པ་འདེབས་ཤིང་ཤིན་ཏུ་འདའ་བར་བྱེད་པ་གསུངས་པ་བཞིན་མི་སྨྲ་བ་༎ ཆོས་བཞིན་མི་སྨྲ་བ་། ༼༢༽ ཆོས་དང་གཉེར་བའི་ཆོས་ཀྱི་རྗེས་བཞིན་མི་བྱེད་པ་སྟེ་། ཆོས་མ་ཡིན་བ་ལ་ཆོས་སུ་བརྗོད་ཆོས་ལ་ཆོས་མ་ཡིན་པར་བརྗོད་ཅིང་། དེ་དག་ལ་སྨྲས་པའི་ལན་སླར་གློན་པ་ནི་ཆོས་མཐུན་པ་དག་གིས་སྨད་པའི་གནས་སུ་འགྱུར་རོ་༎ དགེ་འདུན་གྱི་ཞལ་ཏ་བ་གཉིས་ཏེ་། དེ་བཞིན ༼༣༽ གཤེགས་པ་ལ་སྐུར་བ་མི་འདེབས་ཤིང་། ཤིན་ཏུ་འདསའ་བར་མི་བྱེད་པ་གསུངསཔ་བཞིན་སྨྲ་བ་། ཆོས་ཀྱི་རྗེས་སུ་ཆོ་བཞིན་དུ་བྱེད་དེ་། ཆོས་ལ་ཆོས་བཞིན་དུ་བརྗོད་། ཆོས་མ་ཡིན་པ་ལ་ནི་ཆོས་མ་ཡིན་པར་བརྗོད་པ་༎ དེ་དག་ལ་སྨྲས་པའི་ལན་སླར་མི་གློན་པ་ནི་ཆོས ༼༤༽ མཐུན་པ་དག་གིས་སྨད་པའི་གནས་སུ་མི་འགྱུར་རོ་༎ མདོ་བར་མ་སྟེ་། སྐུར་པ་འདེབས་པར་བྱེད་པ་དང་། བསྡིགས་པ་ཉེས་པར་བཅས་པ་དང་། ཁ་ན་མ་ཐོ་བྱིས་པ་དང་། བར་མའི་མདོར་ནི་ཡང་དག་བསྡུས་། དགེ་འདུན་གྱི་ཞལ་ཏ་བ་གང་ཆོས་མ་ཡིན་པ་ལ ༼༥༽ ཆོས་སུ་བརྗོད་། ཆོས་ལ་ཆོས་ལ་ཡིན་བར་བརྗོད་བའི་ཆོས་དེ་གཉིས་དང་ལྡན་པ་ནི་བསྡིགས་པར་བྱའོ་༎ སྨད་པར་བྱའོ་༎ བསྐད་བར་བྱའོ་༎ སྤང་བར་བྱའོ་༎ ཕྱོགས་མེད་པར་བྱའོ་༎ ཞུམ་པར་བྱའོ་༎ སྦ་གོང་བར་བྱའོ་༎ དོགས་པ་དང་། ཐེ་ཚོམ་དང་། ༼༦༽ འགྱོད་པ་རྣམས་བསྐྱེད་པར་བྱའོ་༎ ནར་བར་བྱ་། གནང་དུ་ཕེབས་པར་བྱ་། སྐྱོན་ཅན་དུ་བྱའོ་༎ དགེ་འདུན་གྱི་ཞལ་ཏ་བ་གང་ཆོས་ལ་ཆོས་སུ་བརྗོད་། ཆོས་མ་ཡིན་པ་ལ་ཆོས་མ་ཡིན་པར་བརྗོད་པའི་ཆོས་དེ་གཉིས་དང་ལྡན་པ་ནི་བསྡིགས་པར་མི་བྱའོ་༎ སྨད་པར་མི ༼༧༽ བྱའོ༈་། བསྐྲད་པར་མི་བྱའོ་༎ སྤང་བར་མི་བྱའོ་༎ ཕྱོགས་མེད་པར་མི་བྱའོ་༎ ཞུམ་པར་མི་བྱའོ་༎ སྤ་གོང་བར་མི་བྱའོ་༎ དོགས་པ་དང་། ཐེ་ཚོམ་དང་། འགྱོད་པ་རྣམས་བསྐྱེད་པར་མི་བྱའོ་༎ ནར་བར་མི་བྱའོ་༎ གནང་དུ་ཕེབས་པར་མི་བྱའོ་༎ སྐྱོན ༼༢༥བ༡༽ ཅན་དུ་མི་བྱའོ་༎ དགེ་འདུན་གྱི་ཞལ་ཏ་བ་གང་གིས་ཆོས་མ་ཡིན་པ་ལ་ནི་ཆོས་སུ་བརྗོད་། ཆོས་ལ་ནི་ཆོས་མ་ཡིན་པར་བརྗོད་པའི་ཆོས་དེ་གཉིས་དང་ལྡན་པ་ནི་ཉེས་པ་དང་བས་པར་འགྱུར་ཏེ་། དོགས་པ་དང་བཅས་། ཐེ་ཚོམ་དང་བཅས་། འགྱོད་པ་དང་བཅས་། བྱ ༼༢༽ བ་དང་བཅཅས་པ་དང་། མི་གཙང་པ་དང་། བསླང་དུ་མེད་པའོ་༎ དགེ་འདུན་གྱི་ཞལ་ཏ་བ་གང་ཆོས་ལ་ཆོས་སུ་བརྗོད་། ཆོས་མ་ཡིན་པ་ལ་ཆོས་མ་ཡིན་པར་བརྗོད་པའི་ཆོས་དེ་གཉིས་དང་ལྡན་པ་ནི་ཉེས་པ་དང་བཅས་པར་མི་འགྱུར་ཏེ་། དོགས་པ་དང་བཅས་པ་མ་ཡིན་། ཐེ ༼༣༽ ཚོམ་དག་བཅས་པ་མ་ཡིན་༎ འགྱོད་པ་དང་བཅས་པ་མ་ཡིན་༎ བྱ་བ་དང་བཅས་མ་ཡིན་། གཅང་བ་དང་། བསླང་དུ་རུང་བའོ་༎ དགེ་འདུན་གྱི་ཞལ་ཏ་བ་གང་གིས་ཆོས་མ་ཡིན་པ་ལ་ནི་ཆོས་སུ་བརྗོད་། ཆོས་ལ་ནི་ཆོས་མ་ཡིན་པར་བརྗོད་པའི་ཆོས་དེ་གཉིས་དང་ལྡན ༼༤༽ པ་ནི་ཁ་ན་མ་ཐོ་པ་དང་བཅས་པར་འགྱུར་ཏེ་། ཉེ་བའི་ཁ་ན་མ་ཐོ་བ་དང་བཅས་པ་དང་། གནོད་པ་དང་བཅས་པ་དང་། རྗེས་སུ་གདུང་བ་དང་བཅས་པ་དང་། གདུང་བར་བྱ་བ་དང་བཅས་པའོ་༎ དགེ་འདུན་གྱི་ཞལ་ཏ་བ་གང་གིས་ཆོས་ལ་ཆོས་སུ་བརྗོད་། ཆོས་མ་ཡིན་བ་ལ ༼༥༽ ནི་ཆོས་མ་ཡིན་པར་བརྗོད་པའི་ཆོས་དེ་གཉིས་དང་ལྡན་པ་ནི་ཁ་ན་མཐོ་པ་དང་བཅས་པར་མི་འགྱུར་ཏེ་། ཉེ་བའི་ཁ་ནས་ཐོ་བ་དང་བཅས་པ་མ་ཡིན་། གནོད་པ་དང་བཅས་པ་མ་ཡིན་། རྗེས་སུ་གདུང་བ་དང་བཅས་པ་མ་ཡིན་། གདུང་བར་བྱ་བ་དང་བཅས་པ་མ་ཡིན་ནོ་༎ དགེ ༼༦༽ འདུན་གྱི་ཞལ་ཏ་བ་གང་གིས་ཆོས་མ་ཡིན་པ་ལ་ནི་ཆོས་སུ་བརྗོད་། ཆོས་ལ་ནི་ཆོས་མ་ཡིན་པར་བརྗོད་པའི་ཆོས་དེ་གཉིས་དང་ལྡན་པ་ནི་བྱིས་པ་གླེན་པ་མི་གསལ་བ་མི་མཁས་པ་སྐྱེས་བུ་དམ་པ་མ་ཡིན་པར་རིག་པར་བྱ་སྟེ་། བདག་ཉིད་དྲེགས་པ་མ་སྤངས་པས་ཁ་ན་མ་ཐོ་བ་དང ༼༧༽ བཅས་པར་འགྱུར་རོ་༎ ཉེ་བའི་ཁ་ན་མ་ཐོ་བ་དང་བཅས་པ་ཅུང་ཟད་ཙམ་ལ་ཡང་མཁས་པ་རྣམས་ཀྱིས་སྨད་པར་འགྱུར་ཏེ་། བསོད་ནམས་མ་ཡིན་པ་མང་པོ་བགྲང་དུ་མེད་ཅིང་གྲངས་མེད་ཚད་མེད་པར་འཕེལ་ནས་ཇི་ལྟར་མདའ་འཕངས་པ་བཞིན་ལུས་འགྱེལ་ནས་ཤི་བའི ༼༢༦ཨ༡༽ འོག་ཏུ་ངན་སོང་ངན་འགྲོ་ལོག་པར་ལྟུང་བ་སེམས་ཅན་དམྱལ་པར་སྐྱེ་སྟེ་། ངན་སོང་དུ་སྐྱེ་། ངན་འགྲོར་སྐྱེ་། ལོག་པར་ལྟུང་བར་སྐྱེ་། ངན་སོང་དུ་འགྲོ་༎ ངན་འགྲོ་འགྲོ་། ལོག་བར་ལྟུང་བར་འགྲོ་༎ ངན་སོང་དུ་སྐྱེ་། ངན་འགྲོ་སྐྱེ་། ལོག་པར་ལྟུང་བར ༼༢༽ སྐྱེ་བར་འགྱུར་ཏེ་། ཡུན་རིང་པོར་འཕྱན་ཅིང་འཁོར་བར་འཕྱན་པས་ན་འཁོར་བ་ལས་སླར་མི་ལྡོག་གོ་༎ དགེ་འདུན་གྱི་ཞལ་ཏ་བ་གང་གིས་ཆོས་ལ་ཆོས་སུ་བརྗོད་ཅིང་། ཆོས་མ་ཡིན་པ་ལ་ནི་ཆོས་མ་ཡིན་པར་བརྗོད་པའི་ཆོས་དེ་གཉིས་དང་ལྡན་པ་ནི་མཁས་པ་གསལ་བ་ཡི ༼༣༽ རྣོ་བཤེས་བ་སྐྱེས་བུ་དམ་པ་ཡིན་པར་རིག་པར་བྱ་སྟེ་། བདག་ཉིད་དྲེགས་པ་སྤངས་པས་ཁ་ན་མ་ཐོ་བ་དང་བཅས་པ་མ་ཡིན་པར་འགྱུར་། ཉེ་བའི་ཁ་ན་མ་ཐོ་བ་དང་བཅས་པ་མ་ཡིན་པ་ཅུང་ཟད་ཙན་ཡང་མཁས་པ་རྣམས་ཀྱིས་བསྔགས་པར་འགྱུར་ཏེ་། བསོད་ནམས་མང ༼༤༽ པོ་བགྲང་དུ་མེད་ཅིང་གྲངས་མེད་ཚད་མེད་པར་འཕེལ་ནས་ཇི་ལྟར་མདའ་འཕགས་པ་བཞིན་འདི་ནས་ལུས་འགྱེལ་ན་ཡང་བདེ་བར་འགྲོ་བ་མཐོ་རིས་ཀྱི་ལའི་འཇིག་རྟེན་དུ་སྐྱེ་བར་འགྱུར་ཏེ་། ངན་སོང་དུ་མི་སྐྱེ་། ངན་འགྲོར་མི་སྐྱེ་། ལོག་པར་ལྟུང་བར་མི་སྐྱེ་། ངན་སོང་དུ་མི་འགྲོ་། ༼༥༽ ངན་འགྲོར་མི་འགྲོ་། ལོག་པར་ལྟུང་བར་མི་འགྲོ་། ངན་སོང་དུ་སྐྱེ་བར་མི་འགྱུར་། ངན་འགྲོརེ་སྐྱེ་བར་མི་འགྱུར་། ལོག་པར་ལྟུང་བར་མི་འགྱུར་༎ ཡུན་རིང་པོར་འཁོར་བ་ན་མི་འཁྱམ་སྟེ་འཁོར་བ་ལས་སྡོག་གོ་༎ ཇི་ལྟར་ཆོས་དང་ཆོས་མ་ཡིན་བ་ལ་ནག་པོ་དང་དཀར ༼༦༽ པོའི་ཕྱོགས་སུ་རྣམ་གྲངས་ལྔར་སྨྲས་པ་དེ་བཞིན་དུ་འདུལ་བ་དང་འདུལ་བ་མ་ཡིན་པ་ལ་ཡང་ནག་པོ་དང་དཀར་པོའི་ཕྱོགས་སུ་རྣམ་གྲངས་ལྔར་བརྗོད་པར་བྱའོ་༎ དེ་བཞིན་དུ་ལྷག་མ་དང་བཅས་པའི་ཉེས་པ་དང་། ལྷག་མ་མ་ལུས་པའི་ཉེས་པ་ཡང་ནག་པོ་དང་དཀར་པོའི ༼༧༽ ཕྱོགས་སུ་རྣམ་གྲངས་ལྔར་བརྗོད་པར་བྱའོ་༎ དེ་བཞིན་དུ་ཉེས་པ་ལྕི་བ་དང་ཉེས་པ་ཡང་བ་ཡང་ནག་པོ་དང་དཀར་པོའི་ཕྱོགས་སུ་རྣམ་གྲངས་ལྔར་བརྗོད་བར་བྱའོ་༎ དེ་བཞིན་དུ་སྨྲས་པ་དང་མ་སྨྲས་པར་བརྗོད་པར་ཡང་ནག་པོ་དང་དཀར་པོའི་ཕྱོགས་སུ་རྣམ་གྲངས་ལྔར་བརྗོད ༼༢༦བ༡༽ པར་བྱའོ་༎ དེ་བཞིན་དུ་སྨ་ཕབ་པར་བརྗོད་པ་ཡང་ནག་པོ་དག་དཀར་པོའི་ཕྱོགས་སུ་རྣམ་གྲངས་ལྔར་བརྗོད་པར་བྱའོ་༎ དེ་བཞིན་དུ་བཅས་པ་དང་མ་བཅས་པར་བརྗོད་པ་ཡང་ནག་པོ་དང་དཀར་པོའི་ཕྱོགས་སུ་རྣམ་གྲངས་ལྔར་བརྗོད་པར་བྱའོ་༎ དེ་བཞིན ༼༢༽ དུ་ཕྱུང་བ་དང་མ་ཕྱུང་བར་བརྗོད་པ་ཡང་ནག་པོ་དང་དཀར་པོའི་ཕྱོགས་སུ་རྣམ་གྲངས་ལྔར་བརྗོད་པར་བྱའོ་༎ ཚུལ་ཁྲིམས་ཉམས་པ་དང་། ལྟ་བ་ཉམས་པ་རྣམས་ཀྱང་རྒྱས་པར་ནག་པོ་དང་དཀར་པོའི་ཕྱོགས་སུ་འདི་ཡང་དེ་བཞིན་དུ་རྣམ་གྲངས་ལྔར་བརྗོད་པར་བྱའོ་༎
2b2bd8cc2255483c9d250b2968fdef64,.,༼༣༽ མདོར་ན་།བསྡིགས་སྤང་ནན་ཏུར་བྱས་པ་དང་༎དབྱུང་བར་བྱ་བའི་བར་དུ་སྟེ་༎བྱ་བདག་ལ་གཉིས་སུ་བྱ་༎ཉེས་དམིགས་རྩོད་པ་དེ་བཞིན་ནོ་༎
0994a5f9b3f54178976ebeb7fa769e9c,. .,བསྡིགས་པར་བྱ་པ་ལ་གཉིས་ཏེ་། ཆད་པའི་ལས་དང་། དགེ་འདུན་གྱིས་བསྒོ་བའོ་༎ སྤང་བར་བྱ་བ ༼༤༽ ལ་ཡང་གཉིས་ཏེ་། ཆད་པའི་ལས་དང་། དགེ་འདུན་གྱི་བསྒོ་བའོ་༎
edc438c226a84d4dbee8a05730282302,. .,གཞན་ཡང་སྤང་བར་བྱ་བ་ལ་གཉིས་ཏེ་། ཅད་པའི་ལས་དང་། དགེ་འདུན་གྱིས་སྤང་བའོ་༎ བསྙེན་བཀུར་བྱེད་བལ་རྣམ་པ་གཉིས་ཏེ་། ཅད་བའི་ལས་དང་། མུ་སྟེགས་ཅན་གྱིས ༼༥༽ བསྙེན་བཀུར་བྱེད་པའོ་༎
6ed558a590f940d8aa5b651e63d42d81,. .,གཞན་ཡང་བསྙེན་བཀུར་བྱེད་པ་ལ་རྣམ་པ་གཉིས་ཏེ་། ཆད་པའི་ལས་དང་། དངོས་པོ་སྤྱད་པའོ་༎ ཡིད་མགུ་བར་བྱ་བ་ལ་རྣམ་པ་གཉིས་ཏེ་། ཆད་པའི་ལས་དང་། ང་རྒྱལ་སྤང་བའོ་༎
f7352389ceaa4aa49b1f3ea22eef7863,. . . . . .,གཞན་ཡང་ཡིད་མགུ་བར་བྱ་བ་ལ ༼༦༽ རྣམ་པ་གཉིས་ཏེ་། ཆད་པའི་ལས་དང་། དངོས་པོ་སྤྱོད་པའོ་གཞན་ནས་བསླང་སྟེ་ཡིད་མགུ་པར་བྱ་བ་ལ་རྣམ་པ་གཉིས་ཏེ་། ཆད་པའི་ལས་དང་། སྨད་པའོ་༎ སྨད་པ་ལ་ཡང་རྣམ་པ་གཉིས་ཏེ་། ཆད་པའི་ལས་དང་། སོ་སོར་ཐར་པ་ལ་སྨད་པའོ་༎ བསྐྲད་པ་ལ་རྣམ ༼༧༽ བ་གཉིས་ཏེ་། ཆད་པའི་ལས་དང་། དགེ་འདུན་གྱི་འོག་ཁྲིམས་སུ་བཅད་པའོ་༎ སླར་བསྡུམ་པར་བྱ་བ་ལ་རྣམ་པ་གཉིས་ཏེ་། ཆད་པའི་ལས་དང་། དགེ་འདུན་གྱི་འོག་ཁྲིམས་བཅས་པའོ་༎ བསྐར་པ་ལ་རྣམ་པ་གཉིས་ཏེ་། ཆད་པའི་ལས་དང་། དགེ་འདུན་གྱིས ༼༢༧ཨ༡༽ མཁྱེན་པའོ་༎ ཚངས་པ་ལ་རྣམ་པ་གཉིས་ཏེ་། ཆད་པའི་ལག་དང་། དགེ་བའི་སེམས་བསྐྱེད་པའོ་༎
c974f752932e4133a889f9f74a5c7808,. . . . . . .,གཞན་ཡང་ཚང་པ་ལ་རྣམ་པ་གཉིས་ཏེ་། ཆད་པའི་ལས་དང་། བསླབ་པ་ཡོངས་སུ་རྫོགས་པའོ་༎ གང་ཟག་གཉིས་ལ་བསྡིགས་པའི་ལས་བྱ ༼༢༽ སྟེ་སྨད་པ་དང་། བསྐྲད་པ་དང་། བསྡུམ་པ་དང་། མ་མཐོང་བའི་ཕྱིར་སྤང་བ་དང་། སླར་ལས་མི་བྱེད་པའི་ཕྱིར་སྤང་བ་དང་། སྡིག་པ་ལ་ལྟ་བ་མ་བཏང་བའི་ཕྱིར་སྤང་བའི་ལས་དང་ཚང་པ་དང་གཞི་ནས་བསླང་བའི་ཆད་པ་དང་། ཡིད་མགུ་བར་བྱ་བ་དང་། གཞི་ནས་བསླང ༼༣༽ བའི་ཡིད་མགུ་བར་བྱ་བ་དང་། གཞི་ནས་བསླང་པ་དང་། ཚངས་པར་སྤྱོད་པའི་ལས་རྣམས་བྱའོ་༎ དགེ་སློང་དང་དགེ་སློང་མ་གཉིས་ལ་བསྡིགས་པའི་ལས་རྣམས་བྱ་སྟེ་། སྨད་པ་དང་། བསྐད་པ་དང་། སླར་བསྡུམ་པ་དང་། མ་མཐོང་བའི་ཕྱིར་སྤང་བ་དང་། སྔར་ལས་མ ༼༤༽ བྱས་པ་དང་ལྟ་བ་མ་བཏང་བས་སྤང་བ་རྣམས་ཀྱི་ལས་བྱའོ་༎ བསྙེན་པར་རྫོགས་པ་དང་། བསྙེན་པར་མ་རྫོགས་པ་གཉིས་ལ་ཆད་པ་དང་། གཞི་ནས་བསླང་བའི་ཆད་པ་དང་། ཡིད་མགུ་བ་དང་། གཞི་ནས་བསླང་བའི་མགུ་བ་དང་། གཞི་ནས་བསླང་བ་དང་། དབྱུང་བའི ༼༥༽ ལས་རྣམས་བྱའོ་༎ དགེ་སློབ་མ་དང་། དགེ་ཚུལ་ཕ་ཡང་དེ་བཞིན་ནོ་། ཉེས་པ་ལས་བྱུང་བ་ལ་རྣམ་པ་གཉིས་ཏེ་། དམིགས་པ་དང་། མི་དམིགས་པའོ་༎ ཉེས་པ་དབྱུང་པ་ལ་རྣམ་པ་གཉིས་ཏེ་། དམིགས་པ་དང་། མི་དམིགས་པའོ་༎ རྩོ་པ་ལ་རྣམ་པ་གཉིས་ཏེ་། དགེ ༼༦༽ སློང་པ་དང་དགེ་སློང་མའོ་༎
d757729b51fb4351bc8aaa19e0002dc8,.,གཞན་ཡང་རྩོ་པ་ལ་རྣམ་པ་གཉིས་ཏེ་། དགེ་སློང་དང་། དགེ་སློང་མའོ་༎
1c62774efc764aecb76d6edcd00e34bc,.,གཞན་ཡང་རྩོད་པ་ལ་རྣམ་པ་གཉིས་ཏེ་། དགེ་སློང་དང་། དགེ་ཚུལ་མའོ་༎
647df6e7ec244f0d9434bd983db4080c,.,གཞན་ཡང་རྩོད་པ་ལ་རྣམ་པ་གཉིས་ཏེ་། དགེ་སློང་དང་དགེ་ཚུལ་ཕའོ་༎
3e282354a8f94e3d8354a957d3ad0d60,.,༼༧༽ འདུལ་བ་གཅིག་པོ་ཡན་ཆད་པའི་སྒོ་དང་པོ་རྫོགས་སྷོ་༎ ༎
9b92f08f982d4f9ab1bfbe5bc95393b1,.,འདུལ་པ་གཞུག་དམ་པ་། བམ་པོ་ཉི་ཤུ་དྲུག་པ་།
ca760d22235848179ee2ef6525a7bcf7,.,དེ་ལ་སྒོ་གཉིས་པའི་མདོར་བསྡུས་པ་སྟེ་། ཉེས་པ་གསུམ་དང་མི་རིགས་པར་། བཅས་པ་འདས་པར་བཅས་པ་དང་༎ ཆད་པ་དེ་བཞིན ༼༢༧བ༡༽ ལག་གཉིས་ཏེ་༎ རྗེས་སུ་བསྟན་དང་དབྱུང་དེ་བཞིན་༎
7ea5289d6dab46da9914638d748c5355,.,མདོར་ན་།རྡུལ་གྱི་ཉེས་པ་གསུམ་པོ་དང་༎འདུལ་བདག་དང་སྒོ་གུམ་དང་༎སྡུད་པ་གཉིས་དང་ལས་གཉིས་དང་༎བསླབ་པར་བྱ་བ་རྣམ་པ་གཉིས་༎
1b94d226e7824744845437756c248c96,. . . . . . . . . .,རྡུལ་གསུམ་ལ་འདོད་ཆགས་ཀྱི་རྡུལ་དང་། ཞེ་སྡང ༼༢༽ གི་རྡུལ་དང་། གཏི་མུག་གི་རྡུལ་ཏོ་༎ ལུས་ལས་བྱུང་བའི་ཉེས་པ་གསུམ་སྟེ་། འདོད་ཆགས་ལས་བྱུང་བ་དང་། ཞེས་སྡག་ལས་བུང་བ་དང་། གཏི་མུག་ལས་བྱུང་བའོ་༎ ངག་ལས་བྱུང་བའི་ཉེས་པ་གསུམ་སྟེ་། འདོད་ཆགས་ལས་བྱུང་བ་དང་། ཞེ་སང་ལས་བྱུང་བ་དང་། ༼༣༽ གཏི་མུག་ལས་བྱུང་བའོ་༎ འདུལ་བམ་ཡིན་པ་ལས་བྱུང་བ་རྣམ་པ་གསུམ་སྟེ་། འདོད་ཆགས་ལས་བུང་བ་དང་། ཞེས་སྡང་ལས་བུང་བ་དང་། གཏི་མུག་ལས་བྱུང་བའོ་༎ འདུལ་བ་ལ་རྣམ་བ་གསུམ་སྟེ་། འདོད་ཆགས་འདུལ་བ་དང་། ཞེ་སག་འདུལ་བ་དང་། གཏི་མུག ༼༤༽ འདུལ་བའོ་༎ གནས་གསུམ་དུ་ཉོས་ཡ་ཐམས་ཅད་འདུས་པར་འགྱུར་ཏེ་བྱུང་བ་དང་། བཅས་པ་དང་། རྣམ་པར་ཕྱེ་བའོ་༎ ལས་རྣམ་པ་གསུམ་གྱི་ནེས་པ་ཐམས་ཅད་མཉམ་པར་འཇུག་པར་འགྱུར་ཏ་། གསོལ་བ་དང་། གསོལ་བ་དང་གཉིས་དང་། གསོལ་བ་དང ༼༥༽ བཞིའི་ལས་རྣམས་སོ་༎ ལས་རྣམ་པ་གསུམ་གྱིས་ན་གཟུ་བོར་བྱེད་དེ་། ལས་དང་སོ་སོར་ཐར་པའི་ལས་དང་། ཆད་པའི་ལས་སོ་༎ བསླབ་པ་ལ་རྣམ་པ་གསུམ་སྟེ་། ལྷག་པའི་ཚུལ་ཁྲིམས་ལ་བསླབ་པ་དང་། ལྷག་པའི་སེམས་ལ་བསླབ་པ་དང་། ལྷག་པའི་ཤེས ༼༦༽ རབ་ལ་བསླབ་པའོ་༎ གཞན་ཡང་བསླབ་པ་གསུམ་སྟེ་། ཀུན་ཏུ་སྤྱོད་པ་ལ་སློབ་པ་དང་། ལྷག་པའི་འདུལ་བ་དང་། ལྷག་པའི་སོ་སོར་ཐར་པ་ལ་སློབ་པའོ་༎
8c4be8a8fdb045e3b2588101412b6cd8,.,མདོར་ན་།ཉེས་པར་འགྱུར་བ་གསུམ་པོ་དང་༎རྩོད་པ་ལ་ཡང་རྣམ་པ་གསུམ་༎ལས་དང་དགེ་འདུན་འབྱེད ༼༧༽ པ་དང་༎ཤིན་ཏུ་བས་པའང་དེ་བཞིན་ནོ་༎
c024eb2e286a42eeb6e14b72824e32ed,. . . . .,ཉེས་པར་འགྱུར་བའི་ལས་གསུམ་གྱིས་ཉེས་པར་འགྱུར་ཏེ་། ལུས་ཀྱི་ལས་དང་། ངག་གི་ལས་དང་། ཡིད་ཀྱི་ལས་སོ་༎ རྩོད་པ་རྣམ་པ་གསུམ་སྟེ་། དགེ་བ་དང་། མི་དགེ་བ་དང་། ལུང་དུ་མི་སྟོན་པའོ་༎ ལས་གསུམ ༼༢༨ཨ༡༽ སྟེ༈་ཆོས་ཀྱི་ལས་དང་། ཆོས་མ་ཡིན་བའི་ལག་དང་། མཐུན་པའི་ལས་སོ་༎ དགེ་འདུན་འབྱེད་པ་ལ་རྣམ་པ་གསུམ་སྟེ་། དགེ་བ་དང་། མི་དགེ་བ་དང་། ལུང་དུ་མི་སྟོན་པའོ་༎ གནས་གསུམ་གྱིས་བཅས་བས་མི་ཆགས་ཏེ་། བྱུང་བ་དང ༼༢༽ བཅས་པ་དང་། རྗེས་སུ་བཅས་པའོ་༎
f0e994956b724b749717d7958da774a2,.,མདོར་ན་༎གནས་པར་མི་རིགས་མི་གནས་དང་༎སོ་སོར་གནས་པའང་དེ་བཞིན་ཏེ་༎མཆོད་པ་བསྙེན་བཀུར་ཕྱག་བྱ་དང་༎ལྡང་བར་བྱ་དང་ཐལ་མོ་སྦྱར་༎
cf06b0e1a7644c288cd39fc154e6b446,. . . .,གནས་གསུམ་གྱིས་གནས་པའི་འོས་མ་ཡིན་པར ༼༣༽ འགྱུར་ཏེ་། ཉེས་བ་དང་། ཉེས་པ་མེད་པ་དང་བཅས་པའོ་༎ རྣམ་པ་གསུམ་གྱིས་ན་མི་གནས་པར་འགྱུར་ཏེ་། ཉེས་པ་དང་། ཉེས་པ་མེད་པ་དང་བཅས་བའོ་༎ རྣམ་པ་གསུམ་གྱིས་ན་མི་གནས་པར་འགྱུར་ཏེ་། ཉེས་པ་དང་། ཉེས་པ་མེད་པ་དང་བཅས་བའོ་༎ རྣམ་པ་གསུམ་གྱིས་ན་སོ་སོར་གནས་པར་འགྱུར་ཏེ་། ཉེས་པ་དང་། ཉེས་ཕ་མེད་པ་དང་བཅས ༼༤༽ པའོ༈་། མཆོད་པར་འོས་པ་གསུམ་སྟེ་། དེ་བཞིན་གཤེགས་པ་དགྲ་བཅོམ་པ་ཡང་དག་པར་རྫོགས་བའི་སངས་རྒྱས་དང་། སློབ་པ་དང་། མི་སློབ་པ་རྣམས་སོ་༎
4d31525211f64f9182f755a277de39f7,. .,གཞན་ཡང་མཆོད་པར་འོས་པ་རྣམ་པ་གསུམ་སྟེ་། སློབ་དཔོན་དང་། མཁན་པོ་དང་། ཚངས་པ ༼༥༽ མཚུངས་པར་སྤྱོད་པ་ཤིན་ཏུ་རྒན་པ་རྣམས་སོ་༎ ཇི་ལྟར་མཆོད་པར་འོས་པ་དེ་བཞིན་དུ་བསྙེན་བཀུར་བྱ་བ་དང་། ཕྱག་བྱ་བ་དང་། ལྡང་བ་དང་། ཐལ་མོ་སྦྱར་བའི་འོས་རྣམས་ཀྱང་རིགས་བར་ཤེས་པར་བྱའོ་༎
030b4b6155244ba6bcd2839adb8b2be1,.,མདོར་ན་།བཅས་པ་གཉིས་བུ་བྱ་བ་དང་༎སྐབས ༼༦༽ དབྱེ་རྣམ་པ་བཞི་པོ་དང་༎སྡོམ་པ་དང་ནི་གྲོགས་པོ་དང་༎བཞག་པ་དེ་ནི་ཐ་མའོ་༎
baad50613e1d4ce7a213de809439412a,. .,བཅས་པ་རྣམ་པ་གསུམ་སྟེ་། བྱུང་བ་ལས་བཅས་པ་དང་། ཉེས་པ་ལས་བཅས་པ་དང་། རྣམ་པར་དབྱེ་བར་བཅས་པའོ་༎ གཞན་ཡང་བཅས་པ་རྣམ་པ་གསུམ་སྟེ་། རྗེས་གུ་བསྲུང ༼༧༽ བར་བཅས་པ་དང་། རྗེས་སུ་བསྟན་པར་བཅས་པ་དང་། རྗེས་སུ་ཕན་བར་བཅས་པའོ་༎
45b4b9d1b4464b94b4478b3040ecbfcf,. . . .,སྐབས་དབྱེ་བ་རྣམ་པ་གསུམ་སྟེ་། སྐབས་དབྱེ་བ་དང་། སོ་སོར་སྐབས་དབྱེ་ངའོ་༎ གཞན་ཡང་སྐབས་གསུམ་སྟེ་། དད་པས་སྐབས་དབྱེ་བ་དང་། ཡོངས་སུ་དག ༼༢༨བ༡༽ བས་སྐབས་དབྱེ་བ་དང་། ནོར་གྱིས་སྐབས་དབྱེ་བའོ་༎ གཞན་ཡང་སྐབས་དབྱེ་བ་རྣམ་པ་གསུམ་སྟེ་། ལྟུང་བཟེད་ཀྱི་སྐབས་དབྱེ་བ་དང་། ཆོས་གོས་ཀྱི་སྐབས་དབྱེ་བ་དང་། ཟང་ཟིང་གི་སྐབས་དབྱེ་བའོ་༎ གཞན་ཡང་སྐབས་དབྱེ་བ་རྣམ་པ་གསུམ་སྟེ་། སྨན་གྱི་སྐབས ༼༢༽ དབྱེ་བ་དང་། དུས་སུ་སྐབས་དབྱེ་བ་དང་། མ་ངེས་པར་སྐབས་དབྱེ་བའོ་༎
1abd9e67622d41cea3ca88cd8d7c781e,.,སྡོམ་པ་རྣམ་པ་གསུམ་སྟེ་། དགེ་འདུན་གྱི་སྡོམ་པ་དང་། སྦྱིན་བདག་གི་སྡོམ་པ་དང་། སྨན་པའི་སྡོམ་པའོ་༎
4190ec829742405faa441a23db55091c,.,གྲོགས་པོ་རྣམ་པ་གསུམ་སྟེ་། ཐ་མ་དང་། འབྲིང་དང་། དམ་པའོ་༎
4dc1bb3d48bb4dae928a04f70a6f2d20,.,གཞག་པ ༼༣༽ རྣམ་པ་གསུམ་སྟེ་། རྙེད་པ་གཞགས་པ་དང་། མཚམས་གཞག་པ་དང་། གང་ཟག་གཞག་པའོ་༎
50d94d78d4114f7f8685dbd4ce227a57,.,མདོར་ན་།འདས་དང་བཅས་པ་རྣམ་བཞི་དང་༎ཉེས་པ་རྣམ་པ་གཉིས་པོ་དང་༎བསྒོ་བ་ལ་ཡང་རྣམ་བཞི་དང་༎ཞལ་ཏ་བ་ལ་རྣམ་གཉིས་སོ་༎
e38b42d7bcc24009a296ad010f5da8fd,.,ཕྱག་བྱས་ན་འདས ༼༤༽ པ་དང་བཅས་པར་འགྱུར་བ་རྣམ་པ་གསུམ་སྟེ་། སྔོན་ཉེས་པ་བྱུང་བ་དང་། རྐུན་གནས་པ་དང་། སོ་སོར་གནས་པ་ལའོ་༎
653d42778c494db7906c798c6e097c07,. .,གཞན་ཡང་ཕྱག་བྱས་ན་འདས་པ་དང་བཅས་པར་འགྱུར་པ་རྣམ་པ་གསུམ་སྟེ་། ངོ་ཚ་བ་མེད་པ་དང་། འཁོན་པ་དང་། རྗེས་སུ་ཕྱོགས་པའོ་༎  ༼༥༽ ཕྱག་མ་བྱས་ན་འདས་པ་དང་བཅས་པར་འགྱུར་བ་རྣམ་པ་གསུམ་སྟེ་། དེ་བཞིན་གཤེགས་པ་དགྲ་བཅོམ་པ་ཡང་དག་པར་རྫོགས་པའི་སངས་རྒྱས་དང་། བཙུན་པ་རྣམས་དང་། ཚངས་པ་མཚུངས་པར་སྤྱོད་པ་ཤིན་ཏུ་རྒན་པ་ལའོ་༎
ff319e1e136c41858135d6d5a894bfe5,. .,གཞན་ཡང་ཕྱག་མ་བྱས་ན་འདས་པ ༼༦༽ དང་བཅས་པར་འགྱུར་བ་རྣམ་པ་གསུམ་སྟེ་། དེ་བཞིན་གཤེགས་པ་དགྲ་བཅོམ་པ་ཡང་དག་པར་རྫོགས་པའི་སངས་རྒྱས་དང་། མཁན་པོ་དང་། ཚངས་པ་མཚུངས་པར་སྤྱོད་པ་ཤིན་ཏུ་རྒན་པ་རྣམས་སོ་༎ ཕྱག་མ་བྱས་ཀྱང་ཉེས་པ་མེད་པ་རྣམ་པ་གསུམ་སྟེ་། སྔར་ཉེས ༼༧༽ བ་བྱུང་བ་དང་། རྐུན་གནས་དང་། སོ་སོར་གནས་པའོ་༎
f8204c5d8b574709a5e7f0429be0c8c9,. .,གཞན་ཡང་ཕྱག་མ་བྱས་ཀྱང་ཉེས་པ་མེད་པ་རྣམ་པ་གསུམ་སྟེ་། ངོ་ཚ་བ་མེད་བ་དང་། འཁོན་པ་དང་། རྗེས་སུ་ཕྱོགས་པའོ་༎ བསྒོ་བ་རྣམ་པ་གསུམ་སྟེ་། དགེ་འདུན་གྱིས་བསྒོ་བ་དང་། གང་ཟག་གིས ༼༢༩ཨ༡༽ བསྒོ་པ་དང་། སོ་སོར་ཐར་པས་བསྒོ་བའོ་༎
3b412894fcfc48f18b948b776ffe83e5,.,གཞན་ཡང་བསྒོ་བ་རྣམ་པ་གསུམ་སྟེ་། དགེ་འདུན་གྱིས་བསྒོ་བ་དང་། སྡེས་བསྒོ་བ་དང་། དགེ་འདུན་གྱི་གནས་བརྟན་གྱིས་བསྒོ་བའོ་༎
b048af99268f4fcdabae0e2ae4fffde9,.,གཞན་ཡང་བསྒོ་བ་རྣམ་པ་གསུམ་སྟེ་། སློབ་དཔོན་གྱིས་བསློབ་དང ༼༢༽ མཁན་པོས་བསྒོ་བ་དང་། དགེ་འདུན་གྱིས་བསྒོ་པའོ་༎
6d0acf9259d14244866200bda2e48d1b,. .,གཞན་ཡང་བསྒོ་བ་ལ་རྣམ་པ་གསུམ་སྟེ་། རྒྱལ་པོ་བསྒོ་པ་དང་། རྐུན་པོས་བསྒོ་བ་དང་། རིགས་པར་བྱེད་པའི་རིགས་ཀྱིས་བསྒོ་བའོ་༎ དགེ་འདུན་གྱི་ཞལ་ཏ་བ་རྣམ་པ་གསུམ་སྟེ་། མཁས་པ་དང་མཁས་བ་བས་ཀྱང་མཁས ༼༣༽ པ་དང་མཁས་པ་བས་མཁས་པའི་ཡང་མཁས་པ་རྣམས་སོ་༎
60c36b7a65a144989004f07e57e5389d,.,གཞན་ཡང་དགེ་འདུན་གྱི་ཞལ་ཏ་བ་རྣམ་པ་གསུམ་སྟེ་། བསྐྲོས་པ་དང་། མ་བསྐོས་པ་དག་། མ་བསྐོས་པ་དང་། གནའ་བའོ་༎
e8f04eea71cc46729c8cc358c7609a1e,.,མདོར་ན་།ཆད་པ་ཤེས་པ་དབྱུང་བ་དང་༎རྟེན་པ་མཁན་པོ་སྡུད་པ་དང་༎སྨན་གཉིས་སྤང་བར་བྱ ༼༤༽ བ་དང་༎རྗེས་སུ་གནང་བ་ཡུལ་དང་ལས་༎
cfcb99764d2340dab32e76726873af2d,.,རྒྱུ་རྣམ་པ་བཞིས་ན་ཅད་པའི་ས་དང་ཡིད་མགུ་བར་སྤྱོད་པའི་དགེ་སློང་གིས་ཞག་ཏུ་ཆད་པ་བགྲང་བར་བྱ་སྟེ་། དྲག་པོར་གནས་པའི་དགེ་སློང་དང་ལྷན་ཅིག་སྐྱ་རེངས་བྱུང་པ་དང་། དགེ་སློང་མེད་པའི་གནས་སུ་སོང་སྟེ་སྐྱ ༼༥༽ རེངས་བྱུང་བ་དང་། མ་ཚང་བ་ལ་ཆད་པ་མེད་པ་དང་། ཆད་པ་ཡིད་མགུ་བ་དགེ་སློང་རྣམས་ལས་བརྗོད་པར་མི་འདོད་པ་རྣམས་སོ་༎
288eb5bae0fb493ab52a427491211d0f,. . . . . . . . . . . . . .,ཤེས་པ་ལ་རྣམ་པ་བཞི་སྟེ་། བྱུང་བ་ཤེས་པ་དང་། ཉེས་པ་ཤེས་པ་དང་། ཉེས་པ་མེད་པ་ཤེས་པ་དང་། ལངས་བཤེས་པའོ་༎  ༼༦༽ བསླད་པ་ལ་རྣམ་པ་བཞི་སྟེ་། མཐོང་བས་བསླང་བ་དང་། བཤགས་པས་བསླང་པ་དང་། སྔ་ནས་མ་བྱས་པས་བསླང་བ་དང་། མཐོལ་བས་བསླང་པའོ་༎ རྟོན་པ་ལ་རྣམ་པ་བཞི་སྟེ་། དོན་ལ་རྟོན་གྱི་ཡི་གེ་ལ་མ་ཡིན་པ་དང་། ཆོས་ལ་རྟོན་གྱི་གང་ཟག་ལ་མ་ཡིན་པ ༼༧༽ དང་༈་ངེས་པའི་དོན་གྱི་མདོ་སྡེ་ལ་རྟོན་གྱི་བཀྲི་བའི་དོན་ལ་མ་ཡིན་པ་དང་། ཡེ་ཤེས་ལ་རྟོན་གྱི་རྣམ་པར་ཤེས་པ་ལ་མ་ཡིན་པའི་༎ མཁན་པོ་ལ་རྣམ་པ་བཞི་སྟེ་། མཁན་པོ་ཆོས་ཀྱིས་སྡུད་ལ་ཟང་ཟིང་གིས་མ་ཡིན་པ་ཡང་ཡོད་། མཁན་པོ་ཟང་ཟིང་གིས་སྡུད་ལ་ཆོས ༼༢༩བ༡༽ ཀྱིས་མ་ཡིན་པ་ཡང་ཡོད་། མཁན་པོ་ཆོས་ཀྱིས་ཀྱང་སྡུད་ཅིང་ཟང་ཟིང་གིས་ཀྱང་སྡུད་པ་ཡང་ཡོད་། མཁན་པོ་ཆོས་ཀྱིས་ཀྱང་མི་སྡུད་ཅིག་ཟང་ཟིར་གིས་མ་ཡིན་པ་ཡང་ཡོད་དོ་༎ དེ་ལ་མཁན་པོ་གང་གིས་ཆོས་ཀྱིས་སྡུད་ལ་ཟང་ཟིང་གིས་མ་ཡིན་པ་དེ་ལྟ་བུའི་མཁ་པོ་ལ ༼༢༽ ནི་ཤེས་པར་བྱ་སྟེ་གནས་པར་བྱའོ་༎ དེ་ལ་མཁན་པོ་གང་ཟང་ཟིང་གིས་སྡུང་ལ་ཆོས་ཀྱིས་མ་ཡིན་པ་དེ་ལྟ་བུའི་མཁན་པོ་ལ་ནི་བལྟས་ཏེ་འགྲོ་བར་བྱའོ་༎ དེ་ལ་མཁན་པོ་གང་ཆོས་ཀྱིས་ཀྱང་སྡུད་ལ་ཟང་ཟིང་གིས་ཀྱང་སྡུད་པ་དེ་ལྟ་བུའི་མཁན་པོ་ནི་གཤེར་ཟིན ༼༣༽ ཀྱང་ནམ་འཚོའི་བར་དུ་གནས་པར་གྱིས་ཤིག་། དེ་ལ་མཁན་པོ་གང་ཆོས་ཀྱིས་ཀྱང་མི་སྡུད་ཟང་ཟིང་གིས་མ་ཡིན་པ་དེ་ལྟ་བུའི་མཁན་པོ་ལ་ནི་མ་འགྲོ་ཞེས་བསྒོ་ཡང་མི་བལྟ་བར་འགྲོ་བར་བྱའོ་༎ བསྡུ་བའི་དངོས་པོ་བཞི་སྟེ་། སྦྱིན་པ་དང་། ཚིག་སྙན་པ་དག ༼༤༽ དོན་སྤྱད་པ་དང་། དོན་མཐུན་པ་རྣམས་སོ་༎ སྨན་རྣམ་པ་བཞི་སྟེ་། སྨན་ཉིད་མི་རུང་ལ་ཉེན་ཀོར་མི་རུང་བ་ཡང་ཡོད་། སྨན་ཉིད་མི་རུང་ལ་ཉེན་ཀོར་རུང་བ་ཡང་ཡོད་། སྨན་ཉིད་རུང་ལ་ཉེན་ཀོར་མི་རུང་བ་ཡང་ཡོད་། སྨན་ཉིད་རུང་ལ་ཉེན་ཀོར་རུང་བ་ཡང་ཡོད་དོ་༎ དོན་གྱི་མཐུ་བཞི ༼༥༽ ལ་བརྟེན་ནས་བཅོམ་ལྡན་འདས་ཀྱིས་དགེ་སློང་རྣམས་ཀྱི་སྨན་གནང་སྟེ་། དུས་ཀྱི་མཐུ་དང་། ཡུལ་གྱི་མཐུ་དང་། གང་ཟག་གྱི་མཐུ་དང་། བྱུང་བའི་མཐུའོ་༎ སྤང་བ་ལ་རམ་པ་བཞི་སྟེ་། ཁ་ན་མ་ཐོ་བ་དང་། ཆད་པས་གཅད་པ་དང་། ཕན་གདགས་པ་དང་། དམ ༼༦༽ པའི་ཆོས་ལ་གནས་པའོ་༎ རྗེས་གནང་བ་རྣམ་པ་བཞི་སྟེ་། ཁ་ན་མ་ཐོ་བ་མེད་པ་དང་། ཆད་པས་མ་བཅད་པ་དང་། ཕན་གདགས་པ་དང་། བདེ་བར་སྤྱོད་པའོ་༎ ཡུལ་རྣམ་པ་བཞིར་དེ་བཞིན་གཤེགས་པའི་ཉན་ཐོས་ཀྱིས་བསླབ་པ་བཅའ་སྟེ་། ཡེ་ཤེས་ཀྱི་ཡུལ་དང་། ༼༧༽ ཆོས་ཀྱི་ཡུལ་དང་། གང་ཟག་གི་ཡུལ་དང་། ཆོ་འཕྲུལ་གྱི་ཡུལ་ལོ་༎ ལས་རྣམ་པ་བཞི་སྟེ་། ཕན་གདགས་པའི་ལས་དང་། ནན་ཏུར་གྱི་ལས་དང་། ཆད་པའི་ལས་དང་། སྤྱོད་པ་ལ་གནས་པའི་ལས་རྣམས་སོ་༎
e52dd3df3e7f4b44935a9482ed99f6d5,.,མདོར་ན་།ལས་ལ་ཁས་ལེན་དད་པ་དང་༎འཛེབས ༼༣༠ཨ༡༽ པར་བཅས་པའི་ལས་ལྔ་དང་༎རྣམ་དག་ལས་དང་འདུལ་བ་དང་༎ནན་ཏུར་ཆད་པ་དེ་བཞིན་ནོ་༎
f55383ff4baa4bc49508efd18ed075d3,. . . . . . . . . . . .,ལས་ཁས་བླང་བ་རྣམ་པ་ལྔ་སྟེ་། བདག་ཉིད་ཀྱི་ལས་བྱེད་པ་དང་། མངོན་སུམ་དུ་གྱུར་ནས་ཁས་ལེན་པ་དང་། དད་བ་འབུལ་པ་དང་། རང་གི་ལྟ་བ་ཁས་བརྗོད ༼༢༽ པ་དང་༈་ཅང་མི་སྨྲ་བར་ཁས་ལེན་པ་རྣམས་སོ་༎ མཚམས་ཀྱི་ནང་དུ་མགོན་སུམ་དུ་མི་གནས་པ་ལྔས་དད་པ་བྱིན་པའི་ལས་བྱའི་། མང་པོ་མངོན་སུམ་དུ་འདསུ་བའི་ནག་དུ་ནི་མ་ཡིན་ཏེ་། རྐུན་གནས་དང་། སོ་སོར་གནས་པ་དང་། མི་གནས་པ་དང་། རྗེས་སུ་ཕྱོགས་བ་དང་། ༼༣༽ དགེ་སློང་མ་སུན་ཕྱུང་པའོ་༎ མ་བྱས་པར་མི་གནང་བའིལས་བྱ་བ་ལྔ་ནི་གནས་འདི་ཞེས་བྱ་བར་ཁྱོད་ལ་བྱའོ་༎ འདིར་དགེ་འདུན་གྱི་ནང་དུ་ཁྱོད་ལ་བྱའོ་༎ གནས་གཞན་གྱི་དགེ་འདུན་དག་གི་ནང་དུ་ཁྱོད་ལ་བྱའོ་༎ ཉེས་བ་དེ་ལྟ་བུ་ཁྱོད་ལ་བྱའོ་༎ ཞེས་དེས་དེ་ལ་ཉེས་པས ༼༤༽ བསྡིགས་ནས་ཉེས་པར་བ་ཏུ་བཞག་སྟེ་། དམ་དེ་མ་དང་བཅས་། འཇེབས་པ་དང་བཅས་། གསོ་བ་ཏུ་དབྱུང་བ་དང་། བཅས་ར་བྱས་ནས་གཏོང་བའོ་༎ བཤགས་པའི་ལས་དང་། བྱིན་གྱིས་བརླབས་པའི་སལ་དང་། བསྒོ་བའི་ལས་དང་། རྗེས་སུ་གནང་བའི་ལས་དང་། རྗེས་སུ་གནང་བའི་ལས་དང་། ༼༥༽ སྤྱོད་པ་ལ་གནས་པའི་ལས་སོ་༎ རྣམ་པར་དག་པའི་ལས་ལྔ་སྟེ་། ཆད་པ་དང་། གཞི་ནས་བསླང་པའི་ཅད་པ་དང་། ཡིད་མགུ་པ་དང་། གཞི་ནས་བསླང་བའི་ཡིད་མགུ་བ་དང་། དབྱུང་བ་རྣམས་སོ་༎ གདུལ་བའི་དངོས་པོ་ལྔ་སྟེ་། བསྡིགས་པ་དང་། སྨད་པ་དག་བསྐྲད ༼༦༽ པ་དང་། ༈་སླར་བསྡུམ་པ་དང་། སྤང་པ་རྣམས་སོ་༎ སྨྲང་བའི་དངོས་པོ་རྣམ་པ་ལྔ་སྟེ་། བསྡིགས་པ་དང་། སྨད་པ་དང་། བསྐྲད་པ་དང་། བསྡུམ་པ་དང་། སྤང་བརྣམས་སོ་༎ ཆད་བའི་ལས་རྣམ་པ་ལྔ་སྟེ་། དེ་དག་ནས་སྤང་བའི་བར་དུ་བརྗོད་པར་བྱའོ་༎
9e9703bfe46144db9608cccce89dae30,.,མདོར་ན་།དགེ ༼༧༽ འདུན་ནང་ན་སྤྱོད་པ་གཉིས་༎གནས་བརྟན་བག་མེད་སྒོ་གཉིས་དང་༎ཤེན་དམན་གྱུར་དང་རྩོད་པ་དང་༎བདག་དང་བཅས་ཤེས་དེ་བཞིན་ནོ་༎
d2b40732354743ee9114a69736596cc4,. . . . . . .,དགེ་འདུན་གྱི་ནང་ན་སྤྱོད་པའི་དགེ་སློང་གིས་དགེ་འདུན་གྱི་དྲུང་དུ་འགྲོ་བ་ན་ཆོས་རྣམ་པ་ལྔས་དྲན་པ་ནང་དུ་ཉེ་པར་གཞག༼༣༠བ༡༽ སྟེ༈་དགེ་འདུན་གྱི་ནང་དུ་འགྲོ་བར་བྱའོ་༎ ལྔ་གང་ཞེན་ན་། རིམ་གྲོར་བཅས་པ་དང་། བསྟི་སྟང་དུ་བཅས་པ་དང་། འཇིགས་པའི་དབང་དུ་འགྱུར་བར་བཅས་པ་དང་། དམན་པའི་ཡིད་དུ་བཅས་པ་དང་། ཕྱག་དར་བ་དང་མཉམ་པའི་སེམས་དང་སྟན་ལ་འདུག་པར་མཁས ༼༢༽ པའོ༈་། དགེ་འདུན་གྱི་ནང་ན་སྤྱོད་པའི་དགེ་སློང་གི་གཞན་ཡང་ཆོས་རྣམ་པ་ལྔས་ནང་དུ་དྲན་པ་ཉེ་བར་གཞག་སྟེ་། དགེ་འདུན་གྱི་ནང་དུ་འགྲོ་བར་བྱའོ་༎ ལྔ་གང་ཞེ་ན་། བྱམས་པའི་སེམས་དང་། ཕན་པའི་སེམས་དང་། སྙིང་བརྩེ་བའི་སེམས་དང་། སྙན ༼༣༽ པར་སྨྲ་བ་དང་། ཚིག་རྩུབ་པོ་མི་སྨྲས་པ་རྣམས་སོ་། དགེ་འདུན་གྱི་ནང་ན་ཆོས་མ་ཡིན་པར་རྩོད་པའང་ཡོད་དེ་། དེ་ལ་དགེ་འདུན་གྱི་ནང་ན་སྤྱོད་པའི་དགེ་སློང་གིས་ཆོས་དང་མཐུན་པའི་ཕྱོགས་ལ་བརྟེན་པར་བྱའོ་༎ ཡང་ན་རང་གི་ལྟ་བ་བརྗོད་ནས་སྟན་ལས་ལངས་ཏེ ༼༤༽ འགྲོ་བར་བྱ་སྟེ་། དེའི་གླེང་གཞི་མི་དཀྲུག་བར་རྣལ་འབྱོར་དུ་བརྩོན་པར་གནས་པར་བྱའོ་༎ ཆོས་རྣམ་པ་ལྔ་དང་ལྡན་པའི་གནས་བརྟན་གྱི་དགེ་སློང་ནི་བསྡིགས་པར་བྱའོ་༎ ཚར་གཅད་པར་བྱའོ་༎ སྤང་བར་བྱའོ་༎ ཕྱོགས་མེད་པར་བྱའོ་༎སྨད་བས་པར་བྱའོ་༎ ༼༥༽ སྤ་གོང་བྲ་བྱའོ་༎དོགས་པ་དང་། ཐེ་ཚོམ་དང་། འགྱོད་པ་རྣམས་སྐྱེ་བར་བྱའོ་༎ དམ་དེ་མ་དུ་བཅས་། འཇེབས་པར་བཅས་། གསོག་ཏུ་དབྱུང་བར་བཅས་པར་བྱ་སྟེ་། ལྔ་གང་ཞེ་ན་། ཚུལ་ཁྲིམས་ངན་པ་ཡིན་། ཚུལ་ཁྲིམས་ལ་ཉེས་པ་བྱུ་ཞིང་ལོག་པར་ལྟ་བ་ཡིན་། ༼༦༽ ཕྱིན་ཅི་ལོག་ཏུ་ལྟ་ཞིག་ངོ་ཚ་མེད་པ་ཡིན་། འཁོར་ངོ་ཚ་མེད་ཅིང་རྒོལ་བ་དང་། སླར་གྲོལ་བའི་དགེ་སློང་རྣམས་འཐབ་པ་དང་། མཚང་འདྲུ་བ་དང་། འཁོན་པ་དང་། འཁྲུགས་པ་རྣམས་སུ་བསྐུལ་པ་ཡིན་། རྒོལ་བ་དང་། སླར་རྒོལ་བའི་དགེ་སློང་རྣམས་ཆོས་མ་ཡིན་པ ༼༧༽ ལ་སྟེན་དུ་འཇུག་པའོ་༎ ཆོ་རྣམ་བ་ལྔ་དང་ལྡན་པའི་དགེ་སློང་ནི་དགེ་བསྙེན་མ་རྣམས་ཀྱིས་མ་དང་པ་ཆོར་བར་བྱ་བར་རིགས་ཏེ་། ལྔ་གང་ཞེ་ན་། ཁྱིམ་པ་རྣམས་ལ་ཁ་ཟེར་བ་དང་། ཁྱིམ་པ་རྣམས་ལ་མི་སྙན་པར་སྨྲ་བ་དང་། ཁྱིམ་པ་རྣམས་ཀྱིས་སྐྱོན་ནས་བརྗོད་པ་དང་། ཁྱིམ ༼༣༡ཨ༡༽ པ་རྣམས་ལ་དོན་མ་ཡིན་པ་དང་། མི་ཕན་པའི་རྙེད་པ་ལ་ཞུགས་པ་ཡིན་ནོ་༎
255ecacc40eb4b82b4268fc639021e19,. .,གཞན་ཡང་ཆོས་རྣམ་པ་ལྔ་དང་ལྡན་པའི་དགེ་སློང་ནི་དགེ་བསྙེན་ཕས་མ་དད་པ་ཚོར་བར་བྱ་བར་རིགས་ཏེ་། ལྔ་གང་ཞེ་ན་། སངས་རྒྱས་ལ་ངན་དུ་བརྗོད་པ་དང་། ཆོས་ལ་ངན་དུ ༼༢༽ བརྗོད་པ་དང་། དགེ་འདུན་ལ་ངན་དུ་བརྗོད་པ་དང་། མི་སྤྱད་པ་སྤྱོད་པ་དང་། དགེ་སློང་གིས་བསླབ་པ་ལ་མ་མོས་པའོ་༎ ཆོས་རྣམ་པ་ལྔ་དང་ལྡན་པའི་དགེ་བསྙེན་ནི་དགེ་འདུན་གྱི་ལྷུང་བཟེད་ཁས་ཕུབ་པར་འོས་ཏེ་། ལྔ་གང་ཞེ་ན་། དགེ་སློང་དག་ལ་ཁ་ཟེར་བ་དང་། ༼༣༽ དགེ་སློང་དག་ལ་མི་སྙན་པར་སྨྲ་བ་དང་། དགེ་སློང་དག་ལ་ངན་དུ་བརྗོད་པ་དང་། དགེ་སློང་རྣམས་ལ་མི་ཕན་པ་དང་། དོན་མ་ཡིན་པར་བྱེད་པ་དང་། རྙེད་པར་འདོད་པ་དང་། ཞུགས་པ་རྣམས་ཡིན་ནོ་༎
4f74f423b99c4c618b69e7d19eba0afb,. .,གཞན་ཡང་ཆོས་རྣམ་པ་ལྔ་དང་ལྡན་པའི་དགེ་བསྙེན་ནི་དགེ་འདུན ༼༤༽ གྱི་ལྷུང་བཟེད་ཁས་དབུ་བ་པར་འོས་ཏེ་། ལྔ་གང་ཟེ་ན་། སངས་རྒྱས་ལ་ངན་དུ་བརྗོད་པ་དང་། ཆོས་ལ་ངན་དུ་བརྗོད་པ་དང་། དགེ་འདུན་ལ་ངན་དུ་བརྗོད་པ་དང་། མི་སྤྱད་པ་སྤྱོད་པ་དང་། དགེ་བསྙེན་གྱི་བསླབ་པ་ལ་མི་སློབ་པའོ་༎ ཆོས་རྣམ་པ་ལྔ་དང་ལྡན་པའི་འདུལ ༼༥༽ བ་འཛིན་པ་ནི་རྩོད་པ་ཞི་བར་བྱེད་མི་ནུས་པ་སྟེ་། ལྔ་གང་ཞེ་ན་། ཤེན་དམན་པར་གྱུར་པ་དང་། ལོག་ཤིག་ཏུ་འགྲོ་བ་དང་། མང་དུ་སྨྲ་བར་གྱུར་པ་དང་། ཚིག་ཀྱལ་པར་སྨྲ་བ་དང་། མི་ཕན་པ་སྡུད་པར་གྱུར་པ་ཡིན་ཏེ་། དེ་རྣམ་པ་ལྔ་ལས་དཀར་པོའི་ཕྱོགས་སུ་བཟློག་པ ༼༦༽ ཡང་བརྗོད་པར་བྱའོ་༎
182be6c3ef1544548e68f96bf06dd193,.,གཞན་ཡང་ཆོས་རྣམ་པ་ལྔ་དང་ལྡན་པའི་འདུལ་བ་འཛིན་པ་ནི་རྩོད་པ་ཞི་བར་བྱེད་མི་ནུས་པ་སྟེ་། ལྔ་གང་ཞེ་ན་། འཁྲུལ་པ་འཛིན་པ་དང་། གསང་བའི་ཚིག་འདིན་པ་དང་། ཚིག་མང་པོ་འཛིན་པ་དང་། མ་ངེས་པར་འདིན་པ་དང་། ལན་གསུམ ༼༧༽ གྱིབར་དུ་དམ་བཅར་མ་བཅུག་པར་མཆོད་པ་ཡིན་ཏེ་། དཀར་པོའི་ཕྱོགས་སུ་བཟློག་པར་ཡང་རྣམ་པ་ལྔར་བརྗོད་པར་བྱའོ་༎
1a9e793cebb54b08923f6f5f8255e54e,.,གཞན་ཡང་ཆོས་རྣམ་པ་ལྔ་དང་ལྡན་པའི་འདུལ་པ་འཛིན་པ་ནི་རྩོད་པ་ཞི་བར་བྱེད་མི་ནུས་ཏེ་། ལྔ་གང་ཞེ་ན་། བདག་གིས་སྨྲ་བ་མཐར་ཐུག་པར་མི ༼༣༡བ༡༽ ཤེས་པ་དང་། གཞན་གྱི་ཚིག་མཐར་མི་འབྱིན་པ་དང་། མི་ཉན་པ་དང་། གྲགས་པར་མི་བྱེད་པ་ཡིན་ཏེ་། དཀར་པོའི་ཕྱོགས་སུ་ཡང་བཟློག་པ་རྣམ་པ་ལྔར་བརྗོད་པར་བྱའོ་༎
2bdcbc0790e14271886654da6a63f62b,.,གཞན་ཡང་ཆོས་རྣམ་པ་ལྔ་དང་ལྡན་པའི་འདུལ་བ་འཛིན་པ་ནི་རྩོད་པ་ཤིན་ཏུ་ཞི་བར་བྱེད་མི ༼༢༽ ནུས་པ་ཡིན་ཏེ་། མ་བསྒོ་པ་བསྒོ་བར་མི་བྱེད་པ་ཡིན་། ཡང་དག་པར་མ་བསྒོ་བ་ཡང་དག་པར་བསྒོ་པར་མི་བྱེད་པ་ཡིན་། མི་སེམས་པར་མི་བྱེད་པ་ཡིན་། རྒོལ་པ་དང་། སླར་རྒོལ་པའི་དགེ་སློང་རྣམས་འཐབ་པ་དང་། མཚང་འདྲུ་བ་དང་། འཁོན་པ་དང་། ༼༣༽ རྩོད་པ་རྣམས་སུ་སྐུལ་བ་ཡིན་། རྒོལ་བ་དང་སྲུར་རྒོལ་བའི་དགེ་སློང་རྣམས་ཆོས་མ་ཡིན་པའི་ཕྱོགས་ལ་སྟེན་པ་ཡིན་ཏེ་། རྣམ་བ་ལྔ་ལས་དཀར་པོའི་ཕྱོགས་སུ་བཟློག་པར་ཡང་བརྗོད་པར་བྱའོ་༎
0ff8ab4bccf24d5aa9b58af92ab7cfdb,.,མདོར་ན་།རྗེས་སུ་བསྟན་དང་རྩོད་པ་དང་༎ལས་དང་རྒོལ་བ་འཛིན ༼༤༽ པ་དང་༎ཆོས་མ་ཡིན་པ་མདོ་སྡེ་འདུལ་༎བསྐོས་བྱུང་དང་ཉེས་དེ་བཞིན་༎
8e410864d7dd42408c1a68bb503f6740,. . . . . . .,ཆོས་རྣམ་པ་ལྔ་དང་ལྡན་པའི་འདུལ་བ་འཛིན་པ་ནི་རྗེས་སུ་སྟོན་པར་བྱེད་མི་ནུས་ཏེ་། ལྔ་གང་ཞེ་ན་། རྗེས་སུ་བསྟན་པའི་ངག་ལྔ་མི་ཤེས་པ་དང་། སླར་རྒོལ་པ་མི་ཤེས་པ་དང་། ཆོས་སུ ༼༥༽ རྗེས་སུ་སྦྱོར་བ་མི་ཤེས་པ་དང་། ཆོས་མ་ཡིན་པའི་རྗེས་སུ་སྦྱོར་བ་མི་ཤེས་པ་དང་། ཡི་དམ་མ་བཅས་པ་ཡིན་ཏེ་། སླར་དཀར་པོའི་ཕྱོགས་སུ་བཟློག་པའང་རམ་ལ་ལྟར་བརྗོད་པར་བྱའོ་༎ ཆོས་རྣམ་པ་ལྔ་དང་ལྡན་པའི་འདུལ་བ་འཛིན་པ་ནི་རྩོད་པ་ཞི་བར་བྱེད་མི་ནུས་པ་ཡིན་ཏེ་། ༼༦༽ ལྔ་གང་ཞེ་ན་། རྩོད་པ་མི་ཞཤེས་པ་དང་། རྩོད་པ་ཅི་ལས་བྱུང་བ་མི་ཤེས་པ་དང་། རྩོད་པ་བསྡུ་བ་མི་ཤེས་པ་དང་། རྩོད་པ་ཞི་བར་བྱ་བ་མི་ཤེས་པ་དང་། རྩོད་པ་ཞི་བར་བྱས་ཀྱང་ཉེས་པ་ཕྱིས་མི་འབྱུང་བ་ལ་མི་མཁས་པ་ཡིན་ཏེ་། སླར་དཀར་པོའི་ཕྱོགས་སུ་གཟློག་པའང ༼༧༽ རྣམ་པ་ལྔར་བརྗོད་པར་བྱའོ་༎ ཆོས་རྣམ་པ་ལྔ་དང་ལྡན་པའི་འདུལ་བ་འཛིན་པ་ནི་ལས་བྱེད་མི་ནུས་པ་ཡིན་ཏེ་། ལྔ་གང་ཞེ་ན་། དེས་དོན་སྦྱིན་པ་ལ་ཤིན་ཏུ་རྣམ་པར་མ་དག་ཅིང་གཅིག་ནས་གཅིག་ཏུ་བསྒོ་བ་ཡིན་ཏེ་། ཀུན་དགའ་བོ་དགེ་ཚུལ་གྱི་ཚིག་གིས་བསྒོ་ཞིང ༼༣༢ཨ༡༽ མདོ་སྡེའི་ཚིག་མི་ཤེས་པ་ཡིན་། གསོལ་བའི་ལས་མི་ཤེས་པ་། གསོལ་བ་དང་གཉིས་ཀྱི་ལས་མི་ཤེས་པ་། གསོལ་བ་དང་བཞིའི་ལས་མི་ཤེས་པ་ཡིན་། བསྒོ་བའི་ལས་མི་ཤེས་པ་དང་། བྱིན་གྱིས་བརླབས་པའི་ལས་མི་ཤེས་པ་སྟེ་། སླར་དཀར ༼༢༽ པོའི་ཕྱོགས་སུ་བཟློག་པའང་རྣམ་པ་ལྔར་བརྗོད་པར་བྱའོ་༎ ཆོས་རྣམ་པ་ལྔ་དང་ལྡན་ན་རྒོལ་པའི་དགེ་སློང་གིས་ཚིག་མི་གཟུང་བ་ཡིན་ཏེ་། ལྔ་གང་ཞེ་ན་། དེའི་དོན་སྦྱིན་བ་ཤིན་ཏུ་རྣམ་པར་མ་དག་ཅིང་གཅིག་ནས་གཅིག་ཏུ་བསྒོ་བར་མི་བྱེད་པ་དང་། ཀུན་དགའ་པོའི་དགེ་ཚུལ་གྱི ༼༣༽ ཚིག་གིས་སྟོན་པ་དང་། མདོ་སྡེའི་གཞི་མི་ཤེས་པ་དང་། ཇི་ལྟར་གསུང་པ་མི་མངོན་པའི་གནས་ནས་གསུངས་པ་མི་ཞེས་ཤེས་པ་དང་། གང་ལ་གནས་ནས་རྣམ་པར་སྦྱོང་པ་སྟེ་། སླར་དཀར་པོའི་ཕྱོགས་སུ་བཟློག་བའང་རྣམ་པ་ལྔར་བརྗོད་པར་བྱའོ་༎ ཆོས་རྣམ་པ་ལྔ་དང ༼༤༽ ལྡན་ན་སླར་རྒོལ་བའི་དགེ་སློང་གི་ཚིག་གཟུང་དུ་མི་རུང་པ་ཡིན་ཏེ་། ལྔ་གང་ཞེ་ན་། རྒོལ་བའི་དགེ་སློང་གིས་དྲིས་པ་གཞན་ལ་གཞན་གྱི་རྔོད་པ་དང་། གཏམ་རླུང་སྐུར་པ་དང་། དག་པའི་དགེ་སློང་མ་འཚེ་བ་དང་། ཕྱོགས་ལ་གནས་ནས་ཉེས་པ་ཤེས་ཀྱང་ཉེས་པ་མི་ཤེས ༼༥༽ སོ་ཞེས་ཟེར་བ་སྟེ་། སླར་དཀར་པོའི་ཕྱོགས་སུ་བཟློག་པའང་རྣམ་པ་ལྔར་བརྗོད་པར་བྱའོ་༎ ཆོས་རྣམ་པ་ལྔ་དང་ལྡན་པའི་འདུལ་བ་འཛིན་པ་ནི་རྩོད་པ་ཞི་བར་བྱེད་མི་ནུས་པ་ཡིན་ཏེ་། ལྔ་གང་ཞེ་ན་། རྒོལ་བ་དང་། སླར་རྒོལ་བའི་དགེ་སློང་རྣམས་ཆོས་མ་ཡིན་པའི་ཕྱོགས་ལ ༼༦༽ བསྙེན་པར་བྱེད་པ་དང་། རྒོལ་བ་དང་། སླར་རྒོལ་བའི་དགེ་སློང་རྣམས་འཐབ་པ་དང་། མཚང་འདྲུ་བ་དང་། འཁོད་པ་དང་། རྩོད་པ་རྣམས་ལ་སྐུལ་བ་ཡིན་། དགེ་སློང་གཟུ་བོ་རྣམས་ཀྱི་མདོ་སྡེའི་ཚིག་མི་ཉན་པ་དང་། དགེ་སློང་གཙོ་བོ་རྣམས་ལ་སྐུར་པ་འདེབས་པ་དང་། ༼༧༽ རྩོད་པའི་ཐོག་མ་དང་བར་མ་དང་ཐ་མ་ལ་མི་མཁས་པ་ཡིན་ཏེ་། སླར་དཀར་པོའི་ཕྱོགས་སུ་བཟློག་པའང་རྣམ་པ་ལྔར་བརྗོད་པར་བྱའོ་༎ ཆོས་རྣམ་པ་ལྔ་དང་ལྡན་པའི་འདུལ་བ་འཛིན་པ་ནི་མདོ་སྡེའི་ཡོན་ཏན་ཤེས་པར་མི་ནུས་པ་ཡིན་ཏེ་། ལྔ་གང་ཞེན་། མདོ་སྡེ་ལ་མི་མཁས་པ་ཡིན ༼༣༢བ༡༽ འདུལ་བ་ལ་མི་མཁས་བ་ཡི་ནི་། མ་ལྟ་བུ་ལ་མི་མཁས་པ་དང་། རྣམ་བར་འབྱེད་པ་ལ་མི་མཁས་པ་དང་། ལུང་ཁ་ཏོན་དུ་མ་ལོབས་པ་ཡིན་ཏེ་། སླར་དཀར་བོའི་ཕྱོགས་སུ་བཟློག་པའང་རྣམ་པ་ལྔཪ་བརྗོད་པར་བྱའོ་༎
469cc506215e47fc9d48ae09ffc37e15,. . .,གཞན་ཡང་ཆོས་རྣམ་པ་ལྔ་དང་ལྡན་བའི་འདུལ ༼༢༽ བ་འཛིན་པ་ནི་མདོ་སྡེའི་ཡོན་ཏན་ཤེས་པར་མི་ནུས་པ་ཡིན་ཏེ་། ལྔ་གང་ཞེ་ན་། ཉི་ཚེ་བ་དང་། ཐམས་ཅད་དང་ལྡན་པི་འདུལ་བམི་ཤེས་པ་དང་། རེ་ཞིག་པ་དང་། དུས་ཐམས་ཅད་པའི་འདུལ་བ་མི་ཤེས་པ་དང་། ཉེས་པའི་འདུལ་བ་མི་ཤེས་པ་དང་། རྩོད་པའི་འདུལ་བ་མི ༼༣༽ ཤེས་པ་དང་། ཉོན་མོངས་པའི་འདུལ་བ་མི་ཤེས་པ་སྟེ་། སླར་དཀར་པོའི་ཕྱོགས་སུ་བཟློག་པའང་རྣམ་པ་ལྔར་བརྗོད་པར་བྱའོ་༎ ཆོས་རྣམ་པ་ལྔ་དང་ལྡན་པའི་འདུལ་བ་འཛིན་པས་མདོ་སྡེའི་ཡོན་ཏན་ཤེས་པར་མི་ནུས་ཏེ་། ལྔ་གང་ཞེ་ན་། ཉེས་པའི་འདུལ་བ་དང་། རྩོད་པའི ༼༤༽ འདུལ་པ་དང་། ཉི་ཚེ་པ་དང་། ཐམས་ཅད་དང་ལྡན་པ་དང་། རེ་ཞིག་པ་དང་། དུས་ཐམས་ཅད་པའི་རྣམས་ལ་ངེས་པར་མ་གྱུར་པ་ཡིན་ནོ་༎ ཆོས་རྣམ་པ་ལྔ་དང་ལྡན་པའི་འདུལ་བ་འཛིན་པ་ནི་རྩོད་བ་ཞི་བར་བྱེད་མི་ནུས་པ་ཡིན་ཏེ་། ལྔ་གང་ཞེ་ན་། མ་བསྐོས་པ་ལས་ནི་པར ༼༥༽ བྱེད་པ་དང་། ནེ་པ་མི་སྟོན་པ་དང་། ཆད་པའི་ལས་མི་གཅོད་པ་དང་། རྣམ་པར་དག་བ་ཉེ་བར་མི་སྟོན་པ་དང་། འདིས་དགེ་འདུན་གྱིས་བསྒོ་བ་བཞིན་མ་བྱས་པར་གྱུར་པ་སྟེ་། སླར་དཀར་པོའི་ཕྱོགས་སུ་བཟློག་པའང་རྣམ་པ་ལྔར་བརྗོད་པར་བྱའོ་། ཆོས་རྣམ་པ་ལྔ་དང་ལྡན ༼༦༽ པའི་འདུལ་བ་འཛིན་པ་ནི་ཉེས་པ་སྟོན་པར་མི་ནུས་ཏེ་། ལྔ་གང་ཞེ་ན་། ཉེས་པ་མི་ཤེས་པ་དང་། ཉེས་པ་མེད་པ་མི་ཤེས་པ་དང་། ལྕི་བ་མི་ཤེས་པ་དང་། ཡང་བ་མི་ཤེས་པ་དང་། འདིས་སོ་སོར་ཐར་པའི་མདོ་ཁ་ཐོན་ལ་ལོ་བས་པ་ཡིན་ཏེ་། སླར་དཀར་པོའི་ཕྱོགས་སུ་བཟློག ༼༧༽ པའང་རྣམ་པ་ལྔར་བརྗོད་པར་བྱའོ་༎
32243382f4ba4d59a16aeda56962d9b2,.,གཞན་ཡང་ཆོས་རྣམ་པ་ལྔ་དང་ལྡན་པའི་འདུལ་བ་འཛིན་པས་ཉེས་པ་སྟོན་པར་མི་ནུས་ཏེ་། ལྔ་གང་ཞེ་ན་། བྱུང་བ་མི་ཤེས་པ་དང་། བཅས་པ་མི་ཤེས་པ་དང་། རྗེས་སུ་བཅས་པ་མི་ཤེས་པ་དང་། སྤང་བ་མི་ཤེས་པ་དང་། རྗེས་སུ་གནང་བ་མི ༼༣༣ཨ༡༽ ཤེས་པ་སྟེ་། སླར་དཀར་པོའི་ཕྱོགས་སུ་བཟློག་པའང་རྣམ་པ་ལྔར་བརྗོད་པར་བྱའོ་༎
33cbdeb6ae4342c18c6e4cdf9c8fe27f,.,མདོར་ན་།ལྡང་དང་ལས་དང་གཡོགས་པ་དང་༎མེད་བྱིན་པ་དང་མ་ལ་སྟན་རྣམས་༎སེམས་འཁྲུགས་ཕོ་མཚན་ཁུ་བ་དང་༎གངḍī་དང་ནི་བསྐོས་བའོ་༎
2cf2b74384b848df8ca7120c44294ef0,. . . . . . .,ཉེས ༼༢༽ པ་ལྡང་བ་རྣམ་པ་ལྔ་སྟེ་། ལྔ་གང་ཞེ་ན་། གསོལ་བས་ལྡང་བ་དང་། གསོལ་བ་མི་དགོས་པས་ལྡང་བ་དང་། བརྡས་ལྡང་བ་དང་། དོན་དམ་པས་ལྡང་བ་དང་། དགེ་སློང་མ་དང་ཐུན་མོང་མ་ཡིན་པ་ལས་འདས་ཤིང་མཚོན་གྱུར་བའོ་༎ རྒྱུ་ལྡས་ན་ཆོས་མ་ཡིན་བའི་ལས ༼༣༽ དང་འདུལ་བ་མ་ཡིན་པའི་ལས་བྱས་པར་འགྱུར་ཏེ་། ལྔ་གང་ཞེ་ན་། མངོན་སུམ་དུ་མ་གྱུར་པར་བྱེད་པ་དང་། མ་གླེངས་པ་དང་། དྲན་པ་མ་བྱས་པ་དང་། དངོས་པོ་མེད་པ་དང་། ཡི་དམ་མ་བཅས་པའོ་༎ རྣམ་པ་ལྡས་ན་ལས་བྱེད་པའི་དགེ་སློང་མདའ་འཕངས ༼༤༽ པ་བཞིན་དུ་ལུས་འགྱེལ་ཏི་ཤིམ་ཐག་ཏུ་ངན་སོང་ངན་འགྲོ་ལོག་པར་ལྟུང་བ་སེམས་ཅན་དམྱལ་བར་སྐྱེ་སྟེ་། ལྔ་གང་ཞེ་ན་། འདོད་པའི་ཕྱིར་འགྲོ་། ཞེ་སྡང་དང་། གཏི་མུག་དང་། འཇིགས་པའི་ཕྱིར་འགྲོ་༎ ལས་བྱས་པ་དང་། མ་བྱས་པ་མི་ཤེས་པའོ་༎ རྒྱུ་ལྔས ༼༥༽ ན་དགེ་སློང་གི་ཕ་རོལ་ནས་མ་བྱིན་པ་བླངས་ན་ཕས་ཕམ་པའི་ཉིས་པར་འགྱུར་ཏེ་། ལྔ་གང་ཞེ་ན་། བདག་གི་བར་འདུ་ཤེས་མེད་པར་བླངས་པ་དང་། སྐད་ཅིག་བརྙ་བའི་འདུ་ཤེས་མེད་པར་བླངས་པ་དང་། ཡི་དག་ཅུགས་པའི་འདུ་ཤེས་མེད་པར་བླངས་པ་དང་། ལེན ༼༦༽ པ་ན་གཞན་ཤེས་པར་བྱས་ནས་མ་བླངས་པ་དང་། རྐུ་སེམས་ཉེ་བར་གནས་པ་ཡིན་ཏེ་། སླར་དཀར་པོའི་ཕྱོགས་སུ་བཟློག་པའང་རྣམ་པ་ལྔར་བརྗོད་པར་བྱའོ་༎ མལ་སྟན་མི་སྤྱད་པ་རྣམ་པ་ལྔར་ཤེས་པར་བྱ་སྟེ་། ལྔ་གང་ཞེ་ན་། དུད་པ་དང་། རྡུལ་ཁྲོད་དང་། ཆུ་དང་། འདྲེན ༼༧༽ པ་དང་། དྲུད་པ་དང་ལྡའོ་༎ རྒྱུ་ལྡས་ན་སེམས་འཁྲུགས་པར་འགྱུར་ཏེ་། ལྔ་གང་ཞེ་ན་། གཉེན་བཤེས་ཟད་བ་དང་། ལོངས་སྤྱོད་ཟད་པ་དང་། ཁས་མ་མཉམ་པ་དང་། མི་མ་ཡིན་བས་བརླམས་པ་དང་། སྡོན་གྱི་ལས་ཀྱི་རྣམ་པར་སྨིན་པའོ་༎
f8a143784d8f4e76a2636ff4444d2b40,. .,གཞན་ཡང་རྒྱུ་ལྔས ༼༣༣བ༡༽ ན་སེམས་འཁྲུགས་པར་འགྱུར་ཏེ་། ལྔ་གང་ཞེན་། རླང་བསྐྱོད་པ་དང་། མཁྲིས་པ་དང་༎ བད་ཀན་དང་། འདུས་བ་དང་། སྔོན་གྱི་ལས་ཀྱི་རྣམ་པར་སྨིན་པའོ་༎
f83a96869d56450d9316d7ee1238cd79,. . . . . . . . . . . . . .,གཞན་ཡང་རྒྱུ་ལྔས་ན་སེམསའཁྲུགས་ཏེ་། ལྔ་གང་ཞེ་ན་། མི་མ་ཡིན་པས་བརྡེག་པ་དང་། མི་མ་ཡིན ༼༢༽ པས་སེམས་འཁྲུགས་པ་དང་། མི་མ་ཡིན་པས་མདངས་ཕྲོགས་པ་དང་། ཁམས་མ་མཉམ་པ་དང་། སྔོན་གྱི་ལས་ཀྱི་རྣམ་པར་སྨིན་པའོ་༎ རྒྱུ་ལྔས་འདོད་ཆགས་དང་མ་བྲལ་བའི་ཕོ་མཚན་ལས་སུ་རུང་བར་འགྱུར་ཏེ་། བཤང་བ་འགགས་པར་གྱུར་པ་དང་། གཅི་བ་འགགས ༼༣༽ བར་གྱུར་པ་དང་། རླུང་འགགས་པར་གྱུར་པ་དང་། སྲོག་ཆགས་ཨུ་ཙ་ཏིར་ཀས་ཟིན་པར་གྱུར་པ་དང་། འདོད་པའི་འདོད་ཆགས་ཀྱིས་ཀུན་ཏུ་དཀྲིས་པར་གྱུར་བ་དང་ལྔའོ་༎ ཁུ་བ་རྣམ་པ་ལྔ་སྟེ་། སྔོན་པོ་དང་། སེར་པོ་དང་། དམར་པོ་དང་། བསྐ་བ་དང་། སླ་བ་དང ༼༤༽ ལྔའོ་༎ གངḍī་བརྡུང་བ་ལ་རྣམ་པ་ལྔ་སྟེ་། དགེ་འདུན་ཐམས་ཅད་ཀྱི་གངḍī་དང་། ལས་ཀྱི་གངḍī་དང་། ཤི་བའི་གངḍī་དང་། ཉེས་པའི་གངḍī་དང་། སྤང་བའི་གངḍī་དང་ལྔའོ་༎ དགེ་འདུན་ཐམས་ཅད་ཀྱི་གངḍī་དེ་ནི་རྒྱུད་གསུམ་དང་དྲག་པོ་གསུམ་མོ་༎ ལས་ཀྱི་གངḍī་ནི་རྒྱུད ༼༥༽ གཉིས་དང་དྲག་པོ་གཅིག་གོ་༎ ཤི་བའི་གངḍī་ནི་རྒྱུད་གཅིག་པའོ་༎ ཉེ་སེ་པའི་གངḍī་ནི་ནམ་ཞི་བར་གྱུར་གྱི་བར་དུའོ་༎ སྤང་བའི་གངḍī་ནི་ཁར་གསིལ་ལོ་༎ ཆོས་རྣམ་པ་ལྔ་དང་ལྡན་པའི་དགེ་སློང་གིས་དགེ་སློང་མ་ལ་ལུང་བསྒོ་བར་བྱ་སྟེ་། ལྔ་གང་ཞེ་ན་། ཚུལ་ཁྲིམས་དང་ལྡན ༼༦༽ པར་གྱུར་པ་དང་། མང་དུ་ཐོས་པ་དང་། གཉས་བརྟན་རྒྱལ་པོར་གྱུར་པ་དང་། གྲོང་ཁྱེར་གྱི་སྐད་དང་ལྡན་པར་གྱུར་པ་དང་། དེས་དགེ་སློང་མ་ལ་ལུས་ཀྱིས་བསྐྱོད་པས་སུ་ནམ་ཕྱུང་བར་གྱུར་པའོ་༎ ཇི་ལྟར་ན་ཚུལ་ཁྲིམས་དང་ལྡན་པ་ཡིན་ཞེ་ན་། ཕས་ཕམ་པ་བཞི་ལས་གང ༼༧༽ ཡང་རུང་བ་འདས་པར་མ་གྱུར་པའོ་༎ ཇི་ལྟར་ན་མང་དུ་ཐོས་པ་ཡིན་ཞེ་ན་། དེས་སོ་སོར་ཐར་པའི་མདོ་བཤད་པའམ་ཁ་ཏོན་དུ་བྱས་པར་གྱུར་བའོ་༎ ཇི་ལྟར་ན་གནས་བརྟན་རྒྱལ་པོ་ལྟ་བུར་གྱུར་པ་ཡིན་ཏེ་ན་། བསྙེན་པར་རྫོགས་ནས་ལོ་ཉི་ཤུ་ལོ་ན་པར་གྱུར་པའམ་། ཡང ༼༣༤ཨ༡༽ ན་དེ་ལས་འདས་པའོ་༎ དེ་སྟེ་དགེ་སློང་མ་ལ་ལུས་ཀྱིས་བསྐྱོད་པས་སུ་ན་ཕྱུང་བར་མ་གྱུར་ཏ་མ་། ཡང་ན་ཉེས་པ་དེ་འདིས་ཇི་ལྟར་ཆོས་བཞིན་དུ་བྱས་པར་གྱུར་པའོ་༎
8743a3c567c0438eb593a1ced89dad76,.,སྒོ་གཉིས་པོ་རྫོགས་སྷོ་༎
1750f2b3b59f41c58fec4ff0c95b9776,.,སྒོ་གསུམ་པོའི་མདོ་བསྡུས་པ་སྟེ་།རྩོད་དང་མགུ༼༢༽ བར་བྱེད་པ་དང་༎ནོར་རྙེད་གང་ཟག་དེ་བཞིན་ཏེ་༎ཨུ་པཱ་ལི་འདུལ་ཆད་པ་དང་༎རབ་འབྱུང་སྦྱིན་པ་དེ་བཞིན་ནོ་༎
4167f8bb749c4518983a586ae42a6181,.,མདོར་ན་།འཁྲུག་པའི་རྩ་བ་བསྒོ་བ་དྲུག་༎ལས་དང་བསྟན་པའང་དེ་བཞིན་ཏེ་༎བསྟབས་པར་བྱ་བ་ཉམས་པ་དང་༎བཟློག་པར་བྱ་བའང་དེ་བཞིན ༼༣༽ ནོ་༎
c0ab63be3a5c4b4aafaa9891a5e4a05c,. . . . . . . . . . . . . . . . . . . . . . . . .,དགེ་སློང་དག་འདི་ལ་འཁྲུག་པའི་རྩ་བ་ནི་དྲུག་སྟེ་། དགེ་སློང་ཁྲོ་ཞིང་འཁོན་པ་ཡང་ཡོད་དེ་། དགེ་སློང་དག་དགེ་སློང་ཁྲོ་ཞིང་འཁོན་དུ་འཛིན་པར་གྱུར་པ་གང་ཡིན་པ་དེས་ནི་སྟོན་པ་ལ་བླ་མར་མི་བྱེད་། བཀུར་སྟིར་མི་བྱེད་། ཕུ་དུད་དུ་མི་བྱེད་། མཆོད་པར་མི་བྱེད་དོ་། ༼༤༽ དེ་སྟོན་པ་ལ་བསྟི་སྟང་དུམ་བྱས་། བླ་མར་མ་བྱས་། བརྐུར་སྟིར་མ་བྱས་། ཕུ་དུད་དུ་མ་བྱས་། མཆོད་པར་མ་བྱས་པ་ཡང་ན་ཆོས་མི་མཐོང་ངོ་༎ ཆོས་མ་མཐོང་བས་དགེ་འདུན་ལ་རིམ་གྲོར་བྱེད་པར་མི་སྤྱོད་དོ་༎ དགེ་འདུན་ལ་རིམ་གྲོ་མེད་པར་སྤྱད་པས་དགེ་སྤྱོང་ཉིད ༼༥༽ ལ་བག་མེད་པར་སྤྱོད་དོ་༎ དགེ་སྤྱོང་ཉིད་ལ་བག་མེད་པར་སྤྱོད་པས་ཇི་ནས་དགེ་འདུན་ལ་འཐབ་པ་དང་། མཚང་འདྲུ་བ་དང་། འཁོན་པ་དང་། རྩོད་པ་དེ་ལྟ་བུ་སྐྱེད་པར་འགྱུར་ཏེ་། འཐབ་པ་དང་། མཚང་འདྲུ་བ་དང་། འཁོན་པ་དང་། རྩོད་པ་རྣམས་ནི་སྐྱེ་བོ་མང་པོ ༼༦༽ ལ་ཕན་པ་མ་ཡིན་ཏེ་། སྐྱེ་བོ་མང་པོའི་དོན་མ་ཡིན་གྱི་། སྐྱེ་བོ་མང་པོ་ལ་སྡུག་བསྔལ་པར་སྦྱེད་དོ་༎ ལྷ་དང་མི་རྣམས་ལ་ཡང་དོན་མ་ཡིན་པ་དང་། མི་ཕན་པ་དང་། སྡུག་བསྔལ་བར་བྱེད་དོ་༎ དགེ་སློང་ཁྱད་རྣམས་ལ་འདི་ལྟ་བུའི་རྩོད་པའི་རྩ་བ་ནང་ངམ་ཕྱི་རོལ་ན་ཡོད་ལ་བདག ༼༧༽ ཉིད་ཀྱིས་མ་སྤངས་པར་རྗེས་སུ་མཐོང་པ་དང་། དེ་ལ་ཁྱེད་དང་ལྷན་ཅིག་ཏུ་མཐུན་ཞིག་ཤིན་ཏུ་དགའ་བར་བྱོས་ལ་རབ་ཏུ་དད་པའི་བརྩོན་འགྲུས་དང་བརྩལ་བ་དང་སྤྲོ་བ་སྐྱེད་ཅིག་། སྤྲོ་བ་བསྐྱེད་ནས་རྩོད་པའི་རྩ་བ་དེ་མ་བཏང་གི་བར་དུ་དྲན་པ་དང་། ཤེས་པ་མི་གཏང་བར་བརྩོན ༼༣༤བ༡༽ པར་བྱོས་ཤིག་། དེ་བཞིན་དུ་དགེ་སློང་ཁྱེད་ཅག་གིས་རྩོད་པའི་རྩ་བ་ནང་དམ་ཕྱི་རོལ་ན་ཡོད་པ་མ་སྤངས་པ་མཐོང་ན་། དེར་ཁྱེད་དང་ལྷན་ཅིག་ཏུ་མཐུན་ཞིང་དགའ་བར་བྱོས་ལ་སེམས་ཀྱིས་ཤིན་ཏུ་བསྲུང་བའི་དྲན་པས་རྩོད་བའི་རྩ་བ་དེའི་ཉེས་པ་ཟད་པར་མ་གྱུར་གྱི་བར་དུ ༼༢༽ བརྩོན་པར་བྱོས་ཤིག་དང་། ཁྱེད་ཀྱི་རྩོད་པའི་རྩ་བ་དེ་ཡང་དག་པར་བཅོམ་ནས་ཕྱིས་ཀྱང་མི་འབྱུང་བར་འགྱུར་རོ་༎ ཁོན་དུ་འཛིན་པ་ཇི་ལྟ་བུ་དེ་བཞིན་དུ་འཆབ་པ་དང་། ཚིག་པ་དང་། ཕྲག་དོག་དང་། འཇུངས་པ་དང་། གཡོ་དང་། སྒྱུ་དང་། ངོ་ཚ་མེད་པ་དང་། མི ༼༣༽ འཛེམ་པ་དང་། རང་གི་ལྟ་བ་སྙེམས་པར་གུར་པ་རྣམས་ཡིན་ཏེ་། བབ་བབ་ཏུ་འཛིན་པ་སྤང་དཀའ་བའི་ཆོས་རྣམས་རྒྱས་པརབརྗོད་རབ་བྱའོ་༎ བསྒོ་བ་རྣམ་པ་དྲུག་སྟེ་། སངས་རྒྱས་ཀྱིས་བསྒོ་བ་དང་། དགེ་འདུན་གྱི་བསྒོ་བ་དང་། སློབ་དཔོན་གྱིས་བསྒོ་བ་དང་། ༼༤༽ མཁན་པོས་བསྒོ་བ་དང་། རྒྱལ་པོས་བསྒོ་བ་དང་། རྐུན་པོས་བསྒོ་པའོ་༎ དགེ་བསྙེན་པས་བྱར་མི་རུང་བའི་ལས་དྲུག་སྟེ་། སེམས་ཅན་འ་ཚོང་པ་དང་། མཚོན་ཆ་འ་ཚོང་པ་དང་། ཆང་འ་ཚོང་པ་དང་། དུག་འ་ཚོང་པ་དང་། རྒྱ་སྐྱེགས་ཀྱི་ལས་དང་། འབྲུ་མར་བྱེད་པའི ༼༥༽ ལས་སོ་༎ ནག་པོར་བསྟན་པ་དྲུག་སྟེ་། འདི་ལྟར་དགེ་སློང་དག་ལ་དགེ་སློང་ཞིག་འདི་སྐད་དུ་ཚེ་དང་ལྡན་པ་ཁོ་པོས་ནི་བཅོམ་ལྡན་འདས་ལས་མངོན་སུམ་དུ་ཐོས་། མངོན་སུམ་དུ་བླངས་ཏེ་། འདི་ནི་ཆོས་སོ་༎ འདི་ནི་འདུལ་བའོ་༎ འདི་ནི་སྟོན་པས་བསྟན་པའོ་ཞེས་ཟེར་ན་། དགེ ༼༦༽ སློང་དེས་སྨྲས་པ་དེ་ལ་སྤྲོ་བར་ཡང་མི་བྱ་། སྨད་པར་ཡང་མི་བྱ་སྟེ་། སྤྲོ་བར་ཡང་མི་བྱ་། སྨད་པར་ཡང་མི་བྱ་བར་ཚིག་དང་དོན་དང་འབྲུ་རྣམས་ཟུག་ལ་མདོ་སྡེ་དང་གཏུགས་ཤིང་འདུལ་བ་ལ་ལྟོས་ཤིག་། དེ་སྟེ་མདོ་སྡེ་དང་གཏུགས་། འདུལ་བ་ལ་བལྟས་ཀྱང་མདོ་སྡེ་དང་ཡང་མི ༼༧༽ མཐུན༈་འདུལ་བ་ལས་ཀྱང་མི་འབྱུང་ཆོས་ཉིད་དང་ཡང་འགལ་ན་དགེ་སློང་དེ་ལ་འདི་སྐད་དུ་ཇི་ལྟར་ཚེ་དང་ལྡན་པ་ཁྱོད་ཀྱི་ཆོས་འདི་ནི་བཅོམ་ལྡན་འདས་ཀྱིས་མ་གསུངས་སོ་༎ ཡང་ན་ཚེ་དང་ལྡན་པས་ཆོས་འདི་ལོག་པར་བཟུང་ངོ་༎ དེ་ལྟ་བས་ན་ཁོ་བོས་ཆོས་འདི་མདོ་སྡེ་དང་ཡང ༼༣༥ཨ༡༽ གཏུགས་། འདུལ་བ་ལ་ཡང་བལྟས་ན་། མདོ་སྡེ་དག་ཡང་མི་མཐུན་། འབུལ་བ་ལས་ཀྱང་མི་འབྱུང་། ཆོས་ཉིད་དང་ཡང་འགལ་བས་འདི་ནི་ཆོས་མ་ཡིན་། འདི་ནི་འདུལ་བ་མ་ཡིན་། འདི་ནི་སྟོན་པས་བསྟན་པ་མ་ཡིན་བར་ཤེས་པར་བྱོས་ལ་བོར་ཅིག་ཅེས་སྒོ ༼༢༽ ཤིག་། གཞན་ཡང་དགེ་སློང་དག་ལ་དགེ་སློང་ཞིག་འདི་སྐད་དུ་ཚེ་དང་ལྡན་པ་དང་གནས་འདི་ཞེས་བྱ་བ་ན་གནས་བརྟན་དུ་བཅས་སོ་སོར་ཐར་པ་བཅས་པའི་དགེ་སློང་གི་དགེ་འདུན་ཆེན་པོ་དག་གནས་ཏེ་། ཚེ་དང་ལྡན་པ་ཁོ་བོས་ནི་དགེ་སློང་གི་དགེ་འདུན་དེ་དག་ལས་མངོན་སུམ་དུ ༼༣༽ ཐོས༈་མངོན་སུམ་དུ་བླངས་པས་འདི་ནི་ཆོས་སོ་༎ འདི་ནི་འདུལ་བའོ་༎ འདི་ནི་སྟོན་པས་བསྟན་པའོ་ཞེས་ཟེར་ན་། དགེ་སློང་དེས་དེ་ལ་སྤྲོ་བ་དང་། སྨད་པར་མི་བྱ་བར་ཚིག་དང་དོན་དང་འབྲུ་རྣམས་ཟུང་ལ་མདོ་སྡེ་དང་གཏུགས་ཤིང་། འདུལ་པ་ལ་ལྟོས་ཤིག་། དེ་སྟེ ༼༤༽ མདོ་སྡེ་དང་གཏུགས་། འདུལ་བ་ལ་བལྟས་ཀྱང་། མདོ་སྔ་དང་ཡང་མི་མཐུན་། འདུལ་བ་ལས་ཀྱང་མི་འབྱུང་ལ་། ཆོས་ཉིད་དང་འགལ་ན་། དགེ་སློང་དེ་ལ་འདི་སྐད་དུ་ཚེ་དང་ལྡན་པ་ཁྱོད་ཀྱིས་གནས་བརྟན་དང་བཅས་། སོ་སོར་ཐར་པ་དང་བཅས་པའི་དགེ་སློང་གི ༼༥༽ དགེ་འདུན་གྱི་ཆོས་སུ་འདུ་ཤེས་། འདུལ་བར་འདུ་ཤེས་ཏེ་ཆོས་མ་ཡིན་འདུལ་བ་མ་ཡིན་པ་སྨྲས་སོ་༎ ཡང་ན་ཚེ་དང་ལྡན་པ་ཉིད་ཀྱིས་ཆོས་འདི་ལ་ལོག་པར་བཟུང་ངོ་༎ དེ་ལྟ་བས་ན་ཆོས་འདི་དག་ནི་མདོ་སྡེ་དང་ཡང་གཏུགས་། འདུལ་བ་ལ་ཡང་བལྟས་ན་མདོ་སྡེ་དང་ཡང ༼༦༽ མི་མཐུན་། འདུལ་བ་ལས་ཀྱང་མི་འབྱུང་ལ་ཅོས་ཉིད་དང་ཡང་འགལ་བས་ན་འདི་ནི་ཆོས་མ་ཡིན་། འདི་ནི་འདུལ་པ་མ་ཡིན་། འདི་ནི་སྟོན་པས་བསྟན་པ་མ་ཡིན་བར་ཤེས་པར་བྱོས་ལ་བོར་ཅིག་ཅེས་སྒོ་ཤིག་། གཞན་ཡང་དགེ་སློང་ཞིག་འདི་སྐད་དུ་དགེ་སློང་དག་གནས ༼༧༽ འདི་ཞེས་བྱ་བ་ན་དགེ་སློང་མདོ་སྡེ་འཛིན་པ་། འདུལ་བ་འཛིན་པ་། མ་ལྟ་བུ་འཛིན་པ་མང་ཞིག་གནས་ཏེ་། ཚེ་དང་ལྡན་པ་དགེ་སློང་ངེ་དག་ལ་བདག་གིས་མངོན་སུམ་དུ་ཐོས་། མངོན་སུམ་དུ་བླངས་ཏེ་། འདི་ནི་ཆོས་སོ་༎ འདི་ནི་འདུལ་བའོ་༎ འདི་ནི་སྟོན་པས་བསྟན ༼༣༥བ༡༽ པའོ་ཞེས་ཟེར་བ་ནས་། དགེ་སློང་དེ་ལ་འདི་སྐད་ཅེས་བྱ་བ་སྨྲོས་ཤིག་ཅེས་བྱ་བའི་བར་དུ་སྒ་མ་དེ་བཞིན་ཏེ་། ཇི་ལྟར་ཚེ་དང་ལྡན་པ་དགེ་སློང་དེ་དག་གིས་ནི་ཆོས་སུ་འདུ་ཤེས་། འདུལ་བར་འདུ་ཤེས་ཏེ་། ཆོས་མ་ཡིན་པ་དང་། འདུལ་བ་མ་ཡིན་བར་སྨྲས་སོ་༎ ཡང ༼༢༽ ན་ཚེ་དང་ལྡན་པ་ཉདི་ཀྱིས་ཆོས་འདི་དག་ལོག་པར་བཟུང་ངོ་༎ འདི་ལྟར་ཆོས་འདི་མདོ་སྡེ་དང་གཏུགས་། འདུལ་བ་ལ་བལྟས་ན་མདོ་སྡེ་དག་ཡང་མི་མཐུན་། འདུལ་བ་ལས་ཀྱང་མི་འབྱུང་། ཆོས་ཉིད་དང་ཡང་འགལ་ཏེ་། འདི་ནི་ཆོས་མ་ཡིན་། འདུལ་པ་མ་ཡིན་། ༼༣༽ སྟོན་པས་བསྟན་པ་མ་ཡིན་པར་ཤེས་པར་བྱོས་ལ་བོར་ཅིག་ཅེས་སྒོ་སིག་། གཞན་ཡང་དགེ་སློང་ཞིག་དགེ་སློང་དག་ལ་འདི་སྐད་དུ་ཚེ་དང་ལྡན་པ་གནས་འདི་ཞེས་བྱ་བི་ནང་ན་དགེ་སློང་གི་གནས་བརྟན་གྱི་ནང་ནས་གནས་བརྟན་གང་ཡང་རུང་བ་དང་། གཙོ་བོའི་ནང་ན་གཙོ ༼༤༽ བོ་གང་ཡང་རུང་བའི་དགེ་སློང་དག་གནས་ཏེ་། ཚེ་དང་ལྡན་པ་དགེ་སློང་དེ་དག་ལས་བདག་གིས་མངོན་སུམ་དུ་ཐོས་། མངོན་སུམ་དུ་བཞུག་བས་ན་འདི་ནི་ཆོས་སོ་༎ འདི་ནི་འདུལ་བའོ་༎ དི་ནི་སྟོན་པས་བསྟན་པའོ་ཞེས་བྱ་བཞས་། དགེ་སློང་དེ་ལ་འདི་སྐད་སྨྲོས་ཤིག ༼༥༽ ཅེས་བྱ་འབི་བར་དུ་སྔ་མ་བཞིན་ཏེ་། ཇི་ལྟར་ཚེ་དང་ལྡན་པ་གནས་བརྟན་གྱི་ནང་ན་གནས་བརྟན་གང་ཡང་རུང་བ་དང་། གཙོ་བོའི་ནག་ན་གཙོ་བོ་གང་ཡང་རུང་བའི་དགེ་སློང་གིས་འདི་ལ་། ཆོས་སུ་འདུ་ཤེས་འདི་ལ་འདུལ་བར་འདུ་ཤེས་ཏེ་ཆོས་མ་ཡིན་། འདུལ་བ་མ་ཡིན་པར ༼༦༽ སྨྲས་སོ་༎ ཡང་ན་ཚེ་དང་ལྡན་པ་ཉིད་ཀྱིས་ཆོས་འདི་ལོག་པར་བཟུང་ངོ་། ཞེས་བྱ་བ་ནས་ཤེས་རབ་བྱོས་ལ་བོར་ཅིག་ཅེས་བྱ་འབི་བར་དུ་སྔ་མ་བཞིན་ནོ་༎
b49d747ff7fc48289b640d73903c09b7,. . . . .,གཞན་ཡང་དགེ་སློང་ཞིག་ལ་དགེ་སློང་ཞིག་གིས་འདི་སྐད་ཅེས་སྨྲས་ཏེ་། ཚེ་དང་ལྡན་པ་གནས་འདི་ཞེས་བྱ་བ་ན ༼༧༽ དགེ་བསྙེན་དད་པ་ཡིད་ཆེས་པ་ཞིག་ཡོད་དེ་། ཚེ་དང་ལྡན་པ་ཁོ་བོས་ནི་དགེ་བསྙེན་དེ་ལས་མངོན་སུམ་དུ་ཐོས་། མངོན་སུམ་དུ་བླངས་ན་འདི་ནི་ཆོས་སོ་༎ འདི་ནི་འདུལ་བའོ་༎ འདི་ནི་སྟོན་པས་བསྟན་པའོ་ཞེས་བྱ་བ་ནས་། དགེ་སློང་དེ་ལ་འདི་སྐད་ཅེས་སྨྲོས་ཤིག ༼༣༦ཨ༡༽ ཅེས་བྱ་བའི་བར་དུ་སྔ་མ་བཞིན་ནོ་༎ ཇི་ལྟར་ཚེ་དང་ལྡན་པ་ཁྱོད་དགེ་བསྙེན་གྱིས་ཆོས་སུ་འདུ་ཤེས་། འདུལ་བར་འདུ་ཤེས་ནས་ཆོས་མ་ཡིན་པ་དང་། འདུལ་བ་མ་ཡིན་པར་སྨྲས་སོ་༎ ཡང་ན་ནི་ཚེ་དང་ལྡན་པ་ཉིད་ཀྱིས་ཆོས་འདི་དག་ལོག་པར་བཟུང་ངོ་ཞེས་བྱ ༼༢༽ བ་ནས་ཤེས་པར་བྱོས་ལ་བོར་ཅིག་ཅེས་བྱ་བའི་བར་དུ་སྔ་མ་བཞིན་ནོ་༎
ed3b5480ebf54bd192fef4c5c1ae435c,. . . . . . . . . . . .,གཞན་ཡང་དགེ་སློང་དག་ལ་དགེ་སློང་ཞིག་འདི་སྐད་སྨྲས་ཏེ་། ཚེ་དང་ལྡན་པ་ཁོ་བོས་ནི་ལྷ་རྣམས་ལས་མངོན་སུམ་དུ་ཐོས་ཏེ་། འདི་ནི་ཆོས་སོ་༎ འདི་ནི་འདུལ་བའོ་༎ འདི་ནི་སྟོན་པས་བསྟན ༼༣༽ པའོ་ཞེས་བྱ་བ་ནས་། དགེ་སློང་དེ་ལ་འདི་སྐད་སྨྲོས་ཤིག་ཅེས་བྱ་བི་བར་དུ་སྔ་མ་བཞིན་ཏེ་། ཇི་ལྟར་ཚེ་དང་ལྡན་པ་ཁྱོད་ལ་ལྷ་རྣམས་ཀྱིས་ཆོས་སུ་འདུ་ཤེས་། འདུལ་བར་འདུ་ཤེས་ནས་ཆོས་མ་ཡིན་པ་དང་། འདུལ་བ་མ་ཡིན་པར་སྨྲས་སོ་༎ ཡང་ན་ཚེ་དང་ལྡན་པ་ཉིད ༼༤༽ ཀྱིས་ཆོས་འདི་དག་ལོག་པར་བཟུང་ངོ་ཞེས་བྱ་བ་ནས་ཤེས་པར་བྱོས་ལ་བོར་ཅིག་ཅེས་བྱ་བའི་བར་དུ་སྔ་མ་བཞིན་ནོ་༎ བསྟན་པ་ཆེན་པོ་དྲུག་ཅེས་བྱ་བ་ནི་འདི་ལྟར་དགེ་སློང་དག་ལ་དགེ་སློང་ཞིག་འདི་སྐད་དུ་ཚེ་དང་ལྡན་པ་བདག་གིས་བཅོམ་ལྡན་འདས་ལས་མངོན་སུམ་དུ་ཐོས་། མངོན ༼༥༽ སུམ་དུ་བླངས་ཏེ་། འདི་ནི་ཆོས་སོ་༎ འདི་ནི་འདུལ་བའོ་༎ འདི་ནི་སྟོན་པས་བསྟན་པའོ་ཞེས་ཟེར་ན་། དགེ་སློང་དེས་སྨྲས་པ་དེ་ལ་སྤྲོ་བར་ཡང་མི་བྱ་སྨད་པར་མི་བྱ་སྟེ་། སྤྲོ་བར་མི་བྱ་སྨད་པར་མི་བྱ་བར་ཚིག་དང་དོན་དང་འབྲུ་རྣམས་བཟུང་སྟེ་མདོ་སྡེ་དང་གཏུགས་པར་བྱའོ་༎  ༼༦༽ འདུལ་བ་ལ་བལྟ་བར་བྱའོ་༎ དེ་སྟེ་མདོ་སྡེ་དང་གཏུགས་། འདུལ་བ་ལ་བལྟས་ཀྱང་མདོ་སྡེ་དང་མཐུན་། འདུལ་བ་ལས་ཀྱང་འབྱུང་། ཆོས་ཉིད་དང་ཡང་མི་འགལ་ན་དགེ་སློང་དེ་ལ་འདི་སྐད་དུ་སྨྲོས་ཤིག་། ཇི་ལྟར་ཚེ་དང་ལྡན་བ་ཆོས་འདི་དག་ནི་བཅོམ་ལྡན་འདས་ཀྱིས ༼༧༽ གསུངས་ཏེ་། ཚེ་དང་ལྡན་པས་ཀྱང་ཆོས་དེ་དག་ལེགས་པར་བཟུང་ངོ་། དེ་ལྟ་བས་ན་ཆོས་འདི་དག་མདོ་སྡེ་དང་གཏུགས་། འདུལ་བ་ལ་བལྟས་ན་མདོ་སྡེ་དང་ཡང་མཐུན་། འདུལ་བ་ལས་འབྱུང་ལ་། ཆོས་ཉིད་དང་ཡང་མི་འགལ་བས་ན་། འདི་ནི་ཆོས་སོ་༎ འདི་ནི་འདུལ ༼༣༦བ༡༽ པའོ༈་། འདི་ནི་སྟོན་པས་བསྟན་པ་ཡིན་པར་ཤེས་པར་བྱོས་ལ་གཟུང་བར་བྱའོ་༎ ལུང་བསྒོ་བ་ཆེན་པོ་འདི་དྲུག་རྒྱས་པར་དཀར་པོའི་ཕྱོགས་སུ་ཡང་དེ་བཞིན་དུ་བརྗོད་པར་བྱའོ་༎ བསྟབས་པ་རྣམ་པ་དྲུག་སྟེ་། དགེ་སློང་ལ་བསྟབས་པ་དང་། དགེ་སློང་མ་ལ་བསྟབས ༼༢༽ བ་དང་༈་གཉིས་ཀ་ལ་བསྟབས་པ་དང་། སོ་སོར་བསྟབས་བ་དང་། གང་ཟག་ལ་བསྟབས་པ་དང་། སེམས་བསྐྱེད་པས་བསྟབས་པའོ་༎
40dc77ea9fd5486ba13a31a8c2f8814d,. . .,གཞན་ཡང་བསྟབས་པ་དྲུག་སྟེ་། དད་པས་བསྟབས་པ་དང་། ཡོངས་སུ་དག་པས་བསྟབས་པ་དང་། ཟང་ཟིང ༼༣༽ བསྟབས་པ་དང་། ཡོ་བྱད་བསྟབས་པ་དང་། སྨན་བསྟབས་པ་དང་། དུས་སུ་བསྟབས་པའོ་༎ ཉམས་པ་དྲུག་སྟེ་། བདག་ཉམས་པ་དང་། གཞན་ཉམས་པ་དང་། ཚུལ་ཁྲིམས་ཉམས་པ་དང་། ལྟ་བ་ཉམས་པ་དང་། སྤྱེད་པ་ཉམས་པ་དང་། འཚོ་བ ༼༤༽ ཉམས་པའོ་༎ ཕུན་སུམ་ཚོགས་པ་དྲུག་སྟེ་། བདག་ཕུན་སུམ་ཚོགས་པ་དང་། གཞན་ཕུན་སུམ་ཚོགས་པ་དང་། ཚུལ་ཁྲིམས་ཕུན་སུམ་ཚོགས་པ་དང་། ལྟ་བ་ཕུན་སུམ་ཚོགས་པ་དང་། སྤྱོད་པ་ཕུན་སུམ་ཚོགས་པ་དང་། འཚོ་བ་ཕུན་སུམ་ཚོགས ༼༥༽ བའོ་༎ ༎
6e498ff39569452a87899227ce6acde3,.,འདུལ་བ་གཞུང་དམ་པ་། བམ་པོ་ཉི་ཤུ་བདུན་པ་།
beb99c1ea79448c1a88e90b1e534965a,.,མདོར་ན་།མགུ་བར་བྱེད་དང་རྐུ་བ་དང་༎མངོན་སུམ་གྱུར་བ་དེ་བཞིན་ཏེ་༎ཉམས་པར་གུར་དང་མ་གྱུར་དང་༎ལས་རྣམས་དྲུག་དང་བསྟན་པའོ་༎
969476550da14c229373cafe0b787e85,. . . . . . . . . . . . .,མགུ་བར་བྱེད་ཅེས ༼༦༽ བྱ་བ་ནི་སྟོན་པ་དང་ཚངས་པ་མཚུངས་པར་སྤྱོད་པ་མཁས་པ་རྣམས་ལ་བདག་གི་ལུས་བྱམས་པ་དང་ལྡན་པ་ཉེ་བར་གནས་པར་གྱུར་ཅིག་ཅེས་བྱ་བའི་ཆོས་འདི་ནི་མགུ་བར་བྱེད་པ་སྟེ་། དགའ་བར་བྱེད་། བླ་མར་བྱེད་པ་ཡིད་དུ་འོང་བ་དགའ་བར་བྱ་བ་དང་། བླ་མར་བྱ་བ་དང་། ༼༧༽ བཀུར་སྟིར་བྱ་བ་དང་། བསྒོམ་པར་བྱ་བ་དང་། གཟུང་བར་བྱ་བ་དང་། མཐུན་པར་བྱ་བ་དང་། མི་འཁོན་པར་བྱ་བ་དང་། མི་རྩོད་པར་བྱ་བ་དང་། དངོས་པོ་གཅིག་ཏུ་འགྱུར་བའི་ཕྱིར་ངག་གི་ལས་བྱམས་པ་དང་། ཡིད་ཀྱི་ལས་བྱམས་པ་འཇུག་གོ་༎ གང་ཆོས ༼༣༧ཨ༡༽ བཞིན་དུ་ཆོས་ཀྱི་རྙེད་པ་དེ་ཆུང་ངུ་ན་ལྷུང་བཟེད་ཀྱི་ནང་དུ་འོངས་པའམ་། ལྷུང་བཟེད་ཀྱི་འཁོད་དུ་གཏོགས་པ་དེ་ལྟ་བུའི་རྙེད་པ་ནི་ཚང་པ་མཚུངས་པར་སྤྱོད་པ་མཁས་པ་རྣམས་དང་ཐུན་མོང་བར་སྤྱད་པར་བྱའོ་ཞེས་བྱ་བའི་ཆོས་འདི་ནི་མགུ་བར་བྱེད་པའོ་༎ དངོས ༼༢༽ པོ་གཅིག་ཏུ་འགྱུར་བའི་ཕྱིར་འཇུག་གོ་ཞེས་བྱ་བའི་བར་དུ་སྔ་མ་བཞིན་ཏེ་། གང་ཚུལ་ཁྲིམས་འདི་དག་མ་རལ་བ་། མ་ཞིག་པ་། ས་འདྲེས་པ་། རྙོག་བ་ཅན་དུ་མ་གྱུར་པ་། མཉམས་པ་། སྐྱོན་མེད་པ་། ལེགས་པཪ་རྫོགས་པ་། ལེགས་པར་མནོས་པ་། མཁས་པ ༼༣༽ རྣམས་ཀྱིས་བསྟོད་པ་དེ་ལྟ་བུའི་ཚུལ་ཁྲིམས་ལ་ཚངས་པ་མཚུངས་པར་སྤྱོད་པ་མཁས་པ་རྣམས་དང་ལྷན་ཅིག་ཏུ་ཚུལ་ཁྲིམས་ཐུན་མོང་དུ་གྱུར་ཅིག་ཅེས་བྱ་བའི་ཆོས་འདི་ནི་མགུ་བར་བྱེད་པའོ་༎ གཅིག་ཏུ་འགྱུར་བའི་ཕྱིར་འཇུག་གོ་ཞེས་བྱ་བའི་བར་དུ་སྔ་མ་བཞིན་ཏེ་། འཕགས ༼༤༽ པ་རྣམས་སྡུག་བསྔལ་ཡང་དག་པར་ཟད་པར་བྱ་བ་དང་། སྡུག་བསྔལ་གྱི་མཐར་ཕྱིན་པར་བྱ་བའི་ཕྱིར་འབྱུང་བར་བྱེད་པ་དང་། ངེས་པར་བྱུང་བའི་ལྟ་བ་གང་ཡིན་པ་དེ་ཚངས་པ་མཚུངས་པར་སྤྱོད་པ་མཁས་པ་རྣམས་དང་ལྷན་ཅིག་ཏུ་ལྟ་བ་ལ་ཐུན་མོང་བར་གྱུར་ཅིག་ཅེས་བྱ་བའི ༼༥༽ ཆོས་འདི་ནི་མགུ་བར་བྱེད་པ་སྟེ་། གཅིག་ཏུ་འགྱུར་བའི་ཕྱིར་འཇུག་གོ་ཞེས་བྱ་བའི་བར་དུ་སྔ་མ་བཞིན་ནོ་༎ རྐུ་བ་དྲུག་ལ་འཇབ་བུས་རྐུ་བ་དང་། སྒྱུས་རྐུ་བ་དང་། མཐུས་རྐུ་བ་དང་། ཕྱིར་སྦྱིན་ནོ་ཞེས་ནས་རྐུ་བ་དང་། བརྣོགས་ཏེ་རྐུ་བ་དང་། གཞན་ལ་བསྡོས ༼༦༽ ནས་རྐུ་བའོ་༎ གནས་དྲུག་མངོན་སུམ་དུ་གྱུར་པ་ལ་བསྟེན་པ་རྫོགས་པར་བྱ་སྟེ་། སྟོན་པ་མངོན་སུམ་དུ་གྱུར་པ་དང་། ཆོས་མངོན་སུམ་དུ་གྱུར་པ་དང་། དགེ་འདུན་མངོན་སུམ་དུ་གྱུར་པ་དང་། ཡོངས་སུ་དག་པ་མངོན་སུམ་དུ་གུར་པ་དང་། སློབ་དཔོན་མངོན་སུམ་དུ ༼༧༽ གྱུར་བ་དང་། མཁན་པོ་མངོན་སུམ་དུ་གྱུར་པའོ་༎ ཆོས་དྲུག་ནི་སྟོན་པས་བསྟན་བ་ཉམས་པར་བྱེད་པའི་རྒྱུར་འགྱུར་ཏེ་། ལས་ལ་དགའ་བར་གྱུར་པ་དང་། སྨྲ་བ་ལ་དགའ་བར་གྱུར་པ་དང་། ཉལ་བ་ལ་དགའ་བ་དང་། འདུ་འཛིའི་གཏམ་ལ་དགའ་བ་དང་། རྙེད་པ་དང ༼༣༧བ༡༽ བཀུར་སྟི་དང་གྲགས་པ་མི་སྤོང་པ་ལ་མོས་པས་སྤོང་བ་ལ་མི་དགའ་ཞིང་རྣལ་འབྱོར་དུ་མི་འཇུག་པ་དང་། སྒོམ་པ་ལ་མི་དགའ་ཞིག་སྒོམ་བ་ལ་མི་མོས་པར་གྱུར་པས་སྒོམ་ལ་མི་དགའ་ཞིང་རྣལ་འབྱོར་དུ་མི་འཇུག་པའོ་༎ ཆོས་དྲུག་ནི་སྟོན་པས་བསྟན ༼༢༽ པ་མི་ཉམས་པའི་རྒྱུར་འགྱུར་ཏེ་། ལས་ལ་མི་དགའ་བར་གྱུར་པ་དང་། སྨྲ་པ་ལ་མི་དགའ་བ་དང་། ཉལ་པ་ལ་མི་དགའ་བ་དང་། འདུ་འཛིའི་གཏམ་ལ་མི་དགའ་བ་དང་། རྙེད་པ་དང་བཀུར་སྟི་ལ་མི་དགའ་ཞིང་། སྤོང་བ་ལ་དགའ་ཞིག་སྤོང་བ་ལ་མོས་པར་གྱུར ༼༣༽ པས་སྤོང་བ་ལ་དགའ་ཞིང་རྣལ་འབྱོར་དུ་འཇུག་བ་དང་། སྒོམ་པ་ལ་དགའ་ཞིག་སྒོམ་པ་ལ་མོས་པར་གྱུར་པས་སྒོམ་པ་ལ་དགའ་ཞིག་སྒོམ་པ་ལ་མོས་ཏེ་རྣལ་འབྱོར་དུ་འཇུག་པའོ་༎ ཆོས་དེ་དྲུག་ནི་སྟོན་པས་བསྟན་པའི་རྒྱུར་འགྱུར་ཏེ་། དགེ་སློང་ཁྱེད་ཅག་གིས་ཤེས་པར ༼༤༽ བྱོས་ཤིག་། ཆོས་འདི་དག་ནི་ཀུན་ཏུ་འདོད་ཆགས་པའི་རྒྱུར་འགྱུར་། ཀུན་ཏུ་ཞེ་སྡང་བ་དང་། ཀུན་ཏུ་གཏི་མུག་པ་དང་། ཀུན་ཏུ་སྦྱོར་པ་དང་། ཀུན་ཏུ་ཉོན་མོངས་པ་དང་། རབ་ཏུ་སྤྲོས་པ་རྣསམ་ཀྱི་རྒྱུར་འགྱུར་པ་འདི་ནི་ཆོས་མ་ཡིན་། འདི་ནི་འདུལ་བ་མ་ཡིན་། འདི་ནི ༼༥༽ སྟོན་པས་བསྟན་པ་མ་ཡིན་གྱིས་ཁྱེད་ཀྱིས་རྟོགས་པར་ཤེས་པར་གྱིས་ཤིག་། ཆོས་དྲུག་ནི་སྟོན་པས་བསྟན་པའི་རྒྱུར་འགྱུར་ཏེ་། དགེ་སློང་དག་ཁྱེད་ཀྱིས་འདི་དག་ཤེས་པར་གྱིས་ཤིག་། ཆོས་འདི་དག་ནི་ཀུན་ཏུ་འདོད་ཆགས་པའི་རྒྱུར་མི་འགྱུར་། ཀུན་ཏུ་ཞེ་མི་སྡང་བ་དང་། ཀུན ༼༦༽ ཏུ་གཏི་མི་མུག་པ་དང་། ཀུན་ཏུ་མི་སྦྱོར་པ་དང་། རྣམ་པར་བྱང་བ་དང་། མ་སྤོས་པ་རྣམས་ཀྱིས་རྒྱུར་འགྱུར་བ་འདི་ན་ཆོས་སོ་༎ འདི་ནི་འདུལ་བའོ་༎ འདི་ནི་སྟོན་པས་བསྟན་པ་སྟེ་ཁྱོད་ཀྱིས་རྟོགས་པར་བྱོས་ཤིག་། གཞན་ཡང་ཆོས་དེ་དྲུག་ནི་སྟོན་པས་བསྟན་པའི་རྒྱུར་འགྱུར ༼༧༽ ཏེ༈་དགེ་སློང་དག་ཁྱེད་ཀྱིས་འདི་དག་ཤེས་པར་གྱིས་ཤིག་། ཆོས་འདི་དག་ནི་ཆོག་མི་ཤེས་པའི་རྒྱུར་འགྱུར་ཏེ་། མགུ་མི་མྱོང་བ་དང་། དགང་དཀལ་བ་དང་། གསོ་དགའ་བ་དང་། འདོད་པ་མང་པ་རྣམས་ཀྱི་རྒྱུར་འགྱུར་བ་འདི་ནི་ཆོས་མ་ཡིན་། འདི་ནི་འདུལ་བ་མ་ཡིན་། ༼༣༨ཨ༡༽ འདི་ནི་སྟོན་པས་བསྟན་པས་ཡིན་གྱིས་ཁྱོད་ཀྱིས་རྟོགས་པར་ཤེས་པར་གྱིས་ཤིག་། ཆོས་དེ་དྲུག་ནི་སྟོན་པས་བསྟན་པའི་རྒྱུར་འགྱུར་ཏེ་། དགེ་སློང་དག་ཁྱེད་ཀྱིས་འདི་དག་ཤེས་པར་གྱིས་ཤིག་། ཆོས་འདི་དག་ནི་ཆོས་ཤེས་བའི་རྒྱུར་འགྱུར་ཏེ་། མགུ་སྔ ༼༢༽ བ་དང་༈་གསོ་སླ་པ་དང་། དགང་སླ་བ་དང་། འདོད་བ་མི་མང་བའི་རྒྱུར་འགྱུར་བ་འདི་ནི་ཆོས་སོ་༎ འདི་ནི་འདུལ་བའོ་༎ འདི་ནི་སྟོན་པས་བསྟན་པ་སྟེ་། ཁྱོད་ཀྱིས་གཏན་ལ་བབ་བར་ཤེས་པར་གྱིས་ཤིག་།
f80d94bac1174fae97583c9782cbdf82,.,མདོར་ན་།ནོར་དང་སྟོབས་དང་ཞི་གནས་དང་༎༼༣༽ ཉམས་པ་དག་དང་གོས་རྣམས་དང་༎ཡོན་ཏན་འགྲོ་བར་མི་བྱེད་དང་༎ཆོས་མིན་དགེ་འདུན་སྤྱོད་པའོ་༎
27e149d818fd4cb5b97eccf331698ab3,. . . . . . . . . . .,ནོར་བདུན་ཏེ་དད་པའི་ནོར་དང་། ཚུལ་ཁྲིམས་ཀྱི་ནོར་དང་། ཁྲེལ་ཡོད་པའི་ནོར་དང་། འཛེམ་པའི་ནོར་དང་། ཐོས་པའི་ནོར་དང་། གཏོང་བའི་ནོར་དང་། ༼༤༽ ཤེས་རབ་ཀྱི་ནོར་དང་བདུན་ནོ་༎ སྟོབས་བདུན་ཏེ་། དད་པའི་སྟོབས་དང་། བརྩོན་འགྲུས་ཀྱི་སྟོབས་དང་། དྲན་པའི་སྟོབས་དང་། ཏིང་ངེ་འཛིན་གྱི་སྟོབས་དང་༎ ཤེས་རབ་ཀྱི་སྟོབས་དང་། ཁྲེལ་ཡོད་པའི་སྟོབས་དང་། འཛེམ་པའི་སྟོབས་སོ་༎ རྩོད་བཞི་བར་བྱེད་པའི ༼༥༽ ཆོས་བདུན་ཏེ་། མངོན་སུམ་དུ་འདུལ་བ་དང་། དྲན་པས་འདུལ་པ་དང་། མ་རྨོགས་པས་འདུལ་བ་དང་། ཚུལ་ཤིང་གང་མང་པ་དང་། དེའི་དངོས་པོ་ཉིད་ཚོལ་བ་དང་། དམ་བཅས་འཇུག་པ་དང་། རྩྭ་འདིང་པ་ལྟ་བུ་རྣམས་སོ་༎ ཉམས་པའི་ཆོས་བདུན་ཏེ་། སངས་རྒྱས་ལ་རིམ་གྲོ ༼༦༽ མེད་པར་སྤྱོད་པ་དང་། ཆོས་དང་། དགེ་འདུན་དང་། བསླབ་པ་དང་། བག་ཡོད་པ་དང་། གདིང་བ་དང་། ཏིང་ངེ་འཛིན་རྣམས་ལ་རིམ་གྲོ་མེད་པར་སྤྱོད་པའོ་༎ ཉསམ་པ་མེད་པའི་ཆོས་བདུན་ཏེ་། སངས་རྒྱས་ལ་རིམ་གྲོ་དང་བཅས་པར་སྤྱོད་པ་དང་། ཆོས་དང་། ༼༧༽ དགེ་འདུན་དང་། བསླབ་པ་དང་། བག་ཡོད་པ་དང་། གདིང་བ་དང་། ཏིང་ངེ་འཛིན་རྣམས་ལ་རིམ་གྲོ་དང་བཅས་པ་སྤྱོད་པའོ་། གོས་སུ་རུང་བ་བདུན་ཏེ་། བལ་དང་། ལྡུམ་བུ་ཤ་ན་ཀ་དང་། རས་བལ་དང་། ཟར་མ་དང་། རྩྭ་དུ་གུལ་ཀ་དང་། རྩྭ་ཀོ་ṭཨ་བ་ཀ་དང་། ༼༣༨བ༡༽ སྲིན་བལ་རྣམས་སོ་༎ གོས་སུ་མི་རུང་བ་བདུན་ཏེ་། རྔ་མོའི་བལ་དང་། པ་ལང་གི་བལ་དང་། རེའུ་བལ་དང་། རི་དགས་ཀྱི་བལ་དང་། འབྲིའུ་བ་ལ་དང་། འདྲེས་པ་དང་། ཐགས་སུམ་བཏགས་པ་རྣམས་སོ་༎ འདུལ་བ་འཛིན་པའི་གང་ཟག་ལ་ཡོན་ཏན་བདུན་ཡོད ༼༢༽ དེ༈་རྒྱལ་བའི་ནང་གི་མཛོད་སྲུང་བ་ཡིན་། རང་གི་ཚུལ་ཁྲིམས་ཀྱི་ཕུང་པོ་ཤིན་ཏུ་བསྲུངས་ཤིང་ཤིན་ཏུ་སྦས་པ་ཡིན་། ལུང་ནོད་ཅིང་སྟོན་པའི་རག་གཞན་ལ་མ་ལུས་པ་ཡིན་། འཁོར་བཞི་འདུ་བར་གྱུར་པ་ཡིན་། ཐེ་ཚོམ་སྐྱེས་བའི་གང་ཟག་རྣམས་ཀྱི་སྐྱབས་སུ་གྱུར་པ་ཡིན་། ༼༣༽ དགེ་འདུན་གྱི་ནང་དུ་འཇིགས་པ་མེད་པར་སྤྱོད་པ་དང་། སེམས་ལ་སྣང་བ་མང་དུ་སྤྱོད་པ་ཡིན་ནོ་༎ དགེ་སློང་འགྲོ་བར་མི་བྱ་བའི་སྤྱོད་ཡུལ་བདུན་ཏེ་། ཤེན་པའི་ཁྱིམ་དང་། རྒྱན་པོ་འགྱེད་པའི་ཁྱིམ་དང་། སྨད་འཆོང་མའི་ཁྱིམ་དང་། ཚང་འཚོང་བའི་ཁྱིམ་དང་། རོལ ༼༤༽ མོ་མཁན་གྱི་ཁྱིམ་དང་། རྒྱལ་པོའི་ཕོ་བྲང་དང་། རིགས་ངན་གྱི་ཁྱིམ་མོ་། དམ་པའི་ཆོས་མ་ཡིན་པ་བདུན་ཏེ་། ཆོས་མ་ཡིན་པ་མི་ཤེས་པར་གྱུར་པ་དང་། དོན་མི་ཤེས་པ་དང་། དུས་མི་ཤེས་པ་དང་། ཚོད་མི་ཤེས་པ་དང་། བདག་ཉིད་མི་ཤེས་པ་དང་། འཁོར ༼༥༽ མི་ཤེས་པ་དང་། གང་ཟག་ཕ་རོལ་དང་ཚུ་རོལ་མི་ཤེས་པར་གྱུར་པའོ་༎ དགེ་འདུན་གྱི་ནང་ན་སྤྱོད་པའི་དགེ་སློང་ཆོས་བདུན་དང་ལྡན་པ་ནི་དགེ་འདུན་གྱི་ནག་དུ་སྤྱོད་པར་མི་བྱ་སྟེ་། སྤྲོ་ཐུང་ཞིང་མི་སྲུན་པར་གྱུར་པ་དང་། མང་དུ་སྨྲ་བར་གྱུར་པ་དང་། ཚིག་ཟློས་ཤིང་སྨྲ་བར ༼༦༽ གྱུར་བ་དང་། མ་གཙིགས་པར་སྨྲ་བར་གྱུར་བ་དང་། ཚུ་རོལ་མི་ཤེས་པར་གྱུར་པ་ཡིན་ནོ་༎ དམ་པའི་ཆོས་བདུན་ཏེ་། ཆོས་ཤེས་པར་གྱུར་པ་དང་། དོན་ཤེས་པར་གྱུར་པ་དང་། དུས་ཤེས་པར་གྱུར་པ་དང་། ཚོད་ཤེས་པར་གྱུར་པ་དང་། བདག་ཉིད་ཤེས་པར ༼༧༽ གྱུར་པ་དང་། འཁོར་ཤེས་པར་གྱུར་པ་དང་གང་ཟག་མི་མཛའ་བ་མང་བར་གྱུར་པ་དང་། རྩོད་པའི་ཐོག་མ་དང་བར་མ་དང་ཐ་མ་ལ་མི་མཁས་པར་གྱུར་པ་དང་། འདྲ་བ་དང་མི་འདྲ་བ་མི་ཤེས་བའོ་༎
af93476d22294d9099fcf32132bc4b22,.,བདུན་པོ་རྫོགས་སོ་༎ ༎
ac40f9d785474198bae12a80677f5483,.,མདོར་ན་།རྙེད་པ་གཏན་པ་དབྱུང ༼༣༩ཨ༡༽ བ་དང་༎ལྷམ་བྱ་བ་ཡང་དེ་བཞིན་ཏེ་༎འཇིག་རྟེན་གྱི་ནི་ཆོས་བརྒྱད་དང་༎དབྱེན་དང་རྩ་བ་མེད་དེ་བཞིན་༎རྙེད་པ་བརྒྱད་ཀྱི་མདོ་བར་མ་སྟེ་༎མཚམས་དང་བྱ་བ་གནས་དང་ནི་༎དབྱར་དང་དགེ་འདུན་ལྔ་པོ་དང་༎གང་ཟག་མངོན་སུམ་གྱུར་བ ༼༢༽ དང་༎སོ་སོའི་ཡུལ་གྱི་བརྒྱད་པོའོ་༎
cf7996b18a9d499287ddbea7b883e7c5,. . .,མཚམས་ཀྱི་ནང་དུ་ཕུལ་བའི་རྙེད་པ་དང་། བྱ་བའི་ཚེ་ཕུལ་བའི་རྙེད་པ་དང་། གནས་པའི་ཚེ་ཕུལ་བའི་རྙེད་པ་དང་། དབྱར་གྱི་རྙེད་པ་དང་། དགེ་འདུན་གྱི་བཅས་པའི་རྙེད་པ་དང་། གང་ཟག་གི་བཅས་པའི་རྙེད་པ་དང་། ༼༣༽ མགོན་སུམ་དུ་གྱུར་བའི་རྙེད་པ་དང་༎ སོ་སོར་གྱུར་པའི་རྙེད་ས་དང་། བརྒྱད་ཡིན་ནོ་༎ མ་ལྟ་བུའི་གནས་ལས་གཏན་པ་དབྱུང་བའི་རྒྱུར་འགྱུར་བ་བརྒྱད་དེ་སོང་བ་དང་། འཛིན་པ་དང་། སླར་མི་འོད་སྙམ་པ་དང་། ཆུད་གསན་པ་དང་། ཐོས་པ་དང་། མཚམས་ལས ༼༤༽ འདས་པ་དང་། རེ་ཐག་ཆད་པ་དང་། གསོལ་བའི་ལས་དང་བརྒྱད་ཡིན་ནོ་། དགེ་སློང་གིས་བཅད་པར་མི་བྱ་འབི་ལྷམ་བརྒྱད་དེ་། རྩྭ་ཀུ་ཤ་ལས་བྱས་པའི་ལྷ་མ་དང་། མུན་ཙ་ལས་བྱས་པའི་ལྷམ་དང་། བལ་པ་ཛ་ལས་བྱས་པའི་ལྷ་མ་དང་། འབྲ་གོ་ལས་བྱས་པའི་ལྷ་མ ༼༥༽ དང་༈་སྒྱུག་མ་ལས་བྱས་པའི་ལྷམ་དང་། སྤའི་ལོ་མ་ལས་བྱས་པའི་ལྷམ་དང་། གྲོ་བའི་ལྷ་མ་མོ་༎
8b6e53644e0c43d4a287327039654a6e,. . . . . . . .,གཞན་ཡང་དགེ་སློང་གིས་བཅང་བར་མི་བྱ་བའི་ལྷམ་བརྒྱད་དེ་། སྐུད་པ་ལས་བྱས་པའི་ལྷ་མ་དང་། སྒྲ་དང་བཅས་པའི་ལྷ་མ་དང་། ཀོ་བ་ལས་བྱས་པའི་ལྷ་མ་དང་། ༼༦༽ ཤིང་ལྷ་མ་དང་། བསོ་ལས་བྱས་པའི་ལྷམ་དང་། ལྕགས་སལ་བྱས་པའི་ལྷམ་དང་། རིམ་པོ་ཆེ་ལས་བྱས་པའི་ལྷམ་དང་། ཤུན་ཕྲག་ས་ལས་བྱས་པའི་ལྷམ་རྣམས་སོ་༎ འཇིག་རྟེན་གྱི་ཆོས་བརྒྱད་དེ་། རྙེད་པ་དང་། མ་རྙེད་པ་དང་། གྲགས་པ་དང་། མ་གྲགས ༼༧༽ བ་དང་༈་སྨད་པ་དང་། བསྟོད་པ་དང་། བདེ་བ་དང་། སྡུག་བསྔལ་བ་རྣམས་སོ་༎ དགེ་འདུན་དབྱེ་བར་འགྱུར་བའི་ཆོས་བརྒྱད་ལ་། འདི་ལྷ་སྟེ་། ཆོས་སོ་༎ ཆོས་མ་ཡིན་ནོ་ཞེས་བྱ་བ་དང་། འདུལ་བའོ་འདུལ་བ་མ་ཡིན་ནོ་ཞེས་བྱ་བ་དང་། ལྟུང་བའོ་ལྟུང་བ་མ་ཡིན ༼༣༩བ༡༽ ནོ་ཞེས་བྱ་བ་དང་། ལྕི་བའོ་ཡང་བའོ་ཞེས་བྱ་བ་དང་། ལྷག་མ་དང་བཅས་པའོ་། ལྷག་མ་མ་ལུས་སོ་ཞེ་བྱ་བ་དང་། མ་ཐོལ་པར་བྱ་བའོ་༎ བསྟམ་པར་བྱ་བའོ་ཞས་པ་དང་། འདུལ་ལས་འདས་བའོ་༎ ལོག་པར་བཤད་པར་འགྲོ་བའོ་ཞེས་བྱ་བ་དང་། མི་དགེ་པའོ་༎  ༼༢༽ ལུང་དུ་མི་སྟོན་པའོ་ཞེས་བྱ་བ་རྟམས་སོ་༎ རྣམ་པ་བ་རྒྱད་ཀྱིས་ན་རྩ་བ་མེད་པས་སྨད་པར་འགྱུར་ཏེ་། འཁོན་པ་དང་། སྤྲོ་ཐུང་བ་དང་། ཁྲོ་བ་དང་། མི་སྲུན་ཕ་དང་། ཡིད་མི་དགའ་བ་དང་། མགུ་དགའ་བ་དང་། ཕྲག་དོག་དང་། སེར་སྣའོ་༎
778a911096184f218c1367760b6b2b04,.,མདོར་ན་།གང་ཟག ༼༣༽ བརྟག་པར་བྱ་བ་དང་༎རྒོལ་བ་དང་ནི་སླར་རྒོལ་དང་༎འདུལ་བརྡུལ་དང་རྣམ་པ་བརྒྱད་༎སོ་སོར་ཐར་པ་གཞག་པའོ་༎
a5d0eea8a5d44734bb7e33e576fe029b,. . . . . . .,གང་ཟག་བརྟག་པ་རྣམ་པ་བརྒྱད་དེ་། སྤྱོད་པ་དང་། སྤྱོད་ཡུལ་དང་། མཛའ་བ་དང་། གྲོགས་དང་། འཚོ་བ་དང་། ཐོས་བ་དག་ལུས ༼༤༽ ཀྱི་ལས་དང་། ངག་གི་ལས་རྣམས་སོ་༎ གང་ཟག་ཇི་ལྟ་བ་དེ་བཞིན་དུ་རྒོལ་བ་དང་ཕྱིར་རྒོལ་བ་ཡང་ཤེས་པར་བྱའོ་༎ ཆོས་བརྒྱད་ཀྱིས་འདོད་ཆགས་འདུལ་བའི་མཐར་ཕྱིན་པར་འགྱུར་བ་ནི་འཕགས་པའི་ལམ་ཡན་ལག་བརྒྱད་པ་སྟེ་། ཡང་དག་པའི་ལྟ་བ་དང་། ཡང ༼༥༽ དག་པའི་རྟོག་པ་དང་། ཡང་དག་པའི་དག་དང་། ཡང་དག་པའི་ལས་ཀྱི་མཐའའ་དང་ཡང་དག་པའི་འཚོ་བ་དང་། ཡང་དག་པའི་རྩོལ་བ་དང་། ཡང་དག་པའི་དྲན་པ་དང་། ཡང་དག་པའི་ཏིང་ངེ་འདིན་རྣམས་སོ་༎ ཇི་ལྟར་འདོད་ཆགས་འདུལ་བའི་མཐར་ཕྱིན ༼༦༽ པར་འགྱུར་བ་དེ་བཞིན་དུ་ཞེ་སྡང་འདུལ་བ་དང་། གཏི་མུག་འདུལ་བའི་མཐར་ཕྱིན་པར་འགྱུར་རེ་བ་ཡང་དེ་བཞིན་ནོ་༎ རྡུལ་ལྟ་བུ་བརྒྱད་དེ་། བཅའ་བ་རྡུལ་ལྟ་བུ་དང་། བཟའ་བ་རྡུལ་ལྟ་བུ་དང་། བཏུང་བ་རྡུལ་ལྟ་བུ་དང་། ལག་པ་རྡུལ་ལྟ་བུ་དང་། གཞི་བ་བརྡུལ ༼༧༽ ལྟ་བུ་དང་། སྨན་རྡུལ་ལྟ་བུ་དང་། རྡུལ་ཉིད་ཀྱི་རྡུལ་དང་བརྒྱད་དོ་༎ ཆོས་མ་ཡིན་པའི་སོ་སོར་ཐར་པ་གཞག་པ་བརྒྱད་དེ་། རྩ་བ་མེད་བཞིན་དུ་བྱས་པའི་ཚུལ་ཁྲིམས་ཉམས་པ་དང་། ལྟ་བ་ཉམས་པ་དང་། སྤྱོད་པ་ཉམས་ས་པ་དང་། འཚོ་མཉམས་པ་དང་། ༼༤༠ཨ༡༽ རྩ་བ་མེད་པས་མ་བྱས་པའི་ཚུལ་ཁྲིམས་ཉམས་པ་དང་། ལྟ་བ་ཉམས་པ་དང་། སྤྱོད་པ་ཉམས་དཔ་དང་། འཚོ་བ་ཉམས་པ་རྣམས་སོ་༎ ཆོས་དང་ལྡན་པའི་གསོ་སྦྱིན་གཞག་པ་བརྒྱད་དེ་། རྩབ་དང་བཅས་པས་བྱས་པའི་ཚུལ་ཁྲིམས་ཉམས་པ ༼༢༽ དང་༈་ལྟ་བ་ཉམས་པ་དང་། སྤྱོད་པ་ཉམས་པ་དང་། འཚོ་བ་ཉམས་པ་དང་། རྩ་བ་དང་བཅས་པས་མ་བྱས་པའི་ཚུལ་ཁྲིམས་ཉམས་པ་དང་། ལྟ་བ་ཉམས་པ་དང་། སྤྱོད་པ་ཉམས་པ་དང་། འཚོ་བ་ཉམས་པ་རྣམས་སོ་༎
9ab0d197a3564ed4aaec7fd522581f0a,.,མདོར་ན་།ཨུ་པཱ་ལི་དང་མ་འགགས ༼༣༽ དང་༎གཽ་ཏས་གཽ་ཏམī་རིད་དེ་༎མ་གནས་རིགས་པ་མ་ཡིན་པ་༎གནོད་པ་དང་ནི་འདུལ་བའོ་༎
fc69739936114b09948bba766852a9da,. . . .,བཅོམ་ལྡན་འདས་ལ་ཆོ་དང་ལྡན་པ་ཟུ་པཱ་ལི་འདི་སྐད་ཅེས་གསོལ་ཏོ་༎ བཅོམ་ལྡན་འདས་ཇི་ལྟར་བདག་གིས་ཆོས་དང་འདུལ་བ་འཚལ་བར་འགྱུར་བ་དེ་ལྟ ༼༤༽ བུའི་ཆོས་བདག་ལ་མདོར་བཤད་ན་ལེགས་སོ་ཞེས་གསོལ་པ་དང་། བཅོམ་ལྡན་འདས་ཀྱིས་ཚེ་དང་ལྡན་པ་ཨུ་པཱ་ལི་ལ་འདི་སྐད་ཅེས་བཀའ་སྩལ་ཏོ་༎ ཨུ་པཱ་ལི་ཆོས་གང་འཐབ་པའི་རྒྱུར་འགྱུར་བ་དང་། མཚང་འདྲུ་བའི་རྒྱུར་འགྱུར་བ་དང་། འཁོན་པའི་རྒྱུར་འགྱུར་བ ༼༥༽ དང་༈་རྩོད་པའི་རྒྱུར་འགྱུར་བ་དང་། སོ་སོར་སྨྲ་བའི་རྒྱ་འགྱུར་བ་དང་། མི་མཐུན་པར་སྨྲ་བའི་རྒྱུར་འགྱུར་བ་དང་། མི་སྡུད་པའི་རྒྱུར་འགྱུར་བ་དང་། དྲན་པ་ཉམས་པའི་རྒྱུར་འགྱུར་བ་དང་། དུ་མར་འགྱུར་བའི་རྒྱུར་འགྱུར་བ་སྟེ་། དེ་ལྟ་བུ་ལ་འདི་ནི་ཆོས་མ ༼༦༽ ཡིན༈་འདི་ནི་འདུལ་བ་མ་ཡིན་། འདི་ནིསྟོན་ས་བསྟན་པ་མ་ཡིན་པར་ཤིན་ཏུ་རྟོགས་པར་གྱིས་ཤིག་། ཨུ་པཱ་ལི་ཆོས་གང་མི་འཐབ་པའི་རྒྱུར་འགྱུར་བ་དང་། མཚང་མི་འདྲུ་བ་དག་། མི་འཁོན་པ་དང་། མི་རྩོད་པ་དང་། སོ་སོར་མི་སྨྲ་བ་དང་། མཐུན་པར་སྨྲ་བ ༼༧༽ དང་༈་སྡུད་པ་དང་། དྲན་པ་མཉམས་པ་དང་། དངོས་པོ་གཅིག་ཏུ་འགྱུར་བ་འདི་རྣམས་ལ་འདི་ནི་ཆོས་སོ་༎ འདི་ནི་འདུལ་བའོ་། འདི་ནི་སྟོན་བས་བསྟན་པ་ཡིན་པར་ཤིན་ཏུ་རྟོགས་པར་གྱིས་ཤིག་། ཨུ་པཱ་ལི་བརྒྱད་པོ་ཇི་ལྟ་པ་དེ་བཞིན་ནོ་མ་འགགས ༼༤༠བ༡༽ པ་ལ་ཡང་ནག་པོ་དང་དཀར་པོའི་ཕྱོགས་སུ་བརྒྱད་དུ་བརྗོད་པར་བྱའོ་༎
7ef42bd0a3b7494db5f7b21886e090a1,.,གླེང་གཞི་ནི་མཉན་དུ་ཡོད་པ་ན་སྟེ་།
195cabf7c1c348908e400071165f5f66,. . . . . .,དེའི་ཆོན་གཽ་ཏམī་སྐྱེ་དགུའི་བདག་མོ་ཆེན་མོ་བཅོམ་ལྡན་འདས་གལ་བ་དེར་སོང་ཕྱིན་པ་དང་། བཅོམ་ལྡན་འདས་ཀྱི་ཞབས་ལ་མགོ་བོས་ཕྱག་འཚལ་ནས་ཕྱོགས ༼༢༽ གཅིག་ཏུ་འདུག་གོ་༎ ཕྱོགས་གཅིག་ཏུ་འདུག་ནས་གཽ་ཏ་མī་སྐྱེ་དགུའི་བདག་མོ་ཆེན་མོས་བཅོམ་ལྡན་འདས་ལ་འདི་སྐད་ཅེས་གསོལ་ཏོ་༎ བཅོམ་ལྡན་འདས་བདག་གིས་ཇི་ལྟར་ཆོས་དང་འདུལ་བ་འཚལ་བར་འགྱུར་བ་དེ་ལྟ་བུའི་ཆོས་བདག་ལ་བཤད་ན་ལེགས་སོ་ཞེས་དེ་སྐད ༼༣༽ གསོལ་པ་དང་། བཅོམ་ལྡན་འདས་ཀྱིས་གཽ་ཏ་མī་སྐྱེ་དགུའི་བདག་མོ་ཆེན་མོ་ལ་འདི་སྐད་ཅེས་བཀའ་སྩལ་ཏོ་༎ གཽ་ཏ་མī་ཆོས་གང་ཀུན་ཏུ་འདོད་ཆགས་པའི་རྒྱུར་འགྱུར་གྱི་ཀུན་ཏུ་འདོད་ཆགས་མེད་པའི་རྒྱུར་མ་ཡིན་། ཀུན་ཏུ་ཞེ་སྡང་བའི་རྒྱུར་འགྱུར་གྱི་ཀུན་ཏུ་ཞེ་སྡང་མེད་པའི་རྒྱུར ༼༤༽ མ་ཡིན༈་ཀུན་ཏུ་གཏི་མུག་གི་རྒྱུར་འགྱུར་གྱི་ཀུན་ཏུ་གཏི་མུག་མེད་པའི་རྒྱུར་མ་ཡིན་། ཀུན་སྤྱོར་པའི་རྒྱུར་འགྱུར་གྱི་ཀུན་ཏུ་མི་སྤྱོར་བའི་རྒྱུར་མ་ཡིན་། ཀུན་ཏུ་ཉོན་མོངས་པའི་རྒྱུར་འགྱུར་གྱི་རྣམ་པར་བྱང་བའི་རྒྱུར་མ་ཡིན་། འདོད་ཆེན་ཆེ་བའི་རྒྱུར་འགྱུར་གྱི་འདོད་ཆེན་མི ༼༥༽ ཆེ་བའི་རྒྱུར་ཡིན་། ཆོག་མི་ཤེས་པའི་རྒྱུར་འགྱུར་གྱི་ཆོག་ཤེས་པའི་རྒྱུར་འགྱུར་གྱི་ཅོག་ཤེས་པའི་རྒྱུར་མ་ཡིན་། དགང་དཀར་བའི་རྒྱུར་འགྱུར་གྱི་དགང་སླ་བའི་རྒྱུར་མ་ཡིན་། གསོ་དཀའ་བའི་རྒྱུར་འགྱུར་གྱི་གསོ་སླ་བའི་རྒྱུར་མ་ཡིན་ཏེ་། འདི་དག་ནི་ཆོས་མ་ཡིན་། འདུལ་བ་མ་ཡིན་། སྟོན་པས ༼༦༽ བསྟན་པ་མ་ཡིན་པར་ཤིན་ཏུ་རྟོགས་པར་བྱོས་ཤིག་། གཽ་ཏ་མī་ཆོས་གང་ཀུན་ཏུ་འདོད་ཆགས་མེད་པའི་རྒྱུར་འགྱུར་གྱི་ཀུན་ཏུ་འདོད་ཆགས་ཀྱི་རྒྱུར་མ་ཡིན་། ཀུན་ཏུ་ཞེ་སྡང་མེད་པའི་རྒྱུར་འགྱུར་གྱི་ཀུན་ཏུ་ཞེ་སྡང་གི་རྒྱུར་མ་ཡིན་། ཀུན་ཏུ་གཏི་མུག་མེད་པའི་རྒྱུར་འགྱུར་ཀྱི་ཀུན་ཏུ་གཏི ༼༧༽ མུག་གི་རྒྱུར་མ་ཡིན་། ཀུན་ཏུ་མི་སྦྱོར་བའི་རྒྱུར་འགྱུར་གྱི་ཀུན་ཏུ་སྦྱོར་བའི་རྒྱུར་མ་ཡིན་། རྣམ་པར་བྱང་བའི་རྒྱུར་འགྱུར་གྱི་ཀུན་ཏུ་ཉོན་མོངས་པའི་རྒྱུར་མ་ཡིན་། འདོད་ཆེན་མི་ཆེ་བའི་རྒྱུར་འགྱུར་གྱི་འདོད་ཆེན་ཆེ་བའི་རྒྱུར་མ་ཡིན་། ཆོག་ཤེས་པའི་རྒྱུར་འགྱུར་གྱི་ཆོག་མི་ཤེས་པའི ༼༤༡ཨ༡༽ རྒྱུར་མ་ཡིན་། དགང་སླ་བའི་རྒྱུར་འགྱུར་གྱི་དགང་དཀའ་བའི་རྒྱུར་མ་ཡིན་། གསོ་སླ་བའི་རྒྱུར་འགྱུར་གྱི་གསོ་དཀའ་བའི་རྒྱུར་ན་ཡིན་ཏེ་། དེ་དག་ལ་འདི་ནི་ཆོས་སོ་༎ འདི་ནི་འདུལ་བའོ་༎ འདི་ནི་སྟོན་པས་བསྟན་པའོ་ཞེས་ཤིན་ཏུ་རྟོགས་པར་ཤེས་པར ༼༢༽ བྱོས་ཤིག་། གཽ་ཏ་མīའི་སྐྱེ་དགུའི་བདག་མོ་ཆེན་མོ་ལ་ཇི་སྐད་གསུངས་པ་། དེ་བཞིན་དུ་མདོ་བརྗོད་པར་བྱའོ་༎
036a230080c346b7b75d0d1ce5a97990,.,བརྒྱད་པ་རྫོགས་སོ་༎ ༎
dc0ea4e096704544982b51b9ea9d6d9e,. . . . . . . . . . . . . . . . . . . . .,གནས་དགུ་སྟེ་། སྟོན་པ་ལ་གནས་པ་དང་། ཆོས་ལ་གནས་པ་དང་། དགེ་འདུན་ལ་གནས་པ་དང་། སློབ་དཔོན་ལ ༼༣༽ གནས་པ་དང་། མཁན་པོ་ལ་གནས་པ་དང་། བླ་མ་ལ་གནས་པ་དང་། གནས་ལ་གནས་པ་དང་། ཡུལ་ལ་གནས་པའོ་༎ མི་རིགས་པའི་གནས་དགུ་སྟེ་། དགྲ་བཅོམ་པ་ཟག་པ་ཟད་པས་ཤེས་བཞིན་དུ་སྲོག་ཆགས་འཚོ་བ་དང་འབྲལ ༼༤༽ བར་བྱེད་པ་མི་རིགས་པ་དང་། མ་བྱིན་པར་ལེན་པ་དང་། མི་ཚངས་པར་སྤྱོད་པ་འཁྲིག་པའི་ཆོས་ལ་ལ་སྟེན་པ་དང་། ཤེས་བཞིན་ཏུ་བརྫུན་ན་དུ་སྨྲ་པ་དང་། སྤགས་པ་ལ་ཀུན་ཏུ་སྤྱོད་པར་འདོད་ཅིང་ཟ་བ་དང་༎ ཤེས་བཞིན་དུ་བསླབ་པ་ལས་འདའ་བར་བྱེད་པ་དང་། བསླབ༼༥༽ པ་ཕུལ་ཞིང་འབབས་པར་བྱེད་པ་དང་། འདི་ལས་ཕྱི་རོལ་གཞན་དུ་སྟོན་སྟོན་པ་ཚོལ་བ་དང་། མོ་དང་ལྟས་ཀྱིས་རྣམ་པར་འདག་པར་ཡིད་ཆེས་ཀྱི་ལས་ཀྱིས་མ་ཡིན་པ་རྣམས་སུ་མི་རིགས་པའོ་༎ འདོད་པའི་དངོས་པོ་དགུ་སྟེ་༎ འདི་ནི་བདག་ལ་གནོད་པར་འདོད་དོ་༎ མི་ཕན ༼༦༽ པར་འདོད་དོ་༎ མི་བདེ་བར་འདོད་དོ་༎ བདེ་བ་དང་ལྡན་པ་འདོད་པ་མ་ཡིན་ནོ་༎ སྐྱིད་པ་དང་མི་ལྡན་པར་འདོད་པའོ་༎ འདིས་བདག་ལ་གནོད་པར་བྱས་སོ་༎ བྱེད་དོ་༎ བྱེད་པར་འགྱུར་རོ་སམ་ནས་དེས་དེ་ལ་གནོད་པར་བྱེད་དོ་༎ གང་ཡང་བདག་ལ་གནོད་པར ༼༧༽ འདོད་པ་། མི་ཕན་པར་འདོད་པ་། མི་བདེ་བར་འདོད་པ་། བདེ་བར་འདོད་པ་མ་ཡིན་ནོ་༎ སྐྱིད་པ་དང་ལྡན་པར་མི་འདོད་དེ་། འདིས་མི་གནོད་པར་འདོད་། ཕན་པར་འདོད་། བདེ་བར་འདོད་། བདེ་བ་དང་ལྡན་པར་འདོད་། སྐྱིད་པ་ལ་བདེ་བར་འདོད་དེ་། འདིས་དེ་ལ་གནོད ༼༤༡བ༡༽ པ་མ་བྱས་སོ་༎ མི་བྱེད་དོ་༎ བྱེད་པར་མི་འགྱུར་རོ་ཞེས་དེས་དེ་ལ་གནོད་པར་བྱེད་དོ་༎ སུ་ཞིག་ཡང་བདག་ལ་མི་གནོད་པར་འདོད་། ཕན་པར་འདོད་པ་། བདེ་བར་འདོད་པ་། བདེ་བ་དང་ལྡན་པར་འདོད་པ་༎ སྐྱིད་པ་དང་ལྡན་པར་འདོད་པ་དེ་ལ་འདི་གནོད་པར་འདོད་། ༼༢༽ མི་ཕན་པར་གདོད་། མི་བདེ་བར་འདོད་། བདེ་བ་དང་མི་དང་མི་ལྡན་པར་འདོད་། སྐྱིད་པ་དང་མ་ལྡན་ཕར་འདོད་ལ་གནོད་པར་བྱེད་དོ་༎ གནོད་པར་བྱེད་པ་དགུ་འདུལ་བ་སྟེ་། འདི་ནི་བདག་ལ་གནོད་པར་འདོད་། མི་ཕན་པར་འདོད་། མི་བདེ་བར་འདོད་། བདེ་བ་དང་། ༼༣༽ མི་ལྡན་པར་འདོད་། སྐྱིད་པ་དང་མི་ལྡན་པར་འདོད་། འདིས་ནི་བདག་ལ་གནོད་པ་བྱས་སོ་༎ བྱེད་དོ་༎ བྱེད་པར་འགྱུར་རོ་སྙམ་ནས་དེས་དེ་ལ་གནོད་པ་སྐྱེད་པ་སླར་འཇིལ་བར་བྱེད་དོ་༎ གང་ཡང་བདག་ལ་གནོད་པར་འདོད་པ་། མི་ཕན་པར་འདོད་པ་། མི་བདེ་བར ༼༤༽ འདོད་པ་། བདེ་བ་དང་མི་ལྡན་པར་འདོད་པ་། སྐྱིད་པ་དང་མི་ལྡན་པར་འདོད་བ་དེ་ལ་འདི་གནོད་པར་མི་འདོད་། ཕན་པར་འདོད་། བདེ་བར་འདོད་། བདེ་བ་དང་ལྡན་པར་འདོད་། སྐྱིད་པ་དང་ལྡན་པར་འདོད་དེ་། དེ་ལ་འདིས་གནོད་པ་མ་བྱས་། མི་བྱེད་། བྱེད་པར ༼༥༽ མི་འགྱུར་རོ་སྙམ་ནས་དེ་འདི་སྙམ་དུ་བདག་འདི་ལྟར་གྱུར་ཅིག་། འདི་ལྟར་མ་གྱུར་པར་གཞན་ལས་ཐོབ་པར་ག་ལ་འགྱུར་སྙམ་དུ་བསམས་ནས་། དེས་དེ་ལ་གནོད་པ་སྐྱེད་པ་སླར་འཇིལ་བར་བྱེད་དོ་༎ ཡང་གང་བདག་ལ་མི་གནོད་པར་འདོད་པ་། ཕན་པར་འདོད་པ་། བདེ་བ་དང་ལྡན་པར་འདོད ༼༦༽ པ༈་སྐྱིད་པ་དང་ལྡན་པར་འདོད་པ་དེ་ལ་འདི་གནོད་པར་འདོད་། མི་ཕན་པར་འདོད་། བདེ་བ་དང་མི་ལྡན་པར་འདོད་། སྐྱིད་པ་དང་མི་ལྡན་པར་འདོད་པ་དེ་ལ་འདིས་གནོད་པ་བྱས་། བྱེད་བྱེད་པར་འགྱུར་རོ་སྙམ་པ་ལས་དེ་ཡང་འདི་སྙམ་དུ་བདག་འདི་ལྟར་རྒྱུར་ཅིག་འདི་ལྟར་མ་གྱུར་ཅིག་པར་འདི་སྙམ་དུ་བདག་འདི་ལྟར་གྱུར་ཅིག་འདི་ལྟར་མ་གྱུར་ཅིག་པར ༼༧༽ གཞན་ལས་ཐོབ་ག་ལ་འགྱུར་སྙམ་དུ་བསམས་ནས་། དེས་དེ་ལ་གནོད་པ་སྐྱེད་པ་སླར་འཇིལ་བར་བྱེད་དོ་༎
adde1e5de8e1457ba3779fe110dd6e18,.,དགུ་པ་རྫོགས་སྷོ་༎ ༎
fc7d593a756b4cb8a1f275d02b73f0f8,.,མདོར་ན་།འདུལ་བ་མ་ཡིན་རྣམ་གཉིས་དང་༎འདུལ་བ་ལ་ཡང་རྣམ་གསུམ་སྟེ་༎སྦྱིན་དང་བསྡུ་བར་བྱ་བ་དང་༎༼༤༢ཨ༡༽ ཡོན་ཏན་རྣམས་ནི་ཐ་མའོ་༎
f12191e925b6484ca4e47beec2c66c52,.,འདུལ་བ་མ་ཡིན་པ་བཅུ་ནི་མི་དགེ་བ་བཅུའི་ལས་ཀྱི་ལས་སྟེ་། སྲོག་གཅོད་པ་དང་། མ་བྱིན་པར་ལེན་པ་དང་། འདོད་པས་ལོག་བར་སྤྱོད་པ་དང་། བརྫུན་དུ་སྨྲ་བ་དང་། ཕྲ་མ་དང་། ཆིག་རྩུ་བ་མོ་དང་། ཚིག་འཁྱལ་བ ༼༢༽ དང་༈་ངན་དུ་སེམས་པ་དང་དང་། ཆགས་པ་དང་། ལོག་པར་ལྟ་པའོ་༎
6fe31303946d4cf389baa688b30af503,. .,གཞན་ཡང་འདུལ་པ་མ་ཡིན་པ་བཅུ་ནི་ལོག་པའི་ཡན་ལག་བཅུ་སྟེ་། ལོག་པར་ལྟ་བ་དང་། ལོག་པར་རྟོག་པ་དང་། ལོག་པར་སྨྲ་བ་དང་། ལོག་པའི་ལས་ཀྱི་མཐའ་དང་། ལོག་པར་འཚོབ ༼༣༽ དང་༈་ལོག་པར་རྩོལ་པ་དང་། ལོག་བའི་དྲན་པ་དང་། ལོག་པའི་ཏིང་ངེ་འཛིན་དང་། ལོག་པའི་རྣམ་པར་གྲོལ་བ་དང་། ལོག་པའི་ཡེ་ཤེས་སོ་༎ འདུལ་བ་བཅུ་ནི་དགེ་བའི་ལས་ཀྱི་ལམ་བཅུ་སྟེ་། སྲོག་གཅོད་པ་ལས་སླར་ལྡོག་པ་དང་། མ་བྱིན་པ་ལེན་པ་ལས ༼༤༽ སླར་ལྡོག་པ་དང་། འདོད་པས་ལོག་པར་སྤྱོད་པ་ལས་སླར་ལྡོག་པ་དང་། བརྫུན་དུ་སྨང་ལས་སླར་སླར་ལྡོག་པ་དང་། ཕྲ་ལས་སླར་ལྡོག་པ་དང་། ཚིག་རྩུ་བ་མོ་སྨྲ་བ་ལས་སླར་ལྡོག་པ་དང་། ཚིག་འཁྱལ་པ་སྨྲ་བ་ལས་སླར་ལྡོག་པ་དང་། ངན་དུ་སེམས་པ་དང་། ཆགས་པ ༼༥༽ དང་༈་ལོག་པར་ལྟ་བ་རྣམས་ལས་སླར་ལྡོག་པ་རྣམས་སོ་། གཞན་ཡང་འདུལ་བཅུ་ནི་ཡང་དག་པའི་ཡན་ལག་བཅུ་སྟེ་། ཡང་དག་པར་ལྟ་བ་དང་། ཡང་དག་པར་རྟོག་པ་དང་། ཡང་དག་པའི་དག་དང་། ཡང་དག་པའི་ལས་ཀྱི་མཐའ་དང་། ཡང་དག་པའི་འཚོ ༼༦༽ བ་དང་༈་ཡང་དག་བཅའི་རྩོལ་བ་དང་། ཡང་དག་པའི་དྲན་པ་དང་། ཡང་དག་པའི་ཏིང་ངེ་འཛིན་དང་། ཡང་དག་པའི་རྣམ་པར་གྲོལ་བ་དང་། ཡང་དག་པའི་ཡེ་ཤེས་སོ་༎
3d1a4ac9585249fea625a9dbea49108f,. . . .,གཞན་ཡང་འདུལ་བ་བཅུ་སྟེ་། སངས་རྒྱས་ཀྱི་དུས་སུ་བྱུང་བ་དང་། དུས་ཐམས་ཅད་དུ་བྱུང ༼༧༽ བ་དང་༈་ཉི་ཚེ་བའི་དུས་སུ་བྱུང་བ་དང་། ཐམས་ཅད་དུ་འགྲོ་བ་དང་། དུས་ཀྱི་འདུལ་བ་དང་། ཡུལ་གྱི་འདུལ་བ་དང་། གང་ཟག་གི་འདུལ་བ་དང་། གནས་ཀྱི་འདུལ་བ་དང་། རྩོལ་བའི་འདུལ་བ་དང་། ཉོན་མོངས་བའི་འདུལ་བའོ་༎ བསྡུ་བ་བཅུ་སྟེ་། ལྷུང ༼༤༢བ༡༽ བཟེད་བསྡུབ་དང་། ཆོས་གོས་བསྡུ་བ་དང་། སྨན་པ་སྡུ་བ་དང་། ཟང་ཟིང་བསྡུ་བ་དང་། མལ་སྟན་བསྡུ་པ་དང་། མདོ་སྡེ་བསྡུ་པ་དང་། འདུལ་བསྡུ་བ་དང་། མ་ལྟ་བུ་བསྡུ་བ་དང་། ཡོངས་སུ་དག་པ་བསྡུ་བ་དང་། ཉེས་པ་ལས་ལྡང་བ་བསྡུ་པའོ་༎ སྦྱིན་པ་བཅུ་སྟེ་། ༼༢༽ ལྟུང་བཟེད་སྦྱིན་པ་དང་། ཆོས་གོས་སྤྱིན་པ་དང་། སྨན་སྦྱིན་པ་དང་། ཟང་ཟིང་སྦྱིན་པ་དང་། མལ་ལྟན་སྦྱིན་པ་དང་། མདོ་སྡེ་སྤྱིན་པ་དང་། འདུལ་བ་སྦྱིན་པ་དང་། མ་ལྟ་བུ་སྦྱིན་པ་དང་། ཡོངས་སུ་དག་པ་སྦྱིན་པ་དང་། ཉེས་པ་ལས་ལྡང་བ་སྦྱིན་པ་སྟེ་། འདི་དག ༼༣༽ ཀྱང་བསྡུ་བའི་དངོས་པོ་བཅུ་པོར་ཤེས་པར་བྱའོ་༎ འདུལ་བ་འདིན་པའི་གང་ཟག་ལ་ཡོན་ཏན་བཅུ་སྟེ་། བྱུང་བ་ཤེས་པ་དང་། བཅས་པ་ཤེས་པ་དང་། རྗེས་སུ་བཅས་པ་ཤེས་པ་དང་། མི་གནང་བར་ཤེས་པ་དང་། རྗེས་སུ་གནང་བར་ཤེས་པ་དང་། དོའི་ཕྱོགས ༼༤༽ དེར་སྣང་བར་གྲགས་པ་དང་། སྣང་བར་གྱུར་པ་དང་། རབ་ཏུ་སྣང་བར་གྱུར་པ་དང་། དའི་ཕྱོགས་དེ་མ་སྟོངས་པ་ར་གྲགས་པ་དང་། འདུལ་བ་འཛིན་པའི་གང་ཟག་དེ་ལྟ་བུ་ཕྱོགས་གང་ན་གནས་པ་དེའི་ཕྱོགས་སུ་དེ་བཞིན་གཤེགས་པ་ཕྲིན་ལས་ཆུང་བར་འགྱུར་རོ་།
bf91e8899912490a9704f3f6573790e2,.,མདོར ༼༥༽ ན་།
303c648780514528af72accb5fff5955,.,ཆད་པའི་ལས་དང་མངོན་སུམ་དུ་༎བར་ཆད་བསྙེན་པར་རྫོགས་པ་དང་༎གླེང་བདག་དང་བཞི་པ་དང་༎ཡིད་དུ་འོང་དང་རྣམ་དྲུག་གོ་༎
25b620c97532459aa14f7e98c75f165f,. . . . . . .,ཆད་བའི་ལས་བཅུ་སྟེ་། བསྡིགས་པ་དང་། སྨད་པ་དང་། བསྐྲད་པ་དང་། བསྡུམ་པ་དང་། མ་མཐོང་ཞེས་བྱ་བའི ༼༦༽ གཞི་ནས་བསླང་བའི་ཆད་པ་དང་། གནས་ནས་དབྱུང་བ་དང་། གསོ་སྤྱོང་གཞག་པ་དང་། དགག་དབྱེ་གཞག་པ་དང་། གསོལ་བར་བརྗོད་པ་གཞག་པ་དང་། ཡིད་མགུ་བ་དང་བཅུའོ་༎ མངོན་སུམ་དུ་གྱུར་གནས་བརྙེན་པར་རྫོགས་པར་འགྱུར་བ་བཅུ་སྟེ་། སྟོན་པར ༼༧༽ མངོན་སུམ་དུ་གྱུར་ནས་བསྙེན་པར་རྫོགས་པར་འགྱུར་པ་དང་། སངས་རྒྱས་མངོན་སུམ་དུ་གྱུར་པ་དང་། ཆོས་མངོན་སུམ་དུ་གྱུར་པ་དང་། མཁན་པོ་མངོན་སུམ་དུ་གྱུར་དང་། སློབ་དཔོན་མངོན་སུམ་དུ་གྱུར་པ་དང་། བསྙེན་པར་རྫོགས་པར་འདོད་བ་མངོན་སུམ་དུ་གྱུར ༼༤༣ཨ༡༽ པ་དང་༈་བསྙེན་པར་རྫོགས་པར་འདོད་པའི་ཡོ་བྱད་མངོན་སུམ་དུ་གྱུར་པ་དང་། ཡོངས་སུ་དག་པ་མངོན་སུམ་དུ་གྱུར་པ་དང་། གསོལ་བ་མངོན་སུམ་དུ་གྱུར་པ་དང་༎ ལས་མངོན་སུམ་དུ་གྱུར་པ་རྣམས་སོ་༎ བསྙེན་པར་རྫོགས་པའི་བར་ཆད་དུ་འགྱུར་བ་བཅུ ༼༢༽ སྟེ༈་མ་ནིང་དུ་གྱུར་བ་དང་། དགེ་སློང་མ་སུན་ཕྱུང་བ་དང་། ཕ་བསད་པ་དང་། མ་བསད་པ་དང་། དགྲ་བཅོམ་པ་བསད་པ་དང་། དགེ་འདུན་ཕྱེ་བ་དང་། དེ་བཞིན་གཤེགས་པ་ལ་ངན་སེམས་ཀྱིས་ཁྲག་ཕྱུང་པ་དང་། རྐུན་ན་གནས་དང་། སྔར་ཉེས་བ་བྱུང་བ་དང་། ༼༣༽ སྔར་འཁྲུགས་པ་དང་། མུ་སྟེགས་ཅན་དུ་སོང་བ་རྣམས་སོ་༎ བསྙེན་པར་རྫོགས་པ་བཅུ་སྟེ་། དེ་བཞིན་གཤེགས་པ་ལས་སློབ་དཔོན་མེད་པར་བསྙེན་པར་རྫོགས་པ་དང་། ཡེ་ཤེས་མངོན་པར་རྟོགས་ནས་བསྙེན་པར་རྫོགས་པ་ལྔ་དང་། འོད་སྲུང་ཆེན་པོས་སྟོན་པ་ལ་ཁས ༼༤༽ བླངས་ཏེ་བསྙེན་པར་རྫོགས་པ་དང་། སོད་ཡས་དྲིས་པའི་ལན་ལོན་པར་ཤེས་ནས་བསྙེན་པར་རྫོགས་པ་དང་། གཽ་ཏ་མī་སྐྱེ་དགུའི་བདག་མོ་ཆེན་མོ་བླ་མའི་ཆོས་ཁས་བླངས་པས་བསྙེན་པར་རྫོགས་པ་དང་། ཆོས་སྦྱིན་མ་ཕྲིན་པས་བསྙེན་པར་རྫོགས་པ་དང་། མཐའ་འཁོབ༼༥༽ ཏུ་འདུལ་བ་འཛིན་པ་དང་། ལྡས་བསྙེན་པར་རྫོགས་པ་དང་། སློབ་དཔོན་མེད་མཁན་པོ་མེད་པར་བསྙེན་པར་རྫོགས་པ་དང་། དགེ་སློང་ཚུར་ཤོག་ཅེས་གསུངས་པས་བསྙེན་པར་རྫོགས་པ་དང་། གསོལ་བ་དང་བཞིའི་ལས་ཀྱིས་བསྙེན་པར་རྫོགས་པའོ་༎ གླེང་བ ༼༦༽ ལ་བཅུ་སྟེ་། དུས་དང་དུས་མ་ཡིན་པ་དང་། བདེན་པ་དང་། མི་བདེན་པ་དང་། མི་བདེན་པ་དང་། དོན་དང་ལྡན་པ་དང་། དོན་དང་མི་ལྡན་པ་དང་། སྙན་པ་དང་། ཚིག་རྩུབ་མོ་དང་། བྱམས་པར་ལྡན་པ་དང་། ཞེ་སྡང་དུ་ལྡན་པའོ་༎ ཆོས་བཅུ་དང་ལྡན་པས་གཞན་ལ་གླེང་བར ༼༧༽ བྱ་སྟེ་། ཚུལ་ཁྲིམས་དང་ལྡན་པར་གྱུར་པ་དང་། མང་དུ་ཐོས་པ་དང་། བརྩོན་འགྲུས་བརྩམས་པ་དང་། དྲན་པ་ཉེ་བར་གནས་པ་དང་། ཤེས་རབ་དང་ལྡན་པ་དང་། དུས་སུ་གླེང་གི་དུས་ལས་འདས་པར་མ་ཡིན་པ་དང་། བདེན་པ་སྟེ་མི་བདེན་པ་མ་ཡིན་པ་དང་། དོན ༼༤༣བ༡༽ དང་ལྡན་པ་སྟེ་། དོན་དང་མི་ལྡན་པ་མ་ཡིན་པ་དང་། སྙན་པ་སྟེ་ཚིག་རྩུབ་མོ་མ་ཡིན་པ་དང་། བྱམས་པ་དང་ལྡན་པས་ཏེ་། ཞེ་སྡང་དང་ལྡན་པ་མ་ཡིན་པའོ་༎
4d2a7d295ab14699a73f68cddf50976a,.,གཞན་ཡང་ཆོས་བཅུ་དང་ལྡན་པས་གཞན་ལ་གླེང་བར་བྱ་སྟེ་། ཚུལ་ཁྲིམས་དང་ལྡན་པར་གྱུར་པ་དང་། མང ༼༢༽ དུ་ཐོས་པ་དང་། བརྩོན་འགྲུས་བརྩམས་པ་དང་། མ་གཡེངས་པ་དང་། ཤེས་རབ་དང་ལྡན་པ་དང་། དུས་སུ་གླེང་གི་དུས་ལས་འདས་པར་མ་ཡིན་པ་དང་། བདེན་པ་སྟེ་མི་བདེན་པ་མ་ཡིན་པ་དང་། དོན་དང་ལྡན་པ་སྟེ་དོན་དང་མི་ལྡན་པ་མ་ཡིན་པ་དང་། སྙན་པ་སྟེ་ཚིག ༼༣༽ རྩུབ་པོས་མ་ཡིན་པ་དང་། བྱམས་པ་དང་ལྡན་པ་སྟེ་ཞེ་སྡང་དང་ལྡན་བས་མ་ཡིན་པའོ་༎
1c6d1997f3f24dc7ab5ad7c0470c969d,. . .,གཞན་ཡང་ཆོས་བཅུ་དང་ལྡན་པས་གཞན་ལ་གླེང་བར་བྱ་སྟེ་། ཚུལ་ཁྲིམས་དང་ལྡན་པ་དང་། མང་དུ་ཐོས་པ་དང་། བརྩོན་འགྲུས་བརྩམས་པ་དང་། དྲན་པ་ཉེ་བར་གནས་པ་དང་། སོ ༼༤༽ སོར་བརྟགས་པའི་སྟོབས་སུ་གྱུར་པ་དང་། དུས་སུ་གླེང་གི་དུས་ལས་འདས་པར་མ་ཡིན་པ་དང་། བདེན་པ་སྟེ་མི་བདེན་པས་མ་ཡིན་པ་དང་། སོན་དང་ལྡན་པ་སྟེ་དོན་དང་མི་ལྡན་པས་མ་ཡིན་པ་དང་། ངག་སྙན་པ་སྟེ་རྩུབ་པོས་མ་ཡིན་པ་དང་། བྱམས་པ་དང་ལྡན་པ་སྟེ་ཞེ ༼༥༽ ལྡང་དག་ལྡན་པས་མ་ཡིན་པའོ་༎ ཆོས་བཅུ་དང་ལྡན་པའི་དགེ་སློང་ནི་ཚངས་པ་མཚུངས་པ་རྣམས་ལ་དགའ་བར་འགྱུར་ཏེ་། ཚུལ་ཁྲིམས་དང་ལྡན་པ་དང་། མང་དུ་ཐོས་པ་དང་། བརྩོན་འགྲུས་བརྩམས་པ་དང་། དྲན་པ་ཉེ་བར་གནས་པ་དང་། ཤེས་རབ་དང་ལྡན་པ་དང་། ༼༦༽ མི་སློབ་པའི་ཚུལ་ཁྲིམས་ཀྱི་ཕུང་པོ་དང་ལྡན་པར་གྱུར་པ་དང་། ཤེས་རབ་ཀྱི་ཕུང་པོ་དང་། རྣམ་པར་གྲོལ་བའི་ཕུང་པོ་དང་། རྣམ་པར་གྲོལ་བའི་ཡེ་ཤེས་མཐོང་བའི་ཕུང་པོ་དང་ལྡན་པར་གྱུར་པའོ་༎ ཇི་ལྟར་དགའ་བར་གྱུར་པ་དེ་བཞིན ༼༧༽ དུ་གཉིས་པོ་ཡིད་དུ་འོང་བ་ལ་ཡང་བཅུར་བརྗོད་པར་བྱའོ་༎
31e948c39e7c48819096e63ba8a05719,.,གསུམ་པོ་བླ་མར་བྱས་པ་ཡང་བཅུར་བརྗོད་པར་བྱའོ་༎ བཞི་པོ་མོས་པར་བྱ་བ་ལ་ཡང་བཅུར་བརྗོད་པར་བྱའོ་༎ལྔ་པོ་མཆོད་པ་ལ་ཡང་བཅུར་བརྗོད་པར་བྱའོ་༎ དྲུག་པོ་བསྟོད་པ་ལ་ཡང་བཅུར་བརྗོད་པར་བྱའོ་༎
8141b49e4e8a48f686d7060643487add,.,༼༤༤ཨ༡༽ མདོར་ན་།རབ་ཏུ་བྱུང་དང་བཞི་པོ་སྟེ་༎རྣམ་པར་གྲོལ་དང་ཕུན་སུམ་དང་༎ཡོན་ཏན་དེ་བཞིན་སྦྱིན་པ་དང་༎གསོ་སྦྱིན་རྣམས་ཀྱི་གཞག་པའོ་༎
5583d5477f464b949a3192049e92905d,.,ཆོས་བཅུ་དང་ལྡན་པས་རབ་ཏུ་དབྱུང་བར་བྱ་། བསྙེན་པར་རྫོགས་པར་བྱ་། གནས་སྦྱིན་པར་བྱ་སྟེ་། ༼༢༽ བསྙེན་པར་རྫོགས་ནས་ལོ་བཅུ་བཅུ་ལོན་ནམ་དེ་ལས་ལྷག་པ་ཡང་རུང་བ་དང་། ལྷན་ཅིག་སྤྱོད་པ་དང་ཉེ་གནས་རྣམས་ཀྱང་རུང་སྟེ་། ནད་གཡོག་བྱེད་དུ་འཇུག་པར་ནུས་པ་དང་། ལྷན་ཅིག་སྤྱོད་པ་དང་ཉེ་གནས་ལ་འགྱོད་པ་སྐྱེས་ན་སླར་སེལ་བའམ་སེལ་བར་བྱེད་དུ་འཇུག་པར ༼༣༽ ནུས་པ་དང་། ལྷན་ཅིག་སྤྱོད་པ་དང་ཉེ་གནས་རྣམས་སྡིག་པ་དང་ལྡན་པའི་རྣམ་བ་ཞིག་བྱུང་ན་སླར་གཏོང་དམ་སླར་གཏོང་དུ་འཇུག་ནུས་པ་དང་། ལྷན་ཅིག་སྤྱོད་པ་དང་ཉེ་གནས་ཡུལ་དེར་གནས་པར་མི་དགའ་ན་ཡུལ་གཞན་དུ་གཏང་བར་ནུས་པ་དང་། ཚུལ་ཁྲིམས་དང་ལྡན་པ་དང་། ༼༤༽ མང་དུ་ཐོས་པ་དང་། བརྩོནའགྲུས་བརྩམས་པ་དང་། དྲན་པ་ཉེ་བར་གནས་པ་དང་། ཤེས་རབ་དང་ལྡན་པའོ་༎
05b962a28ab448068bd725dc2dddee9c,. .,གཞན་ཡང་ཆོས་བཅུ་དང་ལྡན་པས་རབ་ཏུ་དབྱུང་བར་བྱ་། བསྙེན་པར་རྫོགས་བར་བྱ་། གནས་སྦྱིན་པར་བྱ་སྟེ་། བཅུ་གང་ཞེ་ན་། ཉེས་པ་ཤེས་པ་དང་། ༼༥༽ ཉེས་པ་མེད་པར་ཤེས་པ་དང་། ལྕི་བ་ཤེས་པ་དང་། ཡང་བ་ཤེས་པ་དང་། དེས་སོ་སོར་ཐར་བའི་མདོ་བ་ཏོན་དུ་སློབ་པར་གྱུར་པ་དང་། སློབ་པའི་ཚུལ་ཁྲིམས་ཀྱི་ཕུང་པོ་དང་། ཏིང་ངེ་འཛིན་གྱི་ཕུང་པོ་དང་། ཤེས་རབ་ཀྱི་ཕུང་པོ་དང་། རྣམ་པར་གྲོལ་བའི་ཕུང་པོ་དང་། ༼༦༽ རྣམ་པར་གྲོལ་བའི་ཡེ་ཤེས་མཐོང་བའི་ཕུང་པོ་དང་ལྡན་པར་གྱུར་པའོ་༎ གཞན་ཡུང་ཆོས་བཅུ་དང་ལྡན་པས་རབ་ཏུ་དབྱུང་བར་བྱ་། བསྙེན་པར་རྫོགས་པར་བྱ་། གནས་སྦྱིན་པར་བྱ་སྟེ་། བྱུཨུང་བ་ཤེས་། བཅས་པ་ཤེས་། རྗེས་སུ་བཅས་པ་ཤེས་། མ་གནང་བ་ཤེས་། ༼༧༽ རྗེས་སུ་གནང་བ་ཤེས་། བར་ཆད་དུ་འགྱུར་པ་ཤེས་། བར་ཆད་འགྱུར་པ་ཤེས་། བར་ཆད་དུ་མི་འགྱུར་བ་ཤེས་། ལུང་བསྒོ་བ་ཡིན་། རྗེས་སུ་སྟོན་པ་ཡིན་། གནས་བཅུར་འཇུག་ནུས་པ་ཡིན་ནོ་༎
0ae6bd8465604f6aad675b636b43ad2e,. . . . . . . . . . . .,གཞན་ཡང་ཆོས་བཅུ་དང་ལྡན་པས་རབ་ཏུ་དབྱུང་བར་བྱ་། བསྙེན་པར་རྫོགས་པར་བྱ་། གནས ༼༤༤བ༡༽ སྦྱིན་པར་བྱ་སྟེ་། དད་པ་ཕུན་སུམ་ཚོགས་པ་ཡིན་། ཚུལ་ཁྲིམས་ཕུན་སུམ་ཚོགས་པ་ཡིན་། ཐོས་པ་ཕུན་སུམ་ཚོགས་པ་དང་། གཏོང་བ་ཕུན་སུམ་ཚོགས་པ་དང་། ཤེས་རབ་ཕུན་སུམ་ཚོགས་པ་དང་། ཚུལ་ཁྲིམས་ཕུན་སུམ་ཚོགས་པ་དང་། ཏིང་ངེ་འཛིན་ཕུན་སུམ ༼༢༽ ཚོགས་པ་དང་། ཤེས་རབ་ཕུན་སུམ་ཚོགས་པ་དང་། རྣམ་པར་གྲོལ་བ་ཕུས་སུམ་ཚོགས་པ་དང་། རྣམ་པར་གྲོལ་བའི་ཡེ་ཤེས་མཐོང་བ་ཕུན་སུམ་ཚོགས་པའོ་༎ ཆོས་བཅུས་ན་རྣམ་པར་གྲོལ་བར་ཡང་དག་པར་འཇུག་པའི་རྒྱུར་འགྱུར་ཏེ་། སློབ་པའི་ཚུལ་ཁྲིམས་ཀྱི ༼༣༽ ཕུང་པོ་དང་། ཏིང་ངེ་འཛིན་གྱི་ཕུང་པོ་དང་། ཤེས་རབ་ཀྱི་ཕུང་པོ་དང་། རྣམ་པར་གྲོལ་བའི་ཕུང་པོ་དང་། རྣམ་ཕར་གྲོལ་བའི་ཡེ་ཤེས་མཐོང་བའི་ཕུང་པོ་དང་། མི་སློབ་པའི་ཚུལ་ཁྲིམས་ཀྱི་ཕུང་པོ་དང་། ཏིང་ངེ་འཛིན་གྱི་ཕུང་པོ་དང་། ཤེས་རབ་ཀྱི་ཕུང་པོ་དང་། རྣམ ༼༤༽ པར་གྲོལ་བའི་ཕུང་པོ་དང་། རྣམ་པར་གྲོལ་བའི་ཡེ་ཤེས་མཐོང་བའི་ཕུང་པོའོ་༎ ཕུན་སུམ་ཚོགས་བཅུ་སྟེ་། སྟོན་པ་ཕུན་སུམ་ཚོགས་པ་དང་། ཆོས་ཕུན་སུམ་ཚོགས་པ་དང་། དགེ་འདུན་ཕུན་སུམ་ཚོགས་པ་དང་། སློབ་དཔོན་ཕུན་སུམ་ཚོགས་པ་དང་། མཁན ༼༥༽ པོ་ཕུན་སུམ་ཚོགས་པ་དང་། ཚུལ་ཁྲིམས་ཕུན་སུམ་ཚོགས་པ་དང་། ཐོས་པ་ཕུན་སུམ་ཚོག་པ་དང་། ཤེར་རབ་ཕུན་སུམ་ཚོགས་པ་དང་། རྣམ་པར་གྲོལ་བ་ཕུན་སུམ་ཚོགས་པ་དང་། རྣམ་པར་གྲོལ་བའི་ཡེ་ཤེས་མཐོང་བ་ཕུན་སུམ་ཚོགས་པའོ་༎ ཡོན་ཏན་བཅུ ༼༦༽ སྟེ༈་དགེ་འདུན་བསྡུ་པ་དང་། དགེ་འདུན་ལ་དགེ་བ་དང་། དགེ་འདུན་པ་དེ་བར་སྤྱོད་པ་དང་། ཁྲེལ་མེད་པའི་གང་ཟག་རྣམས་ལ་ནན་ཏུ་བྱ་བ་དང་། ཁྲེལ་ཡོད་པའི་རྣམས་ལ་བདེ་བར་སྤྱོད་པ་དང་། མངོན་པར་མ་དད་པའི་རྣམས་མངོན་པར་དད་པར་བྱ་བ་དང་། མངོན་པར་དད ༼༧༽ པའི་རྣམས་ཕྱི་ཕྱིར་དང་པར་བྱ་བ་དང་། ད་ལྟར་གྱི་ཚེ་འདིའི་ཟག་པ་རྣསམ་བསྡམ་པ་དང་། ཚེ་ཕྱི་མའི་ཕྱིར་འབྱུང་བའི་རྣམས་རབ་ཏུ་གཞོམ་པ་དང་། ཚངས་པར་སྤྱོད་པར་རྗེས་སུ་ཕན་གདོགས་པ་དང་། ཚངས་པར་སྤྱོད་པ་དང་མཐུན་པར་བྱ་བའི་ཕྱིར་པའི་ཚངས་པར ༼༤༥ཨ༡༽ སྤྱོད་པ་རིང་དུ་གནས་པར་གྱུར་ཞིང་སྐྱེ་བོ་མང་པོ་ལ་ཞིག་རྒྱས་པར་ལྷ་དང་མི་རྣམས་ལ་ཡང་དག་པར་བསྟན་པའི་བར་དུ་ཡོན་ཏན་དེ་བཅུ་དེ་བཞིན་གཤེགས་པས་གཟིགས་ཕས་ཉན་ཐོས་རྣམས་ལ་བསླབ་པའི་གནས་བཅས་སོ་༎ སྦྱིན་དུ་མི་རུག་བ་བཅུ་སྟེ་། ༼༢༽ གང་ཟག་གང་ཡང་རུང་བ་ཅིག་གིས་གང་ཟག་གཅིག་ལ་སྦྱིན་པ་བྱིན་པ་དེ་གཞན་ལ་ཡང་བྱིན་ན་ཆོས་དང་མི་ལྡན་པ་བྱིན་ལ་ཆོས་དང་མི་ལྡན་པས་བླངས་ཏེ་མི་རུང་བར་སྤྱོད་པའོ་༎ གང་ཟག་གཅིག་ལ་སྦྱིན་པ་བྱིན་པ་དགེ་འདུན་ལ་ཡང་དབུལ་ན་ཆོས་དང་མི་ལྡན་པར་བྱིན ༼༣༽ ལ་ཆོས་དང་མི་ལྡན་པ་བླངས་པ་སྟེ་མི་རུང་བར་སྤྱོད་པའོ་༎ དེ་བཞིན་དུ་གང་ཟང་གཉིས་ལ་སྦྱིན་པ་བྱིན་ལ་གང་ཟག་གཅིག་ལ་བྱིན་ནམ་མང་པོའམ་དགེ་འདུན་གཉིས་ལ་བྱིན་ན་ཆོས་དག་མི་ལྡན་པར་བྱིན་ལ་ཆོས་དང་མི་ལྡན་པར་བླངས་ཏེ་མི་རུང་བར་སྤྱོད་པའོ་༎ དེ་ལྟར་གང ༼༤༽ ཟག་གཅིག་ལ་བྱིན་ནམ་། གཉིས་ལའམ་། མང་པོའམ་། དགེ་འདུན་ལ་ཕུལ་ན་ཆོས་དང་མི་ལྡན་པར་བྱིན་ལ་ཆོས་དང་མི་ལྡན་པར་བླངས་ཏེ་མི་རུང་བར་སྤྱོད་པའོ་༎ དེ་བཞིན་དུ་དགེ་འདུན་ལ་སྦྱིན་པ་བྱིན་ལ་གཅིག་ལའམ་། གཉིས་ལའམ་། མང་པོ་ལའམ་། དགེ ༼༥༽ འདུན་ལ་ཕུལ་ན་ཆོས་དང་མི་ལྡན་པར་བྱིན་ལ་ཆོས་དང་མིན་པར་བླངས་ཏེ་། མི་རུང་བར་སྤྲོད་པའོ་༎ དེ་བཞིན་དུ་དགེ་སློང་གི་དགེ་འདུན་ལ་སྦྱིན་པ་བྱིན་ལ་དགེ་སློང་མའི་དགེ་འདུན་ལ་བྱིན་ནམ་། དགེ་སློང་གི་དགེ་འདུན་ལ་སྦྱིན་པ་སྦྱིན་པ་དགེ་འདུན་གཉིས་ཀ་ལ ༼༦༽ ཕུལ་ལམ་། དགེ་སློང་མའི་དགེ་འདུན་ལ་སྦྱིན་པ་བྱིན་པ་དགེ་སློང་གི་དགེ་འདུན་ལ་ཕུལ་ལམ་། དགེ་སློང་བའི་དགེ་འདུན་ལ་སྤྱིན་པ་བྱིན་པ་དགེ་འདུན་གཉིས་ཀ་ལ་ཕུལ་ལམ་། དགེ་འདུན་གཉིས་ཀ་ལ་སྦྱིན་པ་བྱིན་པ་དགེ་འདུན་སྡེ་གཉིས་གཞན་ལ་ཕུལ་ལམ་། དགེ ༼༧༽ འདུན་ཕྱོགས་དང་གཞན་གྱི་ཕྱོགས་སུ་ཐ་དད་པར་གནས་ལ་ཕྱོགས་གཅིག་ལ་སྦྱིན་པ་བྱིན་པ་ཕྱོགས་གཉིས་པོ་ལ་ཕུལ་ན་ཆོས་དང་མི་ལྡན་པ་བྱིན་ལ་ཆོས་དང་མི་ལྡན་པས་བླངས་པ་སྟེ་མི་རུང་བར་སྤྱོད་པའོ་༎ དེ་དག་ལས་སླར་བཟློག་ན་སྦྱིན་པར་རུང་བ་བཅུ་དང་དཀར་པོའི ༼༤༥བ༡༽ ཕྱོགས་སུ་བརྗོད་པར་བྱའོ་༎ ཆོས་དང་ལྡན་པའི་གསོ་སྦྱིན་གཞག་པ་བཅུ་སྟེ་། ཕས་ཕས་པར་གྱུར་པ་དང་། ཕས་ཕམ་པར་གྱུར་པའི་གཏམ་ལ་ཞུགས་པ་དང་། བསླབ་པ་ཕུལ་བར་གྱུར་པ་དང་། བསླབ་པ་འབུལ་བའི་གཏམ་ལ་ཞུགས་པ་དང་། དགེ་འདུན་ལ་སྨད་པ ༼༢༽ དང་༈་དགེ་འདུན་ལ་སྨད་པའི་གཏམ་ལ་ཞུགས་པར་སྒྱུར་པ་དང་། ཚུལ་ཁྲིམས་ཉམས་པར་གྱུར་པ་དང་། ལྟ་བ་ཉམས་པར་གྱུར་པ་དང་། སྤྱོད་པ་ཉམས་པར་གྱུར་པ་དང་། འཚོ་བ་ཉམས་པར་གྱུར་པའོ་༎
ddc54c14506b4295baab2d0219832099,.,མདོར་ན་།གྲོལ་བ་རྣམས་དང་སྐབས་དབྱེ་དང་༎གཟུང་པར ༼༣༽ བྱད་བཞི་བ་གཉིས་༎རྒོལ་བར་བྱེད་དང་ཉེས་པ་དང་༎མངོན་སུམ་བྱུང་བ་ཆང་བའོ་༎
48ec3ee7afb043e3b19435088499ef18,. . . . . . . . . . . . . . .,རྒོལ་བའི་དགེ་སློང་གིས་དོན་གཟུང་པར་འདོད་ན་གནས་བཅུར་བསམ་པ་ཤིན་ཏུ་བསམས་། དཔྱད་པ་ཤིན་ཏུ་དཔྱད་། བརྟག་པ་ཤིན་ཏུ་བརྟགས་ལ་དོན་གཟུང་བར་བྱའོ་༎ བཅུ ༼༤༽ གང་ཞེ་ན་། བདག་གིས་དོན་གཟུང་པར་འདོད་པ་དེ་བདེན་པས་དོན་དེ་འཛིན་ཏམ་། འོན་ཏེ་མི་བདེན་པས་དོན་དེ་གཟུང་བའི་དུས་ལ་འབབ་བམ་། འོན་ཏེ་དུས་ལམ་བབ་། དོན་གཟུང་བ་དེ་སྐབས་དུ་བབ་བམ་། འོན་ཏེ་སྐབས་སུ་མ་བབ་། དོན་དེ་གཟུང་བ་དེ་དོན་དང་ལྡན ༼༥༽ པའམ་འོ་ཏེ་དོན་དང་མི་ལྡན་། དེ་ལ་མཐོང་བའམ་། ཐོས་པའམ་། དོགས་པའམ་། ལུས་ཀྱི་ཉེས་པའམ་། དག་གི་ཉེས་པའམ་། དེ་དག་གིས་སྨྲ་བར་བྱ་། ཚེ་དང་ལྡན་པ་འདི་མི་དགེ་བའི་གནས་ནས་བསླང་སྟེ་། དགེ་བའི་གནས་སུ་འཇོག་ནུས་སམ་སྙམ་དུ ༼༦༽ བསམས་པའོ་༎ ལན་འདེབས་པའི་དགེ་སློང་གིས་ཀྱང་གནས་བཅུར་གསམ་པ་ཤིན་ཏུ་གསམས་། དཔྱད་པ་ཤིན་ཏུ་དཔྱད་། བརྟག་པ་ཤིན་ཏུ་བརྟགས་ལ་། སླར་རྒོལ་བའི་དགེ་སློང་ལ་སྐབས་དབྱེ་སྟེ་། བཅུ་གང་ཞེ་ན་། ཅི་ཚེ་དང་ལྡན་པ་ཚུལ་ཁྲིམས་དང་ལྡན ༼༧༽ ནམ་འོན་ཏེ་མ་ཡིན་ཁྲེལ་བ་ཅན་ནམ་། འགྱོད་པ་ཅན་ནམ་། སྡོམ་པ་ཅན་ནམ་། བསླབ་བ་ལ་འདོད་པ་ཅན་ནམ་། མང་དུ་ཐོས་པ་། ཐོས་པ་འཛིན་པ་། འཚང་བ་ཅན་ནམ་། འདུལ་བ་དང་ལྷག་པའི་འདུལ་བ་ལ་ཤིན་ཏུ་མཁས་པའམ་། ལུང་ཁ་ཏོན་ལོ་བས ༼༤༦ཨ༡༽ པ་ཡིན་ནམ་། ཅི་ཚེ་དང་ལྡན་པ་གཟུ་པོའི་དངོས་པོ་ཡོད་དམ་སྙམ་དུ་སེམས་པའོ་༎ ཨུ་པཱ་ལི་དེ་ལ་འདུལ་པ་འཛིན་པའི་གཟུ་བོས་ཀྱང་གནས་བཅུར་བསམ་པ་ཤིན་ཏུ་བསམས་། དཔྱད་བ་ཤིན་ཏུ་དཔྱད་། བརྟག་པ་ཤིན་ཏུ་བརྟགས་ལ་རྩོད་པ་གཟུང ༼༢༽ བར་བྱའོ་༎ བཅུ་གང་ཞེ་ན་། ཅི་བདག་རྩོད་པ་དེ་ཐོག་མ་བྱུང་བ་ལ་མཁས་སམ་། ཅི་བདག་རྩོད་པ་དེ་ཐོག་མ་བྱུང་བའི་ནག་དུ་མ་གཏོགས་སམ་། ཅི་བདག་ལ་གཟུ་པོའི་དངོས་པོ་ཡོད་དམ་། རྒོལ་པ་དང་ལན་གློན་པའི་དགེ་སློང་དེ་དག་བདག་གིས་ཚིག་ཉན་ཏམ་། ༼༣༽ བདག་གིས་རྒོལ་བ་དང་། ལན་གློན་པའི་དགེ་སློང་དེ་དག་ལ་ཆོས་བཞིན་བསྒོ་བར་ནུས་སམ་། བདག་གིས་རྒོལ་བ་དང་ལན་གློན་པའི་དགེ་སློང་དེ་དག་གིས་ལྟུང་བ་རྣམ་པར་སྦྱོང་ནུས་སམ་། བདག་གིས་རྒོལ་བ་དང་། ལན་གློན་པའི་དགེ་སློང་དེ་དག་ལ་ནན་ཏུར་བྱ ༼༤༽ ནུས་སམ་། བདག་གིས་རྩོད་པ་འདི་ཆོས་བཞིན་འདུལ་བ་བཞིན་སྟོན་པས་བསྟན་པ་བཞིན་ཉེ་བར་ཞི་བར་བྱ་ནུས་སམ་། བདག་གིས་རྒོལ་པ་དང་། ལན་གློན་པའི་དགེ་སློང་དེ་དག་མི་དགེ་བའི་གནས་ནས་བསླང་སྟེ་། དགེ་བའི་གནས་སུ་རབ་ཏུ་གཞོག་ནུས་སམ་། ༼༥༽ བདག་གིས་རྩོད་པ་འདི་ཅི་ནས་ཕྱིན་ཆད་མི་འབྱུང་བར་འགྱུར་བ་དེ་ལྟ་བུར་ཉེ་བཏར་ཞི་བར་བྱེད་ནུས་སམ་སྙམ་དུ་བསམས་པའོ་༎ དེ་ལ་ཨུ་པཱ་ལི་གཟུ་པོ་འདུལ་བ་འཛིན་པས་རྩོད་པ་གཟུང་བར་འདོད་ན་གནས་བཅུར་བསམ་པ་ཤིན་ཏུ་བསམས་། དཔྱད་པ་ཤིན་ཏུ་དཔྱད་། བརྟག ༼༦༽ པ་ཤིན་ཏུ་པ་རྟགས་ལ་རྩོད་པ་ཞི་བར་བྱའོ་༎ བཅུ་གང་ཞེ་ན་། བདག་གིས་འདིར་འཆད་པའི་གསུང་སྐད་དུ་སྨྲས་པ་དེ་ཟིན་པའི་མདོ་སྡེ་འཛིན་པ་འདུལ་པ་འཛིན་པ་། མ་གྟ་བུ་འཛིན་པའི་དགེ་སློང་དགེ་འདུན་གྱི་ནང་ན་ཡོད་པར་འགྱུར་རམ་། དགེ་འདུན་འདི་དག་གི་ནང་ན་དགེ ༼༧༽ སློང་རྩོད་པ་འདི་ཇི་ལྟར་ཆོས་དང་། ཇི་ལྟར་འདུལ་པ་དང་། ཇི་ལྟར་སྟོན་པས་བསྟན་པ་དེ་ལྟ་ཞི་བར་བྱེད་པ་བདག་གི་ཟླ་ཡོད་དམ་། དགེ་འདུན་འདི་དག་གི་ནང་ན་དགེ་སློང་རྩོད་པ་འདི་ཕྱི་ཕྱིར་རྣམ་པར་མི་འཕེལ་བར་འགྱུར་བདག་གི་ཟླ་ཡོད་དམ་། དགེ་འདུན་འདི་དག ༼༤༦བ༡༽ གི་ནང་ན་དགེ་སློང་གང་རྩོད་པ་འདི་ཆོས་བཞིན་ཞི་བར་བྱ་སྟེ་ཕྱིན་ཆད་མི་འབྱུང་བར་བྱེད་པའི་བདག་གི་ཟླ་ཡོད་དམ་། དགེ་འདུན་འདི་དག་གི་ནང་ན་དགེ་སློང་གང་རྒོལ་བ་དག་ལན་གློན་པའི་དགེ་སློང་འདི་དག་ལ་རྩོད་པ་འདི་རྒྱལ་པོའི་འཁོར་དུ་འགྱེད་པ་། ངེས་པའི་རིགས་དེར ༼༢༽ འགྱེད་པར་གྱུར་ཅིག་ཅེས་ནས་ཆོས་བཞིན་དུ་བཟློག་པར་བྱའོ་སྙམ་དུ་བསམ་པ་ཡོད་དམ་། ཅི་བདག་གིས་རྩོད་པ་འདི་དགེ་འདུན་འདིའི་ནང་དུ་ཞི་བར་བྱང་ནུས་སམ་། བདག་གིས་རྩོད་པ་འདི་ཞི་བར་བྱ་བ་ཕྱི་རོལ་དུ་བཙལ་དགོས་པར་མི་འགྱུར་གྲང་། བདག་གིས ༼༣༽ རྩོད་པ་འདི་ལ་རྒོལ་པ་དང་ལན་གློན་པའི་དགེ་སློང་དེ་དག་གནས་ནས་གནས་སུ་འདོད་མི་དགོས་པར་ནུས་པར་འགྱུར་རམ་། བདག་གིས་རྩོད་པ་འདི་ཇི་ལྟར་ཕྱིན་ཆད་མི་འབྱུང་བའི་ཆོས་སུ་དེ་ལྟ་བུར་ཞི་བར་ནུས་སམ་སྙམ་དུ་བསམས་པའོ་༎ ཨུ་སཱ་ལི་ཆོས་བཅུ་དང་ལྡན ༼༤༽ པའི་འདུལ་བ་འཛིན་པས་རྩོད་པ་བྱུང་བ་ཞི་བར་བྱེད་ནུས་སོ་༎ བཅུ་གང་ཞེ་ན་། སངས་རྒྱས་ཀྱིས་གསུངས་པའི་མདོ་སྡེ་སྟོན་ནུས་པར་འགྱུར་པ་དང་། ཉན་ཐོས་ཀྱིས་བཤད་པའི་མདོ་སྡེ་འཆང་པ་དང་། སངས་རྒྱས་ཀྱི་དུས་བྱུང་བའི་མདོ་སྡེ་འཆད་པ་དང་། དུས ༼༥༽ ཐམས་ཅད་དུ་བྱུང་བའི་མདོ་སྡེ་འཆད་པ་དང་། ཕྱོགས་གཅག་པའི་མདོ་སྡེ་འཆད་པ་དང་། ནག་བོར་གསུངས་པ་དག་དཀར་པོར་གསུངས་པའི་མདོ་སྡེ་འཆད་པ་དང་། མདོའི་ལུགས་འཚལ་ནས་མདོ་འཆད་པ་ཐམས་ཅད་དུ་འགྲོ་བའི་མདོ་སྡེ་འཆད་པ་དང་། མཐུན་པའི་མདོ ༼༦༽ སྡེ་འཆད་པ་དང་། འདུལ་བ་དང་མཐུན་པའི་མདོ་སྡེ་འཆད་ནུས་པའོ་༎ ཨུ་པཱ་ལི་གཟུ་པོ་འདུལ་བ་འདིན་པས་རྩོད་པ་བཟུག་ནས་རྣམ་པ་བཅུས་ཉེ་བར་ཞི་བར་བྱའོ་༎ བཅུ་གང་ཞེ་ན་། དགེ་སློང་རྒོལ་བ་ཤེས་པར་བྱ་། དགེ་སློང་ལན་འདེབས་པ་ཤེས་པར་བྱ་། དགེ་སློང ༼༧༽ རྒོལ་བ་དཔྱད་པར་བྱ་། ལན་གོན་པའི་དགེ་སློང་དཔྱད་པར་བྱ་། རྒོལ་བའི་དགེ་སློང་ཡི་དམ་བཅར་གཞུག་། ལན་གློན་པའི་དགེ་སློང་ཡི་དམ་བཅར་གཞུག་། རྒོལ་བའི་དགེ་སློང་གཏན་ལ་འབེབས་སུ་གཞུག་། ལན་གློན་པའི་དགེ་སློང་གཏན་ལ་འབེབས་སུ་གཞུག ༼༤༧ཨ༡༽ རྒོལ་བའི་དགེ་སློང་ལྡང་བར་བྱེད་དུ་གཞུག་། ལན་གློན་པའི་དགེ་སློང་ལྡང་བར་བྱེད་དུ་གཞུག་གོ་༎ ཆོས་བཅུ་དང་ལྡན་ན་འདུལ་བ་འཛིན་པ་ཉེས་པ་རྣམ་བར་སྟོན་ནུས་ཏེ་། བཅུ་གང་ཞེ་ན་། ཉེས་པ་ལྕི་བ་ཤེས་། ཡང་བ་ཤེས་། ལྷག་མ་དང་བཅས་པ ༼༢༽ ཤེས༈་ལྷག་མ་མེད་པ་ཤེས་། གནས་ངན་ལེན་ཤེས་། གནས་ངན་ལེན་མ་ཡིན་པ་ཤེས་། བཅས་པ་ཤེས་། མ་བཅས་པ་ཤེས་། བཤགས་པ་ཤེས་། བསྡམ་པར་བྱ་བ་ཤེས་པའོ་༎ ཆོས་བཅུ་དང་ལྡན་པའི་འདུལ་བ་འཛིན་པ་ནི་ལས་བྱེད་ནུས་པ་ཡིན་ཏེ་། ༼༣༽ བཅུ་གང་ཞེ་ན་། མངོན་དུ་གྱུར་པའི་ལས་ཤེས་། མངོན་དུམ་གྱུར་པའི་ལས་ཤེས་། སྐབས་མ་བྱེད་པའི་ལས་ཤེས་། སྐབ་བྱེ་བའི་ལས་ཤེས་། གླེང་བར་རིགས་པ་ཤེས་། མི་གླེང་བར་རིགས་པ་སེས་། དྲན་པར་བྱ་བར་རིགས་པ་ཤེས་། མི་དྲན་པར་བྱ་བར་རིགས ༼༤༽ པ་ཤེས༈་གཏན་ཚིགས་སུ་རིགས་པར་ཤེས་། གཏན་ཚིགས་སུ་རིགས་པར་ཤེས་། གཏན་ཚིགས་སུ་མི་རིགས་པར་ཤེས་པའོ་༎ ཆོས་བཅུཨི་དང་ལྡན་པའི་འདུལ་བ་འཛིན་པས་རྩོད་པ་ཞི་བར་བྱེད་ནུས་པ་ཡིན་ཏེ་། བཅུ་གང་ཞེ་ན་། བྱུང་བ་མ་ནོར་བར་བྱེད་པ་ཡིན་། བཅས་པ་མ་ནོར་བར་བྱེད་པ་ཡིན་། ༼༥༽ རྗེས་སུ་བཅས་པ་མ་ནོར་བར་ཕྱེད་པ་ཡིན་། མ་གནང་བ་མ་ནོར་བར་བྱེད་པ་ཡིན་། རྗེས་སུ་གནང་བ་མ་ནོར་བར་བྱེད་པ་ཡིན་། དགེ་སློང་མི་གཙང་བའི་ཉེས་པ་མི་འཆད་པར་བྱེད་པ་ཡིན་། རྒོལ་པ་དག་ལྡན་གློན་པའི་དགེ་སློང་ལ་ཡི་དམ་བཅའ་བར་བྱེད་པ་ཡིན་། མདོ་སྔའི ༼༦༽ ཚིག་ཉེ་བར་སྟོན་པར་བྱེད་པ་ཡིན་། རྗེས་སུ་བཅས་པ་ཉམས་པར་བམི་བྱེད་པ་ཡིན་། འདུལ་བ་ལ་མཐུན་པ་ཡིན་། ཆོས་བཞིན་རྩོད་པ་ཟི་བར་བྱེད་པ་ཡིན་ནོ་༎ ཆོས་བཅུ་དང་ལྡན་ན་འདུལ་བ་འཛིན་པས་ཆད་པའི་ལས་ཀྱིས་གཅོད་ནུས་པ་ཡིན་ཏེ་། བཅུ་གང་ཞེ་ན་། ཚངས ༼༧༽ པའི་ཆད་པ་ཤེས་། མི་དགའ་བར་འགྱུར་པའི་ལས་ཤེས་། མི་སྤྱོད་པར་འགྱུར་པའི་ལས་ཤེས་། མ་རུང་བར་བྱ་བའི་ལས་ཤེས་། དེའི་ངོ་བོ་ཉིད་ཚོལ་དུ་གཞུག་པའི་ལས་ཤེས་། བཟློག་པའི་ལས་ཤེ་། སྤང་པའི་ལས་ཤེས་། རྣམ་པར་དག་པའི་ལས་ཤེས་། བྱིན ༼༤༧བ༡༽ གྱིས་བརླབ་པའི་ལས་ཤེས་། རྒོལ་པའི་ལས་ཤེས་པའོ་༎
01a248c231ad4f30965b60a0d9bfb421,.,འདུལ་བ་དམ་པའི་གཞུང་ལས་གཅིག་ནས་འཛེགས་པ་རྫོགས་སྷོ་༎ ༎
