id,P000914,P000915,P000916,P000917
c6e0c97512e448d88bc3a1dc4b820a14,,༼༢༣༨ཨ༢༽ དབྱར་གནས་ཀྱི་གཞིའི་བསྡུས་པའི་སྡོམ་ལ་།དབྱར་གནས་པ་དང་ཟས་དང་ནི་༎དབྱར་རལ་པ་དང་ལྔ་པོ་དང་༎སྨིག་དང་ལོ་མ་རྩྭ་མཆིལ་ལྷམ་༎དབྱར་དང་ཀོ་ལྤགས་བཞི་དག་གོ་༎,根本説一切有部毘奈耶安居事一卷大唐三藏義淨奉　　制譯,"Piṇḍoddāna: Contents of the Vastu.This Vastu describes the the institutionalization varṣāvāsa, the stay in a monastery during the rainy season, with the Buddha providing the rules for it.Background: When the disciples of the Buddha were wandering around during the rainy season, the Tīrthikas said that the Śākya monks did not even have a place to stay during the rainy season, and this was the reason why the disciples asked the Buddha to introduce the varṣāvāsa. And the Buddha made the rules. Panglung p. 14."
43263a0d66a644f7a9211e20662e7fac,,༼༣༽ སྡོམ་ལ་།དབྱར་གནས་རྗེས་སུ་གནང་བ་དང་༎འཆར་ཀར་འགྲོ་བ་དག་དང་ནི་༎བྱ་བ་ལ་ནི་ཞག་བདུན་དང་༎འགྲོ་བྱ་ཅི་ཞིག་བྱ་བའོ་༎,,Uddāna 1
9707662876a44e8f9e53e63fddcfcd2c,"ho bhagavāṃ śrāvastyāṃ varṣā upagato jetavane ’nāthapiṇḍadasyārāme. 
 
",སངས་རྒྱས་བཅོམ་ལྡན་འདས་མཉན་ཡོད་ན་རྒྱལ་བུ་རྒྱལ་བྱེད་ཀྱི་ཚལ་མགོན་མེད་ཟས་སྦྱིན་གྱི་ཀུན་དགའ་ར་བར་དབྱར ༼༤༽ བཞུགས་པར་ཞལ་གྱིས་བཞེས་སོ་༎,(29)佛在室羅伐城逝多林給孤獨園。爾時世尊(1041b1)與諸苾芻。於此住處。三月雨安居。,.
1d73ab9fed354170ac83188b816a7ec2,,དེའི་ཚེ་དགེ་སློང་དག་དབྱར་གྱི་ནང་ལོགས་སུ་ལྗོངས་རྒྱུ་ཞིང་དོང་ངོ་༎ དེ་དག་དབྱར་གྱི་ནང་ལོགས་སུ་ལྗོངས་རྒྱུ་ཞིང་དོང་པ་དག་མི་སྤེད་ཅིང་མ་བསྲུངས་ལ་མ་སྦས་པར་གྱུར་པ་དག་ལ་མུ་སྟེགས་ཅན་རྣམས་ཤེས་ལྡན་དག་ཤཱཀྱ་འི ༼༥༽ བུའི་དགེ་སྦྱོང་འདི་དག་ནི་སྲོག་གཅོད་པ་ཡིན་ཏེ་། སྲོག་གཅོད་པ་ལས་མ་ལོག་། རྣམ་པར་མ་ལོག་། ཕྱིར་མ་ལོག་པ་འདི་དག་དབྱར་གྱི་ནང་ལོགས་སུ་ལྗོངས་རྒྱུ་ཞིང་འདོང་སྟེ་། དབྱར་གྱི་ནང་ལོགས་སུ་ལྗོངས་རྒྱུ་ཞིང་འདོང་བ་ན་སྲོག་ཆགས་ཕྲ་མོ་དང་ཤིན་ཏུ་ཕྲ་མོ་མང ༼༦༽ པོའི་ཚོགས་རྣམས་བརྫིས་ནས་སྲོག་དང་བྲལ་བར་བྱས་སོ་༎ རེ་ཞིག་བྱེའུ་ཁུག་རྟ་ཡང་དབྱར་ཟླ་བ་བཞི་རང་གི་ཚང་ན་ཞུམ་ཞུམ་པོར་བྱས་། ཀུན་ཏུ་ཞུམ་ཞུམ་པོར་བྱས་ནས་བསྐུམས་ཤིང་བསྐུམས་ནས་འདུག་ན་། དགེ་སྦྱོང་མགོ་རེག་འདི་དག་ནི་ཁས་ལེན་པ་ཙམ་ཡང ༼༧༽ མི་ཤེས་ན་། དགེ་སྦྱོང་མགོ་རེག་འདི་དག་ལ་བསོད་སྙོམས་སྦྱིན་པ་དང་དེ་ལ་བྱ་བར་སེམས་པ་ལྟ་སུ་ཞིག་ཡོད་ཅེས་སྨོད་པར་བྱེད་། འཕྱ་བར་བྱེད་། ཁ་ཟེར་པར་བྱེད་པའི་སྐབས་དེ་བཅོམ་ལྡན་འདས་ལ་དགེ་སློང་རྣམས་ཀྱིས་གསོལ་བ་དང་།,時有衆多(2)苾芻。於其夏中。遂向餘處。人間遊行。不善護(3)身。傷殺虫蟻。時諸外道。咸起譏嫌。作如是(4)語。此沙門釋子。無有慈悲。夏中遊行。殺諸虫(5)類。不異俗流。然諸禽獸。於四月中。尚居巣(6)穴。不遠出外。然此禿頭沙門。不作安居。不知(7)收攝。安在一處。既無軌式。誰復於斯以衣食(8)施。時諸苾芻以縁白佛。,.
72148e100b0f42f0b5028b4c183e2433,"avān āha. tasmād anujānāmi bhikṣuṇā varṣā upagantavyaṃ. 
uk",བཅོམ་ལྡན་འདས་ཀྱིས་བཀའ་སྩལ ༼༢༣༨ཨ༡༽ པ་། དེ་ལྟ་བས་ན་རྗེས་སུ་གནང་སྟེ་། དགེ་སློང་གིས་དབྱར་གནས་པར་དམ་བཅའ་བར་བྱའོ་༎,佛言。我縁此事。今制(9)苾芻作安居法。於三月中。住在一處。,.
9b5cc6993ce1468c864fe1528b74f1bc,"ṃ bhagavatā bhikṣuṇā varṣā upagantavyam iti. bhikṣavo na jānate kathaṃ varṣā upagantavyam iti. 
bh",བཅོམ་ལྡན་འདས་ཀྱིས་དགེ་སློང་གིས་དབྱང་གནས་པར་དམ་བཅའ་བར་བྱའོ་ཞེས་གསུངས་པ་དགེ་སློང་རྣམས་ཀྱིས་ཇི་ལྟར་གནས་པར་དམ་བཅའ ༼༢༽ པ་མ་ཤེས་ནས་།,時諸苾(10)芻聞此語已。不知云何作安居法。,.
371a2649799b4d0d834f99498e343305,"avān āha ... 
ta",བཅོམ་ལྡན་འདས་ཀྱིས་བཀའ་སྩལ་པ་། དེ་ཉིད་ཀྱི་དབྱར་ཟླ་འབྲིང་པོ་ཚེས་བཅོ་ལྔ་ལ་གཙུག་ལག་ཁང་ཆག་ཆག་བྱའོ་༎ ཕྱག་དར་བྱའོ་༎ བའི་ལྕི་བ་སར་པའི་བྱུག་པས་བྱུག་པར་བྱའོ་༎ གནས་མལ་ཐམས་ཅད་གཅིག་ཏུ་བསག་པར་བྱ་སྟེ་། ༼༣༽ ཆུང་དུ་ན་རྐང་པ་བཀྲུ་བའི་ཆོལ་ཟངས་ཀྱང་མི་སྦའོ་༎,佛言。先於(11)五月十五日。可於住處灑掃清淨牛糞塗地。(12)所有臥具聚在一處。乃至洗足盆。,.
430875bc14c24ca7aef7ff6206a70066,"ḥ paścāt śayanāsanagrāhako bhikṣuḥ saṃmantavyaḥ. 
pa",དེའི་འོག་ཏུ་གནས་མལ་སྟོབས་པའི་དགེ་སློང་བསྐོ་བར་བྱ་སྟེ་།,衆既集已。(13)應差一苾芻爲掌臥具人。,.
05d779f0cec94f51af7b4f8d6009c2d3,"abhir dharmaiḥ samanvāgataḥ śayanāsanagrāhako bhikṣur asaṃmato na saṃmantavyaḥ, saṃmataś cāvakāśayitavyaḥ.  katamaiḥ pañcabhiḥ. chandād gacchati, dveṣān mohād bhayād gacchati, grāhitāgrāhitaṃ ca śayanāsanaṃ na jānāti.  ebhiḥ pañcabhir dharmaiḥ samanvāgataḥ śayanāsanagrāhako bhikṣur asaṃmato na saṃmantavyaḥ, saṃmataś cāvakāśayitavyaḥ. 
pa",ཆོས་ལྔ་དང་ལྡན་པའི་དགེ་སློང་གནས་མལ་སྟོབས་པར་མ་བསྐོས་པ་ནི་བསྐོ་བར་མི་བྱའོ་༎ བསྐོས་པ་ནི་དབྱུང་བར་བྱའོ་༎ ལྔ་གང་ཞེ་ན་། འདུན ༼༤༽ པས་འགྲོ་བ་དང་། ཞེ་སྡང་གིས་འགྲོ་བ་དང་། གཏི་མུག་གིས་འགྲོ་བ་དང་། འཇིགས་པས་འགྲོ་བ་དང་། གནས་མལ་བསྟབས་པ་དང་མ་བསྟབས་པ་མི་ཤེས་པ་སྟེ་། ཆོས་འདི་ལྔ་དང་ལྡན་པའི་དགེ་སློང་གནས་མལ་སྟོབས་པར་མ་བསྐོས་པ་ནི་བསྐོ་བར་མི་བྱའོ་༎ ༼༥༽ བསྐོས་པ་ནི་དབྱུང་བར་བྱའོ་༎,若有五法者。即不(14)應差。  云何爲五。謂有愛恚怖癡。不知臥具分(15)與不分。  ,.  .  .
9b500fdac24a409c94985ec725c4673c,"abhir dharmaiḥ samanvāgataḥ śayanāsanagrāhako bhikṣur asaṃmataḥ saṃmantavyaḥ. saṃmataś ca nāvakāśayitavyaḥ.  katamaiḥ pañcabhiḥ. na chandād gacchati, na dveṣān na mohān na bhayād gacchati, grāhitāgrāhitaṃ ca śayanāsanaṃ jānāti.  ebhiḥ pañcabhir dharmaiḥ samanvāgataḥ śayanāsanagrāhako bhikṣur asaṃmataḥ saṃmantavyaḥ, saṃmataś ca nāvakāśayitavyaḥ. 
ev",ཆོས་ལྔ་དང་ལྡན་པའི་དགེ་སློང་གནས་མལ་སྟོབས་པར་མ་བསྐོས་པ་ནི་བསྐོ་བར་བྱའོ་༎ བསྐོས་པ་ནི་དབྱུང་བར་མི་བྱའོ་༎ ལྔ་གང་ཞེ་ན་། འདུན་པས་མི་འགྲོ་བ་དང་། ཞེ་སྡང་གིས་མི་འགྲོ་བ་དང་། གཏི་མུག་གིས་མི་འགྲོ་བ ༼༦༽ དང་། འཇིགས་པས་མི་འགྲོ་བ་དང་། གནས་མལ་བསྟབས་པ་དང་མ་བསྟབས་པ་ཤེས་པ་སྟེ་། ཆོས་འདི་ལྔ་དང་ལྡན་པའི་དགེ་སློང་གནས་མལ་སྟོབས་པར་མ་བསྐོས་པ་ནི་བསྐོ་བར་བྱའོ་༎ བསྐོས་པ་ནི་དབྱུང་བར་མི་བྱའོ་༎,翻前五法。是即應差。    ,.  .  .
dc3a2cd4ed0c466e8498436ce1ba3380," ca punaḥ saṃmantavyaḥ. śayanāsanaprajñaptiṃ kṛtvā gaṇḍīm ākoṭya pṛṣṭavācikayā bhikṣūn samanuyujya sarvasaṃghe saṃniṣaṇṇe saṃnipatite pūrvaṃ tāvad utsāhayitavyaḥ. utsahase tvam evaṃnāmā saṃghasya vārṣikaṃ śayanāsanaṃ grāhayitum iti. tena vaktavyam. utsahe iti. 
ta",བསྐོ་བ་ནི་འདི་ལྟར་བྱ་སྟེ་། གནས་མལ ༼༧༽ གཤམ་པ་བྱས་ལ་གངḍī་བརྡུངས་ཏེ་། དགེ་སློང་རྣམས་ལ་དྲིས་པའི་ལན་གྱིས་ཡང་དག་པར་བསྒོ་ལ་། དགེ་འདུན་ཐམས་ཅད་འདུག་ཅིང་མཐུན་པར་གྱུར་པ་དང་དེ་ཞིག་དང་པོར་སྤྲོ་བར་བྱ་སྟེ་། མིང་འདི་ཞེས་བྱ་བ་ཁྱོད་དགེ་འདུན་ལ་དབྱར་གྱི་གནས་མལ་སྟོབས་པར་སྤྲོ་འམ ༼༢༣༨བ༡༽ དེས་སྤྲོའོ་ཞེས་བརྗོད་པར་བྱའོ་༎,應如是差。敷坐(16)席。鳴揵椎。1言白衆集先問苾芻某甲。頗能(17)爲夏安居僧伽。分臥具不。彼答言能。,.
d8c7b2ddb1844e64a2e1e96eba824d65,"ḥ paścād ekena bhikṣuṇā jñaptiṃ kṛtvā karma kartavyaṃ. 
śṛ",དེའི་འོག་ཏུ་དགེ་སློང་གཅིག་གིས་གསོལ་བ་བྱས་ཏེ་ལས་བྱའོ་༎,次一苾(18)芻應先作白已。次爲羯磨,.
52522b1c657c441c83636e08a84d3d09,"tu bhadantāḥ saṃghaḥ. ayam evaṃnāmā śayanāsanagrāhako bhikṣuḥ utsahate saṃghasya vārśikaṃ śayanāsanaṃ grāhayituṃ. sacet saṃghasya prāptakālaṃ kṣametānujānīyāt saṃgho yat saṃgha evaṃnāmānaṃ śayanāsanagrāhako saṃmanyeta. evaṃnāmā śayanāsanagrāhako bhikṣuḥ saṃghasya vārṣikaṃ śayanāsanaṃ grāhayiṣyati. eṣā jñaptiḥ. 
ev",དགེ་འདུན་བཙུན་པ་རྣམས་གསན་དུ་གསོལ་། གནས་མལ་སྟོབས་པའི་དགེ་སློང་མིང་འདི་ཞེས་བགྱི་བ་དགེ་འདུན་ལ་དབྱར་གྱི་གནས་མལ་སྟོབས་པར་སྤྲོ་ན་གལ་ཏེ་དགེ ༼༢༽ འདུན་གྱི་དུས་ལ་བབ་ཅིང་བཟོད་ན་། དགེ་འདུན་གྱིས་གནང་བར་མཛོད་ཅིག་དང་། དགེ་འདུན་གྱིས་མིང་འདི་ཞེས་བགྱི་བ་དགེ་འདུན་ལ་གནས་མལ་སྟོབས་པར་བསྐོ་སྟེ་། གནས་མལ་སྟོབས་པ་མིང་འདི་ཞེས་བགྱི་བ་དགེ་འདུན་ལ་དབྱར་གྱི་གནས་མལ་སྟོབས་སོ་༎ ༼༣༽ འདི་ནི་གསོལ་བའོ་༎,(19)大徳僧伽聽。此苾芻某甲。樂與夏安居僧伽(20)分臥具。若僧伽時至聽者。僧伽應許。僧伽今(21)差苾芻某甲。爲夏安居僧伽。作分臥具苾芻。(22)白如是。,.
ceaee4285d404c1bb5c56980c18e7881," ca karma kartavyaṃ. śṛṇotu bhadantāḥ saṃghaḥ. evaṃnāmā śayanāsanagrāhako bhikṣur utsahate saṃghasya vārṣikaṃ śayanāsanaṃ grāhayituṃ. tat saṃgha evaṃnāmānaṃ śayanāsanagrāhakaṃ bhikṣuṃ saṃmanyeta. ayam evaṃnāmā śayanāsanagrāhako bhikṣuḥ saṃghasya vārṣikaṃ śayanāsanaṃ grāhayiṣyati. yeṣām āyuṣmatāṃ kṣamate evaṃnāmānaṃ śayanāsanagrāhakaṃ bhikṣuṃ saṃmantuṃ, te tūṣṇīṃ. na kṣamate bhāṣantāṃ. saṃmataḥ saṃghena evaṃnāmā śayanāsanagrāhako bhikṣuḥ. saṃghasya vārṣikaṃ śayanāsanaṃ grāhayiṣyati. kṣāntam anujñātaṃ saṃghena, yasmāt tūṣṇīm, evam etad dhārayāmi. 
śa",ལས་ནི་འདི་ལྟར་བྱ་སྟེ་། དགེ་འདུན་བཙུན་པ་རྣམས་གསན་དུ་གསོལ་། གནས་མལ་སྟོབས་པ་དགེ་སློང་མིང་འདི་ཞེས་བགྱི་བ་དགེ་འདུན་ལ་དབྱར་གྱི་གནས་མལ་སྟོབས་པར་སྤྲོ་ནས་། མིང་འདི་ཞེས་བགྱི་བ་འདི་དགེ་འདུན་ལ་གནས་མལ ༼༤༽ སྟོབས་པར་བསྐོ་སྟེ་། གནས་མལ་སྟོབས་པ་མིང་འདི་ཞེས་བགྱི་བ་འདི་དགེ་འདུན་ལ་དབྱར་གྱི་གནས་མལ་སྟོབས་པར་བགྱིད་ཀྱིས་། ཚེ་དང་ལྡན་པ་དག་ལས་གང་དག་མིང་འདི་ཞེས་བགྱི་བ་གནས་མལ་སྟོབས་པར་བསྐོ་བར་བཟོད་པ་དེ་དག་ནི་ཅང་མ་གསུང་ཤིག་། གང ༼༥༽ དག་མི་བཟོད་པ་དེ་དག་ནི་གཟུང་ཤིག་། དགེ་འདུན་གྱིས་བཟོད་ཅིང་གནས་ནས་དགེ་འདུན་གྱིས་དགེ་སློང་མིང་འདི་ཞེས་བགྱི་བ་དགེ་འདུན་ལ་གསན་མལ་སྟོབས་པར་བསྐོ་སྟེ་། འདི་ལྟར་ཅང་མི་གསུངས་པས་དེ་དེ་བཞིན་དུ་འཛིན་ཏོ་༎,大徳僧伽聽。此苾芻某甲。樂與夏安(23)居僧伽分臥具。僧伽今差某甲苾芻。爲夏安(24)居僧伽分臥具。若諸具壽聽某甲苾芻爲夏(25)安居僧伽分臥具者默然。若不許者説。僧伽(26)已許某甲爲夏安居僧伽作分臥具苾芻竟。(27)僧伽已聽許。由其默然故。我今如是持,.
793dca09f27d458a9f23171383233f37,"nāsanagrāhakasyāhaṃ bhikṣor āsamudācārikān dharmān prajñapayiṣyāmi. 
 
",ངས་གནས་མལ་སྟོབས་པའི་དགེ ༼༦༽ སློང་གི་ཀུན་ཏུ་སྤྱོད་པའི་ཆོས་བཅའ་བར་བྱ་སྟེ་།,(28)佛言。我今爲諸苾芻。制分臥具法。,.
fddbad282e8d43dbb42eec4e8c075d30,,གནས་མལ་སྟོབས་པའི་དགེ་སློང་གིས་དགེ་འདུན་གྱི་ཆེད་དུ་ཚུལ་ཤིང་རྣམས་ཡོན་པོ་མ་ཡིན་པ་དང་། འཁྱོར་པོ་མ་ཡིན་པ་དང་། ཀྱར་ཁྱོར་མ་ཡིན་པ་དང་། དྲི་ཞིམ་པོ་དང་། རེག་ན་བདེ་བར་འགྱུར་བར་བསྟར་བར་བྱའོ་༎,其授事之(29)人。應先爲僧料理籌已。,.
93df1dedc1a7422cb6e3da83240dec3a,,དེའི ༼༧༽ འོག་ཏུ་ནང་པར་སྔར་ལངས་ཏེ་གནས་མལ་བཤམ་པ་བྱས་ལ་གངḍī་བརྡུངས་ནས་དགེ་སློང་རྣམས་ལ་དྲིས་པའི་ལན་གྱིས་ཡང་དག་པར་བསྒོ་ལ་། དགེ་འདུན་ཐམས་ཅད་འདུག་ཅིང་མཐུན་པར་གྱུར་པ་དང་དགེ་སློང་གནས་མལ་སྟོབས་ཚོལ་ཤིང་དྲི་ཞིམ་པོས་བསྐུས་ཏེ་༎ སྤྲོག་མའི ༼༢༣༩ཨ༡༽ ནང་དུ་རས་དཀར་པོ་བཏིང་བའི་སྟེང་དུ་བཞག་ནས་རྒན་རིམས་ཀྱི་མཐར་གཞག་པར་བྱའོ་༎,次於明日敷坐席。鳴(1041c1)揵椎。言白復周。其籌悉應兩頭繋花。香泥拭(2)飾。安竹箱中。名香普熏。白&T073554;覆上。籌長一肘。(3)置上坐前。,.
d055637c818b49f6a701942bc0dc7c47,"ḥ paścāt kriyākāra ārocayitavyaḥ. śṛṇotu bhadantāḥ saṃghaḥ. asminn āvase ayaṃ cāyaṃ kriyākāraḥ. yo yuṣmākam utsahate anena cānena ca kriyākāreṇa varṣā upagantuṃ sa śalākāṃ gṛhṇātu. na ca vaḥ kenacid bhikṣuṇā varṣe + + + + + + + + + + + + + + yo vaḥ kasyacit kiṃcij jānīte sa idānīṃ vadatu. mā paścād antavarṣe raṇam utpādayiṣyati. yo vo antavarṣe raṇam utpādayiṣyati tasya saṃgha uttare upaparīkṣitavyaṃ maṃsyate. 
ta",དེའི་འོག་ཏུ་ཁྲིམས་སུ་བཅའ་བ་དག་བརྗོད་པར་བྱ་སྟེ་། དགེ་འདུན་བཙུན་པ་རྣམས་གསན་དུ་གསོལ་། གནས་འདིར་ཁྲིམས་སུ་བཅའ་བ་འདི་དང་འདི་དག་མཆིས ༼༢༽ ཀྱིས་། ཚེ་དང་ལྡན་པ་ཁྱེད་ཅག་ལས་གང་ཁྲིམས་སུ་བཅའ་ལ་འདི་དང་འདིས་དབྱར་གནས་པར་དམ་བཅའ་བར་སྤྲོས་དེ་ནི་ཚུལ་ཤིང་ལོང་ཤིག་། ཁྱེད་ཅག་ལས་དགེ་སློང་སུས་ཀྱང་དབྱར་གྱི་ནང་ལོགས་སུ་དགེ་སློང་ལ་གླེང་བར་མི་བྱ་། དྲན་པར་མི་བྱའོ་༎ ཁྱེད ༼༣༽ ཅག་ལས་སུ་ཡང་རུང་འགའ་ཞིག་ཅུང་ཟད་ཤེས་ན་དེ་ད་སྨྲོས་ཤིག་། ཕྱིས་དབྱར་གྱི་ནང་ལོགས་སུ་མ་གླེང་ཤིག་། ཁྱེད་ཅག་ལས་སུས་དབྱར་གྱི་ནང་ལོགས་སུ་གླེང་བར་གྱུར་ན་། དེ་དགེ་འདུན་གྱིས་ཕྱིས་བརྟག་པར་དགོངས་སོ་༎,次宣制令。大徳僧伽聽。於此住處。(4)所有制法。若諸大徳樂此安居。無違背者。當(5)可受籌。諸苾芻衆。於此夏中。不應更相詰責。(6)云破見。破戒。破正行。破正命。如其仁等知有(7)犯者。即於今時可論其事。無宜夏中更相擧(8)發惱諸苾芻不安樂住。,.
d5dcb0c703cf4a09b6dad5b91df31fa8,"ḥ paścāt* śayanāsanagrāhakeṇa bhikṣuṇā śalākāś cārayitavyāḥ. + + + śāstuḥ śalakā grāhayitavyāḥ. tataḥ paścāt saṃghasthavireṇārdham āsanaṃ muktvā śalākā gṛhya śanaiḥ sthāpayitavyāḥ. evaṃ yāvat saṃghanavakena. śrāmaṇerāṇām ācāryopapādhyāyaiḥ śalākā grāhayitavyāḥ. tataḥ paścād gaṇayitavyaṃ. asminn āvāse iyadbhir bhikṣubhiḥ śalākā gṛhīteti. 
ta",དེའི་འོག་ཏུ་གནས་མལ་སྟོབས ༼༤༽ པའི་དགེ་སློང་གིས་ཚུལ་ཤིང་བྲིམ་པར་བྱ་སྟེ་། ཇེ་ཐོག་མར་སྟོན་པའི་ཚུལ་ཤིང་བླང་བར་བྱའོ་༎ དེའི་འོག་ཏུ་དགེ་འདུན་གྱི་གནས་བརྟན་གྱིས་སྟན་གྱི་སྟེང་ནས་སྤགས་ཏེ་། ཚུལ་ཤིང་བླངས་ལ་དལ་གྱིས་གཞག་པར་བྱ་སྟེ་། དགེ་འདུན་གསར་བུ་རྣམས་ཀྱི་བར་བུ ༼༥༽ ཡང་དེ་བཞིན་དུ་བྱའོ་༎ དགེ་ཚུལ་རྣམས་ཀྱི་ཚུལ་ཤིང་ནི་སློབ་དཔོན་ནམ་། མཁན་པོས་བླང་བར་བྱའོ་༎ དེའི་འོག་ཏུ་གནས་སྲུང་རྣམས་ཀྱིས་ཡང་བླང་བར་བྱའོ་༎ དེའི་འོག་ཏུ་བགྲངས་ཏེ་གནས་འདིར་དགེ་སློང་འདི་སྙེད་ཅིག་གིས་ཚུལ་ཤིང་བླངས་སོ་ཞེས་སྨྲོས ༼༦༽ ཤིག་།,作是告已。次分臥具。(9)令一苾芻&T016254;籌盤在前。其收籌者。持空盤隨後。(10)大師教主先置一籌。次向上座前住。上座亦(11)應少離本座。蹲踞合掌。受取其籌。然後安詳。(12)置空盤上。如是次第。乃至行末。若有求寂。身(13)既不來。阿遮利耶。鄔波馱耶。代取其籌。次取(14)護寺天神籌。既總行已。應數其籌。白大衆言。(15)於此住處。現受籌者。苾芻有爾許。求寂若干。,.
b83ed30fc45a4fd29abffba7ddde2b0d,"ḥ paścāt* śayanāsanagrāhakena bhikṣuṇā tāḍakaṃ kuṃcikāṃ ca gṛhītvā saṃghasthavirasya purataḥ sthitvā vaktavyaṃ. sthavira amuko vihāraḥ salābhaḥ sacīvarikaḥ. gṛhāṇa. saced gṛhṇāti yat saṃghasthavirasya vihāraḥ sa dvitīyasthavirāya dātavyaḥ. + + + + + + + + + + + + + 
sa",དེའི་འོག་ཏུ་གནས་མལ་སྟོབས་པའི་དགེ་སློང་གིས་ལྡེ་མིག་དང་། ལྡེ་མིག་ཀྱོག་པོ་དག་བླངས་ལ་དགེ་འདུན་གྱི་གནས་བརྟན་གྱི་མདུན་དུ་འདུག་སྟེ་། གནས་བརྟན་གནས་ཁང་ཆེ་གེ་མོ་ནི་རྙེད་པ་དང་བཅས་པ་། གོས་དང་བཅས་པ་ལགས་ཀྱིས་བཞེས་ཤིག ༼༧༽ ཅེས་བརྗོད་པར་བྱའོ་༎ གལ་ཏེ་བླངས་ན་དགེ་འདུན་གྱི་གནས་བརྟན་གྱི་གནས་ཁང་གང་ཡིན་པ་དེ་གནས་བརྟན་གཉིས་པ་ལ་སྦྱིན་པར་བྱའོ་༎ གནས་པ་རྟན་གཉིས་པའི་གནས་ཁང་གང་ཡིན་པ་དེ་གནས་བརྟན་གསུམ་པ་ལ་སྦྱིན་པར་བྱ་སྟེ་། དགེ་འདུན་གསར་བུའི ༼༢༣༩བ༡༽ པར་དུ་ཡང་དེ་བཞིན་དུ་བྱའོ་༎,(16)又分臥具苾芻。持諸鎖鑰。安上座前。白言。大(17)徳。某房有衣有利。如其樂者取之。,.
45afcd8b3c764e32b4d1f7884585b1f7,"t saṃghasthaviro na gṛhṇāti dvitīyasthavirāya dātavyaḥ. dvitīyasthaviro na gṛhṇāti tṛtīyasthavirāya dātavyaḥ. sacet tṛtīyasthavireṇa gṛhīto bhavati saṃghasthaviro yācate, prathamāyāṃ vāci na dātavyaḥ. dvitīyāyāṃ vāci na dātavyaḥ. tṛtīyāyāṃ dātavyaḥ. saṃghasthaviraś ca vinayātisāriṇīṃ duṣkṛtām āpattiṃ deśāpayitavyaḥ. evaṃ yāvat saṃghanavakena gṛhītaḥ, sacet saṃghatṛtīyanavako yācate, prathamāyāṃ vāci na dātavyaḥ. dvitīyāyāṃ na dātavyaḥ. trtīyāyāṃ dātavyaḥ. saṃghatṛtīyanavakaś ca vinayātisāriṇīṃ duṣkṛtām āpattiṃ deśayitavyaḥ. 
bh",གལ་ཏེ་དགེ་འདུན་གྱི་གནས་བརྟན་གྱིས་མ་བླངས་ན་གནས་བརྟན་གཉིས་པ་ལ་སྦྱིན་པར་བྱའོ་༎ གལ་ཏེ་གནས་བརྟན་གཉིས་པས་མ་བླངས་ན་གནས་བརྟན་གསུམ་པ་ལ་སྦྱིན་པར་བྱའོ་༎ གལ་ཏེ་གནས་བརྟན་གསུམ་པས་བླངས་པ ༼༢༽ ལ་དགེ་འདུན་གྱི་གནས་བརྟན་སློང་ན་ཚིག་དང་པོ་ལ་སྦྱིན་པར་མི་བྱའོ་༎ ཚིག་གཉིས་པ་ལ་ཡང་སྦྱིན་པར་མི་བྱའོ་༎ ཚིག་གསུམ་པ་ལ་སྦྱིན་པར་བྱ་སྟོ་། དགེ་འདུན་གྱི་གནས་བརྟན་གྱིས་འདུལ་བ་དང་འགལ་བའི་ཉེས་བྱས་ཀྱི་ལྟུང་བ་བཤགས་པར་བྱའོ་༎ དགེ་འདུན ༼༣༽ གསར་བུའི་བར་དུ་དེ་བཞིན་དུ་བླངས་པ་ལ་། གལ་ཏེ་དགེ་འདུན་གསར་བུ་གསུམན་པ་སློང་ན་ཚིག་དང་པོ་ལ་སྦྱིན་པར་མི་བྱའོ་༎ ཚིག་གཉིས་པ་ལ་ཡང་སྦྱིན་པར་མི་བྱའོ་༎ ཚིག་གསུམ་པ་ལ་སྦྱིན་པར་བྱ་སྟེ་། དགེ་འདུན་གསར་བུ་གསུམ་པས་ཀྱང་འདུལ་བ་དང་འགལ་བའི ༼༤༽ ཉེས་བྱས་ཀྱི་ལྟུང་བ་བཤགས་པར་བྱའོ་༎,若上座不(18)取此房。應與第二上座。若第二上座取此房(19)者。其舊住房。應與第三上座。如是展轉。乃至(20)僧伽衆末。第一上座見與第二上座之時。便更(21)索者。初索之時。不應即與。第二索時。亦不須(22)與。第三索時應與。然上座得惡作罪。如是展(23)轉乃至衆末。如前次第得越法罪。准上應知。,.
412d56bbd8d94e68814915082a73637b,"ṣavaḥ sarvān vihārān uddiśanti. āgantukā bhikṣavaḥ vihanyante. bhagavān āha. āgantukānāṃ bhikṣūṇām sārthāya anuddiṣṭaṃ vastuṃ dhārayitavyaṃ. 
bh",དགེ་སློང་རྣམས་ཀྱིས་གནས་ཁང་ཐམས་ཅད་བགོས་པ་དང་གློ་བུར་དུ་ལྷགས་པའི་དགེ་སློང་རྣམས་ཕོངས་པར་གྱུར་ནས་། བཅོམ་ལྡན་འདས་ཀྱིས་བཀའ་སྩལ་པ་། གློ་བུར་དུ་ལྷགས་པའི་དགེ་སློང་རྣམས་ཀྱི་ཕྱིར་མ་བགོས་པའི ༼༥༽ གནས་གཅིག་གཞག་པར་བྱའོ་༎,(24)然於住處。所有房舍。悉皆分盡。客苾芻來。無(25)房可與。世尊告曰。應留一房并其臥具擬客(26)苾芻。,.
307a5eb3394948209af598e3c3509bf7,"ṣavaḥ dvārakoṣṭhake apy uddiśanti / bhagavān āha. dvārakoṣṭhake noddeṣṭavyam*. bhikṣavaḥ prāsāde vastum uddiśanti. bhagavān āha / prāsāde noddeṣṭavyam iti. 
ni",དགེ་སློང་རྣམས་ཀྱིས་སྒོ་ཁང་ཡང་བགོས་པ་དང་། བཅོམ་ལྡན་འདས་ཀྱིས་བཀའ་སྩལ་པ་། སྒོ་ཁང་བགོ་བར་མི་བྱའོ་༎ ཁྱམས་རྣམས་བགོས་པ་དང་། བཅོམ་ལྡན་འདས་ཀྱིས་བཀའ་སྩལ་པ་། ཁྱམས་བགོ་བར་མི་བྱའོ་༎,時諸苾芻遂留門屋下廊簷前及以踏(27)道與客苾芻。佛言。不應留門屋下乃至踏道(28)與客苾芻。,.
7824f77eb4f7461caf55d0a439bfd126,"vāseṣu prāsādeṣu kākacaṭakapārāvatāḥ vāsaṃ kurvanti. bhagavān āha // peḍavāriko bhikṣur uddeṣṭavyaḥ. tena pratyavekṣitavyaḥ. saced aṇḍāny amuktāni bhavanti, śātayitavyaḥ. āhosvin muktāni, sthāpayitavyaḥ. tryaṃbukatrailāṭāḥ vāsaṃ kurvanti. bhagavān āha / pratyavekṣitavyaṃ. aṇḍāny amuktāni bhavanti / śātayitavyaḥ. ahosvin muktāni, sūtrakaṃ bandhitavyaṃ vṛddhiṃ na gamiṣyantīti / 
ta",༼༦༽ ཁྱམས་སྟོང་པ་རྣམས་སུ་ཁྭ་དང་། བྱེའུ་དང་། ཕུག་རོན་དག་གིས་ཚང་བཅས་པ་དང་། བཅོམ་ལྡན་འདས་ཀྱིས་བཀའ་སྩལ་པ་། སྐྲོད་པའི་དགེ་སློང་དག་བསྐོ་བར་བྱ་སྟེ་། དེས་སོ་སོར་བལྟ་བར་བྱའོ་༎ གལ་ཏེ་སྒོ་ང་དག་མ་ལྷགས་པར་གྱུར་ན་བསྐྲད་པར་བྱའོ་༎ དེ་སྟེ ༼༧༽ ལྷགས་ན་ནི་གཞག་པར་བྱའོ་༎ སྲིན་བུ་ཏྲཻ་བུ་ཀ་དང་། ཏྲཻ་ལ་ཏའི་ཚང་བཅས་ནས་། བཅོམ་ལྡན་འདས་ཀྱིས་བཀའ་སྩལ་པ་། སོ་སོར་བརྟག་པར་བྱ་སྟེ་། གལ་ཏེ་སྒོ་ང་མ་ལྷགས་པར་གྱུར་ན་བསྐྲད་པར་བྱའོ་༎ གལ་ཏེ་ལྷགས་པར་གྱུར་ན་སྐུད་པས་བཅིངས་ན་འཕེལ ༼༢༤༠ཨ༡༽ བར་མི་འགྱུར་རོ་༎,此之處所。乃是衆鳥所居。非人住(29)處。佛言。應令一苾芻知僧伽利養。別留一房(1042a1)安置臥具。然彼苾芻。應自守護所有諸物。復(2)應撿看虫及蜂窠。蜂若出窠。即應除去。兒若(3)未出。應以線懸繋置餘處。長成自去。,.
c9de9553be16406f86af516b7b875da5,"ḥ paścāc chayanāsanaṃ dātavyaṃ / yadi tāvad alpāni vastūni bhavanti, ekaikaṃ dātavyaṃ. āhosvin bahūni bhavanti, dvayaṃdvayaṃ trayaṃtrayaṃ vā dātavyam* / aparāṇi mahānti vastūni bhavanti / vṛddhavṛddhā bhikṣavaḥ klāmyante parikarmaṇā: bhagavān āha / tāni niśṛtānāṃ dātavyāni. 
ta",དེ་ནས་གནས་མལ་བགོ་བར་བྱ་སྟེ་། འདི་ལྟར་རོ་ཞིག་དངོས་པོ་ཉུང་དུ་ཞིག་ཡིན་ན་རེ་རེ་སྦྱིན་པར་བྱའོ་༎ འོན་ཏེ་མང་པོ་ཞིག་ཡིན་ན་གཉིས་གཉིས་གསུམ་གསུམ་སྦྱིན་པར་བྱའོ་༎ དངོས་པོ་ཁ་ཅིག་ཆེན་པོར་གྱུར་རྒན་རབས ༼༢༽ རྒན་རབས་དག་བྱི་དོན་བྱེད་པས་དུབ་ཅིང་ངལ་བར་གྱུར་ནས་། བཅོམ་ལྡན་འདས་ཀྱིས་བཀའ་སྩལ་པ་། དེ་དག་གནས་འཆའ་བ་རྣམས་ལ་སྦྱིན་པར་བྱའོ་༎,其有客(4)苾芻來。應給臥具。若其人少。人各與一。必若(5)人多。二人共一。或三共一。有諸耆宿苾芻。既(6)得重大氈褥。移動致難。不知云何。佛言。若耆(7)宿苾芻不能移動。有小苾芻。應令依止。,.
1767e7404ce34cbf8539ea6320fa4129,"ḥ paścāc chayanāsanagrāhakena bhikṣuṇā kriyākāra ārocayitavyaḥ. na kenacid bhikṣuṇā sāṃghikaṃ śayanāsanaṃ vinā pratyāstaraṇena paribhoktavyaṃ (75v = GBM 733) na kalpapratyāstaraṇena na plotikena ghanena vā ekapuṭena pailoṭikena vā dvipuṭena. yāvat sāṃghikaṃ śayanāsanaṃ aparibhogena paribhuṃjīta, tasya saṃgha uttare upaparīkṣitavyaṃ maṃsyate. 
śa",དེའི་འོག་ཏུ་གནས་མལ་སྟོབས་པའི་དགེ་སློང་གིས་ཁྲིམས་སུ་བཅའ་བ་དག་བརྗོད་པར་བྱ་སྟེ་། དགེ་སློང་སུས ༼༣༽ ཀྱང་དགེ་འདུན་གྱི་གནས་མལ་ལ་གདིང་བ་མེད་པང་ལོངས་སྤྱོད་པར་མི་བྱ་སྟེ་། མིང་ཐོགས་ཀྱི་གདིང་བས་མ་ཡིན་། གདིང་བ་དྲི་མ་ཅན་གྱིས་མ་ཡིན་། སེང་བས་མ་ཡིན་ནོ་༎ སྟུག་པོ་ཡིན་ན་རིམ་པ་གཅིག་གིས་སོ་༎ སེང་བ་ཡིན་ན་རིམ་པ་གཉིས་སོ་༎ ཁྱེད་ལས ༼༤༽ གང་གིས་དགེ་འདུན་གྱི་གནས་མལ་ལོངས་སྤྱོད་པར་བྱ་བ་མ་ཡིན་པར་ལོངས་སྤྱོད་པ་ན་དེ་ལ་དགེ་འདུན་གྱིས་ཕྱིས་བརྟག་པར་བྱ་བར་དགོངས་སོ་༎,分臥(8)具已。即應告曰。若無儭物。不應輒臥。亦不應(9)以小物垢膩破碎踈薄之類。用替僧祇臥具。,.
063e3835b44940dcb2d9fe3b19a24ab9,"nāsanagrāhakeṇa bhikṣuṇā anvardhamāsaṃ śayanāsanaṃ pratyavekṣitavyaṃ yadi tāvad vṛddhaṃ paśyaty aparibhogena śayanāsanaṃ paribhuṃjānaṃ, saṃghena ārocayitvā ākṣeptavyaṃ. āhosvin navakam ācāryopādhyāyānām ārocayitvā ākṣeptavyaṃ. 
ta",གནས་མལ་སྟོབས་པའི་དགེ་སློང་གིས་ཟླ་བ་ཕྱེད་ཕྱེད་ཅིང་གནས་མལ་ལ་སོ་སོར་བརྟག་པར་བྱའོ་༎ འདི་ལྟར་རེ་ཞིག ༼༥༽ རྒན་པོ་དག་གིས་གནས་མལ་ལོངས་སྤྱད་པར་བྱ་བ་མ་ཡིན་པར་ལོངས་སྤྱད་པ་མཐོང་ན་དགེ་འདུན་ལ་གསོལ་ནས་སྦ་བར་བྱའོ་༎ འོན་ཏེ་གསར་བུ་ཞིག་གིས་མཐོང་ན་མཁན་པོ་འམ་སློབ་དཔོན་ལ་བརྗོད་དེ་སྦ་བར་བྱའོ་༎,(10)其受事人。巡房觀察。見非理者准事治罰。若(11)小年者。應告二師。令其呵責。其撿行房舍苾(12)芻。毎月十五日。巡房觀察。若受用臥具不如(13)法者。白大衆知。奪取臥具。仍爲治罰。若依止(14)門人。應告其師。收取臥具。,.
75ca4f8e441d4a3d972d45181df7bfcc,"ḥ paścāt sāmagryām ārocayitavyaṃ. amukena gocaragrāmeṇa śvaḥ saṃgho varṣā upagamiṣyatīti. 
ta",དེའི་འོག་ཏུ་ཚོགས་ནས་སྦྱིན་བདག་ཆེ་གེ་མོ་ཞེས ༼༦༽ བགྱི་བ་དང་། ཞལ་ཏ་བགྱིད་པ་ཆེ་གེ་མོ་ཞེས་བགྱི་པ་དང་། སྤྱོད་ཡུལ་གྱི་གྲོང་ག་གེ་མོ་ཞེས་བགྱི་བས་དགེ་འདུན་དབྱར་གནས་པར་དམ་བཅའ་བ་མཛད་དོ་ཞེས་བརྗོད་པར་བྱའོ་༎,大衆和集時。應告(15)白曰。諸具壽。今此住處。有爾許人。當依某甲(16)爲施主。依某村坊爲乞食處。以某甲爲營(17)事人。某甲爲瞻病者。於此住處。應作安居。,.
65fcb51baa204b32a7573079cc9775ba,"ḥ paścād bhikṣubhir āvāsaṃ gocaraṃ cāvalokayitvā channe praviśya varṣā upagantavyaṃ. 
ka",དེའི་འོག་ཏུ་དགེ་སློང་རྣམས་ཀྱིས་གནས་དང་སྤྱོད་ཡུལ་བལྟས་ནས་སྐྱབས་ཡོད་པར་ཞུགས་ཏེ ༼༧༽ དབྱར་གནས་པར་དམ་བཅའ་བར་བྱའོ་༎,時(18)諸苾芻等。應撿行隣近村坊乞食之處。,.
8e61a9f13a4d47769ebdb0be58811464,"am āvāso ’valokayitavyaḥ. kiṃ nu bhaviṣyanti me ’smin sthāne vijñāḥ sabrahmacāriṇo ye ’nutpannaṃ duḥkhaṃ daurmanasyaṃ notpādayiṣyanti utpannaṃ ca kṣipram eva prativinodayiṣyanti, ye cānutpannaṃ sukhaṃ saumanasyam utpādayiṣyanti utpannaṃ ca sādhu ca suṣṭhu cānurakṣitavyaṃ (MSV IV.136) maṃsyante / glānasya vā glānopasthāyakaḥ, evam āvāso ’valokayitavyaḥ. 
ka",གནས་ཇི་ལྟར་བརྟག་པར་བྱ་ཞེ་ན་། ཇི་ག་བདག་ལ་གནས་འདིར་ཚངས་པ་མཚུངས་པར་སྤྱོད་པ་མཁས་པ་དག་གིས་གང་སྡུག་བསྔལ་བ་དང་ཡིད་མི་བདེ་བ་མ་སྐྱེས་པ་མི་སྐྱེད་པར་འགྱུར་ཞིང་། སྐྱེས་པ་ཡང་མྱུཨུར་བ་ཁོ་ནར་སོ་སོར་ཞི ༼༢༤༠བ༡༽ པར་བྱེད་པར་འགྱུར་ལ་། གང་བདེ་བ་དང་ཡིད་པ་དེ་བ་མ་སྐྱེས་པ་.སྐྱེད་པར་འགྱུར་ཞིང་། སྐྱེས་པ་ཡང་ལེགས་པར་རབ་ཏུ་རྗེས་སུ་སྲུང་བར་སེམས་པ་དང་བདག་ན་བར་གྱུར་ན་ནད་གཡོག་བྱེད་པར་འགྱུར་བ་ལྟ་ཡོད་དམ་ཞེས་དེ་ལྟར་གནས་ལ་བརྟག་པར་བྱའོ་༎,既觀(19)察已。情愛樂者。各自念言。我於此處。堪作安(20)居。乃至同梵行者。不生憂惱。設復生時。速能(21)除滅。所有安樂未生者令生。其已生者勸令(22)増進。,.
950b6fbcb98f408eaa272a8c8d5fd4f5,"aṃ gocaro ’valokayitavyaḥ. kiṃ nu bhaviṣyanti me ’smiṃ grāmopavicāragrāme piṇḍakasya dātāro glānasya vā + + + bhaiṣajyasya ca dātāra iti, evaṃ gocaro ’valokayitavyaḥ. 
ta",སྤྱོད་ཡུལ ༼༢༽ ལ་ཇི་ལྟར་བརྟག་པར་བྱ་ཞེ་ན་། ཇི་ག་སྤྱོད་ཡུལ་གྱི་གྲོང་འདི་ན་བསོད་སྙོམས་སྟེར་བ་དང་། ན་བར་གྱུར་ན་ནད་གཡོག་དང་། སྨན་སྦྱིན་པར་འགྱུར་བ་ལྟ་ཡོད་དམ་ཞེས་དེ་ལྟར་སྤྱོད་ཡུལ་ལ་བརྟག་པར་བྱའོ་༎,村坊乞食之處。不生勞苦。若我病患。有(23)供侍人。給我醫藥。飮食所須。皆悉充濟。,.
cf06e1c618674874ba4a02c69035e998,"ḥ paścāc channe praviśya bhikṣor yathāvṛddhikayā sāmīcīṃ kṛtvā utkuṭukena sthitvā aṃjaliṃ pragṛhya idaṃ syād vacanīyaṃ.  samanvāhara āyuṣmaṃ. adya saṃghasya varṣopanyakāṣāḍhī + + + + + + + + + + so ’ham evaṃnāmā asminn āvāse antaḥsīme pūrvikāṃ traimāsīṃ varṣā upagacchāmi amukena vaiyyāpṛtyakareṇa amukena gocaragrāmeṇa yāvad evāsyāvāsasya khaṇḍaphuṭtapratisaṃskaraṇārthaṃ. iha me varṣā iha me varṣāvāsaḥ. evaṃ dvir api, evaṃ trir api. 
bh",དེའི་འོག་ཏུ་སྐྱབས་ཡོད་པར་ཞུགས་ལ་། དགེ་སློང་རྒན ༼༣༽ རིམས་ཇི་ལྟ་བ་བཞིན་གྱི་མདུན་དུ་འདུད་པ་དང་བཅས་པས་ཙོག་ཙོག་པོར་འདུག་ལ་ཐལ་མོ་སྦྱར་ཏེ་འདི་སྐད་ཅེས་། ཚེ་དང་ལྡན་པ་དགོངས་སུ་གསོལ་། དེང་དགེ་འདུན་གྱི་དབྱར་ཉེ་བར་སྒྲུབ་པ་དབྱར་ཟླ་འབྲིང་པོ་ཚེས་བཅུ་དྲུག་ལགས་ལ་། བདག་དགེ་སློང་མིང་འདི་ཞེས་བགྱི་བའི ༼༤༽ དབྱར་ཉེ་བར་སྒྲུབ་པ་ཡང་དབྱར་ཟླ་འབྲིང་པོ་ཚེས་བཅུ་དྲུག་ལགས་ཏེ་། བདག་མིང་འདི་ཞེས་བགྱི་བ་ནང་མཚམས་དང་བཅས་པའི་གནས་འདིར་གནམ་རལ་བ་དང་འདྲུམས་པ་བཅོམ་པའི་སླད་དུ་སྦྱིན་བདག་ཆེ་གེ་མོ་ཞེས་བགྱི་བ་དང་། ཞལ་ཏ་བགྱིད་པ་ཆེ་གེ་མོ་ཞེས་བགྱི་བ་དང་། སྐྱོད ༼༥༽ ཡུལ་གྱི་གྲོང་ཁྱེར་ཆེ་གེ་མོ་ཞེས་བགྱི་བར་དབྱར་སྔ་མ་ཟླ་བ་གསུམ་གནས་པར་དམ་འཆའོ་༎ བདག་དབྱར་འདི་ན་མཆིས་ཤིང་དབྱར་གྱི་གནས་ནི་འདི་ལགས་སོ་༎ ཞེས་དེ་སྐད་ལན་གཉིས་དེ་སྐད་ལན་གསུམ་དུ་བཟླས་ཏེ་༎,作是(24)念已。應入屏處。對一苾芻。具修威儀。隨年致(25)禮。蹲踞合掌。作如是説。  具壽存念。今僧伽。(26)五月十六日。作夏安居。我苾芻某甲。亦於五(27)月十六日。作夏安居。我苾芻某甲。於此住處(28)界内。前三月夏安居。以某甲爲施主。某甲爲(29)營事人。某甲爲瞻病人。於此住處。乃至若有(1042b1)&T075882;裂穿壞。當修補之。我於今夏。在此安居。第(2)二第三亦如是説。所對苾芻。應云奧算迦。答(3)云娑度。若有因縁。不及前安居者。聽作後安(4)居。准前應作。,.  .
866117a402584920adc48fc74f8d45dd,"ṣavaḥ varṣā upagantavyā: na ca punar varṣoṣitena bhikṣuṇā bahiḥsīmāṃ gantavyaṃ // saced gacchati na tatra vastavyaṃ. 
uk",དེ་ལྟང་དགེ་སློང་རྣམས་ཀྱིས་དབྱར་གནས་པར་དམ ༼༦༽ བཅའ་བར་བྱའོ་༎ དབྱར་གནས་པར་དམ་བཅས་པའི་དགེ་སློང་གིས་མཚམས་ཀྱི་ཕྱི་རོལ་དུ་འགྲོ་བར་མི་བྱའོ་༎ གལ་ཏེ་སོང་ན་དེར་གནས་པར་མི་བྱའོ་༎,既安居已。不應出界宿。若有因(5)縁。須出去者。不應經宿。,.
dbcc4daaca544818a9d55dd235924659,"ṃ bhagavatā na bhikṣuṇā varṣoṣitena bahiḥsīmāṃ gantavyam*. saced gacchati na tatra vastavyam iti / 
ha",བཅོམ་ལྡན་འདས་ཀྱིས་དབྱར་གནས་པར་དམ་བཅས་པའི་དགེ་སློང་གིས་མཚམས་ཀྱི་ཕྱི་རོལ་དུ་འགྲོ་བར་མི་བྱའོ་༎ ༼༧༽ གལ་ཏེ་སོང་ན་དེར་གནས་པར་མི་བྱའོ་ཞེས་གསུངས་པ་དང,,.
6289765112ac41f88739eeaa681b6631,"ibālagrāmake udayano nāma gṛhapatiḥ prativasati. tasya gṛhakaḍatraṃ pratyupasthitam ātmano veṣṭanaṃ. tena tatra prabhūto vastralābhaḥ āmiṣalābhaś ca samudānītaḥ. tena bhikṣūṇāṃ dūto ’nupreṣitaḥ. āgacchantv āryāḥ paribhokṣyante iti.  bhikṣavaḥ pṛcchitum ārabdhāḥ. kiyad dūre hastibālagrāmakaḥ. sātirekais tribhir yojanaiḥ śakṣyāmo vayam adyaiva gatvā āgantuṃ na śakṣyāmaḥ. te saṃlakṣayanti / uktaṃ bhagavatā na bhikṣuṇā varṣopagatena bahiḥsīmāṃ gantavyaṃ. saced gacchati na tatra vastavyam iti. te na gatāḥ.  tatra ye bhikṣavaḥ hastibālagrāmakasyopavicāre varṣopagatās teṣāṃ prabhūto vastralābha āmiṣalābhaś cānupradattaḥ. 
te",གླང་པོ་ཆེ་སྐྱོང་བ་ཞེས་བྱ་བའི་གྲོང་ན་ཁྱིམ་བདག་འཆང་ཀ་ཞེས་བྱ་བ་གནས་ཏེ་། དེའི་ཁྱིམ་ན་རང་གི་འཆིང་བ་བག་མ་བླངས་ནས་དེས་གསོ་ཀྱི་རྙེད་པ་དང་ཟས་ཀྱི་རྙེད་པ་མང་དུ་སྟེ་གོན་བྱས་ཏེ་། དེས་དགེ་སློང་རྣམས་ལ་ཕོ ༼༢༤༡ཨ༡༽ ཉ་བཏང་ནས་འཕགས་པ་དག་ལོངས་སྤྱད་པ་དག་འབུལ་གྱིས་ཚུལ་སྤྱོན་ཅེས་སྤྲིང་བ་དང་། དགེ་སློང་རྣམས་ཀྱིས་དྲི་བར་བརྩམས་སྟེ་། གླང་པོ་ཆེ་སྐྱོང་བའི་གྲོང་དུ་ཇི་སྲིད་ཡོད་༎ དེར་ནི་དཔག་ཚད་གསུམ་ལྷག་ཙམ་མཆིས་༎ བདག་ཅག་གིས ༼༢༽ དེང་ཉིད་དོང་ལ་སླར་འཁོར་བར་ནུས་སམ་མི་ནུས་སྙམ་པ་ལས་། དེ་དག་གིས་བསམས་པ་། བཅོམ་ལྡན་འདས་ཀྱིས་དབྱང་གནས་པར་དམ་བཅས་པའི་དགེ་སློང་གིས་མཚམས་ཀྱི་ཕྱི་རོལ་དུ་འགྲོ་བར་མི་བྱའོ་༎ གལ་ཏེ་སོང་ན་དང་གནས་པར་མི་བྱའོ་ཞེས་གསུངས་སོ ༼༣༽ སྙམ་ནས་དེ་རྣམས་མ་སོང་ངོ་༎ དེ་ན་གླང་པོ་ཆེ་སྐྱོང་བའི་གྲོང་གི་ཉེ་འཁོར་དུ་དགེ་སློང་གང་དག་དབྱར་གནས་པར་དམ་བཅས་པ་དེ་དག་ལ་དེས་གོས་ཀྱི་རྙེད་པ་དང་ཟས་ཀྱི་རྙེད་ཕ་མང་དུ་ཕུལ་ལོ་༎,時衆村中。有一長(6)者。名曰憂陀延。其家大富。多有財物及以衣(7)裳。是時長者於其家内。多出衣食。別爲一庫。(8)擬欲供養苾芻僧伽。即時遣信。往詣室羅伐(9)城。請諸苾芻僧伽曰。於某村中。長者某甲作(10)如是言。於我家中。多有衣服飮食。今欲供養(11)大徳。願垂哀受。  時諸苾芻報使人曰。其長者(12)家。去此遠近。答曰。去此強三踰繕那。諸苾芻(13)等即作是念。去此甚遠。我等欲去。齊暮得迴(14)還不。各作是言。去此既遠。至暮不及迴來。世(15)尊制我等安居。不得出界外宿。不知如何。即(16)便不去。  時彼象村側近。別有苾芻。於彼安居。(17)即便受請。既受請已。多獲衣食。,.  .  .
5750b07998854caebf3ebd0961537a92,"rayāṇāṃ vārṣikāṇāṃ māsānām atyayāt kṛtacīvarā niṣṭhitacīvarāḥ samādāya pātracīvaraṃ yena śrāvastī tena cārikāṃ prakrāntāḥ. anupūrveṇa cārikāṃ carantaḥ śrāvastīm anuprāptāḥ.  te bhikṣubhir dūrata eva dṛṣṭvābhihitāḥ. (76r = GBM 734) svāgataṃsvāgatam āyuṣmantaḥ. viśrāmitāḥ uktāḥ. kuto yūyam āyuṣmantaḥ etarhy āgacchata, kutra vā stha varṣā upagatā. hastibālagrāmakād vayam āyuṣmanta etarhy āgacchāma: hastibālagrāmake vā sma varṣā upagatāḥ. kaccid yūyam āyuṣmantaḥ hastibālagrāmake sukhaṃ sparśaṃ varṣā uṣitāḥ, na vā stha klāntāḥ piṇḍakena. tathyaṃ vayam āyuṣmantaḥ hastibālagrāmake sukhaṃ sparśaṃ varṣā upagatā, na vā sma klāntāḥ piṇḍakena.  yathākatham āyuṣmantaḥ hastibālagrāmake sukhaṃ sparśaṃ varṣā upagatāḥ, na vā stha klāntāḥ piṇḍakena. tatra hastibālagrāmake udayano nāma gṛhapatiḥ prativasati. tasya gṛhakaḍatraṃ pratyupasthitaṃ ātmano veṣṭanaṃ. tenāsmākaṃ prabhūto vastralābhaḥ āmiṣalābhaś cānupradatta. evaṃ vayam āyuṣmanto hastibālagrāmake sukhaṃ sparśaṃ varṣā uṣitāḥ. na vā sma klāntāḥ piṇḍakena.  te kathayanty. āyuṣmanto ’smākam api tena gṛhapatinā dūto ’nupreṣita. āgacchantv āryāḥ paribhokṣyanta iti. tair asmābhiḥ pṛṣṭaḥ. kiyad dūre hastibālagrāmakaḥ. sātirekais tribhir yojanaiḥ. teṣām asmākaṃ buddhir utpannāḥ. uktaṃ bhagavatā na bhikṣuṇā varṣopagatena bahiḥsīmāṃ gantavyaṃ. saced gacchati na tatra vastavyam iti. vayaṃ na gatāḥ. etat prakaraṇaṃ bhikṣavo bhagavata ārocayanti. 
bh",དེ་དག་དབྱར་ཟླ་བ་གསུམ་འདས་ཏེ་ཆོས་གོས་བྱས་པ་དང་ལྡན་། ཆོས ༼༤༽ གོས་ཟིན་པ་དང་ལྡན་ནས་ལྷུང་བཟོད་དང་ཆོས་གོས་ཐོགས་ཏེ་། མཉན་ཡོད་གང་ན་བ་དེར་རྒྱུ་ཞིང་དོང་ནས་རིམ་གྱིས་རྒྱུ་ཞིང་དོང་བ་ན་མཉན་ཡོད་དུ་ཕྱིན་ཏོ་༎ དེ་དག་དགེ་སློང་རྣམས་ཀྱིས་རྒྱང་རིང་པོ་ཁོན་ནས་མཐོང་ནས་ཆེ་དང་ལྡན་པ་དག་འོངས་པ་ལེགས་སོ་༎ འོངས ༼༥༽ པ་ལེགས་སོ་ཞེས་ངལ་སོར་བཅུག་ནས་སྨྲས་པ་། ཚེ་དང་ལྡན་པ་དག་ཁྱེད་གང་ནས་ད་འདིར་འོངས་༎ གང་དུ་དབྱར་གནས་པར་དམ་བཅས་། ཚེ་དང་ལྡན་པ་བདག་ཅག་ནི་གླང་པོ་ཆེ་སྦྱོང་བའི་གྲོང་ནས་ད་གཟོད་འདིར་འོངས་ཏེ་། གླང་པོ་ཆེ་སྐྱོང་བའི་གྲོང་དུ་དབྱར་གནས ༼༦༽ པར་དམ་བཅས་སོ་༎ ཚེ་དང་ལྡན་པ་དག་ཇི་ག་ཁྱེད་ཅག་གླང་པོ་ཆེ་སྐྱོང་བའི་གྲོང་དུ་བདེ་བ་ལ་རེག་པར་དབྱར་གནས་པར་དམ་བཅས་སམ་། དེ་ན་ཁྱེད་བསོད་སྙོམས་ཀྱིས་བྲེལ་བར་མ་གྱུར་མོད་། ཚེ་དང་ལྡན་པ་དག་བདེན་ཏེ་། བདག་ཅག་གླང་པོ་ཆེ་སྐྱོང་བའི་གྲོང་དུ་བདེ་བ་ལ ༼༧༽ རེག་པར་དབྱར་གནས་པར་དམ་བཅས་ཤིང་བསོད་སྙོམས་ཀྱིས་ཀྱང་བྲེལ་བར་མ་གྱུར་ཏོ་༎ ཚེ་དང་ལྡན་པ་དག་ཇི་ལྟ་བ་ཞིག་ཏུ་ཁྱེད་ཅག་གླང་པོ་ཆེ་སྐྱོང་བའི་གྲོང་དུ་བདེ་བ་ལ་རེག་པར་དབྱར་གནས་པར་དམ་བཅས་ཤིང་བསོད་སྙོམས་ཀྱིས་ཀྱང་མ་བྲེལ་། ཚེ་དང་ལྡན་པ་དག་གླང ༼༢༤༡བ༡༽ པོ་ཆེ་སྐྱོང་བའི་གྲོང་དེ་ན་ཁྱིམ་བདག་འཆར་ཀ་ཞེས་བྱ་བ་ཞིག་གནས་ཏེ་། དེའི་ཁྱིམ་ན་རང་གི་འཆི་བ་བག་མ་བླངས་ནས་། བདག་ཅག་ལ་དེས་གོས་ཀྱི་རྙེད་པ་དང་ཟས་ཀྱི་རྙེད་པ་མང་དུ་ཕུལ་ཏེ་། དེ་ལྟར་ན་ཚེ་དང་ལྡན་པ་དག་བདག་ཅག་གླང་པོ་ཆེ་སྐྱོང་བའི་གྲོང་དུ་བདེ་པ་ལ ༼༢༽ རེག་པར་དབྱར་གནས་པར་དམ་བཅས་ཏེ་བསོད་སྙོམས་ཀྱིས་ཀྱང་བླེལ་བར་མ་གྱུར་ཏོ་༎ དེ་དག་གིས་སྨྲས་པ་། ཚེ་དང་ལྡན་པ་དག་བདག་ཅག་ལ་ཡང་ཁྱིམ་བདག་དེས་ཕོ་ཉ་བཏང་ནས་འཕགས་པ་དག་ལོངས་སྤྱད་པ་དག་འབུལ་གྱིས་འདིར་སྤྱོན་ཅིག་ཅེས་སྤྲིང་བ་ལས་། ༼༣༽ དེ་ལ་བདག་ཅག་གིས་གླང་པོ་ཆེ་སྐྱོང་བའི་གྲོང་དུ་ཇི་སྲིད་ཡིད་ཅེས་སྨྲས་ན་། དེར་དཔག་ཚད་གསུམ་ལྷག་ཙམ་ཡོད་དོ་ཞེས་ཟེར་ནས་བདག་ཅག་གིས་བློ་སྐྱེས་པ་། བཅོམ་ལྡན་འདས་ཀྱིས་དབྱར་གནས་པར་དམ་བཅས་པའི་དགེ་སློང་གིས་མཚམས་ཀྱི་ཕྱི་རོལ་དུ་འགྲོ་བར་མི་བྱའོ་༎ ༼༤༽ གལ་ཏེ་སོང་ན་དེར་གནས་པར་མི་བྱའོ་ཞེས་གསུངས་སོ་སྙམ་ནས་བདག་ཅག་མ་དོང་ངོ་༎ སྐབས་དེ་དགེ་སློང་རྣམས་ཀྱིས་བཅོམ་ལྡན་འདས་ལ་གསོལ་པ་དང་།,三月夏安居(18)滿已。著衣持鉢。往室羅伐城。漸漸遊行。遂到(19)彼城。詣一寺所。  時有苾芻。即前迎接。代收衣(20)鉢。安置房内。主人問曰。從何而來。何處安(21)居。客便答曰。我等比在象村之側。三月安居(22)滿已。從彼而來。主人問言。汝等安居和合。乞(23)食不以此爲苦耶。答曰。我等於彼安居。甚爲(24)安樂衣食豐足。不以爲苦。  即便問曰。汝等云(25)何於彼安居。衣食豐足。而不乏耶。報言。在彼(26)側近。有一聚落。名曰象村。村有長者。名憂陀(27)延。其家巨富。以深信心。作其福業。多持飮食(28)及以衣服。而來惠施。爲此豐足。  時彼苾芻即(29)作是言。然彼長者亦曾來請。又問彼云。去此(1)幾許。答曰。三踰那。作是念言。若去至彼。(1042c02)恐夜不來世尊不聽於安居内界外而宿。即(3)便不去。時諸苾芻以縁白佛。,.  .  .  .
34e1ec3fd09b4fd49d5665f4cb2e3457,"avān saṃlakṣayaty. ākāṃkṣanti bata me śrāvakāḥ vastralābham āmiṣalābhañ ca. yanv ahaṃ bhikṣūṇāṃ sukhasparśavihārārthaṃ datṝṇāṃ ca deyadharmaparibhogārthaṃ saptāham anujānīyāṃ. tasmād anujānāmi saptāham adhiṣṭhāya gantavyaṃ karaṇīyena. 
uk",བཅོམ་ལྡན་འདས་ཀྱིས་དགོངས་པ་། ཀྱེ་མ་ངའི་ཉན་ཐོས་རྣམས་ནི་གོས་ཀྱི་རྙེད་པ་དང་ཟས་ཀྱི་རྙེད་པ་དག་འདོད ༼༥༽ ཀྱིས་། མ་ལ་ངས་དགེ་སློང་རྣམས་བདེ་བ་ལ་རེག་པར་གནས་པར་བྱ་བའི་ཕྱིར་དང་། སྤྱིན་བདག་གིས་བྱིན་པའི་ཆོས་ཡོངས་སུ་སྤྱད་པར་བྱ་བའི་ཕྱིར་ཞག་བདུན་རྗེས་སུ་གནང་བར་བྱ་སྟེ་། དེ་ལྟ་བས་ན་རྗེས་སུ་གནང་སྟེ་བྱ་བའི་ཕྱིར་ཞག་བདུན་བྱིན་གྱིས་བརླབས་ལ་འགྲོ་བར ༼༦༽ བྱའོ་༎,佛作是念。我(4)之聲聞弟子。雖於衣食無貪著心。然欲令彼(5)得安樂住故。復令施主得受用福。應開七日(6)赴其請喚。因集僧伽。告諸苾芻曰。於安居中。(7)有事須去出界外者。應請七日乃至一日當(8)去。,.
db27bfbe74d14081bdad280d6d711dbe,"ṃ bhagavatā saptāham adhiṣṭhāya gantavyaṃ karaṇīyeneti. bhikṣavo na jānate kasya karaṇīyaṃ. etat prakaraṇaṃ bhikṣavo bhagavata ārocayanti.  bhagavān āha / upāsakasya karaṇīyena upāsikāyāḥ karaṇīyena bhikṣoḥ karaṇīyena bhikṣuṇyāḥ śikṣamāṇāyāḥ śrāmaṇerakasya śrāmaṇerikāyāḥ karaṇīyena. 
ki",བཅོམ་ལྡན་འདས་ཀྱིས་བྱ་བའི་ཕྱིར་ཞག་བདུན་བྱིན་གྱིས་བརླབས་ཏེ་འགྲོ་བར་བྱའོ་ཞེས་གསུངས་པ་དགེ་སློང་དག་གིས་གང་གི་བྱ་བའི་ཕྱིར་མ་ཤེས་པའི་སྐབས་དེ་དགེ་སློང་རྣམས་ཀྱིས་བཅོམ་ལྡན་འདས་ལ་གསོལ་བ་དང་། བཅོམ་ལྡན་འདས་ཀྱིས་བཀའ་སྩལ ༼༧༽ པ་། དགེ་བསྙེན་གྱི་བྱ་བ་དང་། དགེ་བསྙེན་མའི་བྱ་བ་དང་། དགེ་སློང་གི་དང་། དགེ་སློང་མའི་དང་། དགེ་ཚུལ་གྱི་དང་། དགེ་ཚུལ་མའི་བྱ་བའི་ཕྱིར་རོ་༎,佛令去者。苾芻不知何事應去。以縁白佛。  (9)佛言。謂是鄔波索迦。鄔波斯迦。苾芻。苾芻(10)尼。式叉摩拏。求寂男。求寂女等事。,.  .
c4a18a92f33a49009a738f2fce8c6f93,"upāsakasya karaṇīyaṃ. yathāpi tad upāsakasya gṛhakaḍatraṃ pratyupasthitaṃ bhavaty ātmano veṣṭanaṃ. tena tatra prabhūto vastralābha āmiṣalābhaś ca samudānītaḥ. sa bhikṣūṇāṃ dūtam anupreṣayati. āgacchantv āryāḥ paribhokṣyante. gantavyaṃ bhikṣuṇā saptāham adhiṣṭhāya upāsakasya karaṇīyena. idam upāsakasya karaṇīyaṃ. 
ap",དགེ་བསྙིང་གྱི་བྱ་བ་གང་ཞེ་ན་། འདི་ལྟར་ཡང་དགེ་བསྙེན་གྱི་ཁྱིམ་དུ་རང་གི་འཆིད་བ་བག་མ་བླངས་ཏེ་། ༼༢༤༢ཨ༡༽ དེས་དེར་གོས་ཀྱི་རྙེད་པ་དང་ཟས་ཀྱི་རྙེད་པ་མང་དུ་སྟ་གོན་བྱས་ནས་དེས་དགེ་སློང་རྣམས་ལ་ཕོ་ཉ་བཏང་སྟེ་། འཕགས་པ་དག་ལོངས་སྤྱད་པ་དག་འབུལ་གྱིས་ཚུར་སྦྱོན་ཅིག་ཅེས་སྤྲིང་ན་། ཞག་བདུན་བྱིན་གྱིས་བརླབས་ནས་དགེ་བསྙེན་གྱི་བྱ་བའི་ཕྱིར་དགེ ༼༢༽ སློང་འགྲོ་བར་བྱ་སྟེ་། འདི་ནི་དགེ་བསྙེན་གྱི་བྱ་བ་ཡིན་ནོ་༎,不知何者(11)是鄔波索迦等事。佛言。若鄔波索迦家中有(12)事。便以身所著衣。并辦飮食。即令使者請諸(13)苾芻。唯願聖者來受供養。此則名爲鄔波索(14)迦事。應對一苾芻蹲踞合掌受持七日法去。(15)是謂鄔波索迦縁。,.
e91f032357ce408fa37d67ace66c6bcf,"am apy upāsakasya karaṇīyaṃ. yathāpi tad upāsakaś cāturdiśe bhikṣusaṃghe vihāraṃ pratiṣṭhāpayitukāmo bhavati. tena tatra prabhūto vastralābhaḥ āmiṣalābhaś ca samudānītaḥ. sa bhikṣūṇāṃ dūtam anupreṣayaty. āgacchantv āryāḥ paribhokṣyante. gantavyaṃ bhikṣuṇā saptāham adhiṣṭhāya upāsakasya karaṇīyena. idam upāsakasya karaṇīyaṃ. 
ap",གཞན་ཡང་དགེ་བསྙེན་གྱི་བྱ་བ་འདི་ལྟ་སྟེ་། དགེ་བསྙེན་གྱིས་ཕྱོགས་བཞིའི་དགེ་སློང་གི་དགེ་འདུན་གྱི་ཕྱིར་གཙུག་ལག་ཁང་བརྩིགས་པར་འདོད་ནས་། དེས་དེར་གོས་ཀྱི་རྙེད་པ་དང་ཟས་ཀྱི་རྙེད་པ་མང ༼༣༽ དུ་སྟ་གོན་བྱས་ཏེ་། དེས་དགེ་སློང་དག་ལ་ཕོ་ཉ་བཏང་ནས་། འཕགས་པ་དག་ལོངས་སྤྱད་པ་དག་འབུལ་གྱིས་ཚུར་སྤྱོན་ཅིག་ཅེས་སྤྲིང་ན་། ཞག་བདུན་བྱིན་གྱིས་བརླབས་ལ་དགེ་བསྙེན་གྱི་བྱ་བའི་ཕྱིར་དགེ་སློང་འགྲོ་བར་བྱ་སྟེ་། འདི་ནི་དགེ་བསྙེན་གྱི་བྱ་བ་ཡིན་ནོ་༎,,.
e5d5452cbd874e7380a4327700edb23c,"am apy upāsakasya karaṇīyaṃ yathāpi tad upāsakas tasminn eva vihāre śayanāsanam anupradātukāmo bhavati. tena tatra prabhūto vastralābhaḥ āmiṣalābhaś ca samudānīto bhavati. sa bhikṣūṇāṃ dūtam anupreṣayati. āgacchantv āryāḥ paribhokṣyante. (76v = GBM 735) gantavyaṃ bhikṣuṇā saptāham adhiṣṭhāya upāsakasya karaṇīyena. idam upāsakasya karaṇīyaṃ. 
ap",༼༤༽ གཞན་ཡང་དགེ་བསྙེན་གྱི་བྱ་བ་འདི་ལྟ་སྟེ་། དགེ་བསྙེན་གྱིས་གཙུག་ལག་ཁང་དེ་ཉིད་དུ་གནས་མལ་དབུལ་བར་འདོད་པར་གྱུར་ནས་། དེས་དེར་གོས་ཀྱི་རྙེད་པ་དང་ཟས་ཀྱི་རྙེད་པ་མང་དུ་སྟ་གོན་བྱས་ཏེ་། དེས་དགེ་སློང་རྣམས་ལ་ཕོ་ཉ་བཏང་ནས་། འཕགས་པ་དག ༼༥༽ ལོངས་སྤྱད་པ་དག་དབུལ་གྱིས་ཚུར་སྤྱོན་ཅིག་ཅེས་སྤྲིང་ན་། ཞག་བདུན་བྱིན་གྱིས་བརླབས་ལ་དགེ་བསྙེན་གྱི་བྱ་བའི་ཕྱིར་དགེ་སློང་འགྲོ་བར་བྱ་སྟེ་། འདི་ནི་དགེ་བསྙེན་གྱི་བྱ་བ་ཡིན་ནོ་༎,若鄔波索迦。欲與苾芻臥(16)具等物。并種種衣食。喚苾芻曰。唯願聖衆哀(17)受我施衣食。佛言。苾芻應守持七日法出界(18)外。是名鄔波索迦縁。,.
d8b871c4db134711a4f633cdbd2aabf4,"am apy upāsakasya karaṇīyaṃ. yathāpi tad upāsakas tasminn eva vihāre dhruvabhikṣāṃ prajñapayitukāmo bhavaty anukūlayajñaṃ. tena tatra prabhūto vastralābhaḥ āmiṣalābhaś ca samudānīto bhavati. sa bhikṣūṇāṃ dūtam anupreṣayaty. āgacchantv āryāḥ paribhokṣyante. gantavyaṃ bhikṣuṇā saptāham adhiṣṭhāya upāsakasya karaṇīyena. idam upāsakasya karaṇīyaṃ. 
ap",གཞན་ཡང་དགེ་བསྙེན་གྱི་བྱ་བ་འདི་ལྟ་སྟེ་། དགེ་བསྙེན་གྱིས་གཙུག་ལག ༼༦༽ ཁང་དེ་ཉིད་དུ་མཐུན་པའི་མཆོད་སྦྱིན་བརྟན་པོ་བཅའ་བར་འདོད་ནས་། དེས་དེར་གོས་ཀྱི་རྙེད་པ་དང་ཟས་ཀྱི་རྙེད་པ་མང་དུ་སྟ་གོན་བྱས་ཏེ་། དེས་དགེ་སློང་རྣམས་ལ་ཕོ་ཉ་བཏང་ནས་། འཕགས་པ་དག་ལོངས་སྤྱོད་པ་དག་དབུལ་གྱིས་ཚུར་སྦྱོན་ཅིག་ཅེས་སྤྲིང་ན་། ཞག་བདུན་བྱིན ༼༧༽ གྱིས་བརླབས་ལ་དགེ་བསྙེན་གྱི་བྱ་བའི་ཕྱིར་དགེ་སློང་འགྲོ་བར་བྱ་སྟེ་། འདི་ནི་དགེ་བསྙེན་གྱི་བྱ་བ་ཡིན་ནོ་༎,若有鄔波索迦。爲諸苾(19)芻無飮食故。多造上味美好飮食。來喚苾芻。(20)佛言。應受持七日法出界外。是名鄔波索迦(21)事,.
039bc78fc28340fca83b45427b9d0e65,"am apy upāsakasya karaṇīyaṃ. yathāpi tad upāsakas tasminn eva vihāre tathāgatasya śarīraṃ stūpaṃ pratiṣṭhāpayitukāmo bhavati / sa bhikṣūṇāṃ dūtam anupreṣayati. āgacchantv āryā dharmasakhāyo bhaviṣyanti. gantavyaṃ bhikṣuṇā saptāham adhiṣṭhāya upāsakasya karaṇīyena. idam upāsakasya karaṇīyaṃ. 
ap",གཞན་ཡང་དགེ་བསྙེན་གྱི་བྱ་བ་འདི་ལྟ་སྟེ་། དགེ་བསྙེན་གྱིས་གཙུག་ལག་ཁང་དེ་ཉིད་དུ་དེ་བཞིན་གཤེགས་པའི་སྐུ་གསུང་གིས་མཆོད་རྟེན་གཅིག་པར་འདོད ༼༢༤༢བ༡༽ ནས་། དེས་དགེ་སློང་རྣམས་ལ་ཕོ་ཉ་བཏང་སྟེ་། འཕགས་པ་དག་ཚུར་སྤྱོན་ཅིག་ཆོས་ཀྱི་གྲོགས་མཛོད་ཅིག་ཅེས་སྤྲིང་ན་། ཞག་བདུན་བྱིན་གྱིས་བརླབས་ལ་དགེ་བསྙེན་གྱི་བྱ་བའི་ཕྱིར་དགེ་སློང་འགྲོ་བར་བྱ་སྟེ་། འདི་ནི་དགེ་བསྙེན་གྱི་བྱ་བ་ཡིན་ནོ་༎,(22)復有鄔波索迦。造窣覩波。欲安馱都。并辦種(23)種香花。來請苾芻曰。唯願大徳助我功徳。佛(24)言。苾芻應受持七日法去。是名鄔波索迦。及(25)以佛事。,.
dd60b1afd3194be2b0b2ecb4c8819ba4,"am apy upāsakasya karaṇīyaṃ. yathāpi tad upāsakas tasminn eva stūpe yaṣṭyāropaṇaṃ chatrāropaṇaṃ dhvajāropaṇaṃ patākāropaṇam* / alaṃsekaṃ candanasekaṃ kuṃkumasekam anupradātukāmo bhavati. sa bhikṣūṇāṃ dūtam anupreṣayaty. āgacchantv āryā dharmasakhāyaḥ me bhaviṣyanti. gantavyaṃ bhikṣuṇā upāsakasya karaṇīyena saptāham adhiṣṭhāya. idam upāsakasya karaṇīyaṃ. 
ap",གཞན་ཡང ༼༢༽ དགེ་བསྙེན་གྱི་བྱ་བ་འདི་ལྟ་སྟེ་། དགེ་བསྙེན་གྱིས་མཆོད་རྟེན་དེ་ཉིད་ལ་སྲོག་ཤིང་གཟུགས་པ་དང་། གཏུགས་གདགས་པ་དང་། རྒྱལ་མཚན་གཟུགས་པ་དང་། འཕན་གདགས་པ་དང་། དྲི་སྣ་ཚོགས་ཀྱི་བྱུག་པ་དང་། ཙན་དན་གྱི་བསྐུ་པ་དང་། གུར་ཀུམ་གྱི ༼༣༽ བྱུག་པ་དག་དབུལ་བར་འདོད་ནས་། དེས་དགེ་སློང་རྣམས་ལ་ཕོ་ཉ་བཏང་སྟེ་། འཕགས་པ་དག་ཚུར་སྤྱོན་ཅིག་། བདག་གི་ཆོས་ཀྱི་གྲོགས་མཛོད་ཅིག་ཅེས་སྤྲིང་ན་། ཞག་བདུན་བྱིན་གྱིས་བརླབས་ལ་དགེ་བསྙེན་གྱི་བྱ་བ་བའི་ཕྱིར་དགེ་སློང་འགྲོ་བར་བྱ་སྟེ་། འདི་ནི་དགེ་བསྙེན ༼༤༽ གྱི་བྱ་བ་ཡིན་ནོ་༎,更有餘鄔波索迦等。造塔安其相輪。(26)或幢幡蓋。或著檀香。及欝金等種種諸香。供(27)養於塔。并將飮食衣服供養。來請苾芻(28)佛言。應受持七日法去。是名苾波索迦事。,.
f9978b9573924e3abca111a762e3cd61,"am apy upāsakasya karaṇīyaṃ. yathāpi tad upāsakasya karaṇīyaṃ caturṇāṃ sūtranikāyānāṃ anyatamānyatamaṃ sūtranikāyaṃ vistareṇoddiṣṭaṃ bhavati pravṛttaṃ ca. tena tatra prabhūto vastralābha āmiṣalābhaś ca samudānīto bhavati. sa bhikṣūṇāṃ dūtam anupreṣayati. āgacchantv āryāḥ paribhokṣyante. gantavyaṃ bhikṣuṇā saptāham adhiṣṭhāya upāsakasya karaṇīyena. idam upāsakasya karaṇīyaṃ. 
ap",གཞན་ཡང་དགེ་བསྙེན་གྱི་བྱ་བ་འདི་ལྟ་སྟེ་། དགེ་བསྙེན་གྱིས་མདོ་སྡེ་རིས་བཞི་ལས་མདོ་སྡེའི་རིས་གང་ཡང་རུང་བ་ཞིག་རྒྱས་པར་བཀླགས་སམ་བཏོན་པར་གྱུར་ནས་། དེས་དེར་གོས་ཀྱི་རྙེད་པ་དང་ཟས་ཀྱི་རྙེད་པ་མང་དུ་སྟ་གོན་བྱས་ཏེ་། དགེ་སློང་དག་ལ་ཕོ་ཉ ༼༥༽ བཏང་ནས་འཕགས་པ་དག་ལོངས་སྦྱད་པ་དག་དབུལ་གྱིས་ཚུར་སྤྱོན་ཅིག་ཅེས་སྤྲིང་ན་། ཞག་བདུན་བྱིན་གྱིས་བརླབས་ལ་དགེ་བསྙེན་གྱི་བྱ་བའི་ཕྱིར་དགེ་སློང་འགྲོ་བར་བྱ་སྟེ་། འདི་ནི་དགེ་བསྙེན་གྱི་བྱ་བ་ཡིན་ནོ་༎,若(29)有鄔波索迦。或書寫蘇呾囉。及以修學。或寫(1043a1)摩㗌里迦。及以修學。并諸佛語。既寫了。欲設(2)供。來請苾芻。佛言。應受持七日法去。是名鄔(3)波索迦事,.
9fbab0f7742c42ab959ec9298d4c9e02,"am apy upāsakasya karaṇīyaṃ. yathāpi tad upāsakasya kaukṛtyam utpannaṃ bhavati. sa bhikṣūṇāṃ dūtam anupreṣayaty. āgacchantv āryāḥ utpannaṃ kaukṛtyaṃ prativinodayiṣyanti. gantavyaṃ bhikṣuṇā saptāham adhiṣṭhāya upāsakasya karaṇīyena. idam upāsakasya karaṇīyaṃ. 
ap",གཞན་ཡང་དགེ་བསྙེན་གྱི་བྱ་བ་འདི་ལྟ་སྟེ་། དགེ་བསྙེན་ཞིག ༼༦༽ འགྱོད་པར་གྱུར་ནས་དེས་དགེ་སློང་རྣམས་ལ་ཕོ་ཉ་བཏང་སྟེ་། འཕགས་པ་དག་འགྱོད་པ་སྐྱེས་པ་སོ་སོར་བསལ་གྱིས་ཚུར་སྤྱོན་ཅིག་ཅེས་སྤྲིང་ན་། ཞག་བདུན་བྱིན་གྱིས་བརླབས་ལ་དགེ་བསྙེན་གྱི་བྱ་བའི་ཕྱིར་དགེ་སློང་འགྲོ་བར་བྱ་སྟེ་། འདི་ནི་དགེ་བསྙེན་གྱི་བྱ་བ་ཡིན་ནོ་༎,(4)若鄔波索迦。於略詮中。并諸有疑。不能決了。(5)欲問苾芻解其義句設其飮食來請苾芻。爲(6)除疑故。得受持七日出界。是名鄔波索迦。并(7)及法事,.
54d8de6c13aa45108234e0c4004df5a8,"am apy upāsakasya karaṇīyaṃ. yathāpi tad upāsakasya pāpakaṃ dṛṣṭigatam utpannaṃ bhavati. sa bhikṣūṇāṃ dūtam anupreṣayaty. āgacchantv āryā utpannaṃ pāpakaṃ dṛṣṭigataṃ pratiniḥsṛjāpayiṣyanti. gantavyaṃ bhikṣuṇā saptāham adhiṣṭhāya upāsakasya karaṇīyena. idam upāsakasya karaṇīyaṃ. 
ap",༼༧༽ གཞན་ཡང་དགེ་བསྙེན་གྱི་བྱ་བ་འདི་ལྟ་སྟེ་། དགེ་བསྙེན་ཞིག་སྡིག་པ་ཅན་གྱི་ལྟ་བར་སོང་པ་སྐྱེས་པར་གྱུར་ནས་། དེས་དགེ་སློང་དག་ལ་ཕོ་ཉ་བཏང་སྟེ་། འཕགས་པ་དག་སྡིག་པ་ཅན་གྱི་ལྟ་བར་སོང་བ་སྐྱེས་པ་དེ་སོ་སོར་བསལ་གྱིས་ཚུར་སྤྱོན་ཅིག་ཅེས ༼༢༤༣ཨ༡༽ སྤྲིང་ན་། ཞག་བདུན་བྱིན་གྱིས་བརླབས་ལ་དགེ་བསྙེན་གྱི་བྱ་བའི་ཕྱིར་དགེ་སློང་འགྲོ་བར་བྱ་སྟེ་། འདི་ནི་དགེ་བསྙེན་གྱི་བྱ་ཕ་ཡིན་ནོ་༎,(8)若鄔波索迦。忽然邪見。不信因果。來請苾芻。(9)爲除邪見。佛言。苾芻應受持七日法出界。爲(10)除邪見。是名鄔波索迦事,.
c780fcd180be4a32b0779824c61e174b,"am apy upāsakasya karaṇīyaṃ. yathāpi tat saṃgha upāsakasya saṃghena pātraṃ nikubjayitukāmo bhavati / sa bhikṣūṇāṃ dūtam anupreṣayati / āgacchantv āryā dharmeṇa pakṣaṃ bhajiṣyanti. gantavyaṃ bhikṣuṇā saptāham adhiṣṭhāya upāsakasya karaṇīyena. idam upāsakasya karaṇīyaṃ. 
ap",གཞན་ཡང་དགེ་བསྙེན་གྱི་བྱ་བ་འདི་ལྟ་སྟེ་། དགེ་འདུན་གྱིས་དགེ་བསྙེན་ལ་ལྟུང་བཟེད་ཁས་དབུབ་པར་འདོད་པར་གྱུར ༼༢༽ པ་དང་། དེས་དགེ་སློང་དག་ལ་ཕོ་ཉ་བཏང་སྟེ་། འཕགས་པ་དག་ཆོས་དང་མཐུན་པའི་ཕྱོགས་སྟེན་པར་བགྱིད་ཀྱིས་ཚུར་སྤྱོན་ཅིག་ཅེས་སྤྲིང་ན་། ཞག་བདུན་བྱིན་གྱིས་བརླབས་ལ་དགེ་བསྙེན་གྱི་བྱ་བའི་ཕྱིར་དགེ་སློང་འགྲོ་བར་བྱ་སྟེ་། འདི་ནི་དགེ་བསྙེན་གྱི་བྱ་བ་ཡིན་ནོ་༎,(11)若鄔波索迦。爲妻有娠。恐生災難。欲令母子(12)平安。來請僧伽覆鉢供養。佛言。苾芻應受持(13)七日法去。是名苾波索迦事,.
37bfab2628f84acda7000c903a82350a,"am apy upāsakasya karaṇīyaṃ. yathāpi tad upāsakasya saṃghena pātraṃ nikubjitaṃ bhavati. sa bhikṣūṇāṃ dūtam anupreṣayati. āgacchantv āryāḥ pāttraṃ nikubjam unmajjāpayiṣyatha : gantavyaṃ bhikṣuṇā saptāham adhiṣṭhāya upāsakasya karaṇīyena. idam upāsakasya karaṇīyaṃ. 
ap",༼༣༽ གཞན་ཡང་དགེ་བསྙེན་གྱི་བྱ་བ་འདི་ལྟ་སྟེ་། དགེ་འདུན་གྱིས་དགེ་བསྙེན་ལ་ལྷུང་བཟེད་ཁས་བུབ་པར་གྱུར་པ་དང་། དེས་དགེ་གློང་རྣམས་ལ་ཕོ་ཉ་བཏང་སྟེ་། འཕགས་པ་དག་ལྷུང་བཟེད་ཁས་བུབ་པ་བཏང་བར་གསོལ་། ཚུར་སྤྱོན་ཅིག་ཅེས་སྤྲིང་ན་ཞང་བདུན་བྱིན་གྱིས ༼༤༽ བརླབས་ལ་དགེ་བསྙེན་གྱི་བྱ་བའི་ཕྱིར་དགེ་སློང་འགྲོ་བ་བྱ་སྟེ་། འདི་ནི་དགེ་བསྙེན་གྱི་བྱ་བ་ཡིན་ནོ་༎,,.
f256871666444a8597812132fbdfa621,"am apy upāsakasya karaṇīyaṃ. yathāpi tad upāsakasya ābādhiko (77r = GBM 736) duḥkhito bāḍhaglānaḥ. sa bhikṣūṇāṃ dūtam anupreṣayati. āgacchantv āryā vācaṃ dāsyanti. gantavyaṃ bhikṣuṇā saptāham adhiṣṭhāya upāsakasya karaṇīyena. idam upāsakasya karaṇīyaṃ. 
ki",གཞན་ཡང་དགེ་བསྙེན་གྱི་བྱ་བ་འདི་ལྟ་སྟེ་། དགེ་བསྙེན་ན་བ་སྡུག་བསྔལ་བ་ནད་ཚབས་ཆེ་བར་གྱུར་ནས་དེས་དགེ་སློང་རྣམས་ལ་ཕོ་ཉ་བཏང་སྟེ་། འཕགས་པ་དག ༼༥༽ ཚུར་སྤྱོན་ཅིག་། འགའ་སྩོལ་ཅིག་ཅེས་སྤྲིང་ན་ཞག་བདུན་བྱིན་གྱིས་བརླབས་ལ་དགེ་བསྙེན་གྱི་བྱ་བའི་ཕྱིར་དགེ་སློང་འགྲོ་བར་བྱ་སྟེ་། འདི་ནི་དགེ་བསྙེན་གྱི་བྱ་བ་ཡིན་ནོ་༎,(14)若鄔波索迦。爲病患事。設諸飮食。并施衣服。(15)來請苾芻。白言。我病恐畏命盡。供養僧伽。有(16)如是事。佛言。得受持七日法去。是名鄔波索(17)迦事,.
3ddd902faaee4abeb773a96afe52d2a0,"upāsikāyāḥ karaṇīyaṃ sthāpayitvā gṛhakaḍatram ātmano veṣṭanaṃ. 
ki",དགེ་བསྙེན་མའི་བྱ་བ་གང་ཞེ་ན་། དེ་དག་ཐམས་ཅད་དགེ་བསྙེན་མའི་བྱ་བ་ཡིན་ཏེ་། རང་གི ༼༦༽ འཆིང་བ་བག་མ་ལེན་པ་ནི་མ་གཏོགས་སོ་༎,(18)云何鄔波斯迦事。廣如鄔婆索迦事,.
631a7c19747a4e61bc4512cfd457b7f5,"bhikṣoḥ karaṇīyaṃ. yathāpi tad bhikṣuḥ cāturdiśe bhikṣusaṃghe ārāmaṃ niryātayitukāmo bhavati. tena tatra prabhūto vastralābhaḥ āmiṣalābhaś ca samudānīto bhavati. sa bhikṣūṇāṃ dūtam anupreṣayaty. āgacchantv āyuṣmantaḥ paribhokṣyante / gantavyaṃ bhikṣuṇā saptāham adhiṣṭhāya bhikṣoḥ karaṇīyena. idaṃ bhikṣoḥ karaṇīyaṃ. 
ap",དགེ་སློང་གི་བྱ་བ་གང་ཞེ་ན་། འདི་ལྟ་སྟེ་། དགེ་སློང་ཞིག་གིས་ཕྱོགས་བཞིའི་དགེ་སློང་གི་དགེ་འདུན་ལ་ཀུན་དགའ་རབ་དབུལ་བར་འདོད་ནས་། དེས་དེར་གོས་ཀྱི་རྙེད་པ་དང་ཟས་ཀྱི་རྙེད་པ་མང་དུ་སྟ་གོན་བྱས་ནས་དེས་དགེ་སློང ༼༧༽ རྣམས་ལ་ཕོ་ཉ་བཏང་སྟེ་། ཚེ་དང་ལྡན་པ་དག་ལོངས་སྤྱད་པ་དག་འབུལ་གྱིས་ཚུར་སྤྱོན་ཅིག་ཅེས་སྤྲིང་ན་། ཞག་བདུན་བྱིན་གྱིས་བརླབས་ལ་དགེ་སློང་གི་བྱ་བའི་ཕྱིར་དགེ་སློང་འགྲོ་བར་བྱ་སྟེ་། འདི་ནི་དགེ་སློང་གི་བྱ་བ་ཡིན་ནོ་༎,(19)云何苾芻事。如有苾芻。剏造住處及園林。施(20)四方僧伽。因爲慶讃。設諸飮食。并施衣服。供(21)養僧伽。令使請喚苾芻就時。諸苾芻應受持(22)七日法去。是名苾芻縁,.
77e25080a7254454901de75a382d7977,"am api bhikṣoḥ karaṇīyaṃ. yathāpi tad bhikṣus tasminn evārāme vihāraṃ śayanāsanaṃ dhruvabhikṣāṃ tathāgatasya śarīraṃ stūpaṃ. alaṃsekaṃ candanasekaṃ yaṣṭyāropaṇaṃ dhvajāropaṇaṃ sūtranikāyānām anyatamānyatamaṃ sūtranikāyaṃ kaukṛtyaṃ pāpakaṃ dṛṣṭigatam utpannaṃ bhavati. sa bhikṣūṇāṃ dūtam anupreṣayati. āgacchantv āyuṣmantaḥ utpannaṃ pāpakaṃ dṛṣṭigataṃ pratiniḥsṛjāpayiṣyanti. gantavyaṃ bhikṣuṇā saptāham adhiṣṭhāya bhikṣoḥ karaṇīyena. idaṃ bhikṣoḥ karaṇīyaṃ. pūrvavat sarvaṃ vistareṇa vācyaṃ // 
ap",གཞན་ཡང་དགེ་སློང་གི་བྱ་བ་འདི་ལྟ་སྟེ་༎ ༼༢༤༣བ༡༽ དགེ་སློང་གིས་ཀུན་དགའ་རབ་དེ་ཉིད་དུ་གཙུག་ལག་ཁང་དང་། གནས་མལ་དང་། འཚོ་བ་བརྟན་པོ་དང་། དེ་བཞིན་གཤེགས་པའི་སྐུ་གདུང་གི་མཆོད་རྟེན་ལ་དྲི་སྣ་ཚོགས་ཀྱིས་བྱུག་པ་དང་། ཙན་དན་གྱིས་བྱུག་པ་དང་། སྲོག་ཤིང་གཟུགས་པ་དང་། རྒྱལ ༼༢༽ མཚན་གཟུགས་པ་དང་། མདོ་སྡེའི་རིས་བཞི་ལས་མདོ་སྡེའི་རིས་གང་ཡང་རུང་བ་དང་། འགྱོད་པ་དང་། སྡིག་པའི་ལྟ་བར་སོང་བ་སྐྱེས་ནས་དེས་དགེ་སློང་རྣམས་ལ་ཕོ་ཉ་བཏང་སྟེ་། ཚེ་དང་ལྡན་པ་དག་སྡིག་པའི་ལྟ་བར་སོང་བ་སྐྱེས་པ་སོ་སོར་བསལ་གྱིས་ཚུལ་སྤྱོན ༼༣༽ ཅིག་ཅེས་སྤྲིང་ན་། ཞག་བདུན་བྱིན་གྱིས་བརླབས་ལ་དགེ་སློང་གི་བྱ་བའི་ཕྱིར་དགེ་སློང་འགྲོ་བ་བྱ་སྟེ་། འདི་ནི་དགེ་སློང་གི་བྱ་བ་ཡིན་ཏོ་། ཐམས་ཅད་གོང་མ་བཞིན་དུ་རྒྱས་པར་བརྗོད་པར་བྱའོ་༎,(23)又苾芻縁。施諸苾芻園已。復更施臥具。并(24)與常請供養。或爲設利羅造塔。或復塗檀及(25)欝金等諸香。或安相輪。及幢幡蓋等。并設供(26)養四部衆等。書寫經等。如上諸縁來請。苾芻(27)應受七日法去。是名苾芻縁,.
65005d361c1d4f4dad0890fe4cdf8d45,"am api bhikṣoḥ karaṇīyaṃ. yathāpi tat saṃghaḥ bhikṣor imāny evaṃrūpāṇi praṇidhikarmāṇi kartukāmo bhavati. tadyathā tarjanīyaṃ karma nigarhaṇīyaṃ pravāsanīyaṃ pratisaṃharaṇīyam adarśanāyotkṣepaṇīyam apratikarmaṇāyotkṣepaṇīyaṃ apratiniḥsṛṣṭe pāpake dṛṣṭigate utkṣepaṇīyaṃ karma. sa bhikṣūṇāṃ dūtam anupreṣayati. āgacchantv āyuṣmanto dharmeṇa pakṣaṃ bhajiṣyanti. gantavyaṃ bhikṣuṇā saptāham adhiṣṭhāya bhikṣoḥ karaṇīyena. idaṃ bhikṣoḥ karaṇīyaṃ. 
ap",གཞན་ཡང་དགེ་སློང་གི་བྱ་བ་འདི་ལྟ་སྟེ་། དགེ་འདུན་གྱིས་དགེ་སློང ༼༤༽ ཞིག་ལ་ཆད་པའི་ལས་འདི་ལྟ་སྟེ་། བསྡིགས་པའི་ལས་སམ་། སྨད་པའི་ལས་སམ་། བསྐྲད་པའམ་། ཕྱིར་འགྱེད་པ་དང་། མི་སྣང་བར་གནས་ནས་དབྱུང་བའམ་། ཕྱིར་མི་འཆོས་པ་གནས་ནས་དབྱུང་བ་འམ་། སྡིག་པའི་ལྟ་པར་སོང་བ་མ་བཏང་བ་གནས་ཉས་དབྱུང ༼༥༽ བའི་ལས་དེ་ལྟ་བུ་བྱ་བར་འདོད་པར་གྱུར་པ་དང་། དེས་དགེ་སློང་རྣམས་ལ་ཕོ་ཉ་བཏང་སྟེ་། ཚེ་དང་ལྡན་པ་དག་ཆོས་དང་མཐུན་པའི་ཕྱོགས་དང་མཐུན་པར་བགྱིད་པར་འགྱུར་གྱིས་ཚུར་སྤྱོན་ཅིག་ཅེས་སྤྲིང་ན་། ཞག་བདུན་བྱིན་གྱིས་བརླབས་ལ་དགེ་སློང་གི་བྱ་བའི་ཕྱིར་དགེ་སློང་འགྲོ ༼༦༽ པར་བྱ་སྟེ་། འདི་ནི་དགེ་སློང་གི་བྱ་བ་ཡིན་ནོ་༎,(28)若有苾芻。欲治罰惡人。作諸羯磨等。來請苾(29)芻僧伽。共爲佐助。苾芻僧伽應受七日法去。(1043b1)是名苾芻縁,.
75425088c8144592a10eaed8f73f8f53,"am api bhikṣoḥ karaṇīyaṃ. yathāpi tat saṃghena bhikṣor imāny evaṃrūpāṇi praṇidhikarmāṇi kṛtāni bhavanti. tadyathā tarjanīyaṃ karma nigarhaṇīyaṃ karma pravāsanīyaṃ pratisaṃharaṇīyaṃ adarśanāyotkṣepaṇīyam apratikarmaṇāyotkṣepaṇīyam apratiniḥsṛṣṭe pāpake dṛṣṭigate utkṣepaṇīyaṃ karma. sa bhikṣūṇāṃ dūtam anupreṣayaty. āgacchantv āyuṣmantaḥ osārayiṣyanti. gantavyaṃ bhikṣuṇā saptāham adhiṣṭhāya bhikṣoḥ karaṇīyena. idaṃ bhikṣoḥ karaṇīyaṃ. 
 
",གཞན་ཡང་དགེ་སློང་གི་བྱ་བ་འདི་ལྟ་སྟེ་། དགེ་འདུན་གྱིས་དགེ་སློང་གི་ཆད་པའི་ཀས་འདི་ལྟ་སྟེ་། བསྡིགས་པའི་ལས་སམ་། སྨད་པའི་ལས་སམ་༎ བསྐྲད་པའི་ལས་སམ་། ཕྱིར་འགྱེད་པའི་ལས་སམ་། མི་སྣང་བར ༼༧༽ གནས་ནས་དབྱུང་བའམ་། ཕྱིར་མི་འཆོས་པ་གནས་ནས་དབྱུང་བའམ་། སྡིག་པའི་ལྟ་བར་སོང་བ་གནས་ནས་དབྱུང་བའི་ལས་དེ་ལྟ་བུར་བྱས་པ་དང་། དེས་དགེ་སློང་རྣམས་ལ་ཕོ་ཉ་བཏང་སྟེ་། ཚེ་དང་ལྡན་པ་དག་འབྱིན་པར་འགྱུཨུར་གྱིས་། ཚུར་སྤྱོན་ཅགི་ཅེས་སྤྲིང་ན་། ༼༢༤༤ཨ༡༽ ཞག་བདུན་བྱིན་གྱིས་བརླབས་ལ་དགེ་སློང་གི་བྱ་བའི་ཕྱིར་དགེ་སློང་འགྲོ་བ་བྱ་སྟེ་། འདི་ནི་དགེ་སློང་གི་བྱ་བ་ཡིན་ནོ་༎,(2)若苾芻僧伽。欲治罰惡人作諸羯磨。來請苾(3)芻。汝來助我。苾芻應受持七日法去。是名苾(4)芻僧伽縁,.
67fadcc8881a4ff095c53f55578cf8d2,,གཞན་ཡང་དགེ་སློང་གི་བྱ་བ་འདི་ལྟ་སྟེ་། དགེ་སློང་ཞིག་ལ་དགེ་འདུན་གྱིས་ལྷག་མའི་ལྟུང་བ་བྱུང་བར་གྱུར་ནས་། དེས་དགེ་སློང ༼༢༽ རྣམས་ལ་ཕོ་ཉ་བཏང་སྟེ་། ཚེ་དང་ལྡན་པ་དག་ཚུང་སྦྱོན་། སྤོ་བ་སྩལ་དུ་གསོལ་ཞེས་སྤྲིང་ན་ཞག་བདུན་བྱིན་གྱིས་བརླབས་ལ་དགེ་སློང་གི་བྱ་བའི་ཕྱིར་དགེ་སློང་འགྲོ་བར་བྱ་སྟེ་། འདི་ནི་དགེ་སློང་གི་བྱ་བ་ཡིན་ནོ་༎,,.
fdc74d745fb94f0cb8e155ef0ecb4b9e,,གཞན་ཡང་དགེ་སློང་གི་བྱ་བ་འདི་ལྟ་སྟེ་། དགེ་སློང་གིས ༼༣༽ སྤོ་བ་རྫོགས་ནས་དེས་དགེ་སློང་རྣམས་ལ་ཕོ་ཉ་བཏང་སྟེ་། ཚེ་དང་ལྡན་པ་དག་ཚུར་སྤྱོན་། མགུ་བར་བགྱི་བ་སྩལ་དུ་གསོལ་ཞེས་སྤྲིང་ན་། ཞག་བདུན་བྱིན་གྱིས་བརླབས་ཏེ་དགེ་སློང་གི་བྱ་བའི་ཕྱིར་དགེ་སློང་འགྲོ་བར་བྱ་སྟེ་། འདི་ནི་དགེ་སློང་གི་བྱ་བ་ཡིན་ནོ་༎,,.
06a145e2bcac4862b72c31924bb6b29f,,གཞན ༼༤༽ ཡང་དགེ་སློང་གི་བྱ་བ་འདི་ལྟ་སྟེ་། དགེ་སློང་གིས་མགུ་བར་བྱ་བ་སྤྱད་ནས་དེས་དགེ་སློང་རྣམས་ལ་ཕོ་ཉ་བཏང་སྟེ་། ཚེ་དང་ལྡན་པ་དག་ཚུར་སྤྱོན་དབྱུང་བ་བགྱིར་གསོལ་ཞེས་སྤྲིང་ན་། ཞག་བདུན་བྱིན་གྱིས་བརླབས་ཏེ་དགེ་སློང་གི་བྱ་བའི་ཕྱིར་དགེ་སློང་འགྲོ་བར་བྱ་སྟེ་། འདི་ནི ༼༥༽ དགེ་སློང་གི་བྱ་བ་ཡིན་ནོ་༎,,.
9ac2d1fd36604a99a90feedb6030609f,"am api bhikṣoḥ karaṇīyaṃ. yathāpi tad bhikṣur ābādhiko duḥkhito bāḍhaglāno bhavati / sa bhikṣūṇāṃ dūtam anupreṣayaty āgacchantv āyuṣmanto vācaṃ bhāṣiṣyanti. gantavyaṃ bhikṣuṇā saptāham adhiṣṭhāya bhikṣoḥ karaṇīyena. idaṃ bhikṣoḥ karaṇīyaṃ. 
ki",གཞན་ཡང་དགེ་སློང་གི་བྱ་བ་འདི་ལྟ་སྟེ་། དགེ་སློང་ན་པ་སྡུག་བསྔལ་པ་ནད་ཚབས་ཆེ་བ་ཞིག་གིས་དགེ་སློང་རྣམས་ལ་ཕོ་ཉ་བཏང་སྟེ་། ཚེ་དང་ལྡན་པ་གཚུར་སྤྱོན་ཅིག་། འགའ་སྩོལ་ཅིག་ཅེས་སྤྲིང་ན་ཞག་བདུན་བྱིན་གྱིས་བརླབས་ལ་དགེ ༼༦༽ སློང་གི་བྱ་བའི་ཕྱིར་དགེ་སློང་འགྲོ་བར་བྱ་སྟེ་། འདི་ནི་དགེ་སློང་གི་བྱ་བ་ཡིན་ནོ་༎,(5)若有苾芻。病重困苦。遣使來請苾芻。爲我説(6)法。及請相看。佛言。苾芻應受持七日法去。是(7)名苾芻縁,.
be45c7921509499d870aecfb0e2e1be3,"bhikṣuṇyāḥ karaṇīyaṃ. sthāpayitvā praṇidhikarmāṇi // 
 
",དགེ་སློང་མའི་བྱ་བ་གང་ཞེ་ན་། དེ་དག་ཐམས་ཅད་དགེ་སློང་མའི་བྱ་བ་ཡིན་ཏེ་། ཆད་པའི་ལས་ནི་མ་གཏོགས་སོ་༎,(8)云何苾芻尼等縁。一同苾芻。於中別者。供養(9)苾芻僧伽。或供養法。或時施物。并學佛法,.
a376bd25ccc24de491d7cba07042364c,,གཞན་ཡང་དགེ་སློང་མའི་བྱ་བ་འདི་ལྟ་སྟེ་། དགེ་སློང་མ ༼༧༽ ཞིག་ལ་ལྕི་བའི་ཆོས་ཀྱི་ལྟུང་བ་བྱུང་བར་གྱུར་ནས་དེས་དགེ་སློང་རྣམས་ལ་ཕོ་ཉ་བཏང་སྟེ་། འཕགས་པ་དག་ཚུར་སྤྱོན་། ཟླ་བ་བྱེད་ཀྱི་བར་དུ་མགུ་བར་བགྱི་བ་སྩལ་དུ་གསོལ་ཞེས་སྤྲིང་ན་། ཞག་བདུན་བྱིན་གྱིས་བརླབས་ལ་དགེ་སློང་མའི་བྱ་བའི་ཕྱིར་དགེ་སློང་འགྲོ་བར་བྱ་སྟེ་། ༼༢༤༤བ༡༽ འདི་ནི་དགེ་སློང་མའི་བྱ་བ་ཡིན་ནོ་༎,,.
1fa91808e0654b15a421910298d497f6,"śikṣamāṇāyāḥ karaṇīyaṃ. etad eva sarvaṃ śikṣamāṇāyāḥ karaṇīyaṃ. 
ap",དགེ་སློང་བ་མའི་བྱ་བ་གང་ཞེ་ན་། དེ་དག་ཐམས་ཅད་དགེ་སློ་བ་མའི་བྱ་བ་ཡིན་ནོ་༎,,.
877586b0bdca43bbb35e3744cd61f118,"am api śikṣamāṇāyāḥ karaṇīyaṃ. yathāpi tac chikṣamāṇā dve varṣe ṣaṭsu dharmeṣu ṣaṭsv anudharmeṣu śikṣitaśikṣā bhavati. sa bhikṣūṇāṃ dūtam anupreṣayati. āgacchantv āryā upasaṃpādayiṣyanti. gantavyaṃ (77v = GBM 737) bhikṣuṇā saptāham adhiṣṭhāya śikṣamāṇāyāḥ karaṇīyena. idaṃ śikṣamāṇāyāḥ karaṇīyaṃ. 
ki",གཞན་ཡང་དགེ་སློབ་མའི་བྱ་བ་འདི་ལྟ་སྟེ་། དགེ་སློབ་མས་ལོ་གཉིས་ཀྱི་བར་དུ་བསླབ་པའི་ཆོས་དྲུག་དང་རྗེས་སུ་མཐུན་པའི་ཆོམ་དྲུག་བསླབས་ནས་དེས ༼༢༽ དགེ་སློང་རྣམས་ལ་ཕོ་ཉ་བཏང་སྟེ་། འཕགས་པ་དག་བསྙེན་པར་རྫོགས་པར་མཛད་དུ་གསོལ་། ཚུར་སྤྱོན་ཅིག་ཅེས་སྤྲིང་ན་། ཞག་བདུན་བྱིན་གྱིས་བརླབས་ལ་དགེ་སློབ་མའི་བྱ་བའི་ཕྱིར་༎ དགེ་སློང་འགྲོ་བར་བྱ་སྟེ་། འདི་ནི་དགེ་སློབ་མའི་བྱ་བ་ཡིན་ནོ་༎,及(10)式叉麾拏女欲受近圓。來請苾芻及苾芻尼。(11)願來與我授其近圓。是時二衆應受持七日(12)法去。是名苾芻尼式叉摩拏等縁,.
1f94a3d9165a4a0e9f56ba2ba2bc9bb6,"śrāmaṇerakasya karaṇīyaṃ. etad eva sarvaṃ śrāmaṇerakasya karaṇīyaṃ. 
ap",དགེ་ཚུལ ༼༣༽ གྱི་བ་བ་གང་ཞེ་ན་། དེ་དག་ཐམས་ཅད་དགེ་ཚུལ་གྱི་བྱ་བ་ཡིན་ནོ་༎,(13)云何名求寂縁。一同前法。,.
13e124b794ee441b919cf1af8795ed07,"am api śrāmaṇerakasya karaṇīyaṃ. yathāpi tac chrāmaṇerakaḥ saparipūrṇaviṃśativarṣo bhavati. sa bhikṣūṇāṃ dūtam anupreṣayati / āgacchantv āyuṣmantaḥ upasaṃpādayiṣyanti. gantavyaṃ bhikṣuṇā saptāham adhiṣṭhāya śrāmaṇerakasya karaṇīyena. idaṃ śrāmaṇerakasya karaṇīyaṃ / 
ki",གཞན་ཡང་དགེ་ཚུལ་གྱི་བྱ་བ་གང་ཞེ་ན་། འདི་ལྟ་སྟེ་། དགེ་ཚུལ་ལོ་ཉི་ཤུ་ལོན་པར་གྱུར་ནས་དེས་དགེ་སློང་རྣམས་ལ་ཕོ་ཉ་བཏང་སྟེ་། འཕགས་པ་དག་བསྙེན་པར་རྫོགས་པར་མཛད་དུ་གསོལ་ཚུར་སྤྱོན ༼༤༽ ཅིག་ཅེས་སྤྲིང་ན་། ཞག་བདུན་བྱིན་གྱིས་བརླབས་ལ་དགེ་ཚུལ་གྱི་བྱ་བའི་ཕྱིར་དགེ་སློང་འགྲོ་བར་བྱ་སྟེ་། འདི་ནི་དགེ་ཚུལ་གྱི་བྱ་བ་ཡིན་ནོ་༎,,.
9c2011fad069486d8003e335e526e4b0,"śrāmaṇerikāyāḥ karaṇīyaṃ. etad eva sarvaṃ śrāmaṇerikāyāḥ karaṇīyaṃ. 
ap",དགེ་ཚུལ་མའི་བྱ་བ་གང་ཞེ་ན་། དེ་དག་ཐམས་ཅད་དགེ་ཚུལ་མའི་བྱ་བ་ཡིན་ནོ་༎,云何求寂女縁。餘(14)同前説。,.
9b8ca4702c2a443f978089bef05f1dd5,"am api śrāmaṇerikāyāḥ karaṇīyaṃ / yathāpi tac chrāmaṇerikā gṛhavustā dvādaśavarṣā bhavati, kumārikābhūtā vā aṣṭādaśavarṣā. sā bhikṣūṇāṃ dūtam anupreṣayati / āgacchantv āryā dve varṣe ṣaṭsu dharmeṣu ṣaṭsv anudharmeṣu śikṣāṃ dāsyanti. gantavyaṃ bhikṣuṇā saptāham adhiṣṭhāya śrāmaṇerikāyāḥ karaṇīyena. idaṃ śrāmaṇerikāyāḥ karaṇīyaṃ // 
ud",གཞན་ཡང་དགེ་ཚུལ་མའི་བྱ་བའི་ལྟ་སྟེ་། དགེ ༼༥༽ ཚུལ་མ་ཁྱིམ་སོ་བཟུང་བ་ལོ་བཅུ་གཉིས་ལོན་པའམ་། གཞོན་ནུ་མ་ལོ་བཅྭ་བརྒྱད་ལོན་ནས་དེས་དགེ་སློང་དག་ལ་ཕོ་ཉ་བཏང་སྟེ་། འཕགས་པ་དག་ལོ་གཉིས་ཀྱི་བར་དུ་ཆོས་དྲུག་དང་རྗེས་སུ་མཐུན་པའི་ཆོས་དྲུག་གི་བསླབ་པ་སྩལ་དུ་གསོལ་ཚུར་སྤྱོན་ཅིག་ཅེས་སྤྲིང་ན་། ཞག་བདུན ༼༦༽ བྱིན་གྱིས་བརླབས་ལ་དགེ་ཚུལ་མའི་བྱ་བའི་ཕྱིར་དགེ་སློང་འགྲོ་བར་བྱ་སྟེ་། འདི་ནི་དགེ་ཚུལ་མའི་བྱ་བ་ཡིན་ནོ་༎ ༎,於中別者。十二童女至年十八歳。(15)請苾芻僧伽。願爲我授六法六隨法。苾芻應(16)去。是名求寂女縁,.
9ea75c4283fc49e2b41a8eee73f1bc5b,"nam* //bhaiṣajyam upasthāyaka strīpuruṣapaṇḍakaḥnimittaṃ nidhayo jñātaya antarāyeṇa prakramet* // // 
ya",སྡོམ་ལ་།ཁ་ཟས་སྨན་དང་གཡོག་དང་ནི་༎བུད་མེད་སྐྱེས་པ་མ་ནིང་དང་༎མཚན་མ་གཏེར་དང་གཉེན་དག་དང་༎བར་ཆད་ཀྱིས་ནི་འགྲོ་བྱ་བའོ་༎,,Uddāna 2
1f95a88ebe7044f28a867779bcf4fa2c,"āpi tad varṣopagatasya bhikṣor evaṃ bhavati / aham asminn āvāse varṣā upagataḥ. na ca me ’sti kaścit piṇḍakasya dātā. so ’haṃ piṇḍakam alabhamānaḥ klameyaṃ kālaṃ vā kuryāṃ. sa me syād antarāyaḥ aprāptasya prāptaye, anadhigatasyādhigamāya / asākṣātkṛtasya sākṣātkriyāyai / yanv aham asmād āvāsāt prakrameyaṃ. sa tasmād āvāsāt prakramaty. etad eva pratyayaṃ kṛtvā anāpattir varṣācchede // 
ya",འདི ༼༧༽ ལྟར་ཡང་དབྱར་གནས་པར་དམ་བཅས་པའི་དགེ་སློང་འདི་སྙམ་དུ་སེམས་ཏེ་། གནས་འདིར་བདག་དབྱར་གནས་པར་དམ་བཅས་ན་བདག་ལ་བསོད་སྙོམས་སྟེར་བ་ནི་འགའ་ཡང་མེད་དེ་། བདག་གིས་བསོད་སྙོམས་མ་རྙེད་པས་བདག་ཉོན་མོགས་པའམ་ཤིན་བདག་གི་མ་ཐོབ་ཕ ༼༢༤༥ཨ༡༽ ཐོབ་པར་བྱ་བ་དང་། མ་རྟོགས་པ་རྟོགས་པར་བྱ་བ་དང་། མངོན་སུམ་དུ་མ་བྱས་པ་མངོན་སུམ་དུ་བྱ་བ་དེའི་བར་ཆད་དུ་འགྱུར་གྱིས་༎ མ་ལ་བདག་གནས་འདི་ནས་འགྲོའོ་སྙམ་ནས་། དེས་དེ་ལྟ་བུས་རྐྱེན་བྱས་ཏེ་གནས་དེ་ནས་སོང་བ་ལས་དབྱར་རལ་ན ༼༢༽ ལྟུང་བ་མེད་དོ་༎,(17)若苾芻作安居已。或作是念。我於此安居。無(18)人供給我食。或當2置死。或有曾未學經。應(19)須學者。曾來習定。應思惟者。或有未證應證(20)者。未見求見者。未得求得者。若有是縁。欲離(21)住處去者。佛言。無犯。亦不破安居,’di (7) ltar yaṅ dbyar gnas par dam bcas pa’i dge sloṅ ’di sñam du sems te | gnas ’dir bdag dbyar gnas par dam bcas na bdag la bsod sñoms ster ba ni ’ga’ yaṅ med de | bdag gis bsod sñoms ma rñed pas bdag ñon mogs pa’am śin bdag gi ma thob pha (245a1) thob par bya ba daṅ | ma rtogs pa rtogs par bya ba daṅ | mṅon sum du ma byas pa mṅon sum du bya ba de’i bar chad du ’gyur gyis || ma la bdag gnas ’di nas ’gro’o sñam nas | des de lta bus rkyen byas te gnas de nas soṅ ba las dbyar ral na (2) ltuṅ ba med do ||
b64fd3daca734c2cb9d7d7caa4cd9589,"āpi tad varṣopagatasya bhikṣor evaṃ bhavati. aham asminn āvāse varṣā upagataḥ. na ca me kaścid glānasya glānabhaiṣajyasya dātā. so ’haṃ bhaiṣajyam alabhamānaḥ klameyaṃ kālaṃ vā kuryāṃ. sa me syād antarāyaḥ aprāptasya prāptaye, anadhigatasyādhigamāya, asākṣātkṛtasya sākṣātkriyāyai / yanv aham asmād āvāsāt prakrameyaṃ. sa tasmād āvāsāt prakramaty. etad eva pratyayaṃ kṛtvā anāpattir varṣācchede // 
ya",འདི་ལྟར་ཡང་དབྱར་གནས་པར་དམ་བཅས་པའི་དགེ་སློང་འདི་སྙམ་དུ་སེམས་ཏེ་། གནས་འདིར་བདག་དབྱར་གནས་པར་དམ་བཅས་ན་བདག་ནད་ཀྱིས་ཐེབས་ནན་པ་ལ་ནད་ཀྱི་སྨན་སྦྱིན་པ་ནི་འགའ་ཡང་མེད་དེ་། བདག་གིས་སྨན་མ་རྙེད་པས་ཉོན་མོངས ༼༣༽ པའམ་ཤིན་བདག་གི་མ་ཐོབ་པ་ཐོབ་པར་བྱ་བ་དང་། མ་རྟོགས་པ་རྟོགས་པར་བྱ་བ་དང་། མངོན་སུམ་དུ་མ་བྱས་པ་མངོན་སུམ་དུ་བྱ་བ་དེའི་བར་ཆད་དུ་འགྱུར་གྱིས་། མལ་བདག་གནས་འདི་ནས་འགྲོའོ་སྙམ་ནས་། དེས་དེ་ལྟ་བུས་རྐྱེན་བྱས་ཏེ་གནས་དེ་ནས་སོང་བ ༼༤༽ ལས་དབྱར་རལ་ན་ལྟུང་བ་མེད་དོ་༎,(22)若作安居竟。忽有病生。知無醫藥。若其便住。(23)恐命不全。如是命難等縁出去。佛言。無犯。亦(24)不破安居,.
41ef7fb8124f4b58ae81626ebd76950f,"āpi tad varṣopagatasya bhikṣor evaṃ bhavaty. aham asminn āvāse varṣā upagataḥ. na ca me kaścid glānasya glānopasthāyakaḥ. so ’ham upasthāyakavirahāt* klameyaṃ kālaṃ vā kuryāṃ. sa me syād antarāyaḥ aprāptasya prāptaye, anadhigatasyādhigamāya / asākṣātkṛtasya sākṣātkriyāyai / yanv aham asmād āvāsāt prakrameyaṃ. sa tasmād āvāsāt prakramaty. etad eva pratyayaṃ kṛtvā anāpattir varṣācchede // 
ya",འདི་ལྟར་ཡང་དབྱར་གནས་པར་དམ་བཅས་པའི་དགེ་སློང་འདི་སྙམ་དུ་སེམས་ཏེ་། གནས་འདིར་བདག་དབྱར་གནས་པར་དམ་བཅས་ན་བདག་ནད་ཀྱིས་ཐེབས་ན་ནད་གཡོག་བྱེད་པ་འགའ་ཡང་མེད་དོ་༎ བདག་ལ་ནད་གཡོག་བྱེད་པ་མེད ༼༥༽ པས་ཉོན་མོངས་པའམ་ཤིན་བདག་གི་མ་ཐོབ་པ་ཐོབ་པར་བྱ་བ་དང་། མ་རྟོགས་པ་རྟོགས་པར་བྱ་བ་དང་། མངོན་སུམ་དུ་མ་བྱས་པ་མངོན་སུམ་དུ་བྱ་བ་དེའི་བར་ཆད་དུ་འགྱུར་གྱིས་༎ མ་ལ་བདག་གནས་འདི་ནས་འགྲོའོ་སྙམ་ནས་། དེས་དེ་ལྟ་བུས་རྐྱེན་བྱས་ཏེ་གནས་དེ་ནས ༼༦༽ སོང་བ་ལས་དབྱར་རལ་ན་ལྟུང་བ་མེད་དོ་༎ ༎ འདུལ་བ་གཞི་། བམ་པོ་ཉི་ཤུ་པ་།,(25)若苾芻安居已竟。若有病生。雖有湯藥。無人(26)看病。恐有失命。佛言。聽去。不破安居,.
051932f01a1a4cbdb1a005b90f1c202b,"āpi tad varṣopagataṃ bhikṣuṃ strī upasaṃkramyāpratirūpayā upanimantraṇayā upanimantrayati. vasa ārya rama ārya. ahaṃ te upasthāsyāmi. duhitaraṃ te dāsyāmi snuṣāṃ te dāsīṃ te karmakarīṃ te dāsyāmi / tatra varṣopagatasya bhikṣor evaṃ bhavati / aham asminn āvāse varṣā upagata. iyaṃ ca me strī upasaṃkramyāpratirūpayā upanimantraṇayā upanimantrayati. vasa ārya rama ārya. ahaṃ te upasthāsyāmi duhitaraṃ te dāsyāmi snuṣāṃ te dāsīṃ te karmakarīṃ te dāsyāmi. ahaṃ ced asminn āvāse varṣā vaseyaṃ syān me atonidānaṃ jīvitāntarāyaḥ śrāmaṇyāntarāyo brahmacaryāntarāyaḥ. yanv aham asmād āvāsāt prakrāmeyaṃ. sa tasmād (78r = GBM 738) āvāsāt prakrāmaty. etad eva pratyayaṃ kṛtvā anāpattir varṣācchede // 
ya",འདི་ལྟར་ཡང་དབྱར་གནས་པར་དམ་བཅས་པའི་དགེ་སློང་གི་དྲུང་དུ་བུད་མེད་དག་འོངས་ཏེ་མི་འཚམ་པའི་གསོལ་བས་གསོལ་བ་འདེབས་ཏེ་། འཕགས་པ་བཞུགས ༼༧༽ ཤིག་། འཕགས་པ་དགྱེས་པར་མཛོད་ཅིག་། ཁྱོད་ལ་བདག་གིས་བསྙེན་བཀུར་བགྱིའོ་༎ ཁྱོད་ལ་བུ་མོ་དབུལ་ལོ་༎ ཁྱོད་ལ་མནའ་མ་དང་། ཁྱོད་ལ་བྲན་མོ་དང་། ལས་བགྱིད་པ་འབུལ་ལོ་༎ དེ་ན་དབྱར་གནས་པར་དམ་བཅས་པའི་དགེ་སློང་འདི་སྙམ་དུ ༼༢༤༥བ༡༽ སེམས་ཏེ་། གནས་འདིར་བདག་དབྱར་གནས་པར་དམ་བཅས་ན་བུད་མེད་འདི་བདག་གི་དྲུང་དུ་འོངས་ནས་མི་འཚམ་བའི་གསོལ་བས་གསོལ་བ་འདེབས་ཏེ་། འཕགས་པ་བཞུགས་ཤིག་། འཕགས་པ་དགྱེས་པར་མཛོད་ཅིག་། ཁྱོད་ལ་བདག་བསྙེན་བཀུར་བགྱིའོ་༎ ༼༢༽ ཁྱོད་ལ་བུ་མོ་འབུལ་ལོ་༎ ཁྱོད་ལ་མནའ་མ་དང་། ཁྱོད་ལ་བྲན་མོ་དང་། ལས་བགྱིད་པ་འབུལ་ལོ་༎ ཞེས་ཟེར་ཏེ་། གལ་ཏེ་གནས་འདིར་བདག་དབྱར་གནས་ན་གཞི་དེས་བདག་གི་སྲོག་གི་བར་ཆད་དང་། དགེ་སྦྱོང་གི་ཚུལ་གྱི་བར་ཆད་དང་། ཚངས་པར་སྤྱོད ༼༣༽ པའི་བར་ཆད་དུ་འགྱུར་གྱིས་། མ་ལ་བདག་གནས་འདི་ནས་འགྲོའོ་སྙམ་སྟེ་། དེས་དེ་ལྟ་བུས་རྐྱེན་བྱས་ནས་གནས་དེ་ནས་སོང་བ་ལས་དབྱར་རལ་ན་ལྟུང་བ་མེད་དོ་༎,(27)若苾芻作安居竟。有女人來至苾芻所。而作(28)是言。我有女新婦及婢。欲遣供養大徳。苾芻(29)作念。我若不去。恐失梵行。并有命難等起。是(1043c1)謂梵行等縁。佛言。移去者無犯。亦不破安居。,.
cc5e263d14234e288f906d45bbdbcecb,"āpi tad varṣopagataṃ bhikṣuṃ puruṣa upasaṃkramyāpratirūpayā upanimantraṇayā upanimantrayati / vasa ārya rama ārya. duhitaraṃ te dāsyāmi snuṣāṃ te dāsīṃ te karmakarīṃ te dāsyāmi. tatra varṣopagatasya bhikṣor evaṃ bhavaty. aham asminn āvāse varṣā upagataḥ. ayaṃ ca me puruṣa upasaṃkramyāpratirūpayā upanimantraṇayā upanimantrayati. vasa ārya rama ārya. duhitaraṃ te dāsyāmi snuṣāṃ te dāsīṃ te karmakarīṃ te dāsyāmy. ahaṃ ced asminn āvāse varṣā vaseyaṃ syān me atonidānaṃ jīvitāntarāyaḥ śrāmaṇyāntarāyaḥ brahmacaryāntarāyaḥ. yanv aham asmād āvāsāt prakrāmeyaṃ. sa tasmād āvāsāt prakramaty. etad eva pratyayaṃ kṛtvā anāpattir varṣācchede // 
ya",འདི་ལྟར་ཡང་དབྱར་གནས་པར་དམ་བཅས་པའི་དགེ་སློང་གི་དྲུང་དུ་སྐྱེས་པ་ཞིག་འོངས་ནས་མི་འཚམ ༼༤༽ པའི་གསོལ་བས་གསོལ་བ་འདེབས་ཏེ་། འཕགས་པ་བཞུགས་ཤིག་། འཕགས་པ་དགྱེས་པར་མཛོད་ཅིག་། ཁྱོད་ལ་བདག་བསྙེན་བཀུར་བགྱིའོ་༎ ཁྱོད་ལ་བུ་མོ་འབུལ་ལོ་༎ ཁྱོད་ལ་མནའ་མ་དང་། ཁྱོད་ལ་བྲན་མོ་དང་། ལས་བྱེད་པ་འབུལ་ལོ་༎ དེ ༼༥༽ ན་དབྱར་གནས་པར་དམ་བཅས་པའི་དགེ་སློང་འདི་སྙམ་དུ་སེམས་ཏེ་། གནས་འདིར་བདག་དབྱར་གནས་པར་དམ་བཅས་ན་བདག་གི་དྲུང་དུ་སྐྱེས་པ་འདི་འོངས་ནས་མི་འཚམ་པའི་གསོལ་བས་གསོལ་བ་འདེབས་ཏེ་། འཕགས་པ་བཞུགས་ཤིག་། འཕགས་པ་དགྱེས ༼༦༽ པར་མཛོད་ཅིག་། ཁྱོད་ལ་བདག་བསྙེན་བཀུར་བགྱིའོ་༎ ཁྱོད་ལ་བུ་མོ་འབུལ་ལོ་༎ མནའ་མ་དང་། བྲན་མོ་དང་། ལས་བགྱིད་པ་འབུལ་ལོ་ཞེས་ཟེར་ན་། གལ་ཏེ་གནས་འདིར་བདག་དབྱར་གནས་ན་གཞི་དེས་བདག་གི་སྲོག་གི་བར་ཆད་དང་། དགེ་སྦྱོང་གི་ཚུལ་གྱི ༼༧༽ བར་ཆད་དང་། ཚངས་པར་སྤྱོད་པའི་བར་ཆད་དུ་འགྱུར་གྱིས་། མ་ལ་བདག་གནས་འདི་ནས་འགྲོའོ་སྙམ་ནས་། དེས་དེ་ལྟ་བུས་རྐྱེན་བྱས་ཏེ་གནས་དེ་ནས་སོང་བ་ལས་དབྱར་རལ་ན་ལྟུང་བ་མེད་དོ་༎,(2)若有男子,.
6d3662cdfe1c4bf481b887355e6268d6,"āpi tad varṣopagataṃ bhikṣuṃ paṇḍaka upasaṃkramyāpratirūpayā upanimantraṇayā upanimantrayati / vasa ārya rama ārya. ahaṃ te upasthāsyāmi. dāsīṃ te karmakarīṃ te dāsyāmi / tatra varṣopagatasya bhikṣor evaṃ bhavati. aham asminn āvāse varṣā upagataḥ. ayaṃ ca me paṇḍaka upasaṃkramyāpratirūpayā upanimantraṇayā upanimantrayati. vasa ārya rama ārya. ahaṃ te upasthāsyāmi. dāsīṃ te karmakarīṃ te dāsyāmi. ahaṃ ced asminn āvāse varṣā vaseyaṃ syān me atonidānaṃ jīvitāntarāyaḥ śrāmaṇyāntarāyo brahmacaryāntarāyaḥ. yanv aham asmād āvāsāt prakrāmeyaṃ. sa tasmād āvāsāt prakramaty. etad eva pratyayaṃ kṛtvā anāpattir varṣācchede // 
ya",འདི་ལྟར་ཡང་དབྱར་གནས་པར་དམ་བཅས་པའི་དགེ་སློང་གི་དྲུང་དུམ ༼༢༤༦ཨ༡༽ ནིང་ཞིག་འོངས་ནས་མི་འཚམ་བའི་གསོལ་བས་གསོལ་བ་འདེབས་ཏེ་། འཕགས་པ་བཞུགས་ཤིག་། འཕགས་པ་དགྱེས་པར་མཛོད་ཅིག་། ཁྱོད་ལ་བདག་བསྙེན་བཀུར་བགྱིའོ་༎ ཁྱོད་ལ་བྲན་མོ་དང་། ལས་བགྱིད་པ་འབུལ་ལོ་། དེ་ན ༼༢༽ དབྱར་གནས་པར་དམ་བཅས་པའི་དགེ་སློང་འདི་སྙམ་དུ་སེམས་ཏེ་། གནས་འདིར་བདག་དབྱང་གནས་པར་དམ་བཅས་ན་བདག་གི་དྲུང་དུ་མ་ནིང་འདི་འོངས་ནས་མི་འཚམ་པའི་གསོལ་བས་གསོལ་བ་འདེབས་ཏེ་། འཕགས་པ་བཞུགས་ཤིག་། འཕགས་པ་དབྱེས ༼༣༽ པར་མཛོད་ཅིག་། ཁྱོད་ལ་བདག་བསྙེན་བཀུར་བགྱིའོ་༎ ཁྱོད་ལ་བྲན་མོ་དང་། ཁྱོད་ལ་ལས་བགྱིད་པ་འབུལ་ལོ་ཞེས་ཟེར་ཏེ་། གལ་ཏེ་གནས་འདིར་བདག་དབྱར་གནས་ན་གཞི་དེས་བདག་གི་སྲོག་གི་བར་ཆད་དང་། དགེ་སྦྱོང་གི་ཚུལ་གྱི་བར་ཆད་དང་། ཚངས ༼༤༽ པར་སྤྱོད་པའི་བར་ཆད་དུ་འགྱུར་གྱིས་། མ་ལ་བདག་གནས་འདི་ནས་འགྲོའོ་སྙམ་ནས་། དེས་དེ་ལྟ་བུས་རྐྱེན་བྱས་ཏེ་གནས་དེ་ནས་སོང་བ་ལས་དབྱར་རལ་ན་ལྟུང་བ་མེད་དོ་༎,黄門等縁。准上應去,.
993256454834428fa33208950254d67f,"āpi tad varṣopagatena bhikṣuṇā anyatmānyatamaṃ śiśum udāravarṇaṃ raṃjanīyaṃ mātṛgrāmaṃ dṛṣṭvā ayoniśo nimittam udgṛhītaṃ bhavati / tatra varṣopagatasya bhikṣor evaṃ bhavaty. aham asminn āvāse varṣā upagataḥ. mayā cānyatmānyatamaṃ śiśum udāravarṇaṃ raṃjanīyaṃ mātṛgrāmaṃ dṛṣṭvā ayoniśo nimittam udgṛhītaṃ. ahaṃ ced asminn āvāse varṣā vaseyaṃ syān me atonidānaṃ jīvitāntarāyaḥ śrāmaṇyāntarāyaḥ brahmacaryāntarāyaḥ. yanv aham asmād āvāsāt prakrāmeyaṃ. sa tasmād āvāsāt prakrāmaty. etad eva pratyayaṃ kṛtvā anāpattir varṣācchede // 
ya",འདི་ལྟར་ཡང་དབྱར་གནས་པར་དམ་བཅས་པའི་དགེ་སློང་གིས་བུད་མེད་གཞོན་ནུ་མདོག ༼༥༽ མཛེས་པ་ཆགས་པར་འོས་པ་ཞིག་མཐོང་ནས་ཚུལ་བཞིན་མ་ཡིན་པའི་ཡིད་ལ་བྱེད་པའི་མཚན་མ་བཟུང་བར་གྱུར་ཏོ་༎ དེ་ན་དབྱར་གནས་པར་དམ་བཅས་པའི་དགེ་སློང་འདི་སྙམ་དུ་སེམས་ཏེ་། གནས་འདིར་བདག་དབྱར་གནས་པར་དམ་བཅས་ན་བུད་མེད་གཞོན་ནུ ༼༦༽ མཛེས་པ་ཆགས་པར་འོས་པ་ཞིག་མཐོང་ནས་ཚུལ་བཞིན་མ་ཡིན་པ་ཡིད་ལ་བྱེད་པའི་མཚན་མ་བཟུང་བས་གནས་འདིར་བདག་དབྱར་གནས་ན་གཞི་དེས་བདག་གི་སྲོག་གི་བར་ཆད་དང་། དགེ་སྤྱོང་གི་ཚུལ་གྱི་བར་ཆད་དང་། ཚངས་པར་སྤྱོད་པའི་བར་ཆད་དུ་འགྱུར ༼༧༽ གྱིས་། མ་ལ་བདག་གནས་འདི་ནས་འགྲོའོ་སྙམ་ནས་། དེས་དེ་ལྟ་བུས་རྐྱེན་བྱས་ཏེ་གནས་དེ་ནས་སོང་བ་ལས་དབྱར་རལ་ན་ལྟུང་བ་མེད་དོ་༎,(3)若苾芻作安居竟。若見女人。而生欲想。不能(4)禁止煩惱。恐失梵行。亦應離去,.
3ad9e17a9b6a4a2dbf9ab4c9ff7aed69,"āpi tad varṣopagatasya bhikṣor nidhānam upadarśayanti. tatra varṣopagatasya bhikṣor evaṃ bhavaty. aham asminn āvāse varṣā upagata. idam eva nidhaya upadarśayanti. ahaṃ ced asminn āvāse varṣāṃ vaseyaṃ syān me atonidānaṃ jīvitāntarāyaḥ śrāmaṇyāntarāyo brahmacaryāntarāyaḥ. yanv aham asmād āvāsāt prakrameyaṃ. sa tasmād āvāsāt prakrāmaty. etad eva pratyayaṃ kṛtvā anāpattir varṣācchede // 
ya",འདི་ལྟར་ཡང་དབྱར་གནས་པར་དམ་བཅས་པའི་དགེ་སློང་གིས་ནོར་གྱི་གཏེར་ཞིག་མཐོང་ངོ་༎ དེ་ན་དབྱར་གནས་པར ༼༢༤༦བ༡༽ དམ་བཅས་པའི་དགེ་སློང་འདི་སྙམ་དུ་སེམས་ཏེ་། གནས་འདིར་བདག་དབྱར་གནས་བར་དམ་བཅས་ན་བདག་གིས་འདིར་ནོར་གྱི་གཏེར་ཞིག་མཐོང་བས་། གནས་འདིར་བདག་དབྱར་གནས་ན་གཞི་དེས་བདག་གི་སྲོག་གི་བར་ཆད་དང་། དགེ་སྦྱོང་གི་ཚུལ་གྱི་བར་ཆད ༼༢༽ དང་། ཚངས་པར་སྤྱོད་པའི་བར་ཆད་དུ་འགྱུར་གྱིས་། མ་ལ་བདག་གནས་འདི་ནས་འགྲོའོ་སྙམ་ནས་། དེས་དེ་ལྟ་བུས་རྐྱེན་བྱས་ཏེ་གནས་དེ་ནས་སོང་བ་ལས་དབྱར་རལ་ན་ལྟུང་བ་མེད་དོ་༎,(5)若苾芻作安居竟。見有伏藏。即作是念。我住(6)於此。恐當不能禁止其心。而便取物。佛言。移(7)去無罪,.
6db247653eab40759451d65c28535783,"āpi tad varṣopagataṃ bhikṣuṃ jñātaya upasaṃkramyāpratirūpayā upanimantraṇayā upanimantrayati / kasmāt tvam ārya muṇḍaḥ pātrapāṇir anuveśmānuveśma kulāny upasaṃkramasi. imāni ca te śītalāni kāṣāyāṇi vastrāṇi kāyaṃ paritāpayanti. ehi tvam ārya. niṣadya kāmāṃś ca paribhuṃkṣva dānāni ca dehi puṇyāni ca kuru. tatra varṣopagatasya bhikṣor evaṃ bhavaty. (78v = GBM 739) aham asminn āvāse varṣā upagata. ime ca me jñātaya upasaṃkramyāpratirūpayā upanimantraṇayā upanimantrayanti / kasmāt tvam ārya muṇḍaḥ pātrapāṇir anuveśmānuveśma kulāny upasaṃkramasi. imāni ca te śītalāni kāṣāyāṇi vastrāṇi kāyaṃ paritāpayanti. ehi tvam ārya. niṣadya kāmāṃś ca paribhuṃkṣva dānāni ca dehi puṇyāni ca kuru. ahaṃ ced asminn āvāse varṣā vaseyaṃ syān me atonidānaṃ jīvitāntarāyaḥ śrāmaṇyāntarāyo brahmacaryāntarāyaḥ. yanv aham asmād āvāsāt prakrāmeyaṃ. sa tasmād āvāsāt prakramaty. etad eva pratyayaṃ kṛtvā anāpattir varṣācchede // 
 
",འདི་ལྟར་ཡང་དབྱར་གནས་པར་དམ་བཅདས་པའི་དགེ་སློང་གི་དྲུང་དུ་གཉེན ༼༣༽ དག་འོངས་ནས་མི་འཚམ་པའི་གསོལ་བས་གསོལ་བ་འདེབས་ཏེ་། འཕགས་པ་ཁྱོད་ཅིའི་ཕྱིར་མགོ་བྲེགས་ཤིང་ལྷུང་བཟེད་ལག་ཏུ་ཐོགས་ཏེ་། རིགས་ཀྱི་གྲོང་ནས་གྲོང་དུ་རྒྱུ་ཞིང་གོས་དུར་སྨྲིག་གྲང་མོ་འདིས་ཀྱང་ལུས་གདུང་བར་བགྱི་། འཕགས་པ་ཁྱོད་ཚུར་སྦྱོན་། ༼༤༽ འདོད་པ་ལ་ཡོངས་སུ་སྤྱོད་ཅིག་། སྤྱིན་པ་དག་སྩོལ་ཅིག་། བསོད་ནམས་དག་གྱིས་ཤིག་། དེ་ན་དབྱར་གནས་པར་དམ་བཅས་པའི་དགེ་སློང་འདི་སྙམ་དུ་སེམས་ཏེ་། བདག་གནས་འདིར་དབྱར་གནས་པར་དམ་བཅས་པས་བདག་གི་དྲུང་དུ་གཉེན་དག་འོངས་ནས་མི ༼༥༽ འཚམ་པའི་གསོལ་བས་གསོལ་བ་འདེབས་ཏེ་། འཕགས་པ་ཁྱོད་ཅིའི་ཕྱིར་མགོ་བྲེགས་ཤིང་ལྷུང་བཟེད་ལག་ཏུ་ཐོགས་ཏེ་། རིགས་ཀྱི་གྲོང་ནས་གྲོང་དུ་རྒྱུ་ཞིང་གོས་དུར་སྨྲིག་གྲང་མོ་འདིས་ཀྱང་ལུས་གདུང་བར་བགྱི་། འཕགས་པ་ཁྱོད་ཚུལ་སྦྱོན་༎ འདོད་པ་ལ ༼༦༽ ཡོངས་སུ་སྤྱོད་ཅིག་། སྤྱིན་པ་དག་སྩོལ་ཅིག་། བསོད་ནམས་དག་གྱིས་ཤིག་ཅེས་ཟེར་ཏེ་། གལ་ཏེ་གནས་འདིར་བདག་དབྱར་གནས་ན་གཞི་དེས་བདག་གི་སྲོག་གི་བར་ཆད་དང་། དགེ་སྦྱོང་གི་ཚུལ་གྱི་བར་ཆད་དང་། ཚངས་པར་སྤྱོད་པའི་བར་ཆད་དུ་འགྱུར་གྱིས ༼༧༽ མ་ལ་བདག་གནས་འདི་ནས་འགྲོའོ་སྙམ་ནས་། དེས་དེ་ལྟ་བུས་རྐྱེན་བྱས་ཏེ་གནས་དེ་ནས་སོང་བ་ལས་དབྱར་རལ་ན་ལྟུང་བ་མེད་དོ་༎,(8)若苾芻於安居内。忽有親里眷屬。來諫苾芻(9)住止。苾芻嫌賤。移向餘處者。同前無過。,.
f2fdf11ce742411c936c27b0fb350bfc,,-,又復(10)苾芻。若有女男半擇迦等。來請安居。既受彼(11)請。然斯施主。或負他物。或復殺害他人。或劫(12)奪他人財物。或於住處。若有虎狼師子等惡(13)獸諸難。來怖施主。或時走去。或時身死。時彼(14)苾芻作是念曰。此之施主。請我安居。復有如(15)前諸難事起。我今住此。或失梵行。或失命等(16)縁來。移向餘處安居者。同前無犯,.
93297276ac0443a98cd5755fa7bd3a01,,-,(17)若時住處。多有病苦縁生。苾芻住此。不安樂(18)者。佛言移向餘處安居。同前無犯,.
642e86dcdd8e43fcac46ade82ff5f453,,-,(19)又復若有女男半擇迦等。來請苾芻相就安(20)居。或有王來捉彼施主。或殺。或奪財物。是時(21)施主走向餘處。苾芻作念。此之施主。遭斯恐(22)怖。身既逃亡。我若住此。或失梵行。及命難等(23)因縁。移向餘處。同前無犯,.
bcc7bbfa0c464319939e3d10226728a0,,-,(24)若有施主來請苾芻。而作安居。然斯施主。家(25)内忽然失火。或時身死或復逃去。苾芻作念。(26)此之施主。今忽遭火。或死或走。我獨居此。恐(27)有命難并梵行難。移向餘處。同前無犯,.
b396981c1342424ebbe0e8672ec6f16c,,-,(28)若有施主來請苾芻。作安居事。於其住處。下(29)濕水多。恐後病生。移向餘處。同前無犯(1044a1)若有施主來請苾芻。作安居事。然於住處。側(2)言何用住此剔頭。受其飢苦。住林樹下。可還(3)歸家。多作福業。不須出家。苾芻作念。我若久(4)住。或失梵行。若有此縁。聽去。無罪,.
dd05a1308a1c44b28b4210cf0e014a03,"āpi tad rājā caturaṅgaṃ balakāyaṃ sannāhya hastikāyaṃ aśvakāyaṃ rathakāyaṃ pattikāyaṃ yāvad ārāmadvāram āgatya yathā gṛhītikaṃ ghoṣayati. gṛhṇantu bhavantaḥ śramaṇāṃ śākyaputrīyāṃ pūrvavad yāvad yathā pravāraṇāvastuni evaṃ vistareṇa vācyaṃ. tatra varṣopagatasya bhikṣor evaṃ bhavaty. aham asminn āvāse varṣā upagataḥ. ayaṃ ca rājā caturaṅgaṃ balakāyaṃ sannāhya pūrvavad yāvat saced ahaṃ asminn āvāse varṣā vaseyaṃ syān me atonidānaṃ jīvitāntarāyaḥ śrāmaṇyāntarāyo brahmacaryāntarāyaḥ. yanv aham asmād āvāsāt prakrameyaṃ. sa tasmād āvāsāt prakramaty. etad eva pratyayaṃ kṛtvā anāpattir varṣācchede // 
ya",འདི་ལྟར་ཡང་རྒྱལ་པོ་དཔུང་གི་ཆོགས་ཡན་ལག་བཞི་གོ་བསྐོན་པ་གླང་པོ་ཆེའི་ཆོགས་དང་། རྟ་པའི་ཚོགས་དང་། ཤིང་རྟ་པའི ༼༢༤༧ཨ༡༽ ཚོགས་དང་། དབུང་བུ་ཆུང་གི་ཚོགས་ཅན་ཀུན་དགའ་ར་བའི་སྒོའི་བར་དུ་ལྷགས་ནས་སྤར་ཐབས་སུ་སྐུར་པ་སྒྲོགས་ཤིང་། ཤེས་ལྡན་དག་ཤཱཀྱ་འི་བུའི་དགེ་སྦྱོང་དག་ཟུང་ཤིག་ཅེས་བྱ་བ་ནས་། གོང་དུ་གསོ་སྦྱོང་གི་གཞིར་ཇི་སྐད་བསྟན་པ་དེ་བཞིན་རྒྱས ༼༢༽པར་རྫོགས་པར་བརྗོད་པར་བྱ་སྟེ་། དེ་ན་དབྱར་གནས་པར་དམ་བཅས་པའི་དགེ་སློང་འདི་སྙམ་དུ་སེམས་ཏེ་། གནས་འདིར་བདག་དབྱར་གནས་པར་དམ་བཅས་ན་རྒྱལ་པོ་དཔུང་གི་ཚོགས་ཡན་ལག་བཞི་གོ་བསྐོར་པ་གླང་པོ་ཆེའི་ཚོགས་དང་། རྟ་བའི་ཚོགས་ཅན་ཞེས་བྱ ༼༣༽ བ་གོང་མ་བཞིན་ཏེ་། གལ་ཏེ་གནས་འདིར་བདག་དབྱར་གནས་ན་གཞི་དེས་བདག་གི་སྲོག་གི་བར་ཆད་དང་། དགེ་སྦྱོང་གི་ཚུལ་གྱི་བར་ཆད་དང་། ཚངས་པར་སྤྱོད་པའི་བར་ཆད་དུ་འགྱུར་གྱིས་། མ་ལ་བདག་གནས་འདི་ནས་འགྲོའོ་སྙམ་ནས་། དེས་དེ་ལྟ་བུས་རྐྱེན ༼༤༽ བྱས་ཏེ་གནས་དེ་ནས་སོང་པ་ལས་དབྱར་རལ་ན་ལྟུང་བ་མེད་དོ་༎,(5)若苾芻於安居内。或有王來嚴1束四兵至其(6)住處。遣捉苾芻。作如是言。當如俗法驅役。或(7)令還俗。或與娶妻。或奪衣鉢。或種種惱害。有(8)是難來。即時直去無犯。亦不破安居,.
58f960d0b0a64f7b86047c453818524a,"āpi tad bhikṣur yaṃ strīpuruṣapaṇḍakam upaniśritya varṣā upagato bhavati, sa rājñā gṛhīto bhavati baddho vā ghātito vā. santaḥsvāpateyaṃ vāsyāpahṛtaṃ, rājabhayena vā pararāṣṭraṃ paraviṣayaṃ niṣpalānaḥ, ucchidya vā kālagataḥ. tatra varṣopagatasya bhikṣor evaṃ bhavati. aham asminn āvāse yaṃ strīpuruṣapaṇḍakam upaniśritya varṣā upagataḥ, sa rājñā gṛhīto baddho vā ghātito vā, santaḥsvāpateyaṃ vāsyāpahṛtaṃ, rājabhayena vā pararāṣṭraṃ paraviṣayaṃ niṣpalānaḥ, ucchidya vā kālagataḥ. ahaṃ ced asminn āvāse varṣā vaseyaṃ syān me atonidānaṃ jīvitāntarāyaḥ śrāmaṇyāntarāyaḥ brahmacaryāntarāyaḥ. yanv aham asmād āvāsāt prakrāmeyaṃ. sa tasmād āvāsāt prakramaty. etad eva pratyayaṃ kṛtvā anāpattir varṣācchede // 
ya",འདི་ལྟར་ཡང་དགེ་སློང་གིས་སྐྱེས་པ་འམ་། བུད་མེད་དམ་། མ་ནིང་གང་ལ་བརྟེན་ནས་དབྱར་གནས་པར་དམ་བཅས་པར་གྱུར་པ་དེ་རྒྱལ་པོས་བཟུང་ངམ་། བཙོན་དུ་བཟུང་ངམ་། བསད་དམ་། ༼༥༽ དེའི་ནོར་འཕྲོགས་སམ་། རྒྱལ་པོའི་འཇིགས་པས་ཡུལ་འཁོར་གཞན་ནམ་། ཡུལ་གཞན་དུ་བྲོས་སམ་ཤི་བར་གྱུར་ལ་། དེ་ན་དབྱར་གནས་པར་དམ་བཅས་པའི་དགེ་སློང་འདི་སྙམ་དུ་སེམས་ཏེ་། བདག་སྐྱེས་པའམ་། བུད་མེད་དམ་། མ་ནིང་གང་ལ་བརྟེན ༼༦༽ ནས་འདིར་དབྱར་གནས་པར་དམ་བཅས་པ་དེ་རྒྱལ་པོས་བཟུང་ངམ་། བཙོན་དུ་བཟུང་ངམ་། བསད་དམ་། དེའི་ནོར་འཕྲོགས་སམ་། རྒྱལ་པོའི་འཇིགས་པས་ཡུལ་འཁོང་གཞན་ནམ་། ཡུལ་གཞན་དུ་བྲོས་སམ་ཤི་པར་གྱུར་པས་། གལ་ཏེ་བདག་གནས ༼༧༽ འདིར་དབྱར་གནས་ན་གཞི་དེས་བདག་གི་སྲོག་གི་བར་ཆད་དང་། དགེ་སྦྱོང་གི་ཚུལ་གྱི་བར་ཆད་དང་། ཚངས་པར་སྤྱོད་པའི་བར་ཆད་དུ་འགྱུར་གྱིས་། མ་ལ་བདག་གནས་འདི་ནས་འགྲོའོ་སྙམ་ནས་། དེས་དེ་ལྟ་བུས་རྐྱེན་བྱས་ཏེ་གནས་དེ་ནས་སོང་བ་ལས་དབྱར ༼༢༤༧བ༡༽ རལ་ན་ལྟུང་བ་མེད་དོ་༎,(9)若苾芻住處。有男子女人及半擇迦。來請苾(10)芻作安居。并供給衣食。後爲王等難來。悉自(11)逃走。無人供給。苾芻縁此。欲餘處去。無犯,.
8652035bf7d341ae9e5fdfac3050ba46,"āpi tac corāḥ grāmaghātaṃ vā nagaraghātaṃ vā janapadaghātaṃ vā kṛtvā ārāmadvāram āgatya gāṃ vā hatvā mahiṣīṃ vā chagalikāṃ vā rudhirāṃgakāni rudhiravilekhanāni kṛtvā bhikṣūṇāṃ dūtam anupreṣayanti / nirgacchantv āryāḥ, vayam atra vatsyāmaḥ. tatra varṣopagatasya bhikṣor evaṃ bhavati. aham asminn āvāse varṣā upagataḥ. ime ca corā grāmaghātaṃ kṛtvā pūrvavad yāvat sa tasmād āvāsāt prakramaty. etad eva pratyayaṃ kṛtvā anāpattir varṣācchede // 
ya",འདི་ལྟར་ཡང་ཆོམ་རྐུན་པ་དག་གིས་གྲོང་བཅོམ་མམ་། གྲོང་ཁྱེར་བཅོམ་མམ་། ཡུལ་ལྔོངས་བཅོམ་ནས་ཀུན་དགའ་ར་བའི་སྒོར་ལྷགས་ཏེ་། བ་ལང་བསད་དམ་། མ་ཧེ་འམ་། ར་བསད་པའི་ཁྲག་གིས་ཡན་ལག་བྱུགས་ནས་དགེ ༼༢༽ སློང་རྣམས་ལ་ཕོ་ཉ་བཏང་སྟེ་། འཕགས་པ་དག་ཕྱིར་བྱུང་ཤིག་། བདག་ཅག་འདིར་གནས་སོ་ཞེས་སྤྲིང་ལ་། དེ་ན་དབྱར་གནས་པར་དམ་བཅས་པའི་དགེ་སློང་འདི་སྙམ་དུ་སེམས་ཏེ་། བདག་གནས་འདིར་དབྱར་གནས་པར་དམ་བཅས་ན་ཆོམ་རྐུན་པ་འདི་དག ༼༣༽ གྲོང་བཅོམ་མམ་ཞེས་བྱ་བའི་བར་གོང་མ་བཞིན་ཏེ་། དེས་དེ་ལྟ་བུས་རྐྱེན་བྱས་ཏེ་གནས་དེ་ནས་སོང་བ་ལས་དབྱར་རལ་ན་ལྟུང་བ་མེད་དོ་༎,(12)若苾芻於安居内。有諸賊來。或盜牛羊等。而(13)爲屠殺。作諸非法。來至苾芻所。作如是言。汝(14)等出去。我欲住此。若有如是惡賊。來至寺内。(15)惱亂苾芻者。即應直去。無犯,.
b9e1126569d343c08a556f5bd66450a0,"āpi tad bhikṣur yaṃ strīpuruṣapaṇḍakam upaniśṛtya varṣā upagato bhavati, sa corair gṛhīto bhavati baddho vā ghātito vā, santasvāpateyaṃ vāsyāpahṛtaṃ bhavati, corabhayena vā pararāṣṭraṃ paraviṣayaṃ niṣpalānaḥ, ucchidya vā kālagatas. tatra varṣoṣitasya bhikṣor evaṃ bhavati aham asminn āvāse yaṃ strīpuruṣapaṇḍakam upaniśritya varṣā upagataḥ. sa corair gṛhīto baddho vā ghātito vā, santasvāpateyaṃ vāsyāpahṛtaṃ, corabhayena vā pararāṣṭraṃ paraviṣayaṃ niṣpalānaḥ, ucchidya vā kālagataḥ. ahaṃ ced asminn āvāse varṣā vaseyaṃ syān me atonidānaṃ jīvitāntarāyaḥ śrāmaṇyāntarāyaḥ brahmacaryāntarāyaḥ. yanv aham asmād āvāsāt prakrāmeyaṃ. sa tasmād āvāsāt prakrāmaty / etad eva pratyayaṃ kṛtvā (79r = GBM 741) anāpattir varṣācchede // 
ya",འདི་ལྟར་ཡང་དགེ་སློང་གིས་བུད་མེད་དམ་། སྐྱེས་པ་འམ་། མ་ནིང་གང་ལ་བརྟེན་ནས་དབྱར་གནས་པར་དམ་བཅས་པར་གྱུར ༼༤༽ པ་དེ་ཆོམ་རྐུན་པས་བཟུང་ངམ་། བཅོན་དུ་བཟུང་ངམ་། བསད་དམ་། དེའི་ནོར་འཕྲོགས་སམ་། ཆོམ་རྐུན་པའི་འཇིགས་པས་ཡུལ་འཁོར་གཞན་ནམ་། ཡུལ་གཞན་དུ་བྲོས་སམ་ཤི་བར་གྱུར་ལ་། དེ་ན་དབྱར་གནས་པར་དམ་བཅས་པའི་དགེ་སློང་འདི་སྙམ་དུ ༼༥༽ སེམས་ཏེ་། བདག་བུད་མེད་དམ་། སྐྱེས་པའམ་། མ་ནིང་གང་ལ་བརྟེན་ཏེ་དབྱར་གནས་པར་དམ་བཅས་པ་དེ་ཆོམ་རྐན་པ་དག་གིས་བཟུང་ངམ་། བཅོན་དུ་བཟུང་ངམ་། བསད་དམ་། དེའི་ནོར་འཕྲོགས་སམ་། ཆོམ་རྐུན་པའི་འཇིགས་པས་ཡུལ་འཁོར་གཞན ༼༦༽ ནམ་། ཡུལ་གཞན་དུ་བྲོས་སམ་ཤི་བར་གྱུར་པས་། གལ་ཏེ་བདག་གནས་འདིར་དབྱར་གནས་ན་གཞི་དེས་བདག་གི་སྲོག་གི་བར་ཆད་དང་། དགེ་སྦྱོང་གི་ཚུལ་གྱི་བར་ཆད་དང་། ཚངས་པར་སྤྱོད་པའི་བར་ཆད་འགྱུར་གྱིས་། མ་ལ་བདག་གནས་འདི་ནས་འགྲོའོ ༼༧༽ སྙམ་ནས་། དེས་དེ་ལྟ་བུས་རྐྱེན་བྱས་ཏེ་གནས་དེ་ནས་སོང་བ་ལས་དབྱར་རལ་ན་ལྟུང་བ་མེད་དོ་༎,,.
48280700252a4df593bea141608829a1,"āpi tad anyatamena mahallena bālena mūḍhenāvyaktenākuśalena gocare vā gocaramārge vā kulastrī vā kulakumārī vā ākruṣṭā vā bhavaty ābhāṣṭā vā parāmṛṣṭā vā. manuṣyāḥ prakupitā ārāmadvāram āgatya yathā gṛhītikām udghoṣayanti. pūrvavad yāvat sa tasmād āvāsāt prakrāmaty. etad eva pratyayaṃ kṛtvā anāpattir varṣācchede // 
ya",འདི་ལྟར་ཡང་རྒན་ཞུགས་མི་ཤེས་པ་། རྨོངས་པ་། མི་གསལ་པ་། མི་མཁས་པ་གཞན་ཞིག་གིས་སྤྱོད་ཡུལ་ལམ་། སྤྱོད་ཡུལ་གྱི་ལམ་གར་རིགས་ཀྱི་བུད ༼༢༤༨ཨ༡༽ མེད་དམ་། རིགས་ཀྱིན་ཆུང་ལ་གཤེས་སམ་། ཁ་ངན་སྨྲས་སམ་། རེག་པས་མི་རྣམས་ཁྲོས་ཏེ་། ཀུན་དགའ་ར་བའི་སྒོར་ལྷགས་ནས་སྤར་ཐབས་སུ་སྐུར་པ་སྒྲོགས་ཤིང་ཞེས་བྱ་བའི་བར་གོང་མ་བཞིན་ཏེ་། དེས་དེ་ལྟ་བུས་རྐྱེན་བྱས་ཏེ་། གནས ༼༢༽ དེ་ནས་སོང་བ་ལས་དབྱར་རལ་ན་ལྟུང་བ་མེད་དོ་༎,,.
7ae1c3d346fb40e59fd9bfe74d2b7380,"āpi tad bhikṣur yaṃ strīpuruṣapaṇḍakam upaniśṛtya varṣā upagato bhavati, sa manuṣyair gṛhīto bhavati baddho vā ghātito vā, santasvāpateyaṃ vāsyāpahṛtaṃ, manuṣyabhayena vā pararāṣṭraṃ paraviṣayaṃ niṣpalānaḥ, ucchidya vā kālagataḥ. tatra varṣoṣitasya bhikṣor evaṃ bhavati. aham asminn āvāse yaṃ strīpuruṣapaṇḍakam upaniśṛtya varṣā upagataḥ, sa manuṣyair gṛhīto baddho vā ghātito vā santasvāpateyaṃ vāsyāpahṛtaṃ, manuṣyabhayena vā pararāṣṭraṃ paraviṣayaṃ niṣpalānaḥ, ucchidya vā kālagataḥ. ahaṃ ced asminn āvāse varṣā vaseyaṃ syān me atonidānaṃ jīvitāntarāyaḥ śrāmaṇyāntarāyaḥ brahmacaryāntarāyaḥ. yanv aham asmād āvāsāt prakrameyaṃ. sa tasmād āvāsāt prakrāmaty. etad eva pratyayaṃ kṛtvā anāpattir varṣācchede // 
ya",འདི་ལྟར་ཡང་དགེ་སློང་གིས་བུད་མེད་དམ་། སྐྱེས་པའམ་། མ་ནིང་གང་ལ་བརྟེན་ནས་དབྱར་གནས་པར་དམ་བཅས་པར་གྱུར་པ་དེ་མི་རྣམས་ཀྱིས་བཟུང་ངམ་། བཅོན་དུ་བཟུང་ངམ་། བསད་དམ་། དེའི་ནོར ༼༣༽ འཕྲོགས་སམ་། མི་མ་ཡིན་པའི་འཇིགས་པས་ཡུལ་གཞན་ནམ་། ཡུལ་གཞན་དུ་བྲོས་སམ་ཤི་བར་གྱུར་ལ་། དེ་ན་དབྱར་གནས་པར་དམ་བཅས་པའི་དགེ་སློང་འདི་སྙམ་དུ་སེམས་ཏེ་། བདག་པུད་མེད་དམ་། སྐྱེས་པའམ་། མ་ནིང་གང་ལ་བརྟེན་ཏེ་གནས་འདིར ༼༤༽ དབྱར་གནས་པར་དམ་བཅས་པ་དེ་མི་རྣམས་ཀྱིས་བཟུང་ངམ་། བཅོན་དུ་བཟུང་ངམ་། བསད་དམ་། དེའི་ནོར་འཕྲོགས་སམ་། མི་མ་ཡིན་པའི་འཇིགས་པས་ཡུལ་འཁོར་གཞན་ནམ་། ཡུལ་གཞན་དུ་བྲོས་སམ་ཤི་བར་གྱུར་པས་། གལ་ཏེ་བདག་གནས་འདིར ༼༥༽ དབྱར་གནས་ན་གཞི་དེས་བདག་གི་སྲོག་གི་བར་ཆད་དང་། དགེ་སྦྱོང་གི་ཚུལ་གྱི་བར་ཆད་དང་། ཚངས་པར་སྤྱོད་པའི་བར་ཆད་དུ་འགྱུར་གྱིས་། མ་ལ་བདག་གནས་འདི་ནས་འགྲོའོ་སྙམ་ནས་། དེས་དེ་ལྟ་བུས་རྐྱེན་བྱས་ཏེ་གནས་དེ་ནས་སོང་བ་ལས་དབྱར་རལ་ན་ལྟུང་བ ༼༦༽ མེད་དོ་༎,(16)又若苾芻依止男女及黄門類。而作安居。時(17)彼施主。爲他拘執。怨家繋縛。非人所怖。走向(18)餘方。因斯命過。時諸苾芻作如是念。我此安(19)居。有衆過患。無復施主。由此因縁。虧我梵(20)行。爲沙門難縁。移向餘處。無破夏罪。所到之(21)處。得爲安居。即於此處。而作安居。不應出(22)界。,.
2875ef625d7f41ddb731d9832a5b7b19,"āpi tad vihāraḥ amanuṣyādhyuṣite pradeśe pratiṣṭhāpito bhavati. anyatamena ca mahallena bālena mūḍhenāvyaktenākuśalenāpratirūpe pradeśe uccāraprasrāvaṃ pūrvavad yāvat sa tasmād āvāsāt prakrāmaty. etad eva pratyayaṃ kṛtvā anāpattir varṣācchede // 
ya",འདི་ལྟར་ཡང་མི་མ་ཡིན་པ་གནས་པའི་ཕྱོགས་ཤིག་ཏུ་གསུག་ལག་ཁང་བརྩིགས་ལ་། དེན་རྒན་ཞུགས་མི་ཤེས་པ་། རྨོངས་པ་། མི་གསལ་བ་། མི་མཁས་པ་གཞན་ཞིག་གིས་མི་རུང་བའི་ཕྱོགས་ཤིག་ཏུ་བཤང་བ་དང་གཅིག་ཞེས་བྱ་བའི་བར་གོང་མ ༼༧༽ བཞིན་ཏེ་། དེས་དེ་ལྟ་བུས་རྐྱེན་བྱས་ཏེ་གནས་དེ་ནས་སོང་བ་ལས་དབྱར་རལ་ན་ལྟུང་བ་མེད་དོ་༎,又復先是非人住處。苾芻於此而作安居。(23)有諸老小無知之類。入此寺中遺放不淨。不(24)堪親近。,.
2a39552be0a4429381f9dc48d13525fe,"āpi tad bhikṣur yaṃ strīpuruṣapaṇḍakam upaniśṛtya varṣā upagato bhavati, so ’manuṣyair gṛhīto vā baddho vā ghātito vā santasvāpateyaṃ vāsyāpahṛtaṃ, amanuṣyabhayena vā pararāṣṭraṃ paraviṣayaṃ niṣpalānaḥ, ucchidya vā kālagataḥ. tatra varṣopagatasya bhikṣor evaṃ bhavaty. aham asminn āvāse yaṃ strīpuruṣapaṇḍakam upaniśritya varṣā upagataḥ, so ’manuṣyair gṛhīto baddho vā ghātito vā, santasvāpateyaṃ vāsyāpahṛtam, amanuṣyabhayena vā pararāṣṭraṃ paraviṣayaṃ niṣpalānaḥ, ucchidya vā kālagataḥ. ahaṃ ced asminn āvāse varṣā vaseyaṃ syān me atonidānaṃ jīvitāntarāyaḥ śrāmaṇyāntarāyaḥ brahmacaryāntarāyaḥ. yanv aham asmād āvāsāt prakrameyaṃ. sa tasmād āvāsāt prakrāmaty. etad eva pratyayaṃ kṛtvā anāpattir varṣācchede // 
ya",འདི་ལྟར་ཡང་དགེ་སློང་གིས་བུད་མེད་དམ་། སྐྱེས་པའམ་། མ་ནིང་གང་ལ་བརྟེན་ནས་དབྱར་གནས་པར་དམ་བཅས་པར་གྱུར་པ་དེ་མི་མ་ཡིན་པ་རྣམས་ཀྱིས་བཟུང་ངམ་། ༼༢༤༨བ༡༽ བཙོན་དུ་བཟུང་ངམ་། བསད་དམ་། དེའི་ནོར་འཕྲོགས་སམ་། མི་མ་ཡིན་པའི་འཇིགས་པས་ཡུལ་འཁོར་གཞན་ནམ་། ཡུལ་གཞན་དུ་བྲོས་སམ་ཤི་བར་གྱུར་ལ་། དེ་ན་དབྱར་གནས་པར་དམ་བཅས་པའི་དགེ་སློང་འདི་སྙམ་དུ་སེམས་ཏེ་། བདག་བུད་མེད་དམ་། ༼༢༽ སྐྱེས་པའམ་། མ་ནིང་གང་ལ་བརྟེན་ནས་འདིར་དབྱར་གནས་པར་དམ་བཅས་པ་དེ་མི་མ་ཡིན་པས་བཟུང་ངམ་། བཙོན་དུ་བཟུང་ངམ་། བསད་དམ་། དེའི་ནོར་འཕྲོགས་སམ་། མི་མ་ཡིན་པའི་འཇིགས་པས་ཡུལ་འཁོར་གཞན་ནམ་། ཡུལ་གཞན་དུ་བྲོས་སམ ༼༣༽ ཤི་བར་གྱུར་པས་། གལ་ཏེ་བདག་གནས་འདིར་དབྱར་གནས་ན་གཞི་དེས་བདག་གི་སྲོག་གི་བར་ཆད་དང་། དགེ་སྦྱོང་གི་ཚུལ་གྱི་བར་ཆད་དང་། ཚངས་པར་སྤྱོད་པའི་བར་ཆད་དུ་འགྱུར་གྱིས་། མ་ལ་བདག་གནས་འདི་ནས་འགྲོའོ་སྙམ་ནས་། དེས་དེ་ལྟ་བུས་རྐྱེན ༼༤༽ བྱས་ཏེ་གནས་དེ་ནས་སོང་བ་ལས་དབྱར་རལ་ན་ལྟུང་བ་མེད་དོ་༎,,.
593359fede09458fbae361af98cd3e27,"āpi tad vihāro vyāḍādhyuṣite pradeśe pratiṣṭhāpito bhavati. anyatamena ca mahallena bālena mūḍhenāvyaktenākuśalena apratirūpe pradeśe uccāraprasrāvaṃ kheṭaṃ śiṅghāṇakaṃ vāntaṃ viriktaṃ choritam, aśucimrakṣitaṃ vā śayanāsanaṃ pravikṣiptaṃ. vyāḍāḥ prakupitāḥ gocare ’pi tiṣṭhanti gocaramārge ’pi caṃkrame ’pi meḍhyām api dvārakoṣṭhake ’pi, bhikṣūn apyāviśanti. tatra varṣopagatasya bhikṣor evaṃ bhavati. pūrvavad yāvat sa tasmād āvāsāt prakrāmaty. etad eva pratyayaṃ kṛtvā anāpattir varṣācchede // 
ya",འདི་ལྟར་ཡང་གདུག་པ་གནས་པའི་ཕྱོགས་ཤིན་ཏུ་གཙུག་ལག་ཁང་བརྩིགས་ལ་། དེ་ན་རྒན་ཞུགས་མི་ཤེས་པ་། རྨོངས་པ་། མི་གསལ་བ་། མི་མཁས་པ་གཞན་ཞིག་གིས་མི་རུང་བའི་ཕྱོགས ༼༥༽ ཤིག་ཏུ་བཤང་པ་དང་། གཅི་བ་དང་། མཆི་ལ་མ་དང་། སྣབས་དང་། སྐྱུགས་པ་དང་། འཁྲུ་བ་དག་པོར་ཞིང་མི་གཙང་བས་སྤགས་པའི་གནས་མལ་བཞག་པར་གྱུར་ནས་གདུག་པ་ཁྲོས་ཏེ་སྤྱོད་ཡུལ་ལམ་། སྤྱོད་ཡུལ་གྱི་ལམ་ཀའམ་། འཆགས་འམ་། ཁྱམས ༼༦༽ སམ་། སྒོ་ཁང་རྣམས་སུ་འདུག་ནས་དགེ་སློང་རྣམས་ལ་འབབ་པར་བྱེད་དེ་། དེ་ན་དབྱར་གནས་པར་དམ་བཅས་པའི་དགེ་སློང་འདི་སྙམ་དུ་སེམས་ཏེ་ཞེས་བྱ་བ་གོང་མ་བཞིན་ཏེ་། དེས་དེ་ལྟ་བུས་རྐྱེན་བྱས་ཏེ་གནས་དེ་ནས་སོར་བ་ལས་དབྱར་རལ་ན་ལྟུང་བ་མེད་དོ་༎,,.
dbd90ddcc6174a819d15ed3490f7d9b0,"āpi tad bhikṣur yaṃ strīpuruṣapaṇḍakam upaniśṛtya varṣā upagato bhavati, sa vyāḍair gṛhīto bhavati baddho vā ghātito vā, vyāḍabhayena vā pararāṣṭraṃ paraviṣayaṃ niṣpalānaḥ, ucchidya vā kālagataḥ. tatra varṣopagatasya bhikṣor evaṃ bhavaty. aham asminn āvāse yaṃ strīpuruṣapaṇḍakam upaniśṛtya varṣā upagataḥ. sa vyāḍair baddho vā gṛhīto vā santasvāpateyaṃ vāsyāpahṛtaṃ, vyāḍabhayena vā pararāṣṭraṃ paraviṣayaṃ niṣpalānaḥ, ucchidya vā kālagataḥ. ahaṃ ced asminn āvāse varṣā vaseyaṃ syān me atonidānaṃ jīvitāntarāyaḥ (79v = GBM 740) śrāmaṇyāntarāyaḥ brahmacaryāntarāyaḥ. yanv aham asmād āvāsāt prakrameyaṃ. sa tasmād āvāsāt prakramaty. etad eva pratyayaṃ kṛtvā anāpattir varṣācchede. 
ya",༼༧༽ འདི་ལྟར་ཡང་དགེ་སློང་གིས་བུད་མེད་དམ་། སྐྱེས་པ་འམ་། མ་ནིང་གང་ལ་བརྟེན་ནས་དབྱར་གནས་པར་དམ་བཅས་པར་གྱུར་པ་དེ་གཏུམ་པོ་དག་གིས་བཟུང་ངམ་། བཅོན་དུ་བཟུང་ངམ་། བསད་དམ་། གཏུམ་པོའི་འཇིགས་པས་ཡུལ་འཁོར་གཞན་ནམ ༼༢༤༩ཨ༡༽ ཡུལ་གཞན་དུ་བྲོས་སམ་ཤི་བར་གྱུར་ལ་། དེ་ན་དབྱར་གནས་པར་དམ་བཅས་པའི་དགེ་སློང་འདི་སྙམ་དུ་སེམས་ཏེ་། བདག་བུད་མེད་དམ་། སྐྱེས་པའམ་། མ་ནིང་གང་ལ་བརྟེན་དེ་འདིར་དབྱར་གནས་པར་དམ་བཅས་པ་དེ་གཏུམ་པོ་རྣམས་ཀྱིས་བཟུང ༼༢༽ དམ་། བཙོན་དུ་བཟུང་ངམ་། དེའི་ནོར་འཕྲོགས་སམ་། གཏུམ་པོའི་འཇིགས་པས་ཡུལ་འཁོར་གཞན་ནམ་། ཡུལ་གཞན་དུ་བྲོས་སམ་ཤི་པར་གྱུར་པས་། གལ་ཏེ་བདག་གནས་འདིར་དབྱར་གནས་ན་གཞི་དེས་བདག་གི་སྲོག་གི་བར་ཆད་དང་། དགེ་སྦྱོང་གི ༼༣༽ ཚུལ་གྱི་བར་ཆད་དང་། ཚངས་པར་སྤྱོད་པའི་བར་ཆད་དུ་འགྱུར་གྱིས་། མ་ལ་བདག་གནས་འདི་ནས་འགྲོའོ་སྙམ་ནས་། དེས་དེ་ལྟ་བུས་རྐྱེན་བྱས་ཏེ་གནས་དེ་ནས་སོང་བ་ལས་དབྱར་རལ་ན་ལྟུང་བ་མེད་དོ་༎,,.
31e0b61639aa4e5f9538042eaf881142,"āpi tad vihāro nāgādhyuṣite pradeśe pratiṣṭhāpito bhavati. pūrvavad yāvat sa tasmād āvāsāt prakrāmaty. etad eva pratyayaṃ kṛtvā anāpattir varṣācchede // 
ya",འདི་ལྟར་ཡང་ཀླུ་གནས་པའི་ཕྱོགས་ཤིག་ཏུ་གཅུག་ལག ༼༤༽ ཁང་བརྩིགས་ཏེ་ཞེས་བྱ་བའི་བར་གོང་མ་བཞིན་ཏེ་། དེས་དེ་ལྟ་བུས་རྐྱེན་བྱས་ཏེ་གནས་དེ་ནས་སོང་བ་ལས་དབྱར་རལ་ན་ལྟུང་བ་མེད་དོ་༎,,.
86e4f1d398de4696884c3bc0e8504d79,"āpi tad bhikṣur yaṃ strīpuruṣapaṇḍakam upaniśritya varṣā upagataḥ, sa nāgair gṛhīto bhavati baddho vā ghātito vā, santasvāpateyaṃ vāsyāpahṛtaṃ, nāgabhayena vā pararāṣṭraṃ paraviṣayaṃ niṣpalānaḥ, ucchidya vā kālagataḥ. tatra varṣopagatasya bhikṣor evaṃ bhavati / aham asminn āvāse yaṃ strīpuruṣapaṇḍakam upaniśritya varṣā upagataḥ, sa nāgair gṛhīto vā baddho vā ghātito vā santasvāpateyaṃ vāsyāpahṛtaṃ, nāgabhayena vā pararāṣṭraṃ paraviṣayaṃ niṣpalānaḥ, ucchidya vā kālagataḥ. ahaṃ ced asminn āvāse varṣā vaseyaṃ, syān me atonidānaṃ jīvitāntarāyaḥ śrāmaṇyāntarāyaḥ brahmacaryāntarāyaḥ. yanv aham asmād āvāsāt prakrameyaṃ. sa tasmād āvāsāt prakrāmaty. etad eva pratyayaṃ kṛtvā anāpattir varṣācchede // 
ya",འདི་ལྟར་ཡང་དགེ་སློང་གིས་བུད་མེད་དམ་། སྐྱེས་པའམ་། མ་ནིང་གང་ལ་བརྟེན་ནས་དབྱར་གནས་པར་དམ་བཅས་པར ༼༥༽ གྱུར་པ་དེ་ཀླུ་རྣམས་ཀྱིས་བཟུང་ངམ་། བཙོན་དུ་བཟུང་ངམ་། བསད་དམ་། དེའི་ནོར་འཕྲོགས་སམ་། ཀླུའི་འཛིགས་པས་ཡུལ་འཁོར་གཞན་ནམ་། ཡུལ་གཞན་དུ་བྲོས་སམ་ཤི་བར་གྱུར་ལ་། དེ་ན་དབྱར་གནས་པར་དམ་བཅས་པའི་དགེ་སློང་འདི་སྙམ ༼༦༽ དུ་སེམས་ཏེ་། བདག་བུད་མེད་དམ་། སྐྱེས་པ་འམ་། མ་ནིང་གང་ལ་བརྟེན་ནས་འདིར་དབྱར་གནས་པར་དམ་བཅས་པ་དེ་ཀླུ་རྣམས་ཀྱིས་བཟུང་ངམ་། བཙོན་དུ་བཟུང་ངམ་། བསད་དམ་། དེའི་ནོར་འཕྲོགས་སམ་། ཀླུའི་འཇིགས་པས་ཡུལ་འཁོར ༼༧༽ གཞན་ནམ་། ཡུལ་གཞན་དུ་བྲོས་སམ་ཤི་བར་གྱུར་པས་། གལ་ཏེ་གནས་འདིར་བདག་དབྱར་གནས་ན་གཞི་དེས་བདག་གི་སྲོག་གི་བར་ཆད་དང་། དགེ་སྦྱོང་གི་ཚུལ་གྱི་བར་ཆད་དང་། ཚངས་པར་སྤྱོད་པའི་བར་ཆད་དུ་འགྱུར་གྱིས་། མ་ལ་བདག་གནས ༼༢༤༩བ༡༽ འདི་ནས་འགྲོའོ་སྙམ་ནས་། དེས་དེ་ལྟ་བུས་རྐྱེ་ན་བྱས་ཏེ་གནས་དེ་ནས་སོང་བ་ལས་དབྱར་རལ་ན་ལྟུང་བ་མེད་དོ་༎,,.
512bf9b85d574717943c6d1b9ff0bc5b,"āpi tad vihāraḥ dāvamadhye pratiṣṭhāpito bhavati. pūrvavad yāvat sa tasmād āvāsāt prakrāmaty. etad eva pratyayaṃ kṛtvā anāpattir varṣācchede // 
ya",འདི་ལྟར་ཡང་ནགས་ཁྲོད་ཅིག་ཏུ་གཙུག་ལག་ཁང་བརྩིགས་ལ་ཞེས་བྱ་བའི་བར་གོང་མ་བཞིན་ཏེ་། དེས་དེ་ལྟ་བུས་རྐྱེན་བྱས་ཏེ་གནས་དེ་ནས་སོང་བ་ལས ༼༢༽ དབྱར་རལ་ན་ལྟུང་བ་མེད་དོ་༎,,.
db401c1920a54aedbe71ac14b43a2773,"āpi tad bhikṣur yaṃ strīpuruṣapaṇḍakam upaniśṛtya varṣā upagato bhavati, so ’gninā dagdhaḥ, santasvāpateyaṃ vāsyāgninā dagdhaṃ, agnibhayena vā pararāṣṭraṃ paraviṣayaṃ niṣpalānaḥ, ucchidya vā kālagataḥ. tatra varṣopagatasya bhikṣor evaṃ bhavati / aham asminn āvāse yaṃ strīpuruṣapaṇḍakam upaniśṛtya varṣā upagataḥ, so ’gninā dagdhaḥ, santasvāpateyaṃ vāsyāgninā dagdhaṃ, agnibhayena vā pararāṣṭraṃ paraviṣayaṃ niṣpalānaḥ, ucchidya vā kālagataḥ. ahaṃ ced asminn āvāse varṣā vaseyaṃ syān me atonidānaṃ jīvitāntarāyo śrāmaṇyāntarāyo brahmacaryāntarāyaḥ / yanv aham asmād āvāsāt prakrameyaṃ. sa tasmād āvāsāt prakrāmaty. etad eva pratyayaṃ kṛtvā anāpattir varṣācchede // 
ya",འདི་ལྟར་ཡང་དགེ་སློང་གིས་བུད་མེད་དམ་། སྐྱེས་པའམ་། མ་ནིང་གང་ལ་བརྟེན་ནས་དབྱར་གནས་པར་དམ་བཅས་པར་གྱུར་པ་དེ་མེས་ཚིག་གམ་། དེའི་ནོར་མེས་ཚིག་གམ་། མེའི་འཇིགས་པས་ཡུལ་འཁོར་གཞན་ནམ་། ཡུལ ༼༣༽ གཞན་དུ་བྲོས་སམ་ཤེ་བར་གྱུར་ལ་། དེ་ན་དབྱར་གནས་པར་དམ་བཅས་པའི་དགེ་སློང་འདི་སྙམ་དུ་སེམས་ཏེ་། བདག་བུད་མེད་དམ་། སྐྱེས་པའམ་། མ་ནིང་གང་ལ་བརྟེན་དེ་འདིར་དབྱར་གནས་པར་དམ་བཅས་པ་དེ་མེས་ཚིག་གམ་། དེའི་ནོར་མེས་ཚིག་གམ་། ༼༤༽ མེའི་འཇིགས་པས་ཡུལ་འཁོར་གཞན་ནམ་། ཡུལ་གཞན་དུ་བྲོས་སམ་ཤི་བར་གྱུར་པས་། གལ་ཏེ་གནས་འདིར་གདག་དབྱར་གནས་ན་གཞི་དེས་བདག་གི་སྲོག་གི་བར་ཆད་དང་། དགེ་སྦྱོང་གི་ཚུལ་གྱི་བར་ཆད་དང་། ཚངས་པར་སྤྱོད་པའི་བར་ཆད་དུ་འགྱུར་གྱིས་། ༼༥༽ མ་ལ་བདག་གནས་འདི་ནས་འགྲོའོ་སྙམ་ནས་། དེས་དེ་ལྟ་བུས་རྐྱེན་བྱས་ཏེ་གནས་དེ་ནས་སོང་པ་ལས་དབྱར་རལ་ན་ལྟུང་བ་མེད་དོ་༎,,.
f49b1d12f2da4821befdf7e0a2fd8adf,"āpi tad vihāro ’nūpamadhye pratiṣṭāpito bhavati. pūrvavad yāvat sa tasmād āvāsāt prakrāmaty. etad eva pratyayaṃ kṛtvā anāpattir varṣācchede // 
ya",འདི་ལྟར་ཡང་གཤོང་ཞིག་གི་དབུས་སུ་གཙུག་ལག་ཁང་བརྩིགས་ལ་ཞེས་བྱ་བའི་བར་གོང་མ་བཞིན་ཏེ་། དེས་དེ་ལྟ་བུས་རྐྱེན་བྱས ༼༦༽ ཏེ་གནས་དེ་ནས་སོང་བ་ལས་དབྱར་རལ་ན་ལྟུང་བ་མེད་དོ་༎,又近河水。其水漂漲。損失施主家資(25)衣物。或死或走。苾芻作念。此之施主。遭斯水(26)難。我若住此。必有命梵行難生。移向餘處。同(27)前無犯。,.
324711f3b3394f099123bf3ff83af5b5,"āpi tad bhikṣur yaṃ strīpuruṣapaṇḍakam upaniśritya varṣā upagataḥ. sa udakenoḍhaḥ, santasvāpateyaṃ vāsya udakenoḍhaṃ bhavati / udakabhayena vā pararāṣṭraṃ paraviṣayaṃ niṣpalānaḥ, ucchidya vā kālagataḥ. tatra varṣopagatasya bhikṣor evaṃ bhavati. aham asminn āvāse yaṃ strīpuruṣapaṇḍakam upaniśritya varṣā upagataḥ, sa udakenoḍhaḥ santasvāpateyaṃ vāsyodakeṇodhaṃ udakabhayena vā pararāṣṭraṃ paraviṣayaṃ niṣpalānaḥ, ucchidya vā kālagataḥ. ahaṃ ced asminn āvāse varṣā vaseyaṃ syān me atonidānaṃ jīvitāntarāyaḥ śrāmaṇyāntarāyo brahmacaryāntarāyaḥ. yanv aham asmād āvāsāt prakrameyaṃ. sa tasmād āvāsāt (80r = GBM 743) prakrāmaty. etad eva pratyayaṃ kṛtvā anāpattir varṣācchede // // 
ud",འདི་ལྟར་ཡང་དགེ་སློང་གིས་བུད་མེད་དམ་། སྐྱེས་པའམ་། མ་ནིང་གང་ལ་བརྟེན་ཏེ་དབྱར་གནས་པར་དམ་བཅས་པར་གྱུར་པ་དེ་ཆུས་ཁྱེར་རམ་། དེའི་ནོར་ཆུས་ཁྱེར་རམ་། ཆུའི་འདིགས་པས་ཡུལ་འཁོར ༼༧༽ གཞན་ནམ་། ཡུལ་གཞན་དུ་བྲོས་སམ་ཤི་བར་གྱུར་ལ་། དེ་ན་དབྱར་གནས་པར་དམ་བཅས་པའི་དགེ་སློང་འདི་སྙམ་དུ་སེམས་ཏེ་། བདག་བུད་མེད་དམ་། སྐྱེས་པའམ་། མ་ནིང་གང་ལ་བརྟེན་ནས་དབྱར་གནས་པར་དམ་བཅས་པ་དེ་ཆུས་ཁྱེར་རམ་། དེའི་ནོར་ཆུས ༼༢༥༠ཨ༡༽ ཁྱེར་རམ་། ཆུའི་འཇིགས་པས་ཡུལ་འཁོར་གཞན་ནམ་། ཡུལ་གཞན་དུ་བྲོས་སམ་ཤི་བར་གྱུར་པས་། གལ་ཏེ་བདག་གནས་འདིར་དབྱར་གནས་ན་གཞི་དེས་བདག་གི་སྲོག་གི་བར་ཆད་དང་། དགེ་སྦྱོང་གི་ཚུལ་གྱི་བར་ཆད་དང་། ཚངས་པར་སྤྱོད་པའི ༼༢༽ བར་ཆད་དུ་འགྱུར་གྱིས་། མ་ལ་བདག་གཞས་འདི་ནས་འགྲོའོ་སྙམ་ནས་། དེས་དེ་ལྟ་བུས་རྐྱེན་བྱས་ཏེ་གནས་དེ་ནས་སོང་བ་ལས་དབྱར་རལ་ན་ལྟུང་བ་མེད་དོ་༎ ༎,,.
bfa4281bdb4c4c419f57b75fe9a719fb,"nam* //anāpattiḥ saṃvāsena pratiśrutena + + ++ + + + + + + + + + + + + + + +Dutt pūrvaṃ dvādaśa paścimaṃ ca dvādaśa // 
ya",སྡོམ་ལ་།དབྱར་རལ་ལྟུང་བ་མེད་པ་དང་༎གནས་པར་དམ་ནི་འཆའ་བ་དག་༎སྔ་མ་ཡི་ནི་བཅུ ༼༣༽ གཉིས་དང་༎ཕྱི་མ་ཡི་ནི་བཅུ་གཉིས་སོ་༎,,Uddāna 3
879da79dbae841de9c99a1eb97b1aa0a,"āpi tad varṣopagato bhikṣuḥ paśyati. bhikṣur bhikṣuṃ tathātathājñāpayati saṃjñāpayati śikṣayati grāhayati saṃghabhedāya parākrāmati. sthānam etad vidyate yat tasminn āvāse tasminn evāntarvarṣe saṃgho bhidyate / tatra varṣopagatasya bhikṣor evaṃ bhavati. aham asminn āvāse varṣā upagataḥ. ayaṃ ca bikṣur bhikṣuṃ tathātathājñāpayati saṃjñāpayati śikṣayati grāhayati saṃghabhedāya parākrāmate. sthānam etad vidyate yad asminn āvāse ’sminn evāntarvarṣe saṃgho bhidyate. ahaṃ ced asminn āvāse varṣā vaseyaṃ, /// . sthānam etad vidyate yad sa me syād antarāyaḥ aprāptasya prāptaye, ’nadhigatasyādhigamāya, asākṣātkṛtasya sākṣātkriyāyai. yanv aham asmād āvāsāt prakrameyaṃ. sa tasmād āvāsāt prakramaty etad eva pratyayaṃ kṛtvā anāpattir varṣācchede. 
ya",འདི་ལྟར་ཡང་དབྱར་གནས་པར་དམ་བཅས་པའི་དགེ་སློང་གིས་དགེ་སློང་རྣམས་ལ་གོ་བར་བྱེད་། ཀུན་ཏུ་གོ་བར་བྱེད་། སློབ་པར་བྱེད་། འཛིན་དུ་འཇུག ༼༤༽ པར་བྱེད་ཅིང་། གང་ཡང་གནས་འདིར་དབྱར་གྱི་ནང་ལོགས་ཉིད་དུ་དགེ་འདུན་བྱེ་བར་འགྱུར་བའི་གནས་འདི་ཡོད་པར་མཐོར་ནས་། དེན་དབྱར་གནས་པར་དམ་བཅས་པའི་དགེ་སློང་འདི་སྙམ་དུ་སེམས་ཏེ་། གནས་འདིར་བདག་དབྱར་གནས་པར་དམ་བཅས་ན་། ༼༥༽ དགེ་སློང་འདི་དགེ་འདུན་གྱི་དབྱེན་བྱ་བར་རྩོལ་ཞིང་དེ་ལྟ་དེ་ལྟ་བུར་དགེ་སློང་རྣམས་ལ་གོ་བར་བྱེད་། ཀུན་ཏུ་གོ་བར་བྱེད་། སློབ་པར་བྱེད་། འཛིན་དུ་འཇུག་པར་བྱེད་ཅིང་གར་ཡང་གནས་འདིར་དབྱར་གྱི་ནང་ལོགས་ཉིད་དུ་དགེ་འདུན་བྱེ་བར་འགྱུར་པའི་གནས་འདི་ཡོད་དེ་། ༼༦༽ གལ་ཏེ་གནས་འདིར་བདག་དབྱར་གནས་ན་གང་ཡང་མི་མཐུན་པའི་སེམས་སྐྱེས་སམ་། མ་བརྟགས་པའི་ཚིག་བྱུང་ན་བདག་གི་མ་ཐོས་པ་ཐོབ་པར་བྱ་བ་དང་། མ་རྟོགས་པ་རྟོགས་པར་བྱ་བ་དང་། མགོན་སུམ་དུ་མ་བྱས་པ་མངོན་སུམ་དུ་བྱ་བའི་བར་ཆད་དུ་འགྱུར ༼༧༽ བའི་གནས་འདི་ཡོད་པས་། མ་ལ་བདག་གནས་འདི་ནས་འགྲོའོ་སྙམ་ནས་། དེས་དེ་ལྟ་བུས་རྐྱེན་བྱས་ཏེ་གནས་དེ་ནས་སོར་བ་ལས་དབྱང་རལ་ན་ལྟུང་བ་མེད་དོ་༎,若有苾芻。於安居内。見有苾芻。教餘(28)苾芻。或作破僧伽事。并勸衆人及作破僧方(29)便。時彼苾芻便作是念。今於此處。現有破僧(1044b1)伽事。我若於此安居然彼苾芻欲破僧伽。或(2)教令破及以勸化。并作方便。復作是念。我今(3)於此善説勸化。彼必不受。惡對於我。若久住(4)此。有是事生。先已學者。必當忘失。其未學(5)者。不能令進。不宜住此。可移餘處。就彼安居(6)者。同前無犯。,.
7a918bb32fbd46ae81d90a155665cd6e,"āpi tad varṣopagato bhikṣuḥ śṛṇoti. amuṣminn āvāse bhikṣur bhikṣuṃ tathātathājñāpayati saṃjñapayati śikṣayati grāhayati saṃghasya bhedāya parākramati. sthānam etad vidyate yat tasminn āvāse ’ntarvarṣe saṃgho bhidyate. asau me bhikṣur ālaptakaḥ saṃlaptakaḥ saṃstutakaḥ sapremakaḥ. ahaṃ cet tatra gaccheyaṃ, /// yathā tasminn āvāse asminn evāntarvarṣe saṃgho na bhidyate / gantavyaṃ bhikṣuṇā saptāham adhiṣṭhāya saṃghasya karaṇīyena. sacet tatra gacchatīty evaṃ kuśalaṃ, no ced gacchati sātisāro bhavati. sacet tatra gatasya saptāho ’tikrāntaḥ anāpattir varṣācchede // 
ya",འདི་ལྟར་ཡང་དབྱར་གནས་པར་དམ་བཅས་པའི་དགེ་སློང་གིས་གནས་ག་གི་མོ་ཞིག་ཏུ་དགེ་སློང ༼༢༥༠བ༡༽ ཞིག་གིས་དགེ་འདུན་གྱི་དབྱེན་བྱ་བར་རྩོན་ཞིར་དེ་ལྟ་དེ་ལྟ་བུར་དགེ་སློང་རྣམས་ལ་གོ་བར་བྱེད་། ཀུན་ཏུ་གོ་བར་བྱེད་། སློབ་པར་བྱེད་། འཛིན་དུ་འཇུག་པར་བྱེད་ཅིང་། གང་ཡང་གནས་དེར་དབྱར་གྱི་ནང་ལོགས་ཉིད་དུ་དགེ་འདུན་བྱེ་བར་འགྱུཨུར་བའི་གནས་འདི་ཡོད་པར ༼༢༽ ཐོས་ལ་། དགེ་སློང་དེ་དང་ནི་བདག་ཏུ་གཏམ་འདྲེས་པ་། ཕེབས་པར་སྨྲ་བ་། སྨོས་འདྲིན་པ་། འགྲོགས་བཤེས་པ་ཡིན་གྱིས་། གལ་ཏེ་བདག་དེར་སོང་ན་བདག་གིས་ཇི་ལྟར་གནས་དེར་དབྱར་གྱི་ནང་ལོགས་སུ་དགེ་འདུན་བྱེ་བར་མི་འགྱུར་པ་དེ་ལྟ་དེ་ལྟར་བྱ་ནུས་སོ་སྙམ ༼༣༽ ན་། དགེ་སློང་གིས་ཞག་བདུན་བྱིན་གྱིས་བརླབས་ལ་དགེ་འདུན་གྱི་བྱ་བའི་ཕྱིར་འགྲོ་བར་བྱ་སྟེ་། གལ་ཏེ་དེར་སོང་ན་ལེགས་། མ་སོང་ན་འགལ་ཚབས་ཅན་དུ་འགྱུར་རོ་༎ གལ་ཏེ་དགེ་འདུན་གྱི་བྱ་བའི་ཕྱིར་དེར་སོང་བ་ལས་ཞག་བདུན་འདས་ཏེ་དབྱར་རལ་ན་ལྟུང་བ ༼༤༽ མེད་དོ༎,若苾芻於安居内。聞有苾芻欲(7)作破僧伽事。而彼苾芻是其親友知識。即作(8)是念。我若取語。恐有破僧伽事得罪。若不取(9)語。復是知識。應受持七日出界外。若七日事(10)不息者。過七日無罪。若不去者。得越法罪,.
3695c15ff6654ae685b6cdbaee99a348,"āpi tad varṣopagato bhikṣuḥ śṛṇoti. amuṣminn āvāse bhikṣur bhikṣuṃ tathātathājñāpayati saṃjñapayati śikṣayati saṃghasya bhedāya parākrāmati. sthānam etad vidyate yat tasminn āvāse ’ntarvarṣe saṃgho bhidyate. nāsau me bhikṣur ālaptakaḥ saṃlaptakaḥ saṃstutakaḥ sapremakaḥ. api tu yasyāsau bhikṣur ālaptakaḥ saṃlaptakaḥ saṃstutakaḥ sapremakaḥ, sa me bhikṣur ālaptakaḥ saṃlaptakaḥ saṃstutakaḥ sapremakaḥ. ahaṃ cet tatra gaccheyaṃ, /// yathā tasminn āvāse asminn evāntarvarṣe saṃgho na bhidyate. gantavyaṃ bhikṣuṇā saptāham adhiṣṭhāya saṃghasya karaṇīyena. saced gacchatīty evaṃ kuśalaṃ, no ced gacchati sātisāro bhavati / sacet tatra gatasya saptāho ’tikrāntaḥ, anāpattir varṣācchede // 
ya",འདི་ལྟར་ཡང་དབྱར་གནས་པར་དམ་བཅས་པའི་དགེ་སློང་གིས་གནས་ག་གེ་མོ་ཞིག་ཏུ་དགེ་སློང་ཞིག་གིས་དགེ་འདུན་གྱི་དབྱེན་བྱ་བར་རྩོན་ཞིང་དེ་ལྟ་བུར་དགེ་སློང་རྣམས་ལ་གོ་བར་བྱེད་། ཀུན་ཏུ་གོ་བར་བྱེད་། སློབ་པར་བྱེད་། འཇིན་དུ་འཇུག་པར་བྱེད ༼༥༽ ཅིང་། གང་ཡང་གནས་དེར་དབྱར་གྱི་ནང་ལོགས་ཉིད་དུ་དགེ་འདུན་བྱེ་བར་འགྱུར་བའི་གནས་འདི་ཡོད་པར་ཐོས་ལ་། དགེ་སློང་དེ་དང་བདག་ཏུ་ནི་གཏམ་འདྲེས་པ་དང་། ཕེབས་པར་སྨྲ་བ་དང་། སྨོས་འདྲིན་པ་དང་། འགྲོགས་བཤེས་པ་མ་ཡིན་མོ་དཀྱི་། འོན་ཀྱང ༼༦༽ དགེ་སློང་དེ་གང་དང་གཏམ་འདྲེས་པ་། ཕེགས་པར་སྨྲ་བ་། སྨོས་འདྲིན་པ་། འགྲོགས་བཤེས་པའི་དགེ་སློང་དེ་དང་བདག་ཏུ་གཏམ་འདྲེས་པ་། ཕེབས་པར་སྨྲ་བ་། སྨོས་འདྲིན་པ་། འགྲོགས་བཤེས་པ་ཡིན་གྱིས་། བདག་དེར་སོང་ལ་བདག་གིས་ཇི་ལྟར་གནས ༼༧༽ དེར་དབྱར་གྱི་ནང་ལོགས་སུ་དགེ་འདུན་བྱེ་བར་མི་འགྱུར་བ་དེ་ལྟ་དེ་ལྟར་བྱ་ནུས་སོ་སྙམ་ནས་། དགེ་སློང་གིས་ཞག་བདུན་བྱིན་གྱིས་བརླབས་ལ་དགེ་འདུན་གྱི་བྱ་བའི་ཕྱིར་འགྲོ་བར་བྱ་སྟེ་། གལ་ཏེ་སོང་ན་ལེགས་། མ་སོང་ན་འགལ་ཚབས་ཅན་དུ་འགྱུར་རོ་༎ གལ་ཏེ ༼༢༥༡ཨ༡༽ དགེ་འདུན་གྱི་བྱ་བའི་ཕྱིར་དེར་སོང་བ་ལས་ཞག་བདུན་འདས་ཏེ་དབྱར་རལ་ན་ལྟུང་བ་མེད་དོ་༎,,.
9651a4a38ff744feaf8dd5d2dbb50b9a,"āpi tad bhikṣuḥ pratiśṛṇoty. amuṣminn āvāse pūrvikāṃ traimāsīṃ vatsye tayor āvāsayor ekalābhau hirukpoṣadho. tasyaivaṃ bhavati ihāpi me vasataḥ sa eva, tatrāpi me vasataḥ sa eva. sa pratiśrutya na gacchati. tasya tasminn āvāse pūrvikāṃ traimāsīṃ na prajñāyate, pratiśraveṇa ca duṣkṛtā. 
ya",འདི་ལྟར་ཡང་དགེ་སློང་གིས་གནས་ག་གེ་མོ་ཞིག་ཏུ་དབྱར་སྔ་མ་ཟླ་བ་གསུམ་གནས་པར་དམ་བཅས་པ་ལས་གནས་དེ་གཉིས་ན་རྙེད་པ་ནི་ཐུན་མོང་། གསོ་སྦྱོན་ནི་ཐ་དད ༼༢༽ པ་དང་དེ་འདི་སྙམ་དུ་སེམས་ཏེ་། བདག་འདིར་གཉས་ཀྱང་རྙེད་པ་ནི་དེར་ཐད་། བདག་དེར་གནས་ཀྱང་རྙེད་པ་ནི་དེར་ཟད་དོ་སྙམ་ནས་། དེ་དམ་བཅས་པར་མ་སོང་ན་དེའི་གནས་དེར་སྔ་མའི་ཟླ་བ་གསུམ་ཡང་མ་ཡིན་ལ་། དམ་བཅས་པས་ཉིས་བྱས་སུ་ཡང་འགྱུར་རོ་༎,(11)若有苾芻。聞苾芻説餘處三月安居多得利(12)物。此苾芻即欲於彼安居復有苾芻。言此處(13)亦有利養。彼間亦得利養。既是一種。不及往(14)彼。苾芻於此安居。遂不得利。然彼先説苾芻(15)得越法罪,.
8a27371f66864c7d85772f50bc526488,"āpi tad bhikṣuḥ pratiśṛṇoty. amuṣminn āvāse pūrvikāṃ (80v = GBM 742) traimāsīṃ vatsye. sa pratiśrutya gacchati. gatvā śalākādīn na pratigṛhṇāti. tasya tasminn āvāse pūrvikāṃ traimāsīṃ na prajñāyate, pratiśraveṇa ca duṣkṛtā. 
ya",༼༣༽ འདི་ལྟར་ཡང་དགེ་སློང་གིས་གནས་ག་གེ་མོ་ཞིག་ཏུ་སྔ་མའི་ཟླ་བ་གསུམ་གནས་པར་དམ་བཅས་ཏེ་། དེ་དམ་བཅས་པར་སོར་ནས་ཚུལ་ཤིང་མ་བླངས་ལ་བྱ་བའི་ཕྱིར་དེ་སོང་ན་དེའི་གནས་དེར་སྔ་མའི་ཟླ་བ་གསུམ་ཡང་མ་ཡིན་ལ་། དམ་བཅས་པས་ཉེས་བྱས་སུ་ཡང ༼༤༽ འགྱུར་རོ་༎,(16)若苾芻聞餘苾芻説某處有堪安居處此苾芻(17)即便詣彼。共受籌已所應得物皆悉不得。彼(18)先説苾芻得越法罪。,
8386a0e160324c0bb5dae5e9b12c8ac8,"āpi tad bhikṣuḥ pratiśṛṇoty. amuṣminn āvāse pūrvikāṃ traimāsīṃ vatsye. sa pratiśrutya gacchati. gatvā śalākādīn pratigṛhṇāti. śayanāsanaṃ na pratigṛhṇāti. gacchati karaṇīyena. tasya tasminn āvāse pūrvikāṃ traimāsīṃ na prajñāyate, pratiśraveṇa ca duṣkṛtā // 
ya",འདི་ལྟར་ཡང་དགེ་སློང་གིས་གནས་ག་གེ་མོ་ཞིག་ཏུ་སྔ་མའི་གླ་བ་གསུམ་གནས་པར་དམ་བཅས་ཏེ་། དེ་དམ་བཅས་པར་སོང་ནས་ཚུལ་ཤིང་ནི་བླངས་ཀྱིས་གནས་མལ་ནི་མ་བླངས་ལ་བྱ་བའི་ཕྱིར་དེ་སོང་ན་དེའི་གནས་དེར་སྔ་མའི་ཟླ་བ་གསུམ་ཡང་མ་ཡིན་ལ་། ༼༥༽ དམ་བཅས་པས་ཉེས་བྱས་སུ་ཡང་འགྱུར་རོ་༎,若有苾芻。聞諸苾芻説(19)某住處前三月有安居處。苾芻聞已。便去至(20)彼。共受籌已。不得臥具。亦不堪住。彼説苾(21)芻得突色訖里多罪。,
3a101860096549f1865294d48bf970bf,"āpi tad bhikṣuḥ pratiśṛṇoty. amuṣminn āvāse pūrvikāṃ traimāsīṃ vatsye. sa pratiśrutya gacchati. gatvā śalākādīn pratigṛhṇāti śayanāsanaṃ pratigṛhṇāti. varṣā upagamya gacchati karaṇīyena. tasya tasminn āvāse pūrvikāṃ traimāsīṃ na prajñāyate / pratiśraveṇa ca duṣkṛtā // 
ya",འདི་ལྟར་ཡང་དགེ་སློང་གིས་གནས་ག་གེ་མོ་ཞིག་ཏུ་སྔ་མའི་ཟླ་བ་གསུམ་གནས་སོ་ཞེས་དམ་བཅས་ཏེ་། དེ་དམ་བཅས་པར་སོང་ནས་ཚུལ་ཤིང་ཡང་བླངས་གནས་མལ་ཡང་བླངས་ཀྱི་། དབྱར་གནས་པར་དམ་བཅས ༼༦༽ ལ་། བྱ་བའི་ཕྱིར་དེ་སོང་ན་དེའི་གནས་དེར་སྔ་མའི་ཟླ་བ་གསུམ་ཡང་མ་ཡིན་ལ་། དམ་བཅས་པས་ཉེས་བྱས་སུ་ཡང་འགྱུར་རོ་༎,若有苾芻聞苾芻説於(22)某處前三月有安居處。彼即便去。既共受籌。(23)分得臥具已。即便他行。別於餘處。亦不安居。(24)得惡作罪。不成安居。,.
c8546c92fa3a4b0faf4cfa2e45eb340f,"āpi tad bhikṣuḥ pratiśṛṇoty. amuṣminn āvāse pūrvikāṃ traimāsīṃ vatsye. sa pratiśrutya gacchati. gatvā śalākādīn pratigṛhṇāti. śayanāsanaṃ pratigṛhṇāti. varṣā upagamya saptāham anadhiṣṭhāya bahiḥsīmāṃ gacchati karaṇīyena. tasya tasminn āvāse pūrvikāṃ traimāsīṃ na prajñāyate, pratiśraveṇa ca duṣkṛtā // 
ya",འདི་ལྟར་ཡང་དགེ་སློང་གིས་གནས་ག་གེ་མོ་ཞིག་ཏུ་སྔ་མའི་ཟླ་བ་གསུམ་གནས་པར་དམ་བཅས་ཏེ་། དེ་དམ་བཅས་པར་སོང་ནས་ཚུལ ༼༧༽ ཤིང་ཡང་བླངས་། གནས་མལ་ཡང་བླངས་། དབྱར་གནས་པར་དམ་བཅས་ལ་། བྱ་བའི་ཕྱིར་བྱིན་གྱིས་མ་བརླབས་པར་ཞག་བདུན་མཚེམས་ཀྱི་ཕྱི་རོལ་དུ་དེ་སོང་ན་དེའི་གནས་དེར་སྔ་མའི་ཟླ་བ་གསུམ་ཡང་མ་ཡིན་ལ་། དམ་བཅས་པས་ཉེས་བྱས་སུ་ཡང་འགྱུར་རོ་༎,若苾芻聞苾芻説於某(25)處住處前三月有安居處。彼時便去。受籌共(26)分臥具。作安居已。自有縁事。不受持七日。出(27)界外去。不成前安居。得惡作罪,.
be763ba9dd1f4ab781a6f7eba8f37284,"āpi tad bhikṣuḥ pratiśṛṇoty. amuṣminn āvāse pūrvikāṃ traimāsīṃ vatsye. sa pratiśrutya gacchati. gatvā śalākādīn pratigṛhṇāti. śayanāsanaṃ pratigṛhṇāti. varṣā upagamya saptāham anadhiṣṭhāya bahiḥsīmāṃ gacchati karaṇīyena. tasya tasminn āvāse pūrvikāṃ traimāsīṃ na prajñāyate. pratiśraveṇa ca duṣkṛtā. sacet tatra kṛtyakaraṇīyena saptāho ’tikrāntaḥ anāpattir varṣācchede /  ṣaṭkarma evaṃ kartavyam* / yathā pūrvikāṃ traimāsīṃ tathāpi paścimikāṃ /// traimāsī // // 
va",༼༢༥༡བ༡༽ འདི་ལྟར་ཡང་དགེ་སློང་གིས་གནས་ག་གེ་མོ་ཞིག་ཏུ་སྔ་མའི་ཟླ་བ་གསུམ་གནས་སོ་ཞེས་དམ་བཅས་ལ་། དེ་དམ་བཅས་པར་སོང་ནས་ཚུལ་ཤིང་ཡང་བླངས་། གནས་མལ་ཡང་བླངས་། དབྱར་གནས་བར་དམ་ཡང་བཅས་ནས་བྱ་བའི་ཕྱིར་ཞག་བདུན་བྱིན་གྱིས་བརླབས་ལ ༼༢༽ མཚམས་ཀྱི་ཕྱི་རོལ་དུ་སོང་བ་ན་དེའི་གནས་དེར་སྔ་མའི་ཟླ་བ་གསུམ་ཡང་ཡིན་ལ་། དམ་བཅས་པ་ལ་ཉེས་བྱས་སུ་ཡང་མི་འགྱུར་ཏེ་། གལ་ཏེ་བྱ་བ་དེ་ཉིད་ཀྱི་ཕྱིར་དེའི་ཞག་བདུན་འདས་པ་ལ་དབྱར་རལ་བའི་ལྟུང་བ་མེད་དོ་༎ བྱ་བའི་ཕྱིར་དྲུག་པོ་ཇི་ལྟ་བ་དེ་བཞིན་དུ་བྱ་བ་མ ༼༣༽ ཡིན་པ་ཡང་དྲུག་གོ་༎ སྔ་མ་ཟླ་བ་གསུམ་ཇི་ལྟ་བ་དེ་བཞིན་ཕྱི་མ་ཡང་ཟླ་བ་གསུམ་མོ་༎,(28)若苾芻聞苾芻説言於某住處前三月有安居(29)處。即便往去。既至彼已。安居受籌。分臥具(1044c1)訖。有縁受持七日出界外。某住處不作三月(2)安居。由先説者。得突色訖里多。受持七日苾(3)芻。過七日不來者。破安居。  然斯六種前安居(4)法。與後安居法不異。並准前安居作。唯言後(5)三月爲異。餘如百一羯磨中廣説,  
c532a0a6c64b4e44bcf51a70916ffa89,āvastu samaptam* // //,དབྱར་གྱི་གཞི་རྫོགས་སོ་༎ ༎,(6)根本説一切有部毘奈耶安居事一卷,.
