id,P001809,P001810,P001811
31aaba37698a434f851fb10bad63eaba,(Nirvikalpapraveśadhāraṇī),༼༡ཨ༡༽ འཕགས་པ་རྣམ་པར་མི་རྟོག་པར་འཇུག་པ་ཞེས་བྱ་བའི་གཟུངས་།༼༡བ༡༽ ༎ རྒྱ་གར་སྐད་དུ་། ཨཱརྱ་ཨ་བི་ཀལྤ་པྲ་བེ་ཤ་ནཱ་མ་དྷཱ་ར་ངī་།བོད་སྐད་དུ་། འཕགས་པ་རྣམ་པར་མི་རྟོག་པར་འཇུག་པ་ཞེས་བྱ་བའི་གཟུངས་།སངས་རྒྱས་དང་བྱང་ཆུབ ༼༢༽ སེམས་དཔའ་ཐམས་ཅད་ལ་ཕྱག་འཚལ་ལོ་༎,(敦煌本入無分別總持經)
bf774894788948fa9a1127e228cf3e98,§1 (1v1)(... evaṃ mayā śrutam ekasmin sa)maye bhagavān rājagṛhe virahati sma |  sarvatraidhātukaprativiśiṣṭanirvikalpadharmadhātugarbhe prāsāde mahatā bhikṣusaṃghena sārdhaṃ mahatā ca bodhisattvasaṃghena |  tad yathā avi(ka)lpena ca bodhisattvena mahāsattvena |  avikalpaprabhāsena ca bodhisattvena mahāsattvena |  avikalpaca(2)(ndreṇa ca bodhisattvena mahāsattvena |  nirvikalpasūre)ṇa ca |  nirvikalpadharmanirdeśakuśalena ca |  nirvikalpasvabhāvena ca |  nirvikalpamatinā ca |  nirvikalpanādena ca |  nirvikalpaspharaṇena ca |  nirvikalpasvareṇa ca |  maheśvareṇa ca |  nirvikalpamahāmaitrīsvareṇa ca |  avalokiteśvareṇa (ca) bodhisattvena sārdhan (|),འདི་སྐད་བདག་གིས་ཐོས་པ་དུས་གཅིག་ན་། བཅོམ་ལྡན་འདས་རྒྱལ་པོའི་ཁབ་ན་། ཁམས་གསུམ་པ་ཐམས་ཅད་ལས་ཁྱད་པར་དུ་འཕགས་པ ༼༣༽ རྣམ་པར་མི་རྟོག་པའི་ཆོས་ཀྱི་དབྱིངས་ཀྱི་སྙིང་པོའི་ཁང་བཟངས་ན་དགེ་སློང་གི་དགེ་འདུན་ཆེན་པོ་དང་། བྱང་ཆུབ་སེམས་དཔའི་ཚོགས་ཆེན་པོ་དང་ཐབས་ཅིག་ཏུ་བཞུགས་ཏེ་། འདི་ལྟ་སྟེ་། བྱང་ཆུབ ༼༤༽ སེམས་དཔའ་སེམས་དཔའ་ཆེན་པོ་རྣམ་པར་མི་རྟོག་པ་དང་། རྣམ་པར་མི་རྟོག་སྣང་བ་དང་། རྣམ་པར་མི་རྟོག་ཟླ་བ་དང་། རྣམ་པར་རྟོག་མེད་དཔའ་བོ་དང་། རྣམ་པར་རྟོག་མེད་ཆོས་སྟོན་མཁས་པ་དང་།  ༼༥༽ རྣམ་པར་རྟོག་མེད་ངོ་བོ་ཉིད་དང་༎ རྣམ་པར་རྟོག་མེད་བློ་གྲོས་དང་། རྣམ་པར་རྟོག་མེད་ང་རོ་དང་། རྣམ་པར་རྟོག་མེད་ཁྱབ་བྱེད་དང་། རྣམ་པར་རྟོག་མེད་དབང་ཕྱུག་དང་། རྣམ་པར་རྟོག་མེད་དབང་ཕྱུག ༼༢ཨ༡༽ ཆེན་པོ་དང་། རྣམ་པར་རྟོག་མེད་བྱམས་པ་ཆེན་པོའི་དབང་ཕྱུག་དང་། བྱང་ཆུབ་སེམས་དཔའ་སེམས་དཔའ་ཆེན་པོ་འཕགས་པ་སྤྱན་རས་གཟིགས་དབང་ཕྱུག་དང་ཐབས་ཅིག་གོ་༎,                            
60e5a36d6f3a43d28ba284a002dddda7,§2 tatra khalu bhagavā(3)(n anekaśatasahasrayā parṣadā parivṛtaḥ puraskṛto) dharmaṃ deśayati sma | yad uta dharmāṇāṃ nirvikalpatām ārabhya |  atha khalu bhagavān samantāṃ sarvāvatīṃ bodhisattvaparṣadam avalokya bodhisattvān āmantrayate sma |  dhārayata yūyaṃ kulaputrā avikalpapraveśāṃ nāma dhāraṇīṃ yām avikalpapraveśāṃ dhāraṇīṃ dhārayan bodhisattvo ma(4)(hāsattvo buddhadharmān laghulaghu saṃpādayati ya)thākālaṃ ca viśeṣāya paraiti |,དེ་ནས་བཅོམ་ལྡན་འདས་འཁོར་བརྒྱ་སྟོང་དུ་མས་ཡོངས་སུ་བསྐོར་ཏེ་མདུན ༼༢༽ གྱིས་བལྟས་ནས་། འདི་ལྟ་སྟེ་། ཐེག་པ་ཆེན་པོ་ལ་ཆོས་རྣམས་ཀྱི་རྣམ་པར་མི་རྟོག་པ་ཉིད་ལས་བརྩམས་ཏེ་ཆོས་སྟོན་ཏོ་༎ དེ་ནས་བཅོམ་ལྡན་འདས་ཀྱིས་ཐམས་ཅད་དང་ལྡན་པའི་བྱང་ཆུབ་སེམས་དཔའི་འཁོར་ལ་ཀུན་ཏུ་གཟིགས་ནས་། བྱང་ཆུབ་སེམས་དཔའ་རྣམས་ལ་བཀའ ༼༣༽ སྩལ་པ་། རིགས་ཀྱི་བུ་དག་ཁྱོད་ཀྱིས་རྣམ་པར་མི་རྟོག་པར་འཇུག་པ་ཞེས་བྱ་བའི་གཟུངས་ཟུང་ཤིག་། དེ་བཟུང་ན་བྱང་ཆུབ་སེམས་དཔའ་མྱུར་བར་མྱུར་བར་སངས་རྒྱས་ཀྱི་ཆོས་རྣམས་བསྒྲུབ་ཅིང་རྟག་ཏུ་ཁྱད་པར་དུ་ཡང་འགྲོའོ་༎,(1r1)(...)上首(...)世尊，百千眾會前後圍繞，猶依諸法無分別而顯於法。  爾時世尊，觀諸菩薩摩訶薩大眾會已，而(5)告之言：  汝等善男子，應當受持入無分別總持。若能持者，彼菩薩摩訶薩，便能速疾證得圓滿諸佛殊勝妙法。
20a31c887e904e9884308445ef3e50d1,§3 atha tasyām eva parṣady avikalpaprabhāso nāma bodhisattvo mahāsattvaḥ |  sa utthāyāsanād ekāṃsam uttarāsaṅgaṃ kṛtvā dakṣiṇañ jānumaṇḍalaṃ pṛthivyāṃ pratiṣṭhāpya yena bhagavāṃs tenāñjaliṃ praṇamya bhagavantam etad avocat |  ni(5)(rvikalpapraveśāṃ nāma dhāraṇīṃ deśayatu bhagavan 1 |) yāṃ śrutvā bodhisattvā mahāsattvā dhārayiṣyanti | vācayiṣyanti | yoniśaś ca manasikariṣyanti | parebhyaś ca vistareṇa saṃprakāśayiṣyanti |  evam ukte bhagavān āha |  tena hi kulaputrāḥ 2 śṛṇu sādhu ca suṣṭhu ca manasikuru (|)  bhāṣiṣye 'haṃ a(6)(vikalpapraveśāṃ dhāraṇīṃ |  sādhu bhagavann iti te bo)dhisattvā bhagavataḥ pratyaśrauṣuḥ |,དེ་ནས་འཁོར་དེ་ཉིད་ཀྱིས་བྱང་ཆུབ་སེམས ༼༤༽ དཔའ་སེམས་དཔའ་ཆེན་པོ་རྣམ་པར་མི་རྟོག་སྣང་བ་ཞེས་བྱ བསྟན་ལས་ལངས་ཏེ་། བླ་གྲོས་ཕྲག་པ་གཅིག་ཏུ་གཟར་ནས་པུས་མོ་གཡས་པའི་ལྷ་ངས་ལ་བཙུགས་ཏེ་། བཅོམ་ལྡན་འདས་ག་ལ་བ་དེ་ལོགས་སུ་ཐལ་མོ་སྦྱར་བ་བཏུད་ནས་། བཅོམ་ལྡན་འདས་ལ་འདི་སྐད ༼༥༽ ཅེས་གསོལ་ཏོ་༎ བཅོམ་ལྡན་འདས་བྱང་ཆུབ་སེམས་དཔའ་སེམས་དཔའ་ཆེན་པོས་གང་ཐོས་ནས་འཛིན་པ་དང་། ཀློག་པ་དང་། ཚུལ་བཞིན་ཡིད་ལ་བགྱིད་པ་དང་། གཞན་དག་ལ་ཡང་རྒྱ་ཆེར་སྟོན་པར་འགྱུར་བར་རྣམ་པར་མི་རྟོག་པར་འཇུག་པའི་གཟུངས་བཤད་དུ ༼༦༽ གསོལ་། དེ་སྐད་ཅེས་གསོལ་པ་དང་། བཅོམ་ལྡན་འདས་ཀྱིས་བཀའ་སྩལ་པ་། རིགས་ཀྱི་བུ་དག་དེའི་ཕྱིར་ལེགས་པར་ཉོན་ལ་རབ་ཏུ་ཡིད་ལ་ཟུང་ཤིག་དང་། ངས་རྣམ་པར་མི་རྟོག་པར་འཇུག་པའི་གཟུངས་བཤད་དོ་༎ བཅོམ་ལྡན་འདས་ལེགས་སོ་ཞེས ༼༢བ༡༽ གསོལ་ཏོ་༎ བྱང་ཆུབ་སེམས་དཔའ་སེམས་དཔའ་ཆེན་པོ་དེ་དག་བཅོམ་ལྡན་འདས་ཀྱི་ལྟར་ཉན་པ་དང་།,爾時無分別照明菩薩摩訶薩，在大眾中，  即從座起，偏覆右肩，右膝著地，合掌向佛恭(10)敬而白佛言：  「世尊，唯願世尊為諸菩薩摩訶薩，說無分別總持。令諸菩薩摩訶薩聞已受持、讀誦、如理作意，復為有情輾轉宣揚而當解說。」  作是語已，爾時世尊告無分別照明菩薩摩訶薩言：  「善男子，諦聽諦聽！(15)善思念之！  我當為汝說無分別總持根本之法。」  「善哉！世尊！」彼諸菩薩一心而聽受之。
fe4f730e9c58438583affa55575e936b,§4 bhagavāṃs teṣām etad avocat |  iha kulaputrā bodhisattvo mahāsattvo ’vikalpādhipateyaṃ dharmaṃ śrutvā avikalpam āśayaṃ sanniveśya sarvavikalpanimittāni parivarjayati |  sa tatprathamataḥ prakṛtivikalpanimittāni pariva(7)(rjayati sarvani | yad uta grāhyaṃ vā grāhakam vā |  tatredaṃ) prakṛtivikalpanimittaṃ yat sāsrave vastuni nimittaṃ |  sāsravaṃ punar vastu pañcopādānaskandhaḥ 3|  yad uta rūpopādānaskandhaḥ |  vedanopādānaskandhaḥ |  saṃjñopādānaskandhaḥ |  saṃskāropādānaskandhaḥ |  vijñānopādānaskandhaś ca |  kathaṃ punas tāni vikalpanimittā(8)(ni parivarjayati |  ābhāsagamanayogenāmukhībhūtāny ama) nasikārataḥ |,བཅོམ་ལྡན་འདས་ཀྱིས་དེ་དག་ལ་འདི་སྐད་ཅེས་བཀའ་སྩལ་ཏོ་༎ རིགས་ཀྱི་བུ་དེ་དག་ལ་བྱང་ཆུབ་སེམས་དཔའ་སེམས་དཔའ་ཆེན་པོ་རྣམ་པར་མི་རྟོག་པའི་དབང་དུ་བྱ་བའི་ཆོས་ཐོས ༼༢༽ ཏེ་། རྣམ་པར་མི་རྟོག་པ་ལ་བསམ་པ་བཞག་ནས་རྣམ་པར་རྟོག་པའི་མཚན་མ་ཐམས་ཅད་ཡོངས་སུ་སྤོང་སྟེ་། དེ་ཐོག་མ་ཉིད་དུ་འདི་ལྟ་སྟེ་། གཟུང་བའམ་འཛིན་པའང་རུང་རང་བཞིན་ལ་རྣམ་པར་རྟོག་པའི་མཚན་མ་ཐམས་ཅད་ཡོངས་སུ་སྤོང་ངོ་༎ དེ་ལ་གང་ཟག་པ་དང་བཅས་པའི་དངོས ༼༣༽ པོའི་མཚན་མ་དེ་ནི་རང་བཞིན་ལ་རྣམ་པར་རྟོག་པའི་མཚན་མའོ་༎ ཟག་པ་དང་བཅས་པའི་དངོས་པོ་ནི་ཉེ་བར་ལེན་པའི་ཕུང་པོ་ལྔ་པོ་རྣམས་ཏེ་། འདི་ལྟ་སྟེ་། གཟུགས་ཉེ་བར་ལེན་པའི་ཕུང་པོ་དང་། ཚོར་བ་ཉེ་བར་ལེན་པའི་ཕུང་པོ་དང་། འདུ་ཤེས་ཉེ་བར་ལེན་པའི་ཕུང་པོ་དང་།  ༼༤༽ འདུ་བྱེད་ཉེ་བར་ལེན་པའི་ཕུང་པོ་དང་། རྣམ་པར་ཤེས་པ་ཉེ་བར་ལེན་པའི་ཕུང་པོའོ་༎ ཇི་ལྟར་རང་བཞིན་ལ་རྣམ་པར་རྟོག་པའི་མཚན་མ་དེ་དག་ཡོངས་སུ་སྤོང་ཞེ་ན་། སྣང་བར་འགྱུར་བའི་ཚུལ་གྱིས་མངོན་དུ་གྱུར་པ་དག་ཡིད་ལ་མི་བྱེད་པས་ཡོངས་སུ་སྤོང་ངོ་༎,爾時世尊告諸菩薩摩訶薩言：  善男子！諸菩薩摩訶薩聞無分別法已，安住無分別心想，  所謂能遍除遣能取所取之想，  此中有漏(20)體性自性，而有分別之想。  有漏體性者，即是五取蘊。  所謂色取蘊、  受取蘊、  想取蘊、  行取蘊、  識取蘊。  云何復能舍彼相耶？  現前諸法無作意故。
d2eb1dc47e6f46b7b903ef8db76dc98a,§5 tasya tāni kramaśo vikalpanimittāni parivarjayataḥ |  tadanyāni pratipakṣanirūpaṇavikalpanimittāni samudācaranty āmukhībhavanty ābhāsakaraṇayogena (|)  yad uta dānanirūpaṇavikalpanimittaṃ |  śīlanirūpaṇavikalpanimi(2r1)(ttaṃ |  kṣāntinirūpaṇavikalpanimittaṃ |  vīryanirū)paṇavikalpanimittaṃ |  dhyānanirūpaṇavikalpanimittaṃ |  prajñānirūpaṇavikalpanimittaṃ |  yad uta svabhāvanirūpaṇato vā |  guṇanirūpaṇato vā |  sāranirūpaṇato vā |  sa tāny api pratipakṣanirūpaṇavikalpanimittāni amanasikārataḥ parivarjayati |,དེ་རང་བཞིན་ལ་རྣམ་པར ༼༥༽ རྟོག་པའི་མཚན་མ་དེ་དག་རིམ་གྱིས་ཡོངས་སུ་སྤོང་བ་ན་། དེ་མ་ཡིན་པ་གཞན་གཉེན་པོ་ལ་དཔྱོད་པ་རྣམ་པར་རྟོག་པའི་མཚན་མ་རྣམས་སྣང་བར་འགྱུར་བའི་ཚུལ་གྱིས་ཀུན་ཏུ་འབྱུང་ཞིང་མངོན་དུ་འགྱུར་ཏེ་། འདི་ལྟ་སྟེ་། སྦྱིན་པ་ལ་དཔྱོད་པ་རྣམ་པར་རྟོག་པའི་མཚན་མ་དང་། ཚུལ་ཁྲིམས་ལ ༼༦༽ དཔྱོད་པ་རྣམ་པར་རྟོག་པའི་མཚན་མ་དང་། བཟོད་པ་ལ་དཔྱོད་པ་རྣམ་པར་རྟོག་པའི་མཚན་མ་དང་། བརྩོན་འགྲུས་ལ་དཔྱོད་པ་རྣམ་པར་རྟོག་པའི་མཚན་མ་དང་། བསམ་གཏན་ལ་དཔྱོད་པ་རྣམ་པར་རྟོག་པའི་མཚན་མ་དང་། ཤེས་རབ་ལ་དཔྱོད་པ་རྣམ་པར་རྟོག་པའི་མཚན་མ་སྟེ་། འདི་ལྟ་སྟེ་། ༼༧༽ ངོ་བོ་ཉིད་ལ་དཔྱོད་པའམ་། ཡོན་ཏན་ལ་དཔྱོད་པའམ་། སྙིང་པོ་ལ་དཔྱོད་པའང་རུང་། དེས་དེ་དག་ཀྱང་ཡིད་ལ་མི་བྱེད་པས་ཡོངས་སུ་སྤོང་ངོ་༎,彼便次第能捨分別諸相，  彼時有異對治相，分明顯現、現前而行。  所謂分別布(25)施想、  分別持戒想、  分別忍辱想、  於精進起分別想、  於禪定起分別想、  於智慧起分別想。  所謂或自性想、  或功德想、  或堅實之想，  彼亦不作意故，能遍除遣。
31f79dd708b74324aa16f1945955eb61,§6 tasya tāni pari(2)(varjayataḥ tadanyāni tattvanirūpaṇavikalpani)mittāni samudācaranty āmukhībhavanty ābhāsagamanayogena |  yad uta śūnyatānirūpaṇavikalpanimittaṃ |  tathatānirūpaṇavikalpanimittaṃ |  bhūtakoṭinirūpaṇavikalpanimittaṃ (|)  (animitta)paramārthadharmadhātunirūpaṇavikalpanimittaṃ |  yad uta svalakṣaṇanirūpaṇato vā | guṇanirū(pa)ṇato vā (3)(sāranirūpaṇato vā |  sa tāny api tattvanirūpaṇa)vikalpanimittāni amanasikārataḥ parivarjayati |,དེས་དེ་དག་ཡོངས་སུ་སྤོང་བ་ན་གཞན་དེ་ཁོ་ན་ལ་དཔྱོད་པའི་རྣམ་པར་རྟོག་པའི་མཚན་མ་རྣམས་སྣང་བར་འགྱུར་བའི་ཚུལ་གྱིས་ཀུན་ཏུ་འབྱུང་ཞིང ༼༣ཨ༡༽ མངོན་དུ་འགྱུར་ཏེ་། འདི་ལྟ་སྟེ་། སྟོང་པ་ཉིད་ལ་དཔྱོད་པ་རྣམ་པར་རྟོག་པའི་མཚན་མ་དང་། དེ་བཞིན་ཉིད་ལ་དཔྱོད་པ་རྣམ་པར་རྟོག་པའི་མཚན་མ་དང་། ཡང་དག་པའི་མཐའ་ལ་དཔྱོད་པའི་རྣམ་པར་རྟོག་པའི་མཚན་མ་དང་། མཚན་མ་མེད་པ་དང་། དོན་དམ་པ་དང་། ༼༢༽ ཆོས་ཀྱི་དབྱིངས་ལ་དཔྱོད་པ་རྣམ་པར་རྟོག་པའི་མཚན་མ་སྟེ་། འདི་ལྟ་སྟེ་། རང་གི་མཚན་ཉིད་ལ་དཔྱོད་པའམ་། ཡོན་ཏན་ལ་དཔྱོད་པའམ་། སྙིང་པོ་ལ་དཔྱོད་པའང་རུང་། དེས་དེ་ཁོ་ན་ལ་དཔྱོད་པ་རྣམ་པར་རྟོག་པའི་མཚན་མ་དེ་དག་ཀྱང་ཡིད་ལ་མི་བྱེད་པས་ཡོངས་སུ་སྤོང་ངོ་༎,彼能遍遣彼想之時，有餘真實之想，現前而行。  彼亦所謂分別空想、  (30)於真如起分別想、  實際、  無想、勝義、法界中，而起分別之想。  所謂或我想、或功德、或堅實之想，於真實中，而起如是分別之實。  彼亦由不作意無念故，遍能除遣。
2e8a51797c844e6bb84aedfabdb474b3,§7 tasya tāny api parivarjayato ’parāṇi prāptinirūpaṇavikalpanimittāni samudācaranty āmukhībhavanty ābhāsagamanayogena |  tad yathā prathamabhūmiprāptinirūpaṇavikalpanimittaṃ | yāvad deśa(ma)bhūmiprāptinirūpaṇavika(4)(lpanimittam |  anutpattikadharmakṣāntiprāptinirū)paṇavikalpanimittaṃ |  vyākaraṇaprāptinirūpaṇavikalpanimittaṃ |  buddhakṣetrapariśuddhiprāptinirūpaṇavikalpanimittaṃ |  sattvaparipākaprāptinirupaṇavikalpanimittaṃ |  abhiṣekaprāptinirūpaṇavikalpanimittaṃ |  yāvat sarvākārajñāprāptinirūpaṇavikalpanimittaṃ (5)(|  yad uta svalakṣaṇanirūpaṇato vā guṇanirūpaṇato v)ā sāranirūpaṇato vā |  sa tāny api prāptinirūpaṇavikalpanimittāny amanasikārataḥ parivarjayati |,༼༣༽ དེས་དེ་དག་ཡོངས་སུ་སྤོང་བ་ན་གཞན་ཐོབ་པ་ལ་དཔྱོད་པ་རྣམ་པར་རྟོག་པའི་མཚན་མ་རྣམས་སྣང་བར་འགྱུར་བའི་ཚུལ་གྱིས་ཀུན་ཏུ་འབྱུང་ཞིང་མངོན་དུ་འགྱུར་ཏེ་། འདི་ལྟ་སྟེ་། ས་དང་པོ་ཐོབ་པ་ལ་དཔྱོད་པ་རྣམ་པར་རྟོག་པའི་མཚན་མ་ནས་ས་བཅུ་པའི་བར་དུ་འཐོབ་པ་ལ་དཔྱོད་པ་རྣམ་པར ༼༤༽ རྟོག་པའི་མཚན་མ་དང་། མི་སྐྱེ་བའི་ཆོས་ལ་བཟོད་པ་ཐོབ་པ་ལ་དཔྱོད་པ་རྣམ་པར་རྟོག་པའི་མཚན་མ་དང་། ལུང་བསྟན་པ་འཐོབ་པ་ལ་དཔྱོད་པ་རྣམ་པར་རྟོག་པའི་མཚན་མ་དང་། སངས་རྒྱས་ཀྱི་ཞིང་ཡོངས་སུ་དག་པ་འཐོབ་པ་ལ་དཔྱོད་པ་རྣམ་པར་རྟོག་པའི་མཚན་མ་དང་། སེམས ༼༥༽ ཅན་ཡོངས་སུ་སྨིན་པར་བྱེད་པ་འཐོབ་པ་ལ་དཔྱོད་པ་རྣམ་པར་རྟོག་པའི་མཚན་མ་དང་། དབང་བསྐུར་བ་འཐོབ་པ་ལ་དཔྱོད་པ་རྣམ་པར་རྟོག་པའི་མཚན་མ་ནས་། རྣམ་པ་ཐམས་ཅད་མཁྱེན་པ་ཉིད་འཐོབ་པའི་བར་ལ་དཔྱོད་པ་རྣམ་པར་རྟོག་པའི་མཚན་མ་སྟེ་། འདི་ལྟ་སྟེ་། རང་གི་མཚན ༼༦༽ ཉིད་ལ་དཔྱོད་པའམ་། ཡོན་ཏན་ལ་དཔྱོད་པའམ་། སྙིང་པོ་ལ་དཔྱོད་པའང་རུང་། དེས་འཐོབ་པ་ལ་དཔྱོད་པ་རྣམ་པར་རྟོག་པའི་མཚན་མ་དེ་དག་ཀྱང་ཡིད་ལ་མི་བྱེད་པས་ཡོངས་སུ་སྤོང་ངོ་༎,彼若遣除如是諸想之時，有餘證得分別之想，分明顯現、現前(35)而行。  於初地得分別之想，乃至十地證得之想，  於無生法忍中起分別想、  於記別想、  嚴淨佛土想、  成熟有情想、  灌頂之想、  乃至起於證得一切種智之想分別行想。  所謂我想、功德想、或堅實想。  彼證得中起如是分別之想，彼亦(40)由不作意無念故，能捨如是諸想。
9c6d6444576547d0b678c42aa9991bd8,§8 evaṃ sa bodhisattvo mahāsattva etāni sarvākāravikalpanimittāny amanasikārataḥ parivarjayan suprayukto bhavaty avikalpena |  na ca tāvad avikalpaṃ dhātuṃ spṛśati (6)(|  asti tv eṣa yoniśaḥsamādhir avikalpadhātuṃ) sparśanāyai (|)  sa tasya samyakprayogasya bhāvanānvayād bahulīkaraṇānvayāt samyaṅmanasikārānvayād anabhisaṃskārād anābhogato vāvikalpaṃ dhātuṃ spṛśati |krameṇa ca pariśodhayati |,དེ་ལྟར་བྱང་ཆུབ་སེམས་དཔའ་སེམས་དཔའ་ཆེན་པོ་རྣམ་པར་རྟོག་པའི་མཚན་མའི་རྣམ་པ་ཐམས ༼༧༽ ཅད་ཡིད་ལ་མི་བྱེད་པས་ཡོངས་སུ་སྤོང་བ་ན་། དེ་རྣམ་པར་མི་རྟོག་པའི་དབྱིངས་ལ་ཤིན་ཏུ་བརྩོན་པ་ཡིན་ཏེ་། རེ་ཤིག་རྣམ་པར་མི་རྟོག་པའི་དབྱིངས་ལ་ནི་མ་རེག་མོད་ཀྱི་། རྣམ་པར་མི་རྟོག་པའི་དབྱིངས་ལ་རེག་པར་འགྱུར་བའི་ཚུལ་བཞིན་གྱི་ཏིང་ངེ་འཛིན་ནི་ཡོད་དོ་༎ དེ་ཡང་དག་པར ༼༣བ༡༽ སྦྱོར་བ་དེ་དང་། བསྟེན་པས་རྗེས་སུ་འགྲོ་། བསྒོམས་པས་རྗེས་སུ་འགྲོ་། མང་དུ་བྱས་པས་རྗེས་སུ་འགྲོ་། ཡང་དག་པར་ཡིད་ལ་བྱ་བས་རྗེས་སུ་འགྲོ་བ་ན་། མངོན་པར་འདུ་བྱ་བ་མེད་ཅིང་ལྷུན་གྱིས་གྲུབ་པ་རྣམ་པར་མི་རྟོག་པའི་དབྱིངས་ལ་རེག་སྟེ་རིམ་གྱིས་ཡོངས་སུ་སྦྱོང་ངོ་།,菩薩摩訶薩於如是等諸分別想，由不作意而能捨之，是名於無分別而勤學也。  雖即未能觸證無分別界而得名。  為令觸證此法故，如理作意、勝妙等持。  於彼加行、親近、修持、多所作(45)故，如實作意而相應故，即能無為、無加行，圓滿證無分別界，而漸遍淨。
65b996f41121403badaa373298d4ad6f,§9 kena kāraṇena kulaputrā avikalpadhātur avikalpa ity ucyate |  sa(7)(rvavikalpanirūpaṇasamatikrāntatām upādāya |  de)śanādarśanāvikalpasamatikrāntatām upādāya |  sarvavikalpanimittasamatikrāntatām upādāya |  sarvendriyavikalpasamatikrāntatām upādāya |  sarvaviṣayavikalpasamatikrāntatām upādāya |  sarvavijñaptivikalpasamatikrāntatām upādāya |  sarvakleśopakle(8)(śajñeyāvaraṇanirālayatāṃ copādāya |  tenocya)te ’vikalpo dhatur avikalpa iti |,ཅིའི ༼༢༽ ཕྱིར་རྣམ་པར་མི་རྟོག་པའི་དབྱིངས་ལ་རྣམ་པར་མི་རྟོག་པ་ཞེས་བྱ་ཞེ་ན་། དཔྱད་པའི་རྣམ་པར་བརྟག་པ་ཐམས་ཅད་ལས་ཤིན་ཏུ་འདས་པ་དང་། བསྟན་པ་དང་། དཔེར་རྣམ་པར་བརྟག་པ་ཐམས་ཅད་ལས་ཤིན་ཏུ་འདས་པ་དང་།  དབང་པོར་རྣམ་པར་བརྟག་པ་ཐམས་ཅད་ལས་ཤིན་ཏུ ༼༣༽ འདས་པ་དང་། ཡུལ་དུ་རྣམ་པར་བརྟག་པ་ཐམས་ཅད་ལས་ཤིན་ཏུ་འདས་པ་དང་། རྣམ་པར་རིག་པར་རྣམ་པར་བརྟག་པ་ཐམས་ཅད་ལས་ཤིན་ཏུ་འདས་པ་དང་། ཉོན་མོངས་པ་ཐམས་ཅད་དང་ཤེས་བྱའི་སྒྲིབ་པ་ཐམས་ཅད་ཀྱི་གནས་མེད་པའི་ཕྱིར་ཏེ་། དེའི་ཕྱིར་རྣམ་པར་མི་རྟོག ༼༤༽ པའི་དབྱིངས་ལ་རྣམ་པར་མི་རྟོག་པ་ཞེས་བྱའོ་༎,何故「無分別界」名「無分別」耶？  超過一切尋思想故、  超過能詮所詮相故、    超過以根計度想故、  超過以境計度想故、  超過計度唯識相故，  一切煩惱及隨煩惱、一切障礙，無依(50)住故，  故名無分別。
9198648ca8ff4ec3b10c8759ff18e731,§10 katarat tad avikalpaṃ (|  avikalpo) ’rūpo ’nidarśano ’pratiṣṭhito ’nābhāso ’vijñapty aniketana iti |  avikalpadhātupratiṣṭhito hi bodhisattvo mahāsattvo jñeyanirviśiṣṭena nirvikalpena jñānenākāśasamatalān 4 sarvadharmān paśyati |  (2v1)(tatpṛṣṭhalabdhena jñānena māyāmarīcisvapnapratibhā)sapratiśrutkāpratibimbodakacandranirmitasamān sarvadharmān paśyati |  tato mahāsukhavihāravibhutvavaipulyatāñ ca pratilabhate |  mahācittasamṛddhivaipulyatāñ (ca) pratilabhate |  mahāprajñājñānavaipulyatāñ ca pratilabhate |  mahādeśanāvihāravibhutvavaipulatāñ ca pra(2)(tilabhate |  sarvakālasarvākārasarvasatvārthaka)raṇapratibalaś ca bhavati |  anābhogabuddhakāryāpratipraśrabdhitaḥ |,རྣམ་པར་མི་རྟོག་པ་དེ་ཡང་གང་ཞེ་ན་། རྣམ་པར་མི་རྟོག་པ་ནི་གཟུགས་མེད་པ་། བསྟན་དུ་མེད་པ་། རྟེན་མེད་པ་། སྣང་བ་མེད་པ་། རྣམ་པར་རིག་པ་མ་ཡིན་པ་། གནས་མེད་པའོ་༎ བྱང་ཆུབ་སེམས་དཔའ་སེམས་དཔའ ༼༥༽ ཆེན་པོ་རྣམ་པར་མི་རྟོག་པའི་དབྱིངས་ལ་རབ་ཏུ་གནས་པས་ནི་ཤེས་བྱ་དང་ཁྱད་པར་མེད་པ་རྣམ་པར་མི་རྟོག་པའི་ཡེ་ཤེས་ཀྱིས་ཆོས་ཐམས་ཅད་ནམ་མཁའི་དཀྱིལ་དང་མཚུངས་པར་མཐོང་ངོ་༎ རྣམ་པར་མི་རྟོག་པའི་རྗེས་ལས་ཐོབ་པའི་ཤེས་པས་ནི་ཆོས་ཐམས་ཅད་སྒྱུ་མ་དང་། སྨིག ༼༦༽ རྒྱུ་དང་། རྨི་ལམ་དང་། མིག་ཡོར་དང་། བྲག་ཅ་དང་། གཟུགས་བརྙན་དང་། ཆུ་ཟླ་དང་། སྤྲུལ་པ་དང་མཚུངས་པར་མཐོང་ངོ་༎ བདེ་བ་ཆེན་པོ་ལ་གནས་པ་ཤིན་ཏུ་རྒྱས་པ་ཡང་འཐོབ་བོ་༎ སེམས་ཕུན་སུམ་ཚོགས་པ་ཆེན་པོ་ཤིན་ཏུ་རྒྱས་པ་ཡང་འཐོབ་བོ་༎ ཤེས ༼༧༽ རབ་དང་ཡེ་ཤེས་ཆེ་ཞིང་ཤིན་ཏུ་རྒྱས་པ་ཡང་འཐོབ་བོ་༎ བཤད་པ་ཆེན་པོ་ལ་དབང་བ་ཤིན་ཏུ་རྒྱས་པ་ཡང་འཐོབ་བོ་༎ དུས་ཐམས་ཅད་དུ་སེམས་ཅན་ཐམས་ཅད་ཀྱི་དོན་གྱི་རྣམ་པ་ཐམས་ཅད་ཀྱང་བྱེད་ནུས་པར་འགྱུར་ཏེ་། སངས་རྒྱས་ཀྱི་མཛད་པ་ལྷུན་གྱིས་གྲུབ་པ་ཡང་རྒྱུན་མི་གཅོད ༼༤ཨ༡༽དོ། །,何者無分別？  無分別者，無色、無對、無依、無明、無知、無有所依處故，  由諸菩薩摩訶薩善住無分別界故，於一切所知境界以智見，猶如虛空，無有差別之想。  以無分別後得智，觀一切法，猶如幻焰、夢影、響像、水月、變化(55)等故，  獲得廣大樂住，  及得廣大心圓滿等，  廣大智慧，  於樂說中而得自在，  於一切時而能利益一切有情，  以無功用作諸佛事而無間斷。
671db5e70a7e4f98bcec47b150f1da4e,§11 tad yathā kulaputrā ekaghanasāramayasya pāṣāṇaparvatasyādhastān mahānānāratnaparipūrṇanidhiḥ syād (|) bhāsurāṇāṃ vicitrāṇāṃ mahācintāmaṇiratnānāṃ | yad uta rūpyaratnasya vā | suvarṇaratnasya vā | (3)(aśmagarbhanānāratnasya vā |  atha khalv ekatyaḥ puru)ṣa āgacchen mahānidhānenārthī (|) taṃ mahānidhānābhijñaḥ puruṣa evaṃ vaded (|)  etasya bhoḥ puruṣa ekaghana(sāra)mayasya pāṣāṇaparvatasyādhastān mahāratnanidhānaṃ | bhāsurāṇāṃ ratnānāṃ paripūrṇaṃ tasyādhastān mahācintāmaṇiratnanidhānaṃ |  sa tvaṃ tataḥ prakṛtipāṣāṇam evotkhanasva (4)(|  tadutkhanatas te rūpyapratibhāsaṃ pāṣāṇam ā)bhāsam āgamiṣyati (|)  tatrāpi tvayā mahānidhānasaṃjñā na kartavyā |  tat parijñāyotkhanitavyaṃ |  tadutkhanatas te suvarṇa(pratibhāsaṃ) pāṣāṇam ābhāsam āgamiṣyati |  tatrāpi tvayā mahānidhānasaṃjñā na kartavyā |  tad api parijñāyotkhanitavyaṃ |  tadutkhanatas te nānāratnapratibhāsaṃ pāṣāṇa(5)(m ābhāsam āgamiṣyet |  tatrāpi tvayā mahānidhā)nasaṃjñā na kartavyā |  tad api prajñāyotkhanitavyam |  evaṃ hi tvaṃ bhoḥ puruṣa suprayuktas tadutkhanito ’bhisaṃskāram antareṇāprayatnenaiva mahācintāmaṇiratnanidhānaṃ drakṣyasi |  tasya ca mahāratnanidhānasya pratilambhāt tvam āḍhyo bhaviṣyasi |  mahādhano mahābhogaḥ svaparārtheṣu sama(6)(rtho bhaviṣyatīti |),རིགས་ཀྱི་བུ་དག་འདི་ལྟ་སྟེ་། དཔེར་ན་བྲག་གཅིག་ཏུ་མཁྲེགས་ཤིང་སྲ་བའི་འོག་ན་ཡིད་བཞིན་གྱི་ནོར་བུ་རིན་པོ་ཆེ་ཆེན་པོ་སྣ་ཚོགས་འོད་གསལ་བ་འདི་ལྟ་སྟེ་། དངུལ་རིན་པོ་ཆེ་དང་། གསེར་རིན་པོ་ཆེ་དང་། རྡོའི་སྙིང་པོ་རིན་པོ་ཆེ་སྣ་ཚོགས་ཀྱི་རིན་པོ་ཆེ་ཐ་དད་པས་ཡོངས་སུ་གང་བའི ༼༢༽ གཏེར་ཆེན་པོ་ཞིག་ཡོད་ལ་། དེ་ནས་གཏེར་ཆེན་པོ་འདོད་པའི་མི་ལ་ལ་ཞིག་འོངས་པ་དེ་ལ་གཏེར་ཆེན་པོ་མངོན་པར་ཤེས་པའི་མིས་འདི་སྐད་དུ་། ཀྱེ་སྐྱེས་བུ་བྲག་གཅིག་ཏུ་མཁྲེགས་ཤིང་སྲ་པ་དེའི་འོག་ན་རིན་པོ་ཆེ་འོད་གསལ་བས་ཡོངས་སུ་གང་བའི་རིན་པོ་ཆེའི་གཏེར་ཆེན་པོ་ཡོད་དེ་། ༼༣༽ དེའི་འོག་ན་ཡིད་བཞིན་གྱི་ནོར་བུ་རིན་པོ་ཆེའི་གཏེར་ཡོད་ཀྱིས་། ཁྱོད་ཀྱིས་ཐོག་མ་ཁོ་ནར་རྡོའི་རང་བཞིན་ཐམས་ཅད་རྐོས་ཤིག་། དེ་བརྐོས་པ་དང་དངུལ་དུ་སྣང་བའི་རྡོ་ཁྱོད་ལ་སྣང་བར་འགྱུར་རོ་༎ དེ་ལ་ཁྱོད་ཀྱིས་གཏེར་ཆེན་པོར་འདུ་ཤེས་མི་བྱའི་། དེ་ཡོངས་སུ་ཤེས་པར་བྱོས་ཏེ་རྐོས ༼༤༽ ཤིག་། དེ་བརྐོས་པ་དང་གསེར་དུ་སྣང་བའི་རྡོ་སྣང་བར་འགྱུར་ཏེ་། དེ་ལ་ཡང་ཁྱོད་ཀྱིས་གཏེར་ཆེན་པོར་འདུ་ཤེས་མི་བྱའི་། དེ་ཡང་ཡོངས་སུ་ཤེས་པར་བྱོས་ཏེ་རྐོས་ཤིག་། དེ་བརྐོས་པ་དང་རིན་པོ་ཆེ་སྣ་ཚོགས་སུ་སྣང་བའི་རྡོ་སྣང་བར་འགྱུར་ཏེ་། དེ་ལ་ཡང་ཁྱོད་ཀྱིས་གཏེར་ཆེན ༼༥༽ པོར་འདུ་ཤེས་མི་བྱའི་། དེ་ཡང་ཡོངས་སུ་ཤེས་པར་བྱོས་ཏེ་རྐོས་ཤིག་། ཀྱེ་སྐྱེས་བུ་ཁྱེད་ཀྱིས་དེ་ལྟར་བརྩོན་པར་བྱས་ན་བརྐོ་བའི་མངོན་པར་འདུ་བྱ་བ་མེད་ཅིང་འབད་མི་དགོས་པར་ཡིད་བཞིན་གྱི་ནོར་བུ་རིན་པོ་ཆེའི་གཏེར་ཆེན་པོ་མཐོང་བར་འགྱུར་རོ་༎ ཡིད་བཞིན་གྱི་ནོར་བུ ༼༦༽ རིན་པོ་ཆེའི་གཏེར་ཆེན་པོ་དེ་རྙེད་ན་ཁྱོད་ཕྱུག་ཅིང་ནོར་ཆེ་ལ་ལོངས་སྤྱོད་ཆེ་བར་འགྱུར་ཏེ་། བདག་དང་གཞན་གྱི་དོན་ལ་མཐུ་ཡོད་པར་འགྱུར་རོ་ཞེས་སྨྲས་པ་ལྟར,善男子！譬如有一勝妙石藏之下，而有種種雜寶光色燦爛異常。所謂金、銀、琉璃、赤珠等(60)諸雜寶藏。  或時有人欲求寶藏，來詣彼所，有知寶者而告之言：  咄！男子，此勝妙石藏之下，有大寶藏光色燦爛異常，彼下有如意寶珠。  汝應最初掘此石藏。  掘彼藏已，便見銀石，  於彼汝不應生於金想。  識彼相已，而更掘之。  此(65)見金石，  於彼金上，不應起於大寶藏想。  識彼想已，而更掘之。  掘已此見種種寶石，  於彼寶上，不應生於大寶之想，  應了彼想，而更掘之。  咄！男子，汝作如是事，如是掘已，歎然無為、無有加行，見大妙珍。  如意寶珠，獲彼寶故，汝即富樂，  受(70)大果報，於自利利他，有大勢力。
46f2ebfb52864bad9e4f991a5e065225,§12 (tathā hi kulaputrā iyam upamā kṛ)tā yāvad evāsyārthasya vijñaptaye |  ekaghanasāramayapāṣāṇaparvata (iti saṃkleśadvayapratyupasthitasya saṃskāraprakārānām etad adhivacanaṃ |  adhastān mahācintāmaṇiratnanidhānam ity avikalpadhātor etad adhivacanaṃ |)  mahācintāmaṇiratnanidhānenārthīti bodhisattvasya mahāsattvasyaitad adhivacanaṃ |  mahāratnanidhānābhijñaḥ puruṣa iti tathāgatasyārhataḥ samyaksaṃbuddhasyaitad adhivacanaṃ |  prakṛti(7)(pāṣāṇam iti prakṛtivikalpanimittānām e)tad adhivacanaṃ |  utkhananam iti amanasikārasyaitad adhivacanaṃ (|)  rūpyapratibhāsaṃ pāṣāṇam iti pratipakṣanirūpaṇavikalpanimittānām etad adhivacanaṃ |  suvarṇapratibhāsaṃ pāṣāṇam iti śūnyatādivikalpanimittānām etad adhivacanaṃ |  nānāratnapratibhāsa(ṃ) pāṣāṇa(8)(m iti prāptivikalpanimittānām etad adhivaca)naṃ |  mahācintāmaṇiratnanidhānasya pratilaṃbha ity avikalpadhātusparśanāyā etad adhivacanaṃ (|)  iti hi kulaputrāḥ anenopamopanyāsenāvikalpapraveśo ’nugantavyaḥ |,རིགས་ཀྱི་བུ་དག་ཇི་ཙམ་དུ་དོན་འདི་ཤེས་པར་བྱ་བའི་ཕྱིར་འདི་དཔེར་བྱས་པ་སྟེ་། བྲག་གཅིག་ཏུ་མཁྲེགས་ཤིང་སྲ་བ་ཞས་བྱ་བ་དེ ༼༧༽ ནི་འདུ་བྱེད་ཀྱི་རྣམ་པ་ཀུན་ནས་ཉོན་མོངས་པ་དང་། གཉིས་ལ་སོ་སོར་ཉེ་བར་གནས་པའི་ཚིག་བླ་དགས་སོ་༎ འོག་ན་ཡིད་བཞིན་གྱི་ནོར་བུ་རིན་པོ་ཆེའི་གཏེར་ཆེན་པོ་ཞེས་བྱ་བ་དེ་ནི་རྣམ་པར་མི་རྟོག་པའི་དབྱིངས་ཀྱི་ཚིག་བླ་དགས་སོ་༎ ཡིད་བཞིན་གྱི་ནོར་བུ་རིན་པོ་ཆེའི་གཏེར་ཆེན་པོ་འདོད ༼༤བ༡༽པའི་མི་ཞེས་བྱ་བ་དེ་ནི་བྱང་ཆུབ་སེམས་དཔའ་སེམས་དཔའ་ཆེན་པོའི་ཚིག་བླ་དགས་སོ་༎ གཏེར་ཆེན་པོ་མངོན་པར་ཤེས་པའི་མི་ཞེས་བྱ་བ་དེ་ནི་དེ་བཞིན་གཤེགས་པ་དགྲ་བཅོམ་པ་ཡང་དག་པར་རྫོགས་པའི་སངས་རྒྱས་ཀྱི་ཚིག་བླ་དགས་སོ་༎ བྲག་ཅེས་བྱ་བ་དེ་ནི་རང་བཞིན་ལ ༼༢༽ རྣམ་པར་རྟོག་པའི་མཚན་མ་རྣམས་ཀྱི་ཚིག་བླ་དགས་སོ་༎ རྐོས་ཤིག་ཅེས་བྱ་བ་དེ་ནི་ཡིད་ལ་མི་བྱེད་ཅེས་བྱ་བའི་ཚིག་བླ་དགས་སོ་༎ དངུལ་དུ་སྣང་བའི་རྡོ་ཞེས་བྱ་བ་དེ་ནི་གཉེན་པོ་ལ་རྣམ་པར་རྟོག་པའི་མཚན་མ་རྣམས་ཀྱི་ཚིག་བླ་དགས་སོ་༎ གསེར་དུ་སྣང་བའི་རྡོ་ཞེས་བྱ་བ་དེ་ནི ༼༣༽ སྟོང་པ་ཉིད་ལ་སོགས་པ་ལ་རྣམ་པར་རྟོག་པའི་མཚན་མ་རྣམས་ཀྱི་ཚིག་བླ་དགས་སོ་༎ རིན་པོ་ཆེ་སྣ་ཚོགས་སུ་སྣང་བའི་རྡོ་ཞེས་བྱ་བ་དེ་ནི་ཐོབ་པ་ལ་རྣམ་པར་རྟོག་པའི་མཚན་མ་རྣམས་ཀྱི་ཚིག་བླ་དགས་སོ་༎ ཡིད་བཞིན་གྱི་ནོར་བུ་རིན་པོ་ཆེའི་གཏེར་ཆེན་པོ་རྙེད་ཅེས་བྱ་བ་དེ་ནི་རྣམ ༼༤༽ པར་མི་རྟོག་པའི་དབྱིངས་ལ་རེག་པའི་ཚིག་བླ་དགས་སོ་༎ རིགས་ཀྱི་བུ་དག་དེ་ལྟར་དཔེ་ཉེ་བར་བཀོད་པ་འདིས་རྣམ་པར་མི་རྟོག་པའི་དབྱིངས་སུ་འཇུག་པ་ཁོང་དུ་ཆུད་པར་བྱའོ་༎,作是語已，善男子，為了彼義而作此喻。  此中勝妙石藏者，即是諸行並諸雜染，喻此二種增語；  下有大如意寶珠者，即是無分別增語；  求如意寶珠人者，即是菩薩摩訶薩增語；  汝不應生於(75)大寶想者，即是如來應正等覺增語；  見於石者，即是自性有分別想之增語；  所言掘者，即如理作意增語；  見銀石者，即是對治有分別想增語；  見金石者，即是空等上起於分別想之增語；  見種種雜寶石者，於證(80)得中起於分別想之增語；  如意寶珠大珍藏者，即是觸無分別界增語。  善男子！以是譬喻，應知令入無分別勝義。
642db521a34349e28e98cb51afc8cb8e,§13 kathaṃ punaḥ kulaputrā bodhisattvo mahāsattva etāni yathānirdiṣṭāni vikalpanimittāni vyupaparī(3r1)(kṣamāṇo ’vikalpadhātuṃ praviśati |  iti kula)putrā avikalpadhātupratiṣṭhito bodhisattvaḥ mahāsattvaḥ rūpaprakṛtivikalpanimitta āmukhībhūta evaṃ vyupaparīkṣate |  yo mama rūpam iti carati vikalpe carati |  pareṣāṃ rūpaṃ iti carati vikalpe carati |  rūpam idam iti carati vikalpe carati |  rūpam utpa(2)(dyate | nirudhyate | saṃkliśyate | vyavadāyata iti cara)ti vikalpe carati |  nāsti rūpam iti carati vikalpe carati |  svabhāvato ’pi nāsti (|)  hatuto ’pi nāsti (|)  phalato ’pi nāsti |  karmato ’pi nāsti |  yogato ’pi nāsti (|)  vṛttito ’pi nāsti rūpam iti carati vikalpe carati |  vijñaptimātraṃ rūpaṃ iti carati vikalpe carati |  yathā (3)(rūpaṃ nāsti tathā rūpapratibhāsā vijñaptir api nā)stīti carati vikalpe carati |  yataś ca kulaputrā bodhisattvo mahāsattvo rūpam iti nopalabhate |  rūpapratibhāsām api vijñaptin 5 nopalabhate |  na ca sarveṇa sarvaṃ vijñaptiṃ vipariṇāśayati |  na cānyatra vijñapter anyaṃ kañcid dharmam upalabhate |  tāñ 6 ca vijñaptim abhāvataḥ (4)(na samanupaśyati |  na cānyatra vijñapter abhāvaṃ samanu)paśyati |  tasyāś ca rūpapratibhāsāyā vijñapter abhāvaṃ tayā vijñaptyā naikatvena samanupaśyati |  na pṛthaktvena samanupaśyati |  na ca vijñaptyabhāvaṃ bhāvataḥ samanupaśyati |  nābhāvataḥ samanupaśyati |  ebhiḥ kulaputrāḥ sarvākāraiḥ sarvavikalpair yo na vikalpayaty aya(5)(m avikalpadhātur iti na samanupaśyati |)  (ayaṃ kulapu)trāḥ praveśanayo ’vikalpasya dhātoḥ |  eva(ṃ) ca bodhisattvo mahāsattvo ’vikalpadhātupratiṣṭhito bhavati |  evaṃ vedanāyāḥ saṃjñāyāḥ saṃskārāṇāṃ vijñānasya |  evaṃ dānapāramitāyāḥ śīlapāramitāyāḥ kṣāntipāramitāyāḥ  vīryapāramitāyāḥ dhyāna(6)(pāramitāyāḥ prajñāpāramitāyāḥ |  evaṃ śū)nyatādīnāṃ yāvat sarvākārajñatāyā yojyam |,རིགས་ཀྱི་བུ་དག་འདི་ཇི་ལྟར་ན་ཡང་བྱང་ཆུབ་སེམས་དཔའ་སེམས་དཔའ་ཆེན་པོ་རྣམ་པར་རྟོག ༼༥༽ པའི་མཚན་མ་ཇི་སྐད་བསྟན་པ་དེ་དག་ལ་ཉེ་བར་རྟོག་ཅིང་རྣམ་པར་མི་རྟོག་པའི་དབྱིངས་སུ་འཇུག་ཅེ་ན་། རིགས་ཀྱི་བུ་དག་འདི་ལ་བྱང་ཆུབ་སེམས་དཔའ་སེམས་དཔའ་ཆེན་པོ་དེ་ལྟར་རྣམ་པར་མི་རྟོག་པའི་དབྱིངས་ལ་རབ་ཏུ་གནས་པ་ནི་གཟུངས་ཀྱི་རང་བཞིན་ལ་རྣམ་པར་རྟོག་པའི་མཚན ༼༦༽ མ་མངོན་དུ་གྱུར་ན་། འདི་ལྟར་ཉེ་བར་རྟོག་སྟེ་། གང་བདག་གི་གཟུགས་ཞེས་སྤྱོད་ན་རྣམ་པར་རྟོག་པ་ལ་སྤྱོད་པའོ་༎ གཞན་དག་གི་གཟུགས་ཞེས་སྤྱོད་ན་རྣམ་པར་རྟོག་པ་ལ་སྤྱོད་པའོ་༎ གཟུགས་འདི་ཡོད་དོ་ཞེས་སྤྱོད་ན་རྣམ་པར་རྟོག་པ་ལ་སྤྱོད་པའོ་༎ གཟུགས་སྐྱེའོ་༎ ༼༧༽ འགག་གོ་༎ ཀུན་ནས་ཉོན་མོངས་པའོ་༎ རྣམ་པར་བྱང་བའོ་ཞེས་སྤྱོད་ན་རྣམ་པར་རྟོག་པ་ལ་སྤྱོད་པའོ་༎ གཟུགས་མེད་ཅེས་སྤྱོད་ན་རྣམ་པར་རྟོག་པ་ལ་སྤྱོད་པའོ་༎ གཟུགས་ངོ་བོ་ཉིད་ཀྱིས་ཀྱང་མེད་། རྒྱུར་ཡང་མེད་། འབྲས་བུར་ཡང་མེད་། ལས་སུ་ཡང་མེད་། ལྡན༼༥ཨ༡༽། པར་ཡང་མེད་། འཇུག་པར་མེད་ཅེས་སྤྱོད་ན་རྣམ་པར་རྟོག་པ་ལ་སྤྱོད་པའོ་༎ གཟུགས་ནི་རྣམ་པར་རིག་པ་ཙམ་ཞེས་སྤྱོད་ན་རྣམ་པར་རྟོག་པ་ལ་སྤྱོད་པའོ་༎ ཇི་ལྟར་གཟུགས་མེད་པ་དེ་བཞིན་དུ་གཟུགས་སུ་སྣང་བའི་རྣམ་པར་རིག་པ་ཡང་མེད་དོ་ཞེས་སྐྱོད་ན ༼༢༽ རྣམ་པར་རྟོག་པ་ལ་སྤྱོད་པའོ་སྙམ་མོ་༎ རིག་ཀྱི་བུ་དག་འདི་ལྟར་བྱང་ཆུབ་སེམས་དཔའ་སེམས་དཔའ་ཆེན་པོ་གཟུགས་ཀྱང་མི་དམིགས་། གཟུགས་སུ་སྣང་བའི་རྣམ་པར་རིག་པ་ཡང་མི་དམིགས་མོད་ཀྱི་། རྣམ་པར་རིག་པ་ཐམས་ཅད་ཀྱི་ཐམས་ཅད་དུ་ཆུད་གཟོན་པ་ནི་མ་ཡིན་ནོ་༎  ༼༣༽ རྣམ་པར་རིག་པ་མ་གཏོགས་པར་ཆོས་གང་ཡང་མི་དམིགས་ལ རྣམ་པར་རིག་པ་དེ་ཡང་དངོས་པོ་མེད་པར་ཡང་ཡང་དག་པར་རྗེས་སུ་མི་མཐོང་༎ རྣམ་པར་རིག་པ་མ་གཏོགས་པར་དངོས་པོ་མེད་པར་ཡང་ཡང་དག་པར་རྗེས་སུ་མི་མཐོང་། གཟུགས་སུ་སྣང་བའི་རྣམ་པར་རིག་པ་མེད་པ་དེ ༼༤༽ དང་རྣམ་པར་རིག་པ་དེ་གཅིག་པར་ཡང་ཡང་དག་པར་རྗེས་སུ་མི་མཐོང་། ཐ་དད་པར་ཡང་ཡང་དག་པར་རྗེས་སུ་མི་མཐོང་། རྣམ་པར་རིག་པ་དངོས་པོ་མེད་པ་དེ་ལ་དངོས་པོར་ཡང་ཡང་དག་པར་རྗེས་སུ་མི་མཐོང་། དངོས་པོ་མེད་པར་ཡང་ཡང་དག་པར་རྗེས་སུ་མི་མཐོང་སྟེ་།  ༼༥༽ རིགས་ཀྱི་བུ་དག་རྣམ་པ་ཐམས་ཅད་པའི་རྣམ་པར་རྟོག་པ་ཐམས་ཅད་ཀྱིས་གང་རྣམ་པར་མ་བརྟགས་པ་དེ་རྣམ་པར་མི་རྟོག་པའི་དབྱིངས་སོ་ཞེས་ཀྱང་ཡང་དག་པར་རྗེས་སུ་མི་མཐོང་ངོ་༎ རིགས་ཀྱི་བུ་དག་འདི་ནི་རྣམ་པར་མི་རྟོག་པའི་དབྱིངས་སུ་འཇུག་པའི་ཚུལ་ཡིན་ཏེ་། དེ་ལྟར ༼༦༽ ན་བྱང་ཆུབ་སེམས་དཔའ་སེམས་དཔའ་ཆེན་པོ་རྣམ་པར་མི་རྟོག་པའི་དབྱིངས་ལ་རབ་ཏུ་གནས་པ་ཡིན་ནོ་༎ དེ་བཞིན་དུ་ཚོར་བ་དང་། འདུ་ཤེས་དང་། འདུ་བྱེད་རྣམས་དང་། རྣམ་པར་ཤེས་པ་དང་། དེ་བཞིན་དུ་སྦྱིན་པའི་ཕ་རོལ་ཏུ་ཕྱིན་པ་དང་། ཚུལ་ཁྲིམས་ཀྱི་ཕ་རོལ་ཏུ་ཕྱིན་པ་དང་། ༼༧༽ བཟོད་པའི་ཕ་རོལ་ཏུ་ཕྱིན་པ་དང་། བརྩོན་འགྲུས་ཀྱི་ཕ་རོལ་ཏུ་ཕྱིན་པ་དང་། བསམ་གཏན་གྱི་ཕ་རོལ་ཏུ་ཕྱིན་པ་དང་། ཤེས་རབ་ཀྱི་ཕ་རོལ་ཏུ་ཕྱིན་པ་དང་། དེ་བཞིན་དུ་སྟོང་པ་ཉིད་ལ་སོགས་པ་ནས་རྣམ་པ་ཐམས་ཅད་མཁྱེན་པ་ཉིད་ཀྱི་བར་དུ་སྦྱར་རོ་༎,復次，善男子！如何菩薩摩訶薩以賴觀察分別相故而能趣入無分別界耶？  如是，菩薩摩訶薩，(85)安住無分別界時，  若有色相，現起此色相，是則行於分別；  若起餘色行想，是則行於分別；  此色是有，是則行於分別；  乃至識滅染淨無者，是則行於分別；  若起無色行想，是則行於分別；  若起色性非有、  亦非從因、    亦非從業、  亦非相應、  亦非流(90)轉，是則於分別；  於色起唯識想，是則行於分別；  猶如無色，現色諸識亦非有者，是則行於分別。  善男子！若菩薩摩訶薩，雖於色性，無所緣所得；  於現色諸識，雖無所得，  亦不唐捐唯識之性；  若離於識，更無少法而可得故，  於唯識性，(95)如實不起不見；  於唯識外，如實不起無見；  於現色諸識，不起無見；於唯識外，如實不起無見；{於現色諸識，不起無見；}1及唯識中，如實不起一異見故；    於唯識無相理中，不起有相、  無相、一異種種見。故無滅、無生、非斷、非常、無來、無去，如實(100)而不起見。2  彼於如是諸分別中而不分別，亦不分別此是無分別界；如實不起如是諸見。  善男子！此名隨順趣入無分別界，  是名菩薩摩訶薩極善安住無分別性。  如是受、想、行、識、  布施、持戒、安忍、  精進、靜慮般若到彼岸等，  如是空等(105)乃至一切種智，皆應佛說。
4f45ffdbefb7451b80d70c701e7f4825,§14 iha kulaputrāḥ bodhisattvo mahāsattvaḥ sarvākārajñatānirūpaṇavikalpanimitta āmukhībhūta evaṃ vyupaparīkṣate |  yo mama sarvākārajñateti carati vikalpe carati |  pareṣāṃ sarvākārajñateti carati sa vikalpe (7)(carati |  sarvākārajñateyam iti carati vikalpe ca)rati |  sarvākarajñatā prāpyata iti carati vikalpe carati |  sarvākārajñatā sarvakleśajñeyāvaraṇaprahāṇāyeti carati vikalpe carati |  sarvākārajñatāyā nānyat traidhātukaṃ vyavadānād iti carati vikalpe carati |  sarvākārajñatotpadyate |  nirudhyate |  saṃkliśyate |  vya(8)(vadāyata iti carati vikalpe carati |  nāsti sarvā)kārajñateti carati vikalpe carati |  svabhāvato ’pi nāsti |  hetuto ’pi nāsti |  phalato ’pi nāsti |  karmato ’pi nāsti |  yogato ’pi nāsti |  vṛttito ’pi nāsti sarvākārajñateti carati vikalpe carati |  vijñaptimātrā sarvākārajñateti carati vikalpe carati |  yathā (1)(sarvākārajñatā nāsti tathā sarvākārajñatāpratibhā)sā vijñaptir api nāstīti carati vikalpe carati |  yataś ca bodhisattvo mahāsattvo yathaiva sarvākārajñatān nopalabhate |  tathaiva tatpratibhāsām api vijñaptin nopalabhate |  na ca sarveṇa sarvaṃ tadvijñaptiṃ vipraṇāśayati |  na cānyatra tadvijñapter anyaṃ kañcid dharmam upalabhate |  abhā(2)(vataś ca tāṃ vijñaptiṃ na samanupaśyati |  na cānyatra vijña)pter abhāvaṃ samanupaśyati |  na ca tasyā vijñapter abhāva(ṃ)tayā vijñaptyā ekatvena samanupaśyati |  na pṛthaktvena samanupaśyati |  na ca tasyā vijñapter abhāvaṃ bhāvataḥ samanupaśyatu |  nābhāvataḥ samanupaśyati |  ebhiḥ kulaputrāḥ sarvākāraiḥ sarvavikalpair yo na vika(3)(lpayaty ayam avikalpadharmadhātur iti na samanupaśyati |)  evam ayam praveśanayo ’vikalpasya dhātoḥ |  evaṃ hi kulaputrā bodhisattvo mahāsattvo ’vikalpadhātupratiṣṭito bhavati |,རིགས་ཀྱི་བུ་དག་འདི་ལ་བྱང་ཆུབ་སེམས་དཔའ ༼༥བ༡༽ སེམས་དཔའ་ཆེན་པོ་རྣམ་པ་ཐམས་ཅད་མཁྱེན་པ་ཉིད་ལ་སྤྱོད་པའི་རྣམ་པར་རྟོག་པ་མངོན་དུ་གྱུར་ན་། འདི་ལྟར་ཉེ་བར་རྟོག་སྟེ་། གང་བདག་གི་རྣམ་པ་ཐམས་ཅད་མཁྱེན་པ་ཉིད་ཅེས་སྤྱོད་ན་དེ་རྣམ་པར་རྟོག་པ་ལ་སྤྱོད་པའོ་༎ གཞན་དག་གི་རྣམ་པ་ཐམས་ཅད་མཁྱེན་པ་ཉིད་ཅེས་སྤྱོད་ན་རྣམ་པར་རྟོག ༼༢༽ པ་ལ་སྤྱོད་པའོ་༎ རྣམ་པ་ཐམས་ཅད་མཁྱེན་པ་ཉིད་ནི་འདིའོ་ཞེས་སྤྱོད་ན་རྣམ་པར་རྟོག་པ་ལ་སྤྱོད་པའོ་༎ རྣམ་པ་ཐམས་ཅད་མཁྱེན་པ་ཉིད་འཐོབ་ཅེས་སྤྱོད་ན་རྣམ་པར་རྟོག་པ་ལ་སྤྱོད་པའོ་༎ རྣམ་པ་ཐམས་ཅད་མཁྱེན་པ་ཉིད་ནི་ཉོན་མོངས་པ་དང་། ཤེས་བྱའི་སྒྲིབ་པ་ཐམས ༼༣༽ ཅད་སྦྱོང་བའོ་ཞེས་སྤྱོད་ན་རྣམ་པར་རྟོག་པ་ལ་སྤྱོད་པའོ་༎ ༡རྣམ་པ་ཐམས་ཅད་མཁྱེན་པ་ཉིད་ནི་ཤིན་ཏུ་རྣམ་པར་བྱང་བའོ་ཞེས་སྤྱོད་ན་རྣམ་པར་རྟོག་པ་ལ་སྤྱོད་པའོ་༎     རྣམ་པ་ཐམས་ཅད་མཁྱེན་པ་ཉིད་མེད་དོ་ཞེས་སྤྱོད་ན་རྣམ་པར་རྟོག་པ་ལ་སྤྱོད་པའོ་༎ རྣམ་པ་ཐམས་ཅད་མཁྱེན ༼༤༽ པ་ཉིད་ལ་ངོ་བོ་ཉིད་ཀྱིས་ཀྱང་མེད་། རྒྱུར་ཡང་མེད་། འབྲས་བུར་ཡང་མེད་། ལས་སུ་ཡང་མེད་། ལྡན་པར་ཡང་མེད་། འཇུག་པར་ཡང་མེད་ཅེས་སྤྱོད་ན་རྣམ་པར་རྟོག་པ་ལ་སྤྱོད་པའོ་༎ རྣམ་པ་ཐམས་ཅད་མཁྱེན་པ་ཉིད་རྣམ་པར་རིག་པ་ཙམ་མོ་ཞེས་སྤྱོད་ན་རྣམ་པར་རྟོག ༼༥༽ པ་ལ་སྤྱོད་པའོ་༎ ཇི་ལྟར་ན་རྣམ་པ་ཐམས་ཅད་མཁྱེན་པ་ཉིད་མེད་པ་དེ་བཞིན་དུ་རྣམ་པ་ཐམས་ཅད་མཁྱེན་པ་ཉིད་དུ་སྣང་བའི་རྣམ་པར་རིག་པ་ཡང་མེད་དོ་ཞེས་སྤྱོད་ན་རྣམ་པར་རྟོག་པ་ལ་སྤྱོད་པའོ་སྙམ་མོ་༎ རིགས་ཀྱི་བུ་དག་འདི་ལྟར་བྱང་ཆུབ་སེམས་དཔའ་སེམས་དཔའ་ཆེན ༼༦༽ པོ་ཇི་ལྟར་རྣམ་པ་ཐམས་ཅད་མཁྱེན་པ་ཉིད་མི་དམིགས་པ དེ་བཞིན་དུ་དེར་སྣང་བའི་རྣམ་པར་རིག་པའང་མི་དམིགས་མོད་ཀྱི་། རྣམ་པར་རིག་པ་ཐམས་ཅད་ཀྱི་ཐམས་ཅད་དུ་ཆུད་གཟོན་པ་ནི་མ་ཡིན་ནོ་༎ རྣམ་པར་རིག་པ་མ་གཏོགས་པར་ཆོས་གང་ཡང་མི་དམིགས་ལ་། རྣམ་པར་རིག ༼༧༽ པ་དེ་ཡང་དངོས་པོ་མེད་པར་ཡང་དག་པར་རྗེས་སུ་མི་མཐོང་། རྣམ་པར་རིག་པ་མ་གཏོགས་པར་དངོས་པོ་མེད་པར་ཡང་ཡང་དག་པར་རྗེས་སུ་མི་མཐོང་། རྣམ་པ་ཐམས་ཅད་མཁྱེན་པ་ཉིད་དུ་སྣང་བའི་རྣམ་པར་རིག་པ་མེད་པ་དེ་དང་། རྣམ་པར་རིག་པ་དེ་གཅིག་པར་ཡང་ཡང་དག ༼༦ཨ༡༽ པར་རྗེས་སུ་མི་མཐོང་། ཐ་དད་པར་ཡང་ཡང་དག་པར་རྗེས་སུ་མི་མཐོང་། རྣམ་པར་རིག་པ་མེད་པ་དེ་ལ་དངོས་པོར་ཡང་ཡང་དག་པར་རྗེས་སུ་མི་མཐོང་ངོ་༎ དངོས་པོ་མེད་པར་ཡང་ཡང་དག་པར་རྗེས་སུ་མི་མཐོང་སྟེ་། རིགས་ཀྱི་བུ་དག་རྣམ་པ་ཐམས་ཅད་མཁྱེན ༼༢༽ པའི་རྣམ་པར་རྟོག་པ་ཐམས་ཅད་ཀྱིས་གང་རྣམ་པར་མ་བརྟགས་པ་དེ་རྣམ་པར་མི་རྟོག་པའི་ཆོས་ཀྱི་དབྱིངས་སོ་ཞེས་ཀྱང་ཡང་དག་པར་རྗེས་སུ་མི་མཐོང་ངོ་༎ དེ་ལྟར་འདི་ནི་རྣམ་པར་མི་རྟོག་པའི་དབྱིངས་ལ་འཇུག་པའི་ཚུལ་ཡིན་ཏེ་། རིགས་ཀྱི་བུ་དག་དེ་ལྟར་ན་བྱང་ཆུབ་སེམས་དཔའ་སེམས ༼༣༽ དཔའ་ཆེན་པོ་རྣམ་པར་མི་རྟོག་པའི་དབྱིངས་ལ་རབ་ཏུ་གནས་པ་ཡིན་ནོ་༎,善男子!此中菩薩摩​​訶薩，於一切種智上，起於如是分別。  若我行於一切種智之行，是則行於分別；  餘人行於種智之行，是則行於分別；  一切種智行者，是則行於分別；  起於證得種智行者，是則行於(110)分別；  一切種智永斷煩惱所知障者，是則行於分別；          一切種智是清淨者，是則行於分別；  一切種智無者，是則行於分別。  一切種智自性亦無、  因中亦無、  果中亦無、  業中亦無、  非相應、  流轉亦無，如是行想，是則行於分別；  於一​​切種智行唯(115)識想，是則行於分別；  如於種智非有、現種智之識亦非有者，是則行於分別。  若菩薩摩訶薩，緣念於佛，  雖無現佛之識，  而亦不唐捐唯識；  外無有少法可得，  亦不見唯識非有；  除唯識外，不見非無；  於現一切種智之識非有，彼及(120)唯識，如實不起一異差別見故；    於唯識無相中，如實不起無相見故，  亦不起非無相見故。  善男子！於一切時處，如是一切分別，若不觀察，離於分別，如實不見無分別性，  如是此名入無分別性。  善男子！此名菩薩摩訶薩極善(125)安住無分別界。
b537ca27d71c496e80e76f949a764af3,§15 (asya kulaputrā dharmaparyāyasya udgrahaṇalekhanavācanād bahutaraṃ puṇyaṃ nanv eva gaṅgānadīvālukopamātmabhāvaparityāgasya nanv eva gaṃgānadīvālukopamalokādhātuparipūrṇaratnadānasya nanv eva gaṃgānadīvālukopamalpkadhātuparipūrṇatathāgatabiṃbakārāpaṇapuṇyaskandhasyeti |),རིགས་ཀྱི་བུ་དག་ཆོས་ཀྱི་རྣམ་གྲངས་འདི་འཛིན་པ་དང་། ཡི་གེར་འདྲི་བ་དང་། འཆང་བ་དང་། ཀློག་པའི་བསོད་ནམས་ནི་རབ་ཏུ་མང་གི་ལུས་གང་གཱའི་ཀླུང་གི་བྱེ་མ་སྙེད་ཡོངས་སུ་བཏང་བ་ནི་དེ་ལྟ་མ་ཡིན་ནོ་༎ ༼༤༽ འཇིག་རྟེན་གྱི་ཁམས་གང་གཱའི་ཀླུང་གི་བྱེ་མ་སྙེད་ཡོངས་སུ་གང་བའི་སྦྱིན་པ་བྱིན་པ་དེ་ནི་དེ་ལྟ་མ་ཡིན་ནོ་༎ དེ་བཞིན་གཤེགས་པའི་གཟུགས་བརྙན་རིན་པོ་ཆེ་ལས་བྱས་ཏེ་། འཇིག་རྟེན་གྱི་ཁམས་གང་གཱའི་ཀླུང་གི་བྱེ་མ་སྙེད་ཡོངས་སུ་བཀང་བའི་བསོད་ནམས་ཀྱི་ཕུང་པོ་ནི་དེ་ལྟ ༼༥༽ མ་ཡིན་ནོ་༎,善男子，若有受持此經章句，書寫讀誦，所生勝福，甚極廣大，非舍恒沙身命以為校量，亦非舍恒沙世界滿中珍寶、亦非供養滿於恒沙世界一切如來寶像塔廟所生之福。
1e29b80ccc954a3b8fdd25d177abdd24,§16 atha khalu bhagavāṃs tasyāṃ velāyāṃ ime gāthe abhāṣata ||  avikalpāsayo bhūtvā saddharme ’smin jinātmajaḥ |vikalpadurgaṃ vyatītya (4)(kramān niṣkalpam āpnute || 1 ||)  (praśāntam acalaṃ 7 śreṣṭhaṃ vaśa)vartisamāsamaṃ 8|avikalpasukhaṃ tasmād bodhisattvo ’dhigacchati || 2 ||,དེ་ནས་དེའི་ཚེ་བཅོམ་ལྡན་འདས་ཀྱིས་ཚིགས་སུ་བཅད་པ་འདི་དག་གསུངས་སོ་། ། དམ་ཆོས་འདི་ལ་རྒྱལ་བའི་སྲས་༎ རྣམ་པར་མི་རྟོག་བསམས་གྱུར་ན་། ། རྣམ་རྟོག་བགྲོད་དཀའ་རྣམས་འདས་ཏེ་༎ རིམ་གྱིས་མི་རྟོག་ཐོབ་པར་འགྱུར་། །དེ་ལས་རབ་ཞི་མི་གཡོ ༼༦༽ མཆོག་༎ དབང་བྱེད་མཉམ་ལ་མི་མཉམ་པ་། ། རྣམ་པར་མི་རྟོག་པ་དེ་བ་ནི་༎ བྱང་ཆུབ་སེམས་དཔས་ཐོབ་པར་འགྱུར་༎,爾時世尊，而說頌曰：  (130)安住無分別 勝法最勝子 超過分別路 漸獲無分別  善寂無動最 自在無等等 於無分別樂 菩薩能獲得
5e4b3fdbee4042eba1b00fdc1572c6c9,§17 idam avocad bahgavān āttamanā avikalpaprabhāsaś ca bodhisattvo mahāsattvaḥ sā ca sarvāvatī parṣat sadevamānuṣāsuragandharvaś ca loko bhagavato bhāṣitam abhyanandann iti ||,བཅོམ་ལྡན་འདས་ཀྱིས་དེ་སྐད་ཅེས་བའ་སྩལ་ནས་། བྱང་ཆུབ་སེམས་དཔའ་སེམས་དཔའ་ཆེན་པོ་རྣམ་པར་མི་རྟོག་སྣང་བ་དང་། ཐམས་ཅད་དང་ལྡན ༼༧༽ པའི་འཁོར་དེ་དང་། ལྷ་དང་། མི་དང་། ལྷ་མ་ཡིན་དང་། དྲི་ཟར་བཅས་པའི་འཇིག་རྟེན་ཡི་རངས་ཏེ་། བཅོམ་ལྡན་འདས་ཀྱིས་གསུངས་པ་ལ་མངོན་པར་བསྟོད་དོ་༎,爾時世尊，說此經已，無分別照明菩薩摩訶薩，(133)及諸大會，聞佛所說，皆大歡喜，信受奉行。
a2d245fae3844d219d01a6750a036053,§18,༎ འཕགས་པ་རྣམ་པར་མི་རྟོག་པར་འཇུག་པ་ཞེས་བྱ་བའི་གཟུངས་རྫོགས་སོ་༎ ༎ རྒྱ་གར་གྱི་མཁན་པོ ༼༦བ༡༽ ཇི་ན་མི་ཏྲ་དང་། དཱ་ན་ཤī་ལ་དང་། ཞུ་ཆེན་གྱི་ལོཙྪ་བ་ཀ་པ་དཔལ་བརྩེགས་ཀྱིས་བསྒྱུར་ཏེ་གཏན་ལ་ཕབ་པ་༎,入無分別總持經一卷
