id,P000927,P000928
b0dc97e408d840cbba642524ce5c4a1d,ཀṭཧིནབ༹སྟུ༼༡༡༦བ༥༽ སྲ་བརྐྱང་གི་གཞིའི་སྡོམ་ནི་།གནས་བཅས་པ་དང་ཁ་ཅིག་དང་༎རྡོལ་པ་དང་ནི་བླིབས་པ་དང་༎ཉི་ཤུ་དག་ཏུ་བྱས་པ་དང་༎དགོས་པ་དག་ནི་བཅུ་གཉིས་ཏེ་༎གནས་བཅས་དབྱར་གནས་དམ་བཅས་པ་༎སྟོན་པ་ལྟ་བར ༼༦༽ འདོད་པ་ན་༎འདམ་རྡབ་ཀྱིས་ནི་ངལ་གྱུར་པ་༎དེ་ལ་དེར་ནི་ཆོས་གོས་གནང་༎,.
96137f3fd22c40298276fada3d9be803,སངས་རྒྱས་བཅོམ་ལྡན་འདས་རྒྱལ་བུ་རྒྱལ་བུ་རྒྱལ་བྱེད་ཀྱི་ཚལ་མོ་གོན་མེད་ཟས་སྦྱིན་གྱི་ཀུན་དགའ་ར་བར་དབྱར་བཞུགས་པར་ཞལ་གྱིས་བཞེས་སོ་༎ དེའི་ཚེ་དགེ་སློང་རབ་ཏུ་མང་པོ་དག་གནས་བཅས་སུ ༼༧༽ དབྱར་གནས་པར་དམ་བཅས་ཏེ་དབྱར་གྱི་ཟླ་བ་གསུམ་པོ་དག་འདས་ནས་ཆོས་གོས་བྱས་པ་དང་ལྡན་ཆོས་གོས་ཟིན་པ་དང་ལྡན་ནས་ལྷུང་བཟེད་དང་ཅོས་གོས་ཐོགས་ཏེ་། རྩྭ་སྟུག་པོ་དང་རྫབ་ཆེན་པོར་ཆ་བས་ངལ་བར་གྱུར་ཅིག་རྡུལ་གྱིས་ལུས་ཡོག་བཞིན་མཉན་ཡོད་གང་ན་བ་དེར་རྒྱུ་ཞིང་སོང ༼༡༡༦ཨ༡༽ སྟེ་། རིམ་གྱིས་རྒྱུ་ཞིང་སོང་བ་ཛག་མཉན་ཡོད་དུ་ཕྱིན་ཏོ་༎,. .
73f134564c5d4083abcdffa2745ea7d4,དེ་ནས་དགེ་སློང་རབ་ཏུ་མང་པོ་དག་གིས་ཆོས་གོས་དང་ལྷུང་བཟེད་མཁོས་སུ་ཕབ་ནས་རྐང་པ་བཀྲུས་ཏེ་། བཅོམ་ལྡན་འདས་གང་ན་བ་དེར་དོང་ནས་ལྷགས་པ་དང་། བཅོམ་ལྡན་འདས་གྱི་ཞབས་གཉིས་ལ༼༢༽ མགོ་བོས་ཕྱག་འཚལ་ཏེ་ཕྱོགས་གཅིག་ཏུ་འདུག་གོ་༎ ཆོས་ཉིད་ཀྱིས་སངས་རྒྱས་བཅོམ་ལྡན་འདས་རྣམས་ནི་གོ་བུར་དུ་ལྷགས་པའི་དགེ་སློང་རྣམས་ལ་སོ་སོ་ཡང་དག་དག་དགའ་བར་མཛད་པ་འདིས་སོ་སོ་ཡང་དག་པར་དགའ་བར་མཛད་དེ་། དགེ་སློང་དག་ཁྱེད་དེ་གཟོད་གནས ༼༣༽ འོངས་། གནས་གང་དུ་དབྱར་གནས་གནས་། བཙུན་པ་བདག་ཅག་ནི་གནས་བཅས་ནས་དེ་གཟོད་མཆིས་ལགས་ཏེ་། བདག་ཅག་གནས་བཅས་ན་དབྱར་མཆིས་ལགས་སོ་༎ དགེ་སློང་དག་ཁྱེད་ཅག་གནས་བཅས་སུ་ཅིག་བདེ་བ་ལ་རེག་པར་དབྱར་གནས་སམ་། བསོད་སྙོམས ༼༤༽ ཀྱིས་བྲེལ་བར་མ་གྱུར་མོད་། བཙུན་པ་མད་པར་གསོལ་ཏེ་། བདག་ཅག་གནས་བཅས་སུ་བདེ་བ་ལ་རེག་པར་དབྱར་གནས་ཤིང་བདག་ཅག་བསོད་སྙོམས་ཀྱིས་ཀྱང་བྲེལ་བ་མ་མཆིས་ལགས་སོ་༎ འོན་ཀྱང་བདག་ཅག་ལྷུང་བཟེད་དང་ཆོས་གོས་ཐོགས་ཏེ་། རྩྭ་སྟུག་པོ་དག་རྫ་བ་ཆེན ༼༥༽ བོར་ཚ་བས་ངལ་བར་གྱུར་ཅིང་རྡུལ་གྱིས་ལུས་ཡོག་པས་ལྗོངས་རྒྱུ་ཞིང་མཆིས་ཏེ་། རིམ་གྱིས་རྒྱུ་ཞིང་མཆི་བ་ན་ཚེགས་ཆེན་པོས་འདིར་མཆིས་པ་ལགས་སོ་༎ ༎,. . . .
023e2af6e24446db9fc2344f2ec09388,འདུལ་བ་གཞི་། བམ་པོ་དྲུག་བཅུ་བདུན་པ་།,.
e48617aa7e134a9db2eb504d36e9146e,བཅོམ་ལྡན་འདས་ཀྱིས་དགོངས་པ་༎ ཀྱི་མ་ངའི་ཉན་ཐོས་རྣམས ༼༦༽ ལྷུང་བཟེད་དང་ཆོས་གོས་ཐོགས་ཏེ་རྩྭ་སྟུག་པོ་དང་རྫབ་ཆེན་པོར་ཆ་བས་ངལ་བར་གྱུར་ཅིང་། ལུས་རྡུལ་གྱིས་ཡོག་པས་ལྗོངས་རྒྱུ་ཞིང་འགྲོ་བ་ནི་ཉོན་མོངས་ཀྱིས་། མ་ལ་ངས་དགེ་སློང་རྣམས་རེག་བར་གནས་པར་བྱ་བའི་ཕྱིར་དང་། སྦྱིན་པ་པོ་རྣམས་ཀྱི་སྦྱིན་པའི་ཆོས་ལོངས་སྦྱད་པར་བྱ ༼༧༽ པའི་ཕྱིར་དགེ་སློང་རྣམས་ལ་སྲ་བརྐྱང་གནང་བར་བྱའོ་༎ འདི་ལྟར་སྲ་བརྐྱང་བཏིང་ན་ཕན་ཡོན་ལྔ་ཡོད་དེ་ཞག་བཅུ་ལས་ཐལ་ན་མ་ཡིན་པ་དང་། ཟླ་བ་ལས་ཐལ་ན་མ་ཡིན་པ་དང་། ནུབ་མོ་བྲལ་ན་མ་ཡིན་བ་དང་། བླ་གོས་མཐང་གོས་དང་བཅས་པའི་ཆོས་གོས་ཀྱིས་ལྗོངས་རྒྱུར་འགྲོ ༼༡༡༦བ༡༽ བ་དང་། ཆོས་གོས་རུག་བ་མ་ཡིན་པ་ཇི་ཙམ་འདོད་པ་འཆང་བ་ན་མ་ཡིན་པའོ་༎,. .
3369fe8a7ebe41cfbc6711fa00354ea0,གཞན་ཡང་ཕན་ཡོན་ལྔ་ཡོད་དེ་། ཚོགས་ཤིང་ཟ་ན་མ་ཡིན་པ་དང་། ཡང་ཡང་ཟ་ན་མ་ཡིན་པ་དང་། ཁྱིམ་རྣམས་སུ་མགྲོན་དུ་མ་བོས་པར་འགྲོ་ན་མ་ཡིན་པ་དང་། ཇི་ཙམ་འདོད་པའི་ཆོས་གོས་བཙལ ༼༢༽ བ་དང་། སྟོན་ཟླ་འབྲིང་པོ་ནས་དབྱིད་ཟླ་ར་བའི་བར་གྱི་ནང་དེར་སྲ་བརྐྱང་བཏིང་བ་རྣམས་ཀྱི་རྙེད་པ་ཡིན་ནོ་སྙམ་དུ་དགོངས་ནས་། དགེ་སློང་རྣམས་ལ་བཀའ་སྩལ་པ་། དགེ་སློང་དག་དེ་སྟ་བས་ན་ངས་རྗེས་སུ་གནང་སྟེ་། དགེ་སློང་རྣམས་བདེ་བ་ལ་རེག་པར་གནས་པར་བྱ་བའི་ཕྱིར་དང་། སྤྱིན ༼༣༽ པ་པོ་རྣམས་ཀྱི་སྦྱིན་པའི་ཆོས་ལོངས་སྤྱད་པར་བྱ་བའི་ཕྱིར་དབྱར་གནས་པའི་དགེ་སློང་རྣམས་ཀྱིས་སྲ་བརྐྱང་གདེང་བར་བྱའོ་༎ འདི་ལྟར་སྲ་བརྐྱང་ལ་ཕན་ཡོན་ལྡ་ཡོད་དེ་། ཞག་བཅུ་ཐལ་ན་མ་ཡིན་པ་དང་ཞེས་བྱ་བ་ནས་སྲ་བརྐྱང་བཏིང་བ་རྣམས་ཀྱི་རྙེད་པ་ཡིན་ནོ་ཞེས་བྱ་བའི་བར་གོང་མ ༼༤༽ བཞིན་དུའོ་༎ བཅོམ་ལྡན་འདས་ཀྱིས་སྲ་བ་རྐྱང་གདིག་བར་བྱའོ་ཞེས་བཀའ་སྩལ་ན་། དགེ་སློང་རྣམས་ཀྱིས་སྲ་བརྐྱང་ཇི་ལྟར་གདིང་བ་མ་ཤེས་ནས་། བཅོམ་ལྡན་འདས་ཀྱིས་བཀའ་སྩལ་པ་། དབྱར་གནས་པའི་དགེ་འདུན་གྱི་ཆོས་གོས་ཀྱི་རྙེད་པ་ཡོད་པ་གང་ཡིན་པ་དེ་ལས་གདིང་བར ༼༥༽ བྱའོ་༎ གདིང་བ་ནི་འདི་ལྟར་བྱ་སྟེ་། རེ་ཞིག་ཐོག་མར་མཐུན་པའི་གོ་བར་བྱ་སྟེ་། ཆོས་གོས་འདི་ནི་དབྱར་གནས་པའི་དགེ་འདུན་གྱི་ཆོས་གོས་ཀྱི་རྙེད་པ་བྱུང་བ་ཡགས་ཏེ་། གལ་ཏེ་དགེ་འདུན་བཞེད་ན་ཆོས་གོས་འདིས་དགེ་འདུན་གྱི་སྲ་བརྐྱང་གདིང་བར་བགྱིའོ་༎,. . . .
d4445b942ac14fd7bc12d81faa31228c,དེ་ནས་ཕྱི་དེ་ཉི་ན ༼༦༽ གནས་མལ་བཤམས་ནས་གངḍཨི་བརྡུངས་ཏེ་དྲིས་པའི་ཚིག་གིས་དགེ་སློང་རྣམས་ལ་ཡང་དག་པར་བསྒོ་ལ་། དགེ་འདུན་ཐམས་ཅད་ཚོགས་ཤིང་མཐུན་པར་གྱུར་པ་དང་། དགེ་སློང་གཅིག་གིས་གསོལ་བ་བྱས་ཏེ་ལས་བྱའོ་༎ དགེ་འདུན་བཙུན་པ་རྣམས་གསན་དུ་གསོལ་། ཆོས ༼༧༽ གོས་འདི་ནི་དབྱར་གནས་པའི་དགེ་འདུན་གྱི་ཆོས་གོས་ཀྱི་རྙེད་པ་བྱུང་བ་ལགས་ཏེ་། དགེ་འདུན་གྱི་ཆོས་གོས་འདིས་སྲ་བརྐྱང་བགྱིས་ནས་སྲ་བརྐྱང་གདིང་པར་བཞད་ན་། དེས་ན་སྲ་བརྐྱང་བཏིང་བའི་གནས་ནས་ཆས་པ་ལ་ཆོས་གོས་རྙིང་པ་རྣམས་དང་འབྲལ་པ་ཡང་མི་འབྱུང་ན་། ༼༡༡༧ཨ༡༽ གསར་པ་རྣམས་དང་ལྟ་སྨོས་ཀྱང་ཅི་འཚལ་བར་གལ་ཏེ་དགེ་འདུན་གྱི་དུས་ལ་བབ་ཅིང་བཟོད་ན་དགེ་འདུན་གྱིས་གནང་བར་མཛོད་ཅིག་དང་། འདི་ལྟར་དགེ་འདུན་གྱིས་ཆོས་གོས་འདི་སྲ་བརྐྱང་དུ་མཛད་དེ་། ཆོས་གོས་འདིས་དགེ་འདུན་གྱི་སྲ་བརྐྱང་འདི་ངས་སོ་༎ དེས་ན ༼༢༽ སྲ་བརྐྱང་བཏིང་བའི་གནས་ནས་ཆས་པ་ལ་ཆོས་གོས་རྙིང་པ་རྣམས་དང་འབྲལ་བ་ཡང་མི་འབྱུང་ན་། གསར་པ་རྣམས་དང་ལྟ་སྨོས་ཀྱང་ཅི་འཚལ་། འདི་ནི་གསོལ་བའོ་༎ ལས་ནི་འདི་ལྟར་བྱ་སྟེ་། དགེ་འདུན་བཙུན་བ་རྣམས་གསན་དུ་གསོལ་། ཆོས་གོས་འདི་ནི་དབྱར་གནས ༼༣༽ པའི་དགེ་འདུན་གྱི་རྙེད་པ་བྱུང་བ་ལགས་ལ་། དགེ་འདུན་ཡང་སྲ་བརྐྱང་བགྱི་བར་བཞེད་དེ་། དགེ་འདུན་གྱིས་ཆོས་གོས་འདི་སྲ་བརྐྱང་དུ་མཛད་པས་ཆོས་གོས་འདིས་དགེ་འདུན་གྱི་སྲ་བརྐྱང་འདིངས་སོ་༎ དེས་ན་སྲ་བརྐྱང་བཏིང་པའི་གནས་ནས་ཆས་པ་ལ་ཆོས་གོས་རྙིང་བ་རྣམས ༼༤༽ དང་འབྲལ་པ་ཡང་མི་འབྱུང་ན་། གསར་པ་རྣམས་དང་ལྟ་སྨོས་ཀྱང་ཅི་འཚལ་། ཚེ་དང་ལྡན་པ་རྣམས་ལས་གང་དག་ཆོས་གོས་འདི་སྲ་བརྐྱང་དུ་བགྱི་ཞིང་ཆོས་གོས་འདིས་དགེ་འདུན་གྱིས་སྲ་བརྐྱང་བཏིང་སྟེ་། དེས་ན་སྲ་བརྐྱང་བཏིང་བའི་གནས་ནས་ཆས་པ་ལས་ཆོས་གོས་རྙིང་བ ༼༥༽ རྣམས་དག་འབྲལ་བ་ཡག་མི་འབྱུང་ན་། གསར་པ་རྣམས་དང་ལྟ་སྨོས་ཀྱང་ཅི་འཚལ་བར་བཟོད་པ་དེ་དག་ནི་ཅང་མ་གསུང་ཤིག་། གང་དག་མི་བཟོད་པ་དེ་དག་ནི་གསུང་ཤིག་། དགེ་འདུན་གྱིས་ཆོས་གོས་འདི་སྲ་བརྐྱང་དུ་མཛད་ནས་ཆོས་གོས་འདིས་དགེ་འདུན་གྱི་སྲ་བརྐྱང ༼༦༽ འདིངས་ཏེ་། དེས་ན་སྲ་བརྐྱང་བཏིག་བའི་གནས་ནས་ཆས་པ་ལ་ཆོས་གོས་རྙིང་བ་རྣམས་དང་འབྲལ་བ་ཡང་མི་འབྱུང་ན་། གསར་པ་རྣམས་དང་ལྟ་སྨོས་ཀྱང་ཅི་འཚལ་བར་དགེ་འདུན་གྱིས་བཟོད་ཅིང་གནང་ནས་འདི་ལྟར་ཅང་མི་གསུང་པས་དེ་དེ་བཞིན་དུ་འཛིན་ཏོ་༎,. . . . .
c159e09595564a86b84d4bc1e42da21b,དེའི་འོག་ཏུ་སྲ་བརྐྱང ༼༧༽ འདིངས་བའི་དགེ་སློང་བསྐོ་བར་བྱ་སྟེ་། ཆོས་ལྔ་དང་ལྡན་བའི་དགེ་སློང་ནི་སྲ་བརྐྱང་འདིངས་པར་མ་བསྐོས་པ་ནི་བསྐོ་བར་མི་བྱ་ཞིང་བསྐོས་བ་ནི་དབྱུང་བར་བྱའོ་༎ ལྔ་གང་ཞེ་ན་། དབྱར་གྱི་མ་ཡིན་པ་དང་། དབྱར་རལ་བ་དང་། དབྱར་ཕྱི་མར་གནས་པར་དམ་བཅས་པ་དང་། དབྱར་ཐ ༼༡༡༧བ༡༽ དད་པར་གནས་པ་དང་། བསླབ་པ་བྱིན་པའོ་༎,. .
952e1b19826544a4b11d5dd59c1dcf97,གཞན་ཡང་ཆོས་ལྔ་དང་ལྡན་ན་བསྐོ་བར་མི་བྱ་སྟེ་། སྤོ་བ་པ་དང་། གཞི་ནས་སྤོབ་པ་དང་། མགུ་བར་བྱ་བ་སྤྱོད་པ་དང་། གཞི་ནས་མགུ་བར་བྱ་བ་སྤྱེད་པ་དང་། གནས་ནས་ཕྱུང་བའོ་༎,.
18fe66cd02d841218f1a8b6357fb4096,གཞན་ཡང་ཆོས་ལྡ་དང་ལྡན་བསྐོ་བར་མི་བྱ ༼༢༽ སྟེ་། འདུན་པས་འགྲོ་བ་དང་། ཞེ་སྡང་གིས་འགྲོ་བ་དང་། གཏི་མུག་གིས་འགྲོ་བ་དང་། འཇིགས་པས་མི་འགྲོ་བ་དང་། སྲ་བརྐྱང་བཏིང་བ་དང་མ་བཏིང་བ་མི་ཤེས་བའོ་༎ ཡང་ཆོས་ལྔ་དང་ལྡན་པའི་དགེ་སློང་ནི་སྲ་བརྐྱང་འདིངས་བར་མ་བསྐོས་པ་ནི་བསྐོ་བར་བར་ཕྱ་ཞིང་བསྐོས་པ་ནི་དབྱུང ༼༣༽ སྲ་བརྐྱང་བཏིང་བ་དང་མ་བཏིང་བཤེས་པའོ་༎ བསྐོ་བ་ནི་འདི་ལྟར་བྱ་སྟེ་། གནས་མལ་བཤམས་ཏེ་ཞེས་བྱ་བ་ནས་། དགེ ༼༤༽ འདུན་ཐམས་ཅད་ཚོགས་ཤིང་མཐུན་པར་གྱུར་བ་དང་ཞེས་བྱ་བའི་བར་གོང་མ་བཞིན་དུ་སྟེ་། རེ་ཞིག་ཐོག་མར་སྦྲོ་བར་བྱ་སྟེ་། མིང་འདི་ཞེས་བྱ་བ་ཁྱོད་དགེ་འདུན་གྱི་སྲ་བརྐྱང་འདིངས་པར་སྦྲོའམ་། གལ་ཏེ་སྤྲོན་དེས་སྤྲོའོ་ཞེས་བརྗོད་པར་བྱའོ་༎ དེའི་འོག་ཏ་དགེ་སློང་གཅིག་གིས་གསོལ ༼༥༽ བར་བྱས་ཏེ་ལས་བྱའོ་༎ དགེ་འདུན་བཙུན་པ་རྣམས་གསན་དུ་གསོལ་། སྲ་བརྐྱང་འདིངས་པའི་དགེ་འདུན་གྱི་སྲ་བརྐྱང་འདིངས་པར་སྤྲོ་ན་། གལ་ཏེ་དགེ་འདུན་གྱི་དུས་ལ་བ་བ་ཅིང་བཟོད་ན་དགེ་འདུན་གྱིས་གནང་བར་མཛོད་ཅིག་དང་། འདི་ལྟར ༼༦༽ དགེ་འདུན་གྱིས་དགེ་སློང་མིང་འདི་ཞེས་བགྱི་བ་སྲ་བརྐྱང་འདིངས་པར་བསྐོས་ཏེ་། སྲ་བརྐྱང་འདིངས་པ་མིང་འདི་ཞེས་བགྱི་བ་དགེ་འདུན་གྱི་སྲ་བརྐྱང་འདིངས་པར་འགྱུར་རོ་༎ འདི་ནི་གསོལ་བའོ་༎ ལས་ནི་འདི་ལྟར་བྱ་སྟེ་། དགེ་འདུན་བཙུན་པ་རྣམས་གསན་དུ་གསོལ་། སྲ་བརྐྱང ༼༧༽ འདིངས་པ་མིང་འདི་ཞེས་བགྱི་བ་འདི་དགེ་འདུན་གྱི་སྲ་བརྐྱང་འདིངས་པར་སྤྲོ་ན་། དེའི་སླད་དུ་དགེ་འདུན་གྱིས་མིང་འདི་ཞེས་བགྱི་བ་སྲ་བརྐྱང་འདིངས་པར་བསྐོས་ཏེ་། སྲ་བརྐྱང་འདིངས་པ་མིང་འདི་ཞེས་བགྱི་བས་དགེ་འདུན་གྱི་སྲ་བརྐྱང་འདིངས་པར་འགྱུར་ན་། ཚེ་དང་ལྡན་པ་རྣམས ༼༡༡༨ཨ༡༽ ལས་གང་དག་མིང་འདི་ཞེས་བགྱི་བ་སྲ་བརྐྱང་འདིངས་པར་བསྐོ་བར་བཟོད་པ་དེ་དག་ནི་ཅག་མ་གསུང་ཤིག་། གང་དག་མི་བཟོད་པ་དེ་དག་ནི་གསུང་ཤིག་། དགེ་འདུན་གྱིས་བཟོད་ཅིང་གནང་ནས་དགེ་འདུན་གྱིས་སྲ་བརྐྱང་འདིངས་པ་མིང་འདི་ཞེས་བགྱི་བ་དགེ་འདུན་གྱི་སྲ ༼༢༽ བརྐྱང་འདིངས་པར་བསྐོས་ཏེ་། འདི་ལྟར་ཅང་མི་གསུང་བས་དེ་དེ་བཞིན་དུ་འཛིན་ཏོ་༎,. . . . . . .
673c42e1ca0e42eab5f32071a013df00,དེ་ནས་གསོལ་བས་སྲ་བརྐྱང་འདིངས་པའི་དགེ་སློང་ལ་སྲ་བརྐྱང་སྦྱིན་པར་བྱའོ་༎ དགེ་འདུན་བཙུན་པ་རྣམས་གསན་དུ་གསོལ་། དགེ་འདུན་གྱིས་ཆོས་གོས་འདི་ནི་སྲ་བརྐྱང་དུ་མཛད་ལགས་ལ་། ༼༣༽ དགེ་སློང་མིང་འདི་ཞེས་བགྱི་བ་འདི་ཡང་སྲ་བརྐྱང་འདིངས་པར་བསྐོས་ལགས་ཏེ་། གལ་ཏེ་དགེ་འདུན་གྱི་དུས་ལ་བ་བ་ཅིང་བཟོད་ན་དགེ་འདུན་ཀྱིས་གནང་བར་མཛོད་ཅིག་དང་། འདི་ལྟར་དགེ་འདུན་གྱིས་དགེ་སློང་མིང་འདི་ཞེས་བགྱི་བ་ལ་ཆོས་གོས་འདི་སྲ་བརྐྱང་གི་སླད་དུ་སྩལ་ཏོ་༎ འདི ༼༤༽ ནི་གསོལ་བའོ་༎ ངས་དགེ་སློང་སྲ་བརྐྱང་འདིངས་པའི་ཀུན་ཏུ་སྤྱོད་པའི་ཆོས་དག་བཅའ་བར་བྱ་སྟེ་། དགེ་སློང་སྲ་བརྐྱང་འདིངས་བས་སྲ་བརྐྱང་ལ་ཐམས་ཅད་དུ་ཐོག་མར་འགྲོ་བར་བྱ་སྟེ་། བཀྲུའོ་༎ བརྐྱང་ངོ་༎ དྲའོ་། དྲུབ་བོ་༎ ཁ་བསྒྱུར་རོ་༎ ཆུང་དུ་ན་ཁབ་ཀྱིས་སྲུབས ༼༥༽ གཉིས་སམ་། གསུམ་ཡང་བཅོམ་པར་བྱའོ་༎ ལན་གཉིས་སམ་གསུམ་དུ་སེམས་བསྐྱེད་པར་བྱའོ་༎,. . . . . .
0586bbd6885845a89ceb27bb02d70db7,དེ་ནས་སྟོན་ཟླ་འབྲིང་པོ་ཟླ་བ་ཡར་གྱི་ངོའི་ཚེས་བཅོ་ལྔ་ལ་གོ་བར་བྱ་སྟེ་། ཚེ་དང་ལྡན་པ་དག་སང་ཁོ་བོ་སྲ་བརྐྱང་འདིངས་ཀྱིས་ཁྱེད་ཅག་སོ་སོའི་ཆོས་གོས་སྔགས་ཕྱུང་ཤིག་། དེ ༼༦༽ ནས་སྲ་བརྐྱང་འདིངས་པའི་དགེ་སློང་གིས་སྲ་བརྐྱང་དྲི་དང་མེ་ཏོག་གིས་གཏོར་ཞིང་དྲི་ཞིམ་པོའི་བདུག་པས་བདུགས་ནས་གནས་མལ་བཤམས་ཏེ་གངḍཨི་བརྡུངས་ནས་དྲིས་བའི་ཚིག་གིས་དགེ་སློང་རྣམས་ལ་ཡང་དག་པར་བསྒོ་ལ་། དགེ་འདུན་ཐམས་ཅད་ཚོགས་ཤིང་མཐུན་པར་གྱུར་པ་དང ༼༧༽ རྒན་པའི་མཐར་གཞག་པར་བྱའོ་༎,.
8ae7c767670243dcaedcb7ae01d2f751,དེ་ནས་རྒན་པའི་མཐར་འདུག་ནས་སྲ་བརྐྱང་བླངས་ཏེ་། དགེ་འདུན་བཙུན་པ་རྣམསགསན་དུ་གསོལ་། དགེ་འདུན་གྱིས་ཆོས་གོས་འདི་ནི་སྲ་བརྐྱང་དུ་མཛད་ལ་། བདག་དགེ་སློང་མིང་འདི་ཞེས་བགྱི་བ་ཡང་སྲ་བརྐྱང་འདིངས་པར་བསྐོས་ཏེ་། སྲ་བརྐྱང ༼༡༡༨བ༡༽ འདིངས་པ་བདག་མིང་འདི་ཞེས་བགྱི་བས་ཆོས་གོས་འདིས་དགེ་འདུན་གྱི་སྲ་བརྐྱང་འདིངས་པར་འགྱུར་རོ་༎ གདིང་ངོ་༎ བཏིང་ངོ་༎ དེ་སྐད་ལན་གཉིས་ལན་གསུམ་དུ་བརྗོད་པར་བྱའོ་༎,. .
a088aa77dd94425ca468e44fbd68195f,དེ་ནས་བཏིང་ནས་དགེ་འདུན་གྱི་གནས་བརྟན་གྱི་མདུན་དུ་འདུག་སྟེ་འདི་སྐད་ཅེས་གནས་བརྟན་གྱི་མདུན་དུ་འདུག་སྟེ་འདི་སྐད་ཅེས་གནས་བརྟན ༼༢༽ དགོངས་སུ་གསོལ་། ཆོས་གོས་འདི་ནི་དགེ་འདུན་གྱིས་སྲ་བརྐྱང་དུ་མཛད་ལ་། བདག་མིང་འདི་ཞེས་བགྱི་བ་ཡང་སྲ་བརྐྱང་འདིངས་པར་བསྐོས་པ་ལགས་ཏེ་། བདག་གིས་ཆོས་གོས་འདིས་དགེ་འདུན་གྱི་སྲ་བརྐྱང་བཏིང་ལགས་སོ་ཞེས་བརྗོད་པར་བྱའོ་༎ དེས་ལེགས་པར ༼༣༽ བཏིང་ངོ་༎ ཤིན་ཏུ་བཏིང་སྟེ་། འདི་ལ་ཪྙེད་པ་དང་ཕན་ཡོན་ཡོད་པ་གང་ཡིན་པ་དེ་ནི་བདག་ཅག་གི་ཡིན་ནོ་ཞེས་བརྗོད་པར་བྱ་ཞིང་དེ་བཞིན་དུ་ལན་གཉིས་ལན་གསུམ་དུ་དགེ་འདུན་གསར་བུའི་བར་དུ་ཐམས་ཅད་ཀྱིས་ལེགས་པར་བཏིང་ངོ་༎ ཤིན་ཏུ་བཏིང་སྟེ་། འདི་ལ་རྙེད ༼༤༽ བ་དང་ཕན་ཡོན་ཡོད་པ་གང་ཡིན་པ་དེ་ནི་བདག་ཅག་གི་ཡིན་ནོ་ཞེས་བརྗོད་པར་བྱའོ་༎ སྲ་བརྐྱང་འདིངས་པའི་དགེ་སློང་གིས་སྲ་བརྐྱང་ཐོགས་ཏེ་ཚབ་ཁུང་སར་མ་ཡིན་། སྣམས་ཕྱི་སར་མ་ཡིན་ཏེ་། ཚང་བར་དུ་འཇུག་པར་མི་བྱའོ་༎ མཚམས་ཀྱི་ཕྱི་རོལ་ཏུ་འགྲོ་བར་མི་བྱའོ་༎  ༼༥༽ གལ་ཏེ་སོག་ན་དེར་གནས་པར་མི་བྱའོ་༎ སྲ་བརྐྱང་འདིངས་པའི་དགེ་སློང་གིས་ཀུན་ཏུ་སྤྱོད་པའི་ཆོས་ཇི་ལྟར་བཅས་ཕ་བཞིན་ཡང་དག་པར་བླངས་ཏེ་འཇུག་པར་མི་བྱེད་ན་འགལ་ཚ་བས་ཅན་དུ་འགྱུར་རོ་༎,. . . . . . . .
f83c812f4f594425aafe838b39b04960,དེ་ནས་སྲ་བརྐྱང་འདིངས་པའི་དགེ་སློང་གིས་བ་ཕྱིད་ཟླར་བ་ཡར་གྱི་ངོའི་ཚེས༼༦༽ བཅོ་ལྡ་ལ་ཡང་གོ་བར་བྱ་སྟེ་། ཚེ་དང་ལྡན་པ་དག་སག་ཁོ་བོ་སྲ་བརྐྱང་འབྱིན་གྱིས་ཁྱེད་ཅག་སོ་སོའི་ཆོས་གོས་རྣམས་བྱིན་གྱིས་རློབས་ཤིག་། དེ་ལ་རྙེད་པ་བྱུང་བ་གག་ཡིན་པ་དེ་ནི་དགེ་འདུན་གྱིས་བགོ་བར་བྱའོ་༎ སངས་རྒྱས་བཅོམ་ལྡན་འདས་ལ་ཚེ་དང་ལྡན་པ་ཉེ་བ་འཁོར ༼༧༽ གྱིས་ཞུས་པ་། བཙུན་པ་དུ་ཞིག་གི་སྲ་བརྐྱང་མ་བཏིང་ལགས་། ཉེ་བ་འཁོར་ལྔའི་སྟེ་། དབྱར་གྱི་མ་ཡིན་པ་དང་། དབྱར་རལ་བ་དང་། དབྱར་ཕྱི་མར་གནས་པར་དམ་བཅས་པ་དང་། དབྱར་ཐ་དད་པར་གནས་པར་དམ་བཅས་པ་དང་། སྲ་བརྐྱང་དེ་འདིངས་པ་ན་མངོན་སུམ ༼༡༡༩ཨ༡༽ དུ་མ་གྱུར་པའིའོ་༎,. .
46101cd74f3b418a9a32db981b7598f4,གཞན་ཡང་འདི་ལྔའི་མ་བཏིང་བ་ཡིན་ཏེ་། སྤོ་བ་པ་དང་། སྤོ་བ་སྤྱད་ཟིན་པ་དང་། མགུ་བར་བྱ་བ་སྤྱོད་པ་དང་། མགུ་བར་བྱ་བ་སྤྱད་ཟིན་པ་དང་། བསླབ་བ་བྱིན་པའིའོ་༎ བཙུན་བ་དུ་ཞིག་གི་རྙེད་བ་མཆིས་ལ་ཕན་ཡོན་མ་མཆིས ༼༢༽ ལགས་། ཉེ་བ་འཁོར་ལྔའི་སྟེ་། དབྱར་གྱི་མ་ཡིན་པ་དང་། དབྱར་རལ་པ་དང་། དབྱར་ཕྱི་མར་གནས་པར་དམ་བཅས་པ་དང་། དབྱར་ཐ་དད་པར་གནས་པར་དམ་བཅས་པ་དང་། སྲ་བརྐྱང་དེ་འདིངས་པ་ན་མངོན་སུམ་དུ་མ་གྱུར་བའིའོ་༎,. .
785755be5b6a4e39a5eab9933123420c,གཞན་ཡང་ལྔ་བོ་འདི་དག་གི་སྟེ་། ༼༣༽ སྤོ་པ་སྤྱད་ཟིན་པ་དང་། མགུ་བར་བྱ་བ་སྤྱོད་པ་དང་། མགུ་བར་བྱ་བ་སྤྱོད་པ་དང་། མགུ་བར་བྱ་བ་སྤྱད་ཟིན་པ་དང་། བསླབ་པ་བྱིན་པའིའོ་༎ བཙུན་བ་དུ་ཞིག་གི་རྙེད་པ་ཡང་མ་མཆིས་ལ་ཕན་ཡོན་ཡང་མ་མཆིས་ལགས་། ཉེ་བ་འཁོར་ལྡའི་སྟེ་། མ་མཐོང་བས་གནས་ནས་ཕྱུང་བ་དང་། ཕྱིར ༼༤༽ མི་བྱེད་པས་གནས་ནས་ཕྱུང་བ་དང་། སྡིག་པའི་ལྟ་བར་སོང་བམ་བས་གནས་ནས་ཕྱུང་བ་དང་། དབྱར་ཐ་དད་ཕར་གནས་པ་དང་། དག་འདུན་བྱེ་བ་ཆོས་མ་ཡིན་པའི་ཕྱོགས་པའིའོ་༎ དགེ་སློང་རབ་ཏུ་མང་པོ་དག་ལྗོངས་རྒྱུ་ཞིང་དོང་བ་ན་ཆོམ་རྐུན་པ་རྣམས་ཀྱིས་བཅོམ ༼༥༽ ནས་དེ་དག་རིམ་གྱིས་མཉན་ཡོད་དུ་ཕྱིན་པ་དང་། དགེ་སློང་རྣམས་ཀྱིས་མཐོང་ནས་ཚེ་དང་ལྡན་པ་དག་འོངས་པ་ལེགས་སོ་༎ འོངས་པ་ལེགས་སོ་༎ ཇི་ག་བདེ་བར་སྤྱད་དམ་། ཚེ་དང་ལྡན་པ་དག་བདེ་བར་སྤྱད་པ་ནི་ཅི་འདྲ་བ་ཞིག་། བདག་ཅག་ནི་ཆོས་རྐུན་པ་རྣམས་ཀྱིས་བཅོམ ༼༦༽ བཅོམ་མོ་༎ ཚེ་དང་ལྡན་པ་དག་བདག་ཅག་ལ་རྙེད་པ་མང་དུ་བྱུང་སྟེ་། གལ་ཏེ་སྲ་བརྐྱང་ཕྱུང་ན་ཁྱེད་ལ་ཆོས་གོས་ཀྱི་བགོ་བཤའ་བྱ་བ་ཞིག་ཅེས་པའི་སྐབས་དེ་བཅོམ་ལྡན་འདས་ལ་དགེ་སློང་རྣམས་ཀྱིས་གསོལ་པ་དང་། བཅོམ་ལྡན་འདས་ཀྱིས་བཀའ་སྩལ་པ་། དེ་ལྟ་བས་ནངས་རྫས ༼༧༽ སུ་གནང་སྟེ་། ཚོམ་ཀུན་པ་དག་གིས་བཅོམ་པའི་དགེ་སློང་རྣམས་ཀྱི་ཕྱིར་སྲ་བརྐྱང་དབྱུང་བར་བྱའོ་༎ དབྱུང་བ་ནི་འདི་ལྟར་བྱ་སྟེ་། གནས་མལ་བཤམས་ལ་གངḍī་བརྡུངས་ཏེ་དྲིས་པའི་ཚིག་གིས་དགེ་སློང་རྣམས་ལ་ཡང་དག་པར་བསྒོལ་། དགེ་འདུན་ཐམས་ཅད་ཚོགས་ཤིང་མཐུན་པར ༼༡༡༩བ༡༽ གྱུར་པ་དང་། དགེ་སློང་གཅིག་གིས་གསོལ་བ་བྱས་ཏེ་ལས་བྱའོ་༎ དགེ་འདུན་བཙུན་པ་རྣམས་གསན་དུ་གསོལ་། གནས་འདིར་དགེ་འདུན་མཐུན་པས་འདི་སྲིད་དུ་སྲ་བརྐྱང་བཏིང་བ་ལས་། དགེ་སློང་རབ་ཏུ་མང་པོ་ཆོ་མ་རྐུན་པ་དག་གིས་བཅོམ་ནས་ལྷགས་ན་། གལ་ཏེ་དགེ་འདུན ༼༢༽ གྱི་དུས་ལ་བབ་ཅིག་བཟོད་ན་དགེ་འདུན་གྱིས་གནག་བར་མཛོད་ཅིག་དང་། འདི་ལྟར་དགེ་འདུན་གྱིས་དགེ་སློང་ཆོས་རྐུན་གྱིས་བཅོམ་པ་རྣམས་ཀྱི་སླད་དུ་སྐྲ་བརྐྱང་འབྱིན་པར་མཛད་དོ་༎ འདི་ནི་གསོལ་བའོ་༎ ལས་ནི་འདི་ལྟར་བྱ་སྟེ་། དགེ་འདུན་བཙུན་པ་རྣམས་གསན་དུ་གསོལ་། ༼༣༽ གནས་འདིར་དགེ་འདུན་མཐུན་པས་འདི་སྲིད་དུ་སྲ་བརྐྱང་བཏིང་བ་ལས་། དགེ་སློང་རབ་ཏུ་མང་བོ་ཆོམ་རྐུན་པ་དག་གིས་བཅོམ་ནས་ལྷགས་ཏེ་། དགེ་འདུན་གྱིས་དགེ་སློང་ཆོམ་རྐུན་པ་དག་གིས་བཅོམ་པ་རྣམས་ཀྱི་སླད་དུ་སྲ་བརྐྱང་འབྱིན་པར་མཛད་ན་། ཚེ་དང་ལྡན་པ་དག་ལས ༼༤༽ གང་དག་དགེ་སློང་ཆོམ་རྐུན་པ་དག་གིས་བཅོམ་པ་རྣམས་ཀྱི་ཕྱིར་སྲ་བརྐྱང་འབྱིན་པར་བཟོད་པ་དེ་དག་ནི་ཅང་མ་གཟུང་ཤིག་། གང་དག་མི་བཟོད་པ་དེ་དག་ནི་གསུང་ཤིག་། དགེ་འདུན་གྱིས་བཟོད་ཅིང་གནང་ནས་དགེ་འདུན་གྱིས་དགེ་སློང་ཆོམ་རྐུན་པ་དག་གིས་བཅོམ་པ་། ༼༥༽ རྣམས་ཀྱི་སླད་དུ་སྲ་བརྐྱང་འབྱིན་པར་མཛད་དེ་། གང་གི་སླད་དུ་མི་གསུང་བར་དེ་དེ་བཞིན་དུ་འཛིན་ཏེ་༎,. . . . . . . . . .
0cd8ec410669460f914d041d2e1ca2cc,དེ་ནས་རྙེད་པ་བྱུང་བ་གང་ཡིན་པ་དེ་བགོ་བར་བྱ་སྟེ་། བགོས་ནས་གང་འདོད་པ་དེས་རང་གི་སྐལ་བ་ལས་ཆོམ་རྐུན་པ་དག་གིས་བཅོམ་པའི་དགེ་སློང་རྣམས་ལ་བགོ་བཤའ ༼༦༽ བྱའོ་༎ ༎,.
7fec4249171643d3b7afd4bb648b4aad,སྡོམ་ལ་།རྡོལ་བ་དང་ནི་སྲིལ་ཟོས་དང་༎མཐའ་སྐོར་ལྷན་རློ་ལྷན་རིངས་དང་༎གསོ་མའི་སེང་རས་ཟེགས་པ་དང་༎རྙིངས་དང་སྤངས་དང་དེངས་པའོ་༎,.
3c479f711bfb40819b9c7d239af06821,སངས་རྒྱས་བཅོམ་ལྡན་འདས་ལ་ཚ་དང་ལྡན་པ་ཉེ་བ་འཁོར་གྱིས་ཞུས་པ་། བཙུན་པ་ཆོས་གོས༼༧༽ རྡོལ་བས་སྲ་བརྐྱང་གདིང་དུ་རུང་ལགས་སམ་། ཉེ་བ་འཁོར་མི་རུང་ངོ་༎ བཙུན་པ་ཆོས་གོས་སྲོག་ཆགས་ཀྱིས་འཚལ་བ་དང་། ཆོས་གོས་ཆ་ག་བཏབ་པ་དང་། ཆོས་གོས་ལྷན་པ་རློ་བོས་བཏབ་པ་དང་། ཆོས་གོས་ལྷན་རིངས་ཅན་དང་། གསོ་མའི་སེང་རས་ཀྱི་ཆོས ༼༡༢༠ཨ༡༽ གོས་དང་། ཆོས་གོས་ཟེགས་པ་དང་། ཆོས་གོས་རྙིངས་པ་དང་། ཆོས་གོས་སྦྲངས་པ་དང་། ཆོས་གོས་དེངས་པས་སྲ་བརྐྱང་གདིང་དུ་རུང་ལགས་སམ་། ཉེ་བ་འཁོར་མི་རུང་ངོ་༎ ༎,. .
f0be99f99d654b96b4537feb023405f2,སྡོམ་ལ་།བླིངས་དང་དུས་མ་ཡིན་པ་དང་༎གང་ཟག་གི་ནི་ཆོས་གོས ༼༢༽ གསུམ་༎མི་རུང་པ་དང་མ་དྲས་དང་༎ཁྲུ་ལྡར་མ་ཆོག་མི་བྱ་དང་༎བློ་མཐུན་མིན་དང་མི་གདིང་དང་༎མཚམས་ཀྱི་ཕྱི་རོལ་མི་སྐྱེའོ་༎,.
d5612d3db0d44531b70c2053c603db83,སངས་རྒྱས་བཅོམ་ལྡན་འདས་ལ་ཚོ་དང་ལྡན་པ་ཉེ་བ་འཁོར་གྱིས་ཞུས་པ་། བཙུན་པ་བླིངས་པའི་ཆོས་གོས་ཀྱིས་སྲ་བརྐྱང་གདིང་དུ ༼༣༽ རུང་ལགས་སམ་། ཉེ་བ་འཁོར་མི་རུང་ངོ་༎ བཙུན་པ་དུས་མ་ལགས་པའི་ཆོས་གོས་དང་། གང་ཟག་གི་སྣམ་སྦྱར་དང་། བླ་གོས་དང་མཐང་གོས་དང་། མི་རུང་བའི་ཆོས་གོས་དང་། མ་དྲས་པ་དང་། ཁྲུ་ལྡར་མ་མཆིས་པ་དང་། བློ་མཐུན་པར་མ་བགྱིས་པའི་ཆོས་གོས ༼༤༽ དང་། སྲ་བརྐྱང་འདིངས་པ་མ་བསྐོས་པ་དང་། མཚམས་ཀྱི་སླང་རོལ་ཏུ་བློ་མཐུན་པར་བགྱིས་པའི་ཆོས་གོས་ཀྱི་སྲ་བརྐྱང་དང་། མཚམས་ཀྱི་སླད་རོལ་ཏུ་བསྐོས་པའི་སྲ་བརྐྱང་འདི་ངས་པས་སྲ་བརྐྱང་གདིང་དུ་རུག་ལགས་སམ་། ཉེ་བ་འཁོར་མི་རུང་ངོ་༎,. .
f37167fbba4049bb93af82a929ee2b98,སྡོམ་ལ་།དུས༼༥༽ ཀྱི་ནང་ནི་ཟླ་བ་གསུམ་༎གསར་པ་དང་ནི་བརྟགས་པ་ཉིད་༎ཕོངས་པ་དག་ནི་གསོ་མའི་རས་༎གང་ཟག་གི་ནི་ཅོས་གོས་གསུམ་༎,.
eb73d0f29c5b46dd9d14fe1d0b206eaa,བཙུན་པ་དུས་ཀྱི་ཆོས་གོས་ཀྱིས་དགེ་འདུན་གྱི་སྲ་བརྐྱང་གདིང་དུ་རུང་ལགས་སམ་། ཉེ་བ་འཁོར་རུང་ངོ་༎ བཙུན་པ་དགུང་ཟླ་གསུམ་འདས་ནས་དགེ ༼༦༽ འདུན་གྱི་ཆོས་གོས་ཀྱི་རྙེད་པ་གང་ལགས་པ་རེས་སྲ་བརྐྱང་གདིང་དུ་རུང་ལགས་སམ་། ཉེ་བ་འཀོར་རུང་ངོ་༎,. .
bb7012d6aa6c45eca8d202cde9a97754,ཆོས་གོས་སར་པ་རུང་ངོ་༎སར་པ་བརྟགས་བ་རུང་ངོ་༎ཕོངས་པའི་ཆོས་གོས་རུང་ངོ་༎གསོ་མའི་སེག་རས་སྣ་མ་སྦྱར་མི་རུང་ངེ་༎བཙུན་པ་གང་ཟག་གི་སྣམ་སྦྱར་གྱིས་སྲ་བརྐྱང༎༼༧༽ གདིང་དུ་རུག་ལགས་སམ་༎,.
f46d9d6da09a4e6d85c41d28d5bc8945,ཉེ་བ་འཁོར་གལ་ཏེ་དགེ་འདུན་ལ་ཕུལ་བར་གྱུར་ན་རུང་ངོ་༎ བླ་གོས་དང་མཐང་གོས་ཀྱང་དེ་བཞིན་ནོ་༎ ༎,. .
6619ebf822c74dc7ba39fa31c6d25e3f,སྡོམ་ལ་།གང་ཟག་གི་དང་ཁྱིམ་པའི་དང་༎ཁྲུ་ལྡ་པ་དང་ཁྲུ་ལྡའི་ལྷ་བ་༎བློ་མཐུན་བྱས་པའི་གདིང་བ་དང་༎མཚམས་ཀྱི་ནང་ཉིད་སྐྱེ་བའོ་༎,.
363224c23e0341869eb0667f1970674f,བཙུན་པ་གང ༼༡༢༠བ༡༽ ཟག་གི་ཆོས་གོས་ཀྱིས་སྲ་བརྐྱང་གདིག་དུ་རུང་ལགས་སམ་། མི་རུང་ངོ་༎ གལ་ཏེ་དགེ་འདུན་ལ་ཕུལ་བར་གྱུར་ནའོ་༎ ཁྱིམ་བའི་གོས་ཀྱིས་མི་རུང་ངོ་༎ གལ་ཏེ་དགེ་འདུན་ལ་ཕུལ་བར་གྱུར་རུང་ངོ་༎ ཁྲུ་ལྔ་པས་རུང་ངོ་༎ ཁྲུ་ལྔ་ལས་ལྷག་པ་རུང་ངོ་༎,. . . . . .
05542565137c4f74a4e9afd991df5f80,བློ་མཐུན་པར་བྱས་པའི་སྲ ༼༢༽ བརྐྱང་གི་ཆོས་གོས་དང་། སྲ་བརྐྱང་འདིངས་པས་རུང་ངོ་། མཚམས་ཀྱི་ནང་དུ་བློ་མཐུན་པར་བྱས་པའི་སྲ་བརྐྱང་གི་ཆོས་གོས་ཀྱིས་རུང་ངོ་༎ མཚམས་ཀྱི་ནང་དུ་སྐྲ་བརྐྱང་འདིངས་པ་བསྐོས་པས་རུང་ངོ་༎ མ་མོ་བརྒྱད་ཀྱི་གཞིས་སྲ་བརྐྱང་ཕྱུང་བར་གྱུར་ཏེ་། བརྒྱད་གང་ཞེ་ན་། སོང ༼༣༽ བ་དང་། རྫོགས་པ་དང་། ངེས་པ་དང་། ཉམས་པ་དང་། ཐོས་པ་དང་། མཚམས་འདས་པ་དང་། རེ་ཐག་ཆད་པ་དང་། བརྒྱད་པ་ནི་སྲ་བརྐྱང་ཕྱུང་བ་ཉིད་དེ་། སོང་བའི་མཐའ་ཅན་གྱིས་སྲ་བརྐྱང་ཕྱུང་བ་དང་། རྫོགས་པའི་མཐའ་ཅན་དང་། ངེས་པའི་མཐའ་ཅན་དང་། ༼༤༽ ཉམས་པའི་མཐའ་ཅན་དང་། ཐོས་པའི་མཐའ་ཅན་དང་། མཚམས་འདས་པ་དག་། རེ་ཐག་ཆད་པ་དང་། བརྒྱད་པ་ནི་སྲ་བརྐྱང་ཕྱུང་ཟིན་བ་ཉིད་ཡིན་ནོ་༎ སོག་བའི་མཏའ་ཅན་གྱི་སྲ་བརྐྱང་ཕྱུང་བ་གང་ཞེ་ན་། འདི་ལྟ་སྟེ་དགེ་སློང་སྲ་བརྐྱང་བཏིང་བའི་གནས་ནས་ཆོས་གོས་མ་བྱས ༼༥༽ ཆོས་གོས་མ་ཟིན་ཕར་ཆོས་གོས་དང་ལྟུང་བཟེད་བླངས་ཏེ་། ཕྱིར་མི་འོག་བར་མཚམས་ཀྱི་ཕྱི་རོལ་དུ་སོང་བ་དེའི་ནི་སོང་བའི་མཐའ་ཅན་གྱི་སྲ་བརྐྱང་ཕྱུང་བ་ཡིན་ནོ་༎ རྫོགས་པའི་མཐའ་ཅན་གྱི་སྲ་བརྐྱང་ཕྱུང་བ་གང་ཞེ་ན་། འདི་ལྟ་སྟ་དགེ་སློང་སྲ་བརྐྱང་བཏིང་བའི་གནས་ནས་ཆོས་གོས་མ ༼༦༽ བྱས་ཆོས་གོས་མ་ཟིན་པར་མཚམས་ཀྱིས་ཕྱི་རོལ་དུ་སོང་ནས་ཕྱིར་འོང་ཞིང་ཆོས་གོས་བྱའོ་སྙམ་པ་ལས་དེ་འདི་སྙམ་དུ་སེམས་ཏེ་། བདག་སླར་མི་འོང་སྟེ་འོན་ཀྱང་ཆོས་གོས་བྱའོ་སྙམ་པ་དེའི་ནི་རྫོགས་པའི་མཐའ་ཅན་གྱི་སྲ་བརྐྱང་ཕྱུང་བ་ཡིན་ནོ་༎ ངེས་པའི་མཐའ་ཅན་གྱི་སྲ་བརྐྱང་ཕྱུང ༼༧༽ བ་གང་ཞེན་། འདི་ལྟ་སྟེ་དགེ་སློང་སྩར་བརྐྱང་བཏིང་པའི་གནས་ནས་ཆོས་གོས་མ་བྱས་ཆོས་གོས་མ་ཟིན་པར་མཚམས་ཀྱི་ཕྱི་རོལ་དུ་སོང་ནས་སླར་འོང་ཞིང་ཆོས་གོས་བྱའོ་སྙམ་པ་ལས་དེ་འདི་སྙམ་དུ་སེམས་ཏེ་། སླར་མི་འོང་ཞིང་ཆོས་གོས་ཀྱང་མི་བྱའོ་སྙམ་པ་དེའི་ནི་ངེས་པའི ༼༡༢༡ཨ༡༽ མཐའ་ཅན་གྱི་སྲ་བརྐྱང་ཕྱུང་པ་ཡིན་ནོ་༎ ཉམས་པའི་མཐའ་ཅན་གྱི་སྲ་བརྐྱང་ཕྱུང་བ་གང་ཞེ་ན་། འདི་ལྟ་སྟེ་དགེ་སློང་སྲ་བརྐྱང་བཏིང་བའི་གནས་ནས་ཆོས་གོས་མ་བྱས་ཆོས་གོས་མ་ཟིན་པར་མཚམས་ཀྱི་ཕྱི་རོལ་དུ་སོང་ནས་སླར་འོང་ཞིང་ཆོས་གོས་བྱའོ་སྙམ་པ་ལས་དེ་འདི་སྙམ་དུ ༼༢༽ སེམས་ཏེ་སླར་ཡང་མི་འོག་ལ་ཆོས་གོས་ཀྱང་མི་བྱའོ་སྙམ་ནས་། དེས་དེ་རྩོམ་ཞིང་བརྩམས་པ་དང་། ཉམས་པ་དེའི་ནི་ཉམས་པའི་མཐའ་ཅན་གྱི་སྲ་བརྐྱང་ཕྱུང་བ་ཡིན་ནོ་༎ ཐོས་པའི་མཐའ་ཅན་གྱི་སྲ་བརྐྱང་ཕྱུང་བ་གང་ཞེན་། ཤིད་ལྟ་སྟེ་དགེ་སློང་སྲ་བརྐྱང་བཏིང་བའི་གནས་ནས་ཆོས་གེས་མ ༼༣༽ བྱས་ཆོས་གོས་མ་ཟིན་པར་མཚམས་ཀྱི་ཕྱི་རོལ་དུ་སོང་ནས་སླར་འོངས་ཏེ་ཆོས་གོས་བྱའོ་སྙམ་པ་ལས་། དགེ་འདུན་མཐུན་པས་སྲ་བརྐྱང་ཕྱུང་ལ་དེས་དགེ་འདུན་མཐུན་པས་སྲ་བརྐྱང་ཕྱུང་ངོ་ཞེས་ཐོས་སོ་༎ ཐོས་ནས་ཀྱང་ལེགས་པར་ཕྱུང་ངོ་༎ ཤིན་ཏུ་ཕྱུང་ངོ་ཞེས་རྗེས་སུ་ཡི་རང་བ་བྱས ༼༤༽ པ་དེའི་ནི་ཐོས་པའི་མཐའ་ཅན་གྱི་སྲ་བརྐྱང་ཕྱུང་བ་ཡིན་ནོ་༎ མཚམས་འདས་པ་པའི་སྲ་བརྐྱང་ཕྱུང་བ་གང་ཞེ་ན་། འདི་ལྟ་སྟེ་དགེ་སློང་སྲ་བརྐྱང་བཏིང་བའི་གནས་ནས་ཆོས་གོས་མ་བྱས་ཆོས་གོས་མ་ཟིན་པར་ཕྱིར་འོང་ང་མ་མི་འོང་སྙམ་པ་ལས་། མཚམས་ཀྱི་ཕྱི་རོལ་ཏུ་སོང་བ ༼༥༽ དེའི་ནི་མཚམས་འདས་པ་པའི་སྲ་བརྐྱང་ཕྱུང་བ་ཡིན་ནོ་༎ རེ་ཐག་ཆད་པ་པའི་སྲ་བརྐྱང་ཕྱུང་བ་གང་ཞེ་ན་། འདི་ལྟ་སྟེ་དགེ་སློང་སྲ་བརྐྱང་བཏིང་བའི་གནས་ན་ས་ཆོས་གོས་མ་བྱས་ཆོས་གོས་མ་ཐིན་པར་མཚམས་ཀྱི་ཕྱི་རོལ་དུ་སོང་ནས་སླར་འོང་ཞིང་ཆོས་གོས་བྱའོ་སྙམ་པ་ལས་། དེའི་ཆོས ༼༦༽ གོས་རེ་བ་གང་ཡིན་པ་དེ་ཐམས་ཅད་དུ་ཚད་པ་དེའི་ནི་རེ་ཐག་ཚད་པ་པའི་སྲ་བརྐྱང་ཕྱུང་པ་ཡིན་ནོ་༎ བརྒྱད་པ་སྲ་བརྐྱང་ཕྱུང་བ་ཉིད་གང་ཞེ་ན་། འདི་ལྟ་སྟེ་དགེ་སློང་སྲ་བརྐྱང་བཏིང་བའི་གནས་ནས་ཆོས་གོས་མ་བྱས་ཆོས་གོས་མ་ཟིན་པར་མཚམས་ཀྱི་ཕྱི་རོལ་དུ་སོང་བ་ལས་དེ་ཡང་སླར་འོངས་ཤིང་སྲ ༼༧༽ བརྐྱང་ཕྱུང་བ་ཉམས་སུ་མྱོང་བ་དེའི་ནི་བརྒྱད་བ་སྲ་བརྐྱང་བྱུང་བ་ཉིད་ཡིན་ནོ་། ༎,. . . . . . . . . . . . .
3441456a18a049ac8300d52c0a33821c,སྡོམ་ལ་།མ་བྱས་པ་ནི་ཉི་ཤུ་དང་༎བརྩམས་པ་དག་ནི་ཉི་ཤུ་དང་༎རེ་བ་ཡོད་པ་ཉི་ཤུ་དང་༎རེ་བ་མེད་པ་ཉི་ཤུ་ཡིན་༎,.
a7c3de2894e548509ad92a8b4b9413b5,འདི་ལྟ་སྟེ་། དགེ་སློང་སྲ་བརྐྱང་བཏིང་བའི་གནས་ནས་ཆོས་གོས་མ་བྱས་ཆོས་གོས་མ་ཟིན ༼༡༢༡བ༡༽ པར་མཚམས་ཀྱི་ཕྱི་རོལ་དུ་སོང་ནས་སླར་འོང་ཞིང་ཆོས་གོས་བྱའོ་སྙམ་པ་ལས་དེ་འདི་སྙམ་དུ་སེམས་ཏེ་། སླར་མི་འོང་མོད་ཀྱི་འོན་ཀྱང་ཆོས་གོས་བྱའོ་སྙམ་པ་དེའི་ནི་རྫོགས་པའི་མཐའ་ཅན་གྱི་སྲ་བརྐྱང་ཕྱུང་བ་ཡིན་ན་༎ འདི་ལྟ་སྟེ་། དགེ་སློང་སྲ་བརྐྱང་བཏིང་བའི་གནས་ནས་ཆོས་གོས་མ་བྱས ༼༢༽ ཆོས་གོས་མ་ཟིན་པར་མཚམས་ཀྱི་རོལ་དུ་སེམས་ཏེ་། སླར་མི་འོང་ཞིང་ཆོས་གོས་ཀྱང་མི་བྱའོ་སྙམ་པ་དེའི་ནི་ངེས་པའི་མཐའ་ཅན་གྱི་སྲ་བརྐྱང་ཕྱུང་བ་ཡིན་ནོ་༎ འདི་ལྟ་སྟེ་དགེ་སློང་སྲ་བརྐྱང་བཏིང་བའི་གནས་ནས་ཆོས་གོས ༼༣༽ མ་བྱས་ཆོས་གོས་མ་ཟིན་པར་མཚམས་ཀྱི་ཕྱི་རོལ་དུ་སོང་ནས་སླར་འོང་ཞིང་ཆོས་གོས་བྱའོ་སྙམ་པ་ལས་དེས་དེ་རྩོམ་ཞིང་དེའི་བརྩམས་པ་ཉམས་པ་དེའི་ནི་ཉམས་པའི་མཐའ་ཅན་གྱི་སྲ་བརྐྱང་ཕྱུང་བ་ཡིན་ནོ་༎ འདི་ལྟ་སྟེ་དགེ་སློང་སྲ་བརྐྱང་བཏིང་བའི་གནས་ནས་ཆོས་གོས་མ་བྱས་ཆོས་གོས ༼༤༽ མ་ཟིན་པར་མཚམས་ཀྱི་ཕྱི་རོལ་དུ་སོང་ནས་སླར་འོང་ཞིང་ཆོས་གོས་བྱའོ་སྙམ་པ་ལས་དགེ་འདུན་མཐུན་པས་སྲ་བརྐྱང་ཕྱུང་ལ་། དེས་དགེ་འདུན་མཐུན་པས་སྲ་བརྐྱང་ཕྱུང་ངོ་ཞེས་ཐོས་སོ་༎ ཐོས་ནས་ཀྱང་ལེགས་པར་ཕྱུང་ངོ་༎ ཤིན་ཏུ་ཕྱུང་ངོ་ཞེས་རྗེས་སུ་ཡི་རང་བ་བྱས་པ་དེའི་ནི་ཐོས ༼༥༽ པའི་མཐའ་ཅན་གྱི་སྲ་བརྐྱང་ཕྱུང་པ་ཡིན་ནོ་༎ འདི་ལྟ་སྟེ་དགེ་སློང་སྲ་བརྐྱང་བཏིང་བའི་གནས་ནས་ཆོས་གོས་མ་བྱས་ཆོས་གོས་མ་ཟིན་པར་མཚམས་ཀྱི་ཕྱི་རོལ་དུ་སོང་ནས་སླར་འོག་ཞིང་ཆོས་གོས་བྱའོ་སྙམ་པ་ལས་། དེ་དེར་སོང་ནས་འདི་སྙམ་དུ་སེམས་ཏེ་། སླར་མི་འོང་ཞིང་འོན་ཀྱང ༼༦༽ ཆོས་གོས་ནི་བྱའོ་སྙམ་པ་དེའི་ནི་རྫོགས་པའི་མཐའ་ཅན་གྱི་སྲ་བརྐྱང་ཕྱུང་བ་ཡིན་ནོ་༎ འདི་ལྟ་སྟེ་དགེ་སློང་སྲ་བརྐྱང་བཏིང་བའི་གནས་ནས་ཆོས་གོས་མ་བྱས་ཆོས་གོས་མ་ཟིན་པར་མཚམས་ཀྱི་ཕྱིར་རོལ་དུ་སོང་ནས་སླར་འོང་ཞིང་ཆོས་གོས་བྱའོ་སྙམ་པ་ལས་དེ་དེར་སོང་ནས་དེ་འདི་སྙམ ༼༧༽ དུ་སེམས་ཏེ་། སླར་མི་འོང་ཞིང་ཆོས་གོས་ཀྱང་མི་བྱའོ་སྙམ་པ་དེའི་ནི་ངེས་པའི་མཐའ་ཅན་གྱི་སྲ་བརྐྱང་ཕྱུང་བ་ཡིན་ནོ་༎ འདི་ལྟ་སྟེ་དགེ་སློང་སྲ་བརྐྱང་བཏིང་བའི་གནས་ནས་ཆོས་གོས་མ་བྱས་ཆོས་གོས་མ་ཟིན་པར་མཚམས་ཀྱི་ཕྱི་རོལ་དུ་སོང་ནས་སླར་འོང་ཞིང་ཆོས་གོས་བྱའོ་སྙམ ༼༡༢༢ཨ༡༽ པ་ལས་། དེ་དེར་སོང་ནས་རྩོམ་ཞིང་དེའི་བརྩམས་པ་ཉམས་པ་དེའི་ནི་ཉམས་པའི་མཐའ་ཅན་གྱི་སྲ་བརྐྱང་ཕྱུང་བ་ཡིན་ནོ་༎ འདི་ལྟ་སྟེ་དགེ་སློང་སྲ་བརྐྱང་བཏིང་བའི་གནས་ནས་ཆོས་གོས་མ་བྱས་ཆོས་གོས་མ་ཟིན་བར་མཚམས་ཀྱི་ཕྱི་རོལ་དུ་སོང་ནས་སླར་འོང་ཞིང་ཆོས ༼༢༽ གོས་བྱའོ་སྙམ་པ་ལས་། དགེ་འདུན་མཐུན་པས་སྲ་བརྐྱང་ཕྱུང་ལ་དེས་དགེ་འདུན་མཐུན་པས་སྲ་བརྐྱང་ཕྱུང་ངོ་ཞེས་ཐོས་སོ་༎ ཐོས་ནས་ཀྱང་ལེགས་པར་ཕྱུང་ངོ་༎ ཤིན་ཏུ་ཕྱུང་ངོ་ཞེས་རྗེས་སུ་ཡི་རང་བ་བྱས་བ་དེའི་ནི་ཐོས་པའི་མཐའ་ཅན་གྱི་སྲ་བརྐྱང་ཕྱུང་བ་ཡིན་ནོ་༎ འདི་ལྟ་སྟེ་དགེ་སློང ༼༣༽ སྲ་བརྐྱང་བཏིང་བའི་གནས་ནས་ཆོས་གོས་མ་བྱས་ཆོས་གོས་མ་ཟིན་པར་མཚམས་ཀྱི་ཕྱི་རོལ་དུ་སོང་ནས་སླར་འོང་ཞིང་ཆོས་གོས་བྱའོ་ཞེས་སེམས་ལ་བཞག་པ་ལས་དེ་འདི་སྙམ་དུ་སེམས་ཏེ་། སླར་མི་འོང་ཞིག་འོན་ཀྱང་ཆོས་གོས་བྱའོ་སྙམ་པ་དེའི་ནི་རྫོགས་པའི་མཐའ་ཅན་གྱི་སྲ་བརྐྱང་ཕྱུང་བ ༼༤༽ ཡིན་ནོ་༎ འདི་ལྟ་སྟེ་དགེ་སློང་སྲ་བརྐྱང་པ་ཏིང་པའི་གནས་ནས་ཆོས་གོས་མ་བྱས་ཆོས་གོས་མ་ཟིན་པར་མཚམས་ཀྱི་ཕྱི་རོལ་དུ་སོང་ནས་སླར་འོང་ཞིང་ཆོས་གོས་བྱའོ་ཞེས་སེམས་ལ་བཞག་པ་ལས་། དེ་དེར་སོང་ནས་འདི་སྙམ་དུ་སེམས་ཏེ་། སླར་མི་འོང་ཞིང་ཆོས་གོས་ཀྱང་མི་བྱའོ ༼༥༽ སྙམ་པ་དེའི་ནི་ངེས་པའི་མཐའ་ཅན་གྱི་སྲ་བརྐྱང་ཕྱུར་བ་ཡིན་ནོ་༎ འདི་ལྟ་སྟེ་དགེ་སློང་སྲ་བརྐྱང་བཏིང་པའི་གནས་ནས་ཆོས་གོས་མ་བྱས་ཆོས་གོས་མ་ཟིན་པར་མཚམས་ཀྱི་ཕྱི་རོལ་དུ་སོང་ནས་སླར་འོང་ཞིང་ཆོས་གོས་བྱའོ་ཞེས་སེམས་ལ་བཞག་པ་ལས་དེས་དེ་རྩོམ་ཞིང་དེའི་བརྩམས་པ ༼༦༽ ཉམས་པ་དེའི་ནི་ཉམས་པའི་མཐའ་ཅན་གྱི་སྲ་བརྐྱང་ཕྱུང་བ་ཡིན་ནོ་༎ འདི་ལྟ་སྟེ་དགེ་སློང་སྲ་བརྐྱང་བཏིང་བའི་གནས་ནས་ཆོས་གོས་མ་བྱས་ཆོས་གོས་མ་ཟིན་པར་མཚམས་ཀྱི་ཕྱི་རོལ་དུ་སོང་ནས་སླར་འོང་ཞིང་ཆོས་གོས་བྱའོ་ཞེས་སེམས་ལ་བཞག་པ་ལས་། དགེ་འདུན་མཐུན་པས ༼༧༽ སྲ་བརྐྱང་ཕྱུང་ལ་དེས་དགེ་འདུན་མཐུན་པ་སྲ་བརྐྱང་ཕྱུང་ངོ་ཞེས་ཐོས་སོ་༎ ཐོས་ནས་ཀྱང་ལེགས་པར་ཕྱུང་ངོ་༎ ཤིན་ཏུ་ཕྱུང་ངོ་ཞེས་རྗེས་སུ་ཡི་རང་བར་བྱས་བ་དེའི་ནི་ཐོས་པའི་མཐའ་ཅན་གྱི་སྲ་བརྐྱང་ཕྱུང་པ་ཡིན་ནོ་༎ འདི་ལྟ་སྟེ་དགེ་སློང་སྲ་བརྐྱང་བཏིང་བའི་གནས་ནས་ཆོས ༼༡༢༢བ༡༽ གོས་མ་བྱས་ཆོས་གོས་མ་ཟིན་སར་མཚམས་ཀྱི་ཕྱི་རོལ་དུ་སོང་ནས་སླར་འོང་ཞིང་ཆོས་གོས་བྱའོ་ཞེས་སེམས་ལ་བཞག་པ་ལས་། དེ་དེར་སོང་ནས་འདི་སྙམ་དུ་སེམས་ཏེ་། སླར་མི་འོང་སྟེ་འོན་ཀྱང་ཆོས་གོས་བྱའོ་སྙམ་པ་དེའི་ནི་རྫོགས་པའི་མཐའ་ཅན་གྱི་སྲ་བརྐྱང་ཕྱུང་བ་ཡིན་ནོ་༎ འདི ༼༢༽ ལྟ་སྟེ་དགེ་སློང་སྲ་བརྐྱང་བཏིང་བའི་གནས་ནས་ཆོས་གོས་མ་བྱས་ཆོས་གོས་མ་ཟིན་པར་མཚམས་ཀྱི་ཕྱི་རོལ་དུ་སོང་ནས་སླར་འོང་ཞིང་ཆོས་གོས་གོས་བྱའོ་ཞེས་སེམས་ལ་བཞག་པ་ལས་། དེ་དེར་སོང་ནས་འདི་སྙམ་དུ་སེམས་ཏེ་། སླར་མི་འོང་ཞིང་ཆོས་གོས་ཀྱང་མི་བྱའོ་སྙམ་པ་དེའི་ནི་ངེས་པའི་མཐའ་ཅན ༼༣༽ གྱི་སྲ་བརྐྱང་ཕྱུང་བ་ཡིན་ནོ་། འདི་ལྟ་སྟེ་དགེ་སློང་སྲ་བརྐྱང་བཏིང་བའི་གནས་ནས་ཆོས་གོས་མ་བྱས་ཆོས་གོས་མ་ཟིན་པར་མཚམས་ཀྱི་ཕྱི་རོལ་ཏུ་སོང་ནས་སླར་འོང་ཞིང་ཆོས་གོས་བྱའོ་ཞེས་སེམས་ལ་བཞག་པ་ལས་། དེ་དེར་སོང་ནས་རྩོམ་ཞིང་དེའི་བརྩམས་པ་ཉམས་པ་དེའི་ནི་ཉམས་པའི ༼༥༽ མཐའ་ཅན་གྱི་སྲ་བརྐྱང་ཕྱུང་བ་ཡིན་ནོ་༎ འདི་ལྟ་སྟེ་དགེ་སློང་སྲ་བརྐྱང་བཏིང་བའི་གནས་ནས་ཆོས་གོས་མ་བྱས་ཆོས་གོས་གོས་མ་ཟིན་པར་མཚམས་ཀྱི་ཕྱི་རོལ་དུ་སོང་ནས་སླར་འོང་ཞིང་ཆོས་གོས་བྱའོ་ཞེས་སེམས་ལ་བཞག་པ་ལས་། དགེ་འདུན་མཐུན་པས་སྲ་བརྐྱང་ཕྱུང་ལ་དེས་དགེ ༼༥༽ འདུན་མཐུན་པས་སྲ་བརྐྱང་ཕྱུང་ངོ་༎ ཞེས་ཐོས་སོ་༎ ཐོས་ནས་ཀྱང་ལེགས་པར་ཕྱུང་ངོ་༎ ཤིན་ཏུ་ཕྱུང་ངོ་ཞེས་རྗེས་སུ་ཡི་རང་བ་བྱས་བ་དེའི་ནི་ཐོས་པའི་མཐའ་ཅན་གྱི་སྲ་བརྐྱང་ཕྱུང་བ་ཡིན་ནོ་༎ འདི་ལྟ་སྟེ་། དགེ་སློང་སྲ་བརྐྱང་བཏིང་བའི་གནས་ནས་ཆོས་གོས་མ་བྱས་ཆོས ༼༦༽ གོས་མ་ཟིན་པར་ཅི་སླར་འོང་ངམ་འོན་ཏེ་སླར་མི་འོང་ཞེས་སེམས་ལ་ཐེ་ཚོམ་ཟ་བཞིན་མཚམས་ཀྱི་ཕྱི་རོལ་དུ་སོང་བ་ལས་། དེ་འདི་སྙམ་དུ་སེམས་ཏེ་། སླར་མི་འོང་སྟེ་འོན་ཀྱང་ཆོས་གོས་ནི་བྱའོ་༎ སྙམ་པ་དེའི་ནི་རྫོགས་པའི་མཐའ་ཅན་གྱི་སྲ་བརྐྱང་ཕྱུང་བ་ཡིན་ནོ་༎ འདི་ལྟ་སྟེ་། དགེ༼༧༽ སློང་སྲ་བརྐྱང་བཏིང་བའི་གནས་ནས་ཆོས་གོས་མ་བྱས་ཆོས་གོས་མ་ཟིན་པར་ཅི་སླར་འོང་ངམ་འོན་ཏེ་སླར་མི་འོང་ཞེས་སེམས་ལ་ཐེ་ཚོམ་ཟ་བཞིན་མཚམས་ཀྱི་ཕྱི་རོལ་དུ་སོང་བ་ལས་། དེ་འདི་སྙམ་དུ་སེམས་ཏེ་། སླར་མི་འོང་ཞིང་ཆོས་གོས་ཀྱང་མི་བྱའོ་སྙམ་པ་དེའི་ནི་ངེས་པའི ༼༡༢༣ཨ༡༽ མཐའ་ཅན་གྱི་སྲ་བརྐྱང་ཕྱུང་བ་ཡིན་ནོ་༎ འདི་ཏ་སྟེ་། དགེ་སློང་སྲ་བརྐྱང་བཏིང་བའི་གནས་ནས་ཆོས་གོས་མ་བྱས་ཆོས་གོས་མ་ཟིན་པར་ཅི་སླར་འོང་ངམ་འོན་ཏེ་སླར་མི་འོང་ཞེས་སེམས་ལ་ཐེ་ཚོམ་ཟ་བཞིན་མཚམས་ཀྱི་ཕྱི་རོལ་དུ་སོར་བ་ལས་། དེས་དེ་ཚོམ་ཞིང་དེའི ༼༢༽ བརྩམས་པ་ཉསམ་པ་དེའི་ནི་ཉམས་པའི་མཐའ་ཅན་གྱི་སྲ་བརྐྱང་ཕྱུང་བ་ཡིན་ནོ་༎ འདི་ལྟ་སྟེ་དགེ་སློང་སྲ་བརྐྱང་བཏིང་བའི་གནས་ནས་ཆོས་གོས་མ་བྱས་ཆོས་གོས་མ་ཟ་པར་ཅི་སླར་འོང་ངམ་འོན་ཏེ་སླར་མི་འོང་ཞེས་སེམས་ལ་ཐེ་ཚོམ་ཟ་བཞིན་མཚམས་ཀྱི་ཕྱི་རོལ་དུ་སོང་བ་ལས་། དགེ ༼༣༽ འདུན་མཐུན་པས་སྲ་བརྐྱང་ཕྱུང་ལ་དེས་དགེ་འདུན་མཐུན་པས་སྲ་བརྐྱང་ཕྱུང་ངོ་༎ ཞེས་ཐོས་སོ་༎ ཐོས་ནས་ཀྱང་ལེགས་པར་ཕྱུང་ངོ་༎ ཤིན་ཏུ་ཕྱུང་ངོ་ཞེས་རྗེས་སུ་ཡི་རང་བ་བྱས་པ་དེའི་ནི་ཐོས་པའི་མཐའ་ཅན་གྱི་སྲ་བརྐྱང་ཕྱུང་བ་ཡིན་ནོ་༎ འདི་ལྟ་སྟེ་དགེ་སློང་སྲ་བརྐྱང་བཏིང་བའི་གནས ༼༤༽ ནས་ཆོས་གོས་མ་བྱས་ཆོས་གོས་མ་ཟིན་ཕར་མཚམས་ཀྱི་ཕྱི་རོལ་དུ་སོང་ནས་ཞེས་བྱ་བ་ཐམས་ཅད་བརྗོད་པར་བྱའོ་༎ འོན་ཀྱང་སྔ་མའི་ཉི་ཤུ་ལ་ནི་ཆོས་གོས་མ་བྱས་ཆོས་གོས་མ་ཟིན་པར་ཞེས་བྱའོ་༎ འདིར་ནི་ཆོས་གོས་མ་ཟིན་པ་ཞེས་བྱ་བ་བོར་ཏེ་། ཆོས་གོས་བརྩམས་པ་ཞེས་བྱ་བ ༼༥༽ བཅུག་སྟེ་རྣམ་པ་འདིས་ཉི་ཤུ་པ་གཞན་བྱའོ་༎ འདི་ལྟ་སྟེ་དགེ་སློང་སྲ་བརྐྱང་བཏིང་བའི་གནས་ནས་ཆོས་གོས་མ་བྱས་ཆོས་གོས་མ་ཟིན་བར་མཚམས་ཀྱི་ཕྱི་རོལ་དུ་སོང་ནས་སླར་འོང་ཞིང་ཆོས་གོས་བྱའོ་སྙམ་པའི་རེ་བ་ཡོད་པ་ལས་དེ་འདི་སྙམ་དུ་སེམས་ཏེ་སླར་མི་འོང་སྟེ་འོན་ཀྱང་ཆོས་གོས་ནི ༼༦༽ བྱའོ་སྙམ་པ་དེའི་ནི་རྫོགས་པའི་མཐའ་ཅན་གྱི་སྲ་བརྐྱང་ཕྱུང་བ་ཡིན་ཏེ་། རེ་བ་ཡོད་པ་ཞེས་བྱ་བའི་ཁྱད་པར་འདིས་སྡ་མ་བཞིན་དུ་ཉི་ཤུ་པ་གཞན་བྱའོ་༎ འདི་ལྟ་སྟེ་དགེ་སློང་སྲ་བརྐྱང་བཏིང་བའི་གནས་ནས་ཆོས་གོས་མ་བྱས་ཆོས་གོས་མ་ཟིན་པར་སླར་འོང་ཞིང་ཆོས་གོས་བྱའོ་སྙམ་པའི་རེ ༼༧༽ པ་མེད་པར་མཚམས་ཀྱི་ཕྱི་རོལ་དུ་སོང་བ་ལས་དེ་འདི་སྙམ་དུ་སེམས་ཏེ་། སླར་མི་འོང་ཞིར་འོན་ཀྱང་ཆོས་གོས་ནི་བྱའོ་༎ སྙམ་པ་དེའི་ནི་རྫོགས་པའི་མཐའ་ཅན་གྱི་སྲ་བརྐྱང་ཕྱུང་བ་ཡིན་ཏེ་། རེ་བ་མེད་པ་ཞེས་བྱ་བའི་ཁྱད་པར་འདིས་སྡ་མ་བཞིན་དུ་ཉི་ཤུ་པ་གཞན་བྱའོ་། ༎,. . . . . . . . . . . . . . . . . . . . . . . . . . . . . . . . . . . . . .
98ffe5c32840494f8475aa33b9339827,སྡོམ་ལ་།༼༡༢༣བ༡༽ བྱ་བ་དག་ནི་བཅུ་གཉིས་དང་༎བཙལ་བ་དང་ནི་དེ་བཞིན་གཞན་༎ཡུལ་ལ་ལྡར་ནི་བྱ་བ་སྟེ་༎གནས་ལ་ཡང་ནི་ལྡ་ཡིན་ནོ་༎,.
b1b6ce00655b42fdbe27433569ed7359,འདི་ལྟ་སྟེ་དགེ་སློང་སྲ་བརྐྱང་བཏིང་བའི་གནས་ནས་ཆོས་གོས་མ་བྱས་ཆོས་གོས་མ་ཟིན་པར་བྱ་བ་ཞིག་ལ་མཚམས་ཀྱི་ཕྱི་རོལ་དུ་སོང་ནས་སླར་འོང་ཞིང་ཆོས ༼༢༽ གོས་བྱའོ་སྙམ་པ་ལས་དེ་འདི་སྙམ་དུ་སེམས་ཏེ་། སླར་མི་འོག་སྟེ་འོན་ཀྱང་ཆོས་གོས་ནི་བྱའོ་སྙམ་པ་དེའི་ནི་རྫོགས་པའི་མཐའ་ཅན་གྱི་སྲ་བརྐྱང་ཕྱུང་བ་ཡིན་ནོ་༎ འདི་ལྟ་སྟེ་དགེ་སློང་སྲ་བརྐྱང་བཏིང་བའི་གནས་ནས་ཆོས་གོས་མ་བྱས་གོས་མ་ཟིན་པར་བྱ་བ་ཞིག་ལ་མཚམས་ཀྱི་ཕྱི་རོལ ༼༣༽ དུ་སོང་ནས་སླར་འོག་ཞིང་ཆོས་གོས་བྱའོ་སྙམ་པ་ལས་དེ་འདི་སྙམ་དུ་སེམས་ཏེ་། སླར་མི་འོང་ཞིང་ཅོག་གོས་ཀྱང་མི་བྱའོ་སྙམ་པ་དེའི་ནི་ངེས་པའི་མཐའ་ཅན་གྱི་སྲ་བརྐྱང་ཕྱུང་བ་ཡིན་ནོ་༎ འདི་ལྟ་སྟེ་དགེ་སློང་སྲ་བརྐྱང་བཏིང་བའི་གནས་ནས་ཆོས་གོས་མ་བྱས་ཆོས་གོས་མ་ཟིན་བར་བྱ་བ ༼༤༽ ཞིག་ལ་མཚམས་ཀྱི་ཕྱི་རོལ་དུ་སོག་ནས་སླར་འོག་ཞིང་ཆོས་གོས་བྱའོ་སྙམ་པ་ལས་༎ དེས་དེ་རྩོམ་ཞིང་དེ་བརྩམས་པ་ལས་ཉམས་པ་དེའི་ནི་ཉམས་པའི་མཐའ་ཅན་གྱི་སྲ་བརྐྱང་ཕྱུང་བ་ཡིན་ནོ་༎ འདི་ལྟ་སྟེ་དགེ་སློང་སྲ་བརྐྱང་བཏིང་བའི་གནས་ནས་ཆོས་གོས་མ་བྱས་ཆོས་གོས་མ་ཟིན་པར ༼༥༽ བྱ་བཞིག་ལ་མཚམས་ཀྱི་ཕྱི་རོལ་དུ་སོང་ནས་སླར་འོང་ཞིང་ཆོས་གོས་བྱའོ་སྙམ་པ་ལས་དགེ་འདུན་མཐུན་པས་སྲ་བརྐྱང་ཕྱུང་ལ་དེས་དགེ་འདུན་མཏུན་པས་སྲ་བརྐྱང་ཕྱུང་ངོ་ཞེས་ཐོས་སོ་༎ ཐོས་ནས་ཀྱང་ལེགས་པར་ཕྱུང་ངོ་༎ ཤིན་ཏུ་ཕྱུང་ངོ་ཞེས་རྗེས་སུ་ཡི་རང་བ་བྱས་པ་དེའི་ནི་ཐོས་པའི་མཐའ་ཅན་གྱི་སྲ་བརྐྱང་ཕྱུང་བ་ཡིན་ནོ་༎ འདི་ལྟ་སྟེ་དགེ་སློང་སྲ་བརྐྱང་བཏིང་བའི་གནས་ནས་ཆོས་གོས་མ་བྱས་ཆོས་གོས་མ་ཟིན་པར ༼༦༽ བྱ་བ་ཞིག་ལ་མཚམས་ཀྱི་ཕྱི་རོལ་དུ་སོག་ནས་སླར་འོང་ཞིང་ཆོས་གོས་བྱའོ་སྙམ་པ་ལས་དགེ་འདུན་མཐུན་པས་སྲ་བརྐྱང་ཕྱུང་ལ་དེས་དགེ་འདུན་མཐུན་པས་སྲ་བརྐྱང་ཕྱུང་ངོ་ཞེས་ཐོས་སོ་༎ ཐོས་ནས་ཀྱང་ལེགས་པར་ཕྱུང་ངོ་༎ ཤིན་ཏུ་ཕྱུང་ངོ་ཞེས་རྗེས་སུ་ཡི་རང་བ་བྱས་པ་དེའི་ནི ༼༧༽ ཐོས་པའི་མཐའ་ཅན་གྱི་སྲ་བརྐྱང་ཕྱུང་བ་ཡིན་ནོ་༎ འདི་ལྟ་སྟེ་དགེ་སློང་སྲ་བརྐྱང་བཏིང་བའི་གནས་ནས་ཆོས་གོས་མ་བྱས་ཆོས་གོས་མ་ཟིན་པར་བྱ་བ་ཞིག་ལ་མཚམས་ཀྱི་ཕྱི་རོལ་དུ་སོག་ནས་སླར་འོང་ཞིང་ཆོས་གོས་བྱའོ་སྙམ་པ་ལས་། དེ་དེར་སོག་ནས་འདི་སྙམ་དུ་སེམས་ཏེ་། སླར་མི་འོང་སྟེ ༼༧༽ འོན་ཀྱང་ཆོས་གོས་ནི་བྱའོ་སྙམ་པ་དེའི་རྫོགས་པའི་མཐའ་ཅན་གྱི་སྲ་བརྐྱང་ཕྱུང་བ་ཡིན་ནོ་༎ དེར་སོང་ནས་ཞེས་བྱ་བའི་ཁྱད་པར་འདིས་རྫོགས་པའི་མཐའ་ཅན་གསུངས་པ་ཇི་ལྟ་བ་བཞིན་དུ་ངེས་པའི་མཐའ་ཅན་དང་། ཉམས་པའི་མཐའ་ཅན་དང་། ཐོས་པའི་མཐའ་ཅན་ཡང་དེ་བཞིན ༼༡༢༤ཨ༡༽ ནོ་། །འདི་ལྟ་སྟེ་དགེ་སློང་སྲ་བརྐྱང་བཏིང་བའི་གནས་ནས་ཆོས་གོས་མ་བྱས་ཆོས་གོས་མ་ཟིན་པར་བྱ་བ་ཞིག་གི་ཆེད་ལ་མཚམས་ཀྱི་ཕྱི་རོལ་དུ་སོང་ནས་ཅི་སླར་འོད་དམ་འོན་ཏེ་སླར་མི་འོང་ཞེས་སེམས་ལ་ཐེ་ཚོམ་ཟ་བ་ལས་། དེ་འདི་སྙམ་དུ་སེམས་ཏེ་སླར་མི་འོང་སྟེ་འོན ༼༢༽ ཀྱང་ཆོས་གོས་བྱའོ་སྙམ་པ་དེའི་ནི་རྫོགས་པའི་མཐའ་ཅན་གྱི་སྲ་བརྐྱང་ཕྱུང་བ་ཡིན་ནོ་༎ སེམས་ལ་ཐེ་ཚོམ་ཟ་བས་རྫོགས་པའི་མཐའ་ཅན་གསུངས་པ་ཇི་ལྟ་བར་ངེས་པའི་མཐའ་ཅན་དང་། ཉམས་པའི་མཐའ་ཅན་དང་། ཐོས་པའི་མཐའ་ཅན་ཡང་དེ་བཞིན་ནོ་། འདི་ལྟ་སྟེ་དགེ་སློང་སྲ་བརྐྱང ༼༣༽ བཏིང་བའི་གནས་ནས་ཆོས་གོས་མ་བྱས་ཆོས་གོས་མ་ཟིན་པར་བཙལ་བ་ཞིག་ལ་མཚམས་ཀྱི་ཕྱི་རོལ་དུ་སོང་ནས་སླར་འོང་ཞིང་ཆོས་གོས་བྱའོ་སྙམ་པ་ལས་དེ་འདི་སྙམ་དུ་སེམས་ཏེ་། སླར་མི་འོང་སྟེ་འོན་ཀྱང་ཆོས་གོས་ནི་བྱའོ་སྙམ་པ་དེའི་ནི་རྫོགས་པའི་མཐའ་ཅན་གྱི་སྲ་བརྐྱང་ཕྱུང་བ་ཡིན་ནོ་༎  ༼༤༽ བཙལ་བཞེས་བྱ་བའི་ཁྱད་པར་འདིས་སྡ་མ་བཞིན་དུ་བཅུ་གཉིས་པ་གཞན་ནོ་༎ འདི་ལྟ་སྟེ་དགེ་སློང་སྲ་བརྐྱང་བཏིང་བའི་གནས་ནས་ཆོས་གོས་མ་བྱས་ཆོས་གོས་མ་ཟིན་པར་སླར་མི་འོང་བར་ཡུལ་ལྟར་མཚམས་ཀྱི་ཕྱི་རོལ་དུ་སོང་བའི་མཐའ་ཅན་གྱི་སྲ་བརྐྱང་ཕྱུང་བ་ཡིན་ནོ་༎ འདི ༼༥༽ ལྟ་སྟེ་དགེ་སློང་སྲ་བརྐྱང་བཏིང་བའི་གནས་ནས་ཆོས་གོས་མ་བྱས་ཆོས་གོས་མ་ཟིན་པར་ཡུལ་ལྟར་མཚམས་ཀྱི་ཕྱི་རོལ་དུ་སོང་ནས་ཅི་སླར་འོང་ངམ་འོན་ཏེ་སླར་མི་འོང་ཞེས་སེམས་ལ་ཐེ་ཚོམ་ཟ་བ་ལས་དེ་འདི་སྙམ་དུ་སེམས་ཏེ་སླར་མི་འོང་སྟེ་འོང་ཀྱང་ཆོས་གོས་ནི་བྱའོ་༎ སྙམ་པ་དེའི་ནི ༼༦༽ རྫོགས་པའི་མཐའ་ཅན་གྱི་སྲ་བརྐྱང་ཕྱུང་བ་ཡིན་ཏེ་། ངེས་པའི་མཐའ་ཅན་དང་། ཉམས་པའི་མཐའ་ཅན་དང་། ཐོས་པའི་མཐའ་ཅན་ཡང་དེ་བཞིན་ནོ་༎ ཡུལ་ལྟ་བའི་ལྔ་ཇི་ལྟ་བར་གནས་ལྟ་བའི་ལྡ་ཡང་དེ་བཞིན་ནོ་༎,. . . . . . . . . . . . . . . . . .
476c9d7e5aa644648c352a43ee83cda3,སྲ་བརྐྱང་གི་གཞི་རྫོགས་སོ་༎ ༎,.
