id,P000879,P000880,P000881
2f3a90fe8166419b90b0f5d2fc6610b6,གང་གཱའི་མཆོག་གིས་ཞུས་པ་ཞེས་བྱ་བ་ཐེག་པ་ཆེན་པོའི་མདོ་།,恒河上優婆夷,"The Mahāyāna Sūtra entitled ""The Questions of Gaṅgottarā"""
629b670f58714545a7452847534c4b66,༼༢༢༢ཨ༣༽ ༎ འཕགས་པ་དཀོན་མཆོག་བརྩེགས་པ་ཆེན་པོའི་ཆོས་ཀྱི་རྣམ་གྲངས་ལེའུ་སྟོང་ཕྲག་བརྒྱ་པ་ལས་ལེའུ་སུམ་ཅུ་རྩ་གཅིག ༼༤༽ པ་སྟེ་། གང་གཱའི་མཆོག་གིས་ཞུས་པ་ལུང་བསྟན་པ་། བམ་པོ་ཕྱེད་པ་༎,會第三十一  大唐三藏菩提流志奉　詔譯,Chapter Thirty-One of the Exalted Mahāratnakūṭa Dharmaparyāya in One Hundred Thousand Chapters: “Explanation of the Questions of Gaṅgottarā”. Half a fascicle.1
90c3596b884b4c4da62512d65e2ff1e0,རྒྱ་གར་སྐད་དུ་། ཨཱརྱ་གངགོཏཏར་པརི་པྲིཙཚཱ་ནཱམ་མཧཱཡཱན་སūཏྲ་། བོད་སྐད་དུ་། འཕགས་པ་གང་གཱའི་མཆོག་གིས་ཞུས་པ་ཞེས་བྱ་བ་ཐེག་པ་ཆེན་པོའི་མདོ་།,  ,In the language of India: Ārya Gaṅgottaraparipṛcchā nāma mahāyānasūtra  
730ccf8e5c4144de96f8b119907b1327,སངས་རྒྱས་དང་བྱང་ཆུབ་སེམས་དཔའ ༼༥༽ ཐམས་ཅད་ལ་ཕྱག་འཚལ་ལོ་༎,,Homage to all Buddhas and Bodhisatvas!2
46b6fbf00f8b46bd95ab91ac88e1bbe0,འདི་སྐད་བདག་གིས་ཐོས་པ་དུས་གཅིག་ན་། བཅོམ་ལྡན་འདས་མཉན་ཡོད་ན་རྒྱལ་བུ་རྒྱལ་བྱེད་ཀྱི་ཚལ་མགོན་མེད་ཟས་སྦྱིན་གྱི་ཀུན་དགའ་ར་བ་ན་བཞུགས་ཏེ་།,如是我聞。一時佛在舍衛國祇樹給孤獨園。,"This is what I have heard: Once, the Blessed One was staying in Jeta's Grove, in the pleasure garden donated by Anāthapiṇḍada."
1a1cf080ca974877a5f798f357c20d2c,དེའི་ཚེ་གྲོང་ཁྱེར་ཆེན་པོ་མཉན་ཡོད་ན་དགེ་བསྙེན་མ་གང་གཱའི་མཆོག་ཅེས་བྱ་བ་ཞིག་གནས ༼༦༽ སོ་༎,時舍衛城有優婆夷。名恒河上。,"At that time, a laywoman by the name of Gaṅgottarā was living in the great city of Śrāvastī."
1e506f1915a847a6851ce331e0cee380,དེ་ནས་དགེ་བསྙེན་མ་གང་གཱའི་མཆོག་མཉན་ཡོད་ནས་བྱུང་ནས་རྒྱལ་བུ་རྒྱལ་བྱེད་ཀྱི་ཚལ་མགོན་མེད་ཟས་སྦྱིན་གྱི་ཀུན་དགའ་ར་བ་ག་ལ་བ་དེར་སོང་སྟེ་ཕྱིན་ནས་བཅོམ་ལྡན་འདས་ཀྱི་ཞབས་ལ་མགོ་བོས་ཕྱག་འཚལ་ཏེ་ཕྱོགས་གཅིག་ཏུ་འདུག་གོ་།,從其住處來詣佛所。頂禮佛足退坐一面。,"One day, the laywoman Gaṅgottarā left Śrāvastī and went to Jeta's Grove, to Anāthapiṇḍada's pleasure garden. Upon arriving, she saluted the Blessed One by placing her head at his feet, and sat down to one side."
5fa6c0355de44a13af81f5b75b9abf4a,ཕྱོགས་གཅིག་ཏུ་འདུག་པ་དང་། ༼༧༽ བཅོམ་ལྡན་འདས་ཀྱིས་མཁྱེན་བཞིན་དུ་དགེ་བསྙེན་མ་གང་གཱའི་མཆོག་ལ་གང་གཱའི་མཆོག་ཁྱོད་ད་གཟོད་གང་ནས་འོངས་ཞེས་སྨྲས་སོ་༎,爾時世尊問恒河上。汝從何來。,"When she had sat down to one side, the Blessed One, although he already knew the answer, asked the laywoman Gaṅgottarā: Where have you come from, Gaṅgottarā?"
8605a2681b2e48acadb5da2cb6c7e2a2,གང་གཱའི་མཆོག་གིས་གསོལ་པ་། བཅོམ་ལྡན་འདས་གང་ཞིག་གིས་སྤྲུལ་པ་ལ་སྨྲས་ཏེ་། ཁྱོད་ད་གཟོད་གང་ནས་འོངས་ཞེས་དེ་སྐད་བགྱིས་ན་ཇི་སྐད ༼བ༡༽ ལན་འདེབས་པར་འགྱུར་ལགས་།,彼優婆夷。即白佛言。世尊。若問化人汝從何來。如是問者當云何答。,"Gaṅgottarā answered: Blessed One, if someone asked a magically conjured being, “Where have you come from?”, what would the answer be?"
e48f463fbe124b1a88849575ee6c3988,བཅོམ་ལྡན་འདས་ཀྱིས་བཀའ་སྩལ་པ་། གང་གཱའི་མཆོག་སྤྲུལ་པ་ལ་ནི་འགྲེང་བ་མེད་། འདུག་པ་མེད་། ཉལ་བ་མེད་། འོང་བ་མེད་། འགྲོ་བ་མེད་། འཆི་འཕོ་མེད་། སྐྱེ་བ་མེད་ན་འདི་ནས་འོངས་སོ་ཞེས་དེ་ཅི་ཞིག་སྟོན་པར་འགྱུར་།,世尊告言。夫化人者。無有往來。亦無生滅。云何當說有所從來。,"The Blessed One replied: A magical being does not stand, does not sit, does not lie down, does not come, does not go, does not die and is not born.  How then can anyone say that they have come from somewhere?"
7187ca49f4674c5fae70fb20b1b18f5a,གང ༼༢༽ གཱའི་མཆོག་གིས་གསོལ་པ་། བཅོམ་ལྡན་འདས་ཅི་ཆོས་ཐམས་ཅད་སྤྲུལ་པ་ལྟ་བུ་ལགས་སམ་།,又問諸法豈不皆如化耶。,"Gaṅgottarā continued: Blessed One, aren't all phenomena like magical beings?"
f42cbe83f3ae430f865592e32b808919,བཀའ་སྩལ་པ་། གང་གཱའི་མཆོག་དེ་བཞིན་ནོ་༎,佛言。如是如是。如汝所說。,"Exactly, Gaṅgottarā, he replied."
076f9b2b319143d6b1552b034b47f62e,གསོལ་པ་། བཅོམ་ལྡན་འདས་གལ་ཏེ་ཆོས་ཐམས་ཅད་སྤྲུལ་པ་ལྟ་བུ་ལགས་ན་། གང་གཱའི་མཆོག་ཁྱོད་ད་གཟོད་གང་ནས་འོངས ༼༣༽ ཞེས་ཅིའི་སླད་དུ་སྨྲ་།,恒河上言。若一切法皆如化者。云何問言汝從何來。,"If all phenomena are like magical beings, Blessed One, then why ask “Where have you come from, Gaṅgottarā?”, she responded."
e8072f741ce2423e9d2a1b6364556e29,བཅོམ་ལྡན་འདས་ཀྱིས་བཀའ་སྩལ་པ་། གང་གཱའི་མཆོག་སྤྲུལ་པ་ནི་ངན་སོང་དུ་མི་འགྲོ་། མཐོ་རིས་སུ་མི་འགྲོ་། ཡོངས་སུ་མྱ་ངན་ལས་འདས་པར་མི་འགྲོ་ན་ཅི་གང་གཱའི་མཆོག་ཀྱང་ངན་སོང་དུ་མི་འགྲོ་། མཐོ་རིས་སུ་མི་འགྲོ་། ཡོངས་སུ་མྱ་ངན ༼༤༽ ལས་འདས་པར་མི་འགྲོ་འམ་། གང་གཱའི་མཆོག་གིས་གསོལ་པ་། བཅོམ་ལྡན་འདས་གལ་ཏེ་བདག་གིས་དགེ་བསྙེན་མ་གང་གཱའི་མཆོག་སྤྲུལ་པའི་རང་བཞིན་ལས་གཞན་ལགས་པར་མཐོང་ན་ནི་དགེ་བསྙེན་མ་གང་གཱའི་མཆོག་ངན་སོང་དུ་མཆི་བ་འམ་མཐོ་རིས་སུ་མཆི་བ ༼༥༽ འམ་ཡོངས་སུ་མྱ་ངན་ལས་འདས་པར་མཆི་བ་མ་ལགས་སོ་ཞེས་བདག་སྤྲུལ་པ་དང་བསྟུན་དུ་ཡང་མི་རུང་ལགས་ན་།,世尊告曰。是幻化人不往惡趣。不生天上。不證涅槃。恒河上。汝亦爾耶。  白言。我若見身異於幻化。乃可說言。往善惡趣。證於涅槃。我不見身異於幻化。云何說言。往諸惡趣乃至涅槃。,"The Blessed One said: Gaṅgottarā, a magical being does not go to the realms of misery, nor to the heavenly realms, nor to parinirvāṇa. Do you too then, Gaṅgottarā, not go to the lower realms, nor to the heavenly realms, nor to parinirvāṇa?  Gaṅgottarā answered: Blessed One, if I were to see myself as being anything other than a magical creation, and then were to say that I, the laywoman Gaṅgottarā, do not go to the lower realms, nor to the heavenly realms, nor to parinirvāṇa, then it would not be correct to say that I was like a magically created being."
2b3c3fc2e4304fc0a36aca8e01273d2a,བཅོམ་ལྡན་འདས་བདག་གིས་དགེ་བསྙེན་མ་གང་གཱའི་མཆོག་སྤྲུལ་པའི་རང་བཞིན་ལས་གཞན་ལགས་པར་མ་མཐོང་སྟེ་། བཅོམ་ལྡན་འདས་དེ་ལྟར་བདག་གིས་མ ༼༦༽ མཐོང་ན་དགེ་བསྙེན་མ་གང་གཱའི་མཆོག་ངན་སོང་དུ་མཆི་བ་འམ་། མཐོ་རིས་སུ་མཆི་བ་འམ་། ཡོངས་སུ་མྱ་ངན་ལས་འདས་པར་མཆི་བ་ཞེས་ཇི་སྐད་བསྟན་པར་བགྱི་།,復次世尊。如涅槃性。畢竟不復生善惡趣及般涅槃。我觀己身亦復如是。,"Blessed One, I don't see Gaṅgottarā as being anything other than a magical creation. That being the case, Blessed One, how can I maintain that the laywoman Gaṅgottarā goes to lower realms, to heavenly realms, to parinirvāṇa?"
53226d6a9b514bce8ee60ddd2f53010c,བཅོམ་ལྡན་འདས་དེ་ལྟ་ལགས་ཀྱིས་ཀྱང་གཡོ་བ་དང་། རློམ་སེམས་དང་། བསྐྱོད་པ་དང་། སྤྲོས་པ་མཆིས་ན་ཇི ༼༧༽ ལྟར་འདི་སྙམ་དུ་བདག་ངན་སོང་དུ་འགྲོ་བ་འམ་། མཐོ་རིས་སུ་འགྲོ་བ་འམ་། ཡོངས་སུ་མྱ་ངན་ལས་འདས་པར་འགྲོ་བའོ་སྙམ་དུ་སེམས་ལགས་ཏེ་།,佛言。汝豈不趣涅槃界耶。恒河上言。如以此問問無生者。應云何答。佛言。無生者即涅槃也。Chinese needs to be checked here and for the next few lines of Tibetan.,"If that is the case, Blessed One, and if fluctuation, conceit, agitation, and mental proliferation exist, then how can anyone think that they go to lower realms, to heavenly realms, to parinirvāṇa?"
8366cee7101b4541beb29ee83553c2a7,བཅོམ་ལྡན་འདས་མྱ་ངན་ལས་འདས་པའི་དབྱིངས་ནི་ནམས་ཀྱང་ངན་སོང་དུ་མཆི་བ་འམ་། མཐོ་རིས་སུ་མཆི་བ་འམ་། ཡོངས་སུ ༼༢༢༣ཨ༡༽ མྱ་ངན་ལས་འདས་པར་མཆི་བ་མ་ལགས་ཏེ་། བཅོམ་ལྡན་འདས་དགེ་བསྙེན་མ་གང་གཱའི་མཆོག་ཀྱང་དེ་ལྟ་བུའི་དབྱིངས་ཅན་ལགས་སོ་༎,,"Blessed One, nirvāṇa-nature never goes to the lower realms or to the heavenly realms, and never realizes parinirvāṇa. I, Blessed One, the laywoman Gaṅgottarā, also possess such a nature."
6f85093de9da4cf294faf00f5ca1190c,བཅོམ་ལྡན་འདས་ཀྱིས་བཀའ་སྩལ་པ་། གང་གཱའི་མཆོག་ཁྱོད་ཅི་ཡོངས་སུ་མྱ་ངན་ལས་འདས་པ་ལ་ཡང་དག ༼༢༽ པར་མ་ཞུགས་སམ་།,,"The Blessed One said: Gaṅgottarā, haven't you yourself set out for parinirvāṇa?"
1506f920a5dd410587a5ea0794eae11f,གསོལ་པ་། བཅོམ་ལྡན་འདས་སུ་ཞིག་གིས་མི་སྐྱེ་བ་ལ་སྨྲས་ཏེ་། ཁྱོད་ཡོངས་སུ་མྱ་ངན་ལས་འདས་པ་ལ་ཡང་དག་པར་མ་ཞུགས་སམ་ཞེས་དེ་སྐད་བགྱིས་ན་ཇི་སྐད་ལན་འདེབས་པར་འགྱུར་ལགས་།,,"She answered: Blessed One, if someone asks the unborn “Haven't you set out for parinirvāṇa”, what would the answer be?"
5464402c2ace495592da31e7922c1e27,བཅོམ་ལྡན་འདས་ཀྱིས་བཀའ་སྩལ་པ་། གང ༼༣༽ གཱའི་མཆོག་མི་སྐྱེ་བ་ཞེས་བྱ་བ་ནི་མྱ་ངན་ལས་འདས་པའི་ཚིག་བླ་དགས་ཡིན་ན་དེ་ཅི་ཞིག་ལན་འདེབས་པར་འགྱུར་།,,"The Blessed One replied: Gaṅgottarā, since the unborn is a synonym for nirvāṇa, then what can the answer be?"
2423b059e08b4bf199bb53284ac4c099,གང་གཱའི་མཆོག་གིས་གསོལ་པ་། བཅོམ་ལྡན་འདས་ཅི་ཆོས་ཐམས་ཅད་ནི་མྱ་ངན་ལས་འདས་པ་དང་མཚུངས་པ་ལགས་སམ་། བཀའ་སྩལ་པ་། གང་གཱའི ༼༤༽ མཆོག་དེ་དེ་བཞིན་ཏེ་། ཆོས་ཐམས་ཅད་ནི་མྱ་ངན་ལས་འདས་པ་དང་མཚུངས་སོ་༎,恒河上言。諸法豈不皆同涅槃。  佛言。如是如是。,"Gaṅgottarā answered: Blessed One, are all phenomena the same as nirvāṇa?  He said: Exactly, Gaṅgottarā. All phenomena are the same as nirvāṇa."
7100c9465ae64a15bdb6984da3a4dcc1,གསོལ་པ་། བཅོམ་ལྡན་འདས་གལ་ཏེ་ཆོས་ཐམས་ཅད་མྱ་ངན་ལས་འདས་པ་དང་མཚུངས་པ་ལགས་ན་གང་གཱའི་མཆོག་ཁྱོད་ཡོངས་སུ་མྱ་ངན་ལས་འདས་པ་ལ་ཡང་དག་པར་མ་ཞུགས་སམ་ཞེས ༼༥༽ ང་ཅི་ཞིག་སྨྲ་སྟེ་།,世尊。若一切法同涅槃者。云何問言。汝豈不趣涅槃界耶。,"She said: Blessed One, if all phenomena are the same as nirvāṇa, why ask “Haven't you yourself set out for nirvāṇa?”"
064e7609c65f491491e98575538757e0,བཅོམ་ལྡན་འདས་སུ་ཞིག་གིས་སྤྲུལ་པ་ལ་སྨྲས་ཏེ་། ཁྱོད་ཡོངས་སུ་མྱ་ངན་ལས་འདས་པ་ལ་ཡང་དག་པར་མ་ཞུགས་སམ་ཞེས་དེ་སྐད་བགྱིས་ན་ཇི་སྐད་ལན་འདེབས་པར་འགྱུར་ལགས་།,復次世尊。譬如化人。謂化人曰。汝豈不趣涅槃界耶。彼於是問。當云何答。,"Blessed One, if someone asked a magical being, “Haven't you yourself set out for nirvāṇa?”, what could the answer be?"
af425dfcfb49421287a8b24006b5f41d,བཅོམ་ལྡན་འདས་ཀྱིས་བཀའ་སྩལ་པ་། གང་གཱའི་མཆོག་དྲི་བ་འདི ༼༦༽ ནི་དམིགས་པ་མེད་པའོ་༎,世尊告言。此所問者無有攀緣。,"The Blessed One said: Gaṅgottarā, this question has no foundation."
d1d3a55218d341d8b37226188605fecb,གསོལ་པ་། ཅི་བཅོམ་ལྡན་འདས་ཀྱིས་དམིགས་པ་དང་བཅས་པའི་སྨྲ་བས་སྨྲས་ལགས་སམ་།,恒河上言。如來豈以有所攀緣而致斯問。,"She said: Blessed One, are you making a statement which has a foundation?"
08265c81700d47a389decd2a6bcd5f72,བཀའ་སྩལ་པ་། གང་གཱའི་མཆོག་དྲི་བ་འདི་ནི་དམིགས་པ་མེད་མོད་ཀྱི་། འོན་ཀྱང་འཁོར་འདི་ན་རིགས་ཀྱི་བུ་འམ་། རིགས་ཀྱི་བུ་མོ་འདུ་བ་དག ༼༧༽ ཡོད་དེ་། དེ་དག་གི་དོན་ཆེན་པོར་འགྱུར་བས་དྲིས་སོ་༎,世尊告言。然我所問亦無攀緣。但為此會。有善男子及善女人。應可成熟故發斯問。,"He said: Gaṅgottarā, this question has indeed no foundation. Nonetheless, I ask this question because it will be of great benefit to the noble sons and noble daughters who are gathered here in this assembly."
78fa58b292684c3c824bcdbf76b006bc,དེ་ཅིའི་ཕྱིར་ཞེ་ན་། གང་གཱའི་མཆོག་དེ་བཞིན་གཤེགས་པས་ནི་ཆོས་ཉིད་ཅེས་བྱ་བ་ཡང་མངོན་པར་རྫོགས་པར་སངས་མ་རྒྱས་ན་གང་དེ་ལས་བྱུང་བའི་ཆོས་ཡོངས་སུ་མྱ་ངན་ལས་འདས་པ་ལ་གནས་པ་ལྷག་ལ་ཡོད་།,何以故。如來於彼諸法。名字猶不可得。何有諸法及彼能趣般涅槃者。,"Why? If the Tathāgata had not realized the way things are, Gaṅgottarā, then phenomena would still arise in his nirvāṇa."
c0636e43d130466a85562f1e9f400225,གསོལ་པ་། ༼བ༡༽ གལ་ཏེ་བཅོམ་ལྡན་འདས་ཀྱིས་ཆོས་ཉིད་ཅེས་བགྱི་བ་ཡང་མངོན་པར་རྫོགས་པར་སངས་མ་རྒྱས་ཏེ་། དེ་ལས་བྱུང་བའི་ཆོས་ལྟ་གང་ཞིག་མཆིས་པར་གྱུར་ན་བཅོམ་ལྡན་འདས་ཀྱིས་བྱང་ཆུབ་ཀྱི་སླད་དུ་ཇི་ལྟར་དགེ་བའི་རྩ་བ་ཡང་དག་པར་བསྒྲུབས་ལགས་།,恒河上言。若如是者。云何為菩提故積集善根。,"She said: If the Blessed One had not realized the way things are, and phenomena were still arising, then how could the Blessed One have accomplished the roots of virtue in order to attain awakening."
65fb74ae203c4ad4af8d12cbd10570d6,བཅོམ་ལྡན་འདས ༼༢༽ གྱིས་བཀའ་སྩལ་པ་། གང་གཱའི་མཆོག་གང་དམིགས་པ་དེ་ནི་དགེ་བའི་རྩ་བ་མ་ཡིན་ཏེ་། བྱང་ཆུབ་སེམས་དཔའ་དགེ་བའི་རྩ་བ་དེ་ནི་གང་གི་ཚེ་ཡང་དག་པར་སྒྲུབ་པ་དེའི་ཚེ་ཡང་བསམ་གྱིས་མི་ཁྱབ་པ་ཉིད་མི་འདོར་རོ་༎ གང་གི་ཚེ་ཡང་དག་པར་མི་སྒྲུབ་པ་དེའི་ཚེ་ཡང་བསམ་གྱིས་མི་ཁྱབ ༼༣༽ པ་ཉིད་མི་འདོར་རོ་༎,若諸菩薩及彼善根。皆不可得。積集之時即無心故。非積集時亦復如是。  恒河上言。所說無心欲明何義。,"The Blessed One responded: Gaṅgottarā, that which has perception can not be a root of virtue. When a bodhisatva accomplishes roots of virtue, he does not abandon inconceivability.  When he does not accomplish roots of virtue, he still does not abandon inconceivability."
5ef2efeefa6142d1874d58cfd09acb13,གསོལ་པ་། བཅོམ་ལྡན་འདས་བསམ་གྱིས་མི་ཁྱབ་པ་ལ་བསམ་གྱིས་མི་ཁྱབ་པ་ཞེས་བགྱི་བ་ཅིའི་སླད་དུ་བསམ་གྱིས་མི་ཁྱབ་པ་ལ་བསམ་གྱིས་མི་ཁྱབ་པ་ཞེས་བགྱི་།,世尊告曰。此法非思惟之所能知。亦非思惟之所能得。,"She asked: Blessed One, the inconceivable is called ""inconceivable"". Why is it inconceivable?"
410e207a71fb491b8c88dd2ea058e3b5,བཅོམ་ལྡན་འདས་ཀྱིས་བཀའ་སྩལ་པ་། གང་གཱའི་མཆོག་ཆོས་འདི་ནི་སེམས ༼༤༽ པས་ཐོབ་པར་བྱ་བ་མ་ཡིན་ཏེ་། སེམས་པས་ཐོབ་པར་བྱར་མི་ནུས་སོ་༎,何以故。此中心尚不可得。,"The Blessed One said: This Dharma is not attained by the mind, the mind cannot attain it."
d4f3c1dfa9954ff5b8266625f2f9567f,དེ་ཅིའི་ཕྱིར་ཞེ་ན་། འདི་ལྟར་འདི་ལ་ནི་སེམས་ཉིད་ཀྱང་མི་དམིགས་ན་གང་སེམས་ལས་རབ་ཏུ་བྱུང་བའི་ཆོས་ལྟ་ག་ལ་ཡོད་། གང་གཱའི་མཆོག་སེམས་མི་དམིགས་པ་ནི་བསམ་གྱིས་མི་ཁྱབ་པའི་རྒྱུད་ཅེས ༼༥༽ བྱའོ་༎,何況心所生法。以心不可得。是即說名不思議處。,"Why? How can phenomena arise in the mind when the mind itself can not be perceived? Gaṅgottarā, the fact that the mind has no perception is called ""the inconceivable continuum""."
71135728e3b14cf295bf435f6653bd27,བསམ་གྱིས་མི་ཁྱབ་པའི་རྒྱུད་གང་ཡིན་པ་དེ་ནི་ཐོབ་པ་མ་ཡིན་། མངོན་པར་རྟོགས་པ་མ་ཡིན་། ཤེས་པ་མ་ཡིན་། མངོན་སུམ་དུ་བྱས་པ་མ་ཡིན་ཏེ་། དེ་ནི་ཐོབ་པར་བྱ་བ་མ་ཡིན་། ཀུན་ནས་ཉོན་མོངས་པ་མ་ཡིན་རྣམ་པར་བྱང་བ་མ་ཡིན་ནོ་༎,此不思議處。無得無證非染非淨。,"The continuum which is inconceivable can not be attained, can not be understood, can not be known, can not be realized. It is not something that can be attained, it does not have kleśas, it is not fully purified."
4fa63f7b9e254d598a48dbcee580c4ec,དེ་ཅིའི་ཕྱིར་ཞེ ༼༦༽ ན་། གང་གཱའི་མཆོག་འདི་ལྟར་དེ་བཞིན་གཤེགས་པས་ནི་ཆོས་ཐམས་ཅད་ནམ་མཁའ་ལྟར་ངེས་པར་ཐུགས་སུ་ཆུད་དེ་། གང་གཱའི་མཆོག་ཆོས་ཐམས་ཅད་ནི་ནམ་མཁའ་དང་མཚུངས་པ་གཉེན་པོ་མེད་པའོ་༎,何以故。如來常說一切諸法。猶如虛空無罣礙故。,"How is that? Gaṅgottara, in this way the tathāgata certainly understands that all dharmas are like space. Gaṅgottara, all dharmas, like space, does not obstruct."
3ab09681bb9948138727cf8112cd1833,གསོལ་པ་། བཅོམ་ལྡན་འདས་གལ་ཏེ་ཆོས་ཐམས་ཅད ༼༧༽ ནམ་མཁའ་དང་མཚུངས་པ་གཉེན་པོ་མ་མཆིས་པ་ལགས་ན་བཅོམ་ལྡན་འདས་ཀྱིས་གཟུགས་ཞེས་བཏགས་པ་དང་། ཚོར་བ་དང་། འདུ་ཤེས་དང་། འདུ་བྱེད་རྣམས་དང་རྣམ་པར་ཤེས་པ་ཞེས་བཏགས་པ་དང་། ཕུང་པོ་རྣམས་དང་། ཁམས་རྣམས་དང་། སྐྱེ་མཆེད ༼༢༢༤ཨ༡༽ རྣམས་དང་། རྟེན་ཅིང་འབྲེལ་བར་འབྱུང་བ་དང་། ཟག་པ་དང་བཅས་པ་དང་། ཟག་པ་མ་མཆིས་པ་དང་། ཀུན་ནས་ཉོན་མོངས་པ་དང་། རྣམ་པར་བྱང་བ་དང་། འཁོར་བ་དང་། མྱ་ངན་ལས་འདས་པ་ཞེས་བཏགས་པ་ཇི་ལྟ་བུ་ལགས་༎ ༼༢༽,恒河上言。若一切法如虛空者。云何世尊。說有諸色受想行識。及於界處十二因緣。有漏無漏。是染是淨。生死涅槃。,"She said: Blessed One, if all dharmas is equal to space, being without obstruction, then why does the Blessed One designate form (rūpa), feeling (vedanā), perception (saṃjñā), formation (samskāra), consciousness (vijñāna), the aggregates, the elements, the sense-bases, dependent arising, with pollution, without pollution, defilement, purification (vyavadāna), saṃsāra, nirvāṇa? How can this be?"
854da7fbfce5476d8904a56dd3acda18,བཅོམ་ལྡན་འདས་ཀྱིས་བཀའ་སྩལ་པ་། གང་གཱའི་མཆོག་འདི་ལྟ་སྟེ་དཔེར་ན་བདག་བདག་ཅེས་འདོགས་ཀྱང་བདག་གང་ཡང་མི་དམིགས་པ་དེ་བཞིན་དུ་གང་གཱའི་མཆོག་ངས་གཟུགས་ཞེས་བཏགས་ཏེ་གཟུགས་གང་ཡང་མི་དམིགས་སོ་༎,佛告恒河上。譬如說我雖有言說。而實無有我相可得。我說諸色。實亦無有色相可得。,"The Blessed One said: Gaṅgottarā, as an example: I designate “self, self”, however, I do not perceive anything as real. Similarly, Gaṅgottara, I designate form, but there is not any kind of form perceived."
c7a2213397dc4f54acd11859866b5a6f,དེ་བཞིན་དུ་ངས་ཚོར་བ་དང་། འདུ ༼༣༽ ཤེས་དང་། འདུ་བྱེད་རྣམས་དང་། རྣམ་པར་ཤེས་པ་ཞེས་བཏགས་ཏེ་རྣམ་པར་ཤེས་པ་གང་ཡང་མི་དམིགས་སོ་༎,乃至涅槃亦復如是。,"Likewise, I designate feeling, perception, formation, and consciousness, but do not perceive any consciousness as real."
1336dee4260842a7aa8eedcdc619ad69,ཕུང་པོ་རྣམས་དང་། ཁམས་རྣམས་དང་། སྐྱེ་མཆེད་རྣམས་དང་། རྟེན་ཅིང་འབྲེལ་བར་འབྱུང་བ་དང་། ཟག་པ་དང་བཅས་པ་དང་། ཟག་པ་མེད་པ་དང་། ༼༤༽ ཀུན་ནས་ཉོན་མོངས་པ་དང་། རྣམ་པར་བྱང་བ་དང་། འཁོར་བ་དང་། མྱ་ངན་ལས་འདས་པ་ཞེས་བྱ་བ་ཡང་ངས་བཏགས་ཏེ་མྱ་ངན་ལས་འདས་པ་གང་ཡང་མི་དམིགས་སོ་༎,,"Skandhas, elements, sense-sources, dependent origination, pollution, non-pollution, defilements, purification, saṃsāra, nirvāṇa is designated, but I do not perceive it as anything real."
ef6124f4278946b7acde3407a5e2eb36,གང་གཱའི་མཆོག་འདི་ལྟ་སྟེ་དཔེར་ན་སྨིག་རྒྱུ་རྣམས་ལ་ནི་ཆུ་ཡོད་མེད་དེ་མི་དམིགས་སོ་༎,又如陽焰無水可得。,"Gaṅgottara, as an example, in the mirage I do not perceive the existence or non-existence of water."
acd8e528fc2c40028f88e8232fee9b9e,གང་གཱའི ༼༥༽ མཆོག་དེ་བཞིན་དུ་ངས་གཟུགས་ཞེས་བྱ་བར་བཏགས་ཀྱང་གཟུགས་གང་ཡང་མི་དམིགས་སོ་༎,我說諸色乃至涅槃。亦復如是。See next two sections also. Chinese abbreviates what is given in full in Tibetan.,"Gaṅgottara, likewise, even though I designate form there is no real form perceived."
b288ccf8755741039e59d3706bb39e2a,ངས་ཚོར་བ་དང་། འདུ་ཤེས་དང་། འདུ་བྱེད་རྣམས་དང་། རྣམ་པར་ཤེས་པ་ཞེས་བཏགས་ཀྱང་རྣམ་པར་ཤེས་པ་གང་ཡང་མི་དམིགས་སོ་༎,See above.,"Even though I designate feeling, perception, formation, consciousness, I do not perceive consciousness as anything real."
92303c51380449a8a001d8a02ceb941e,ཕུང་པོ་རྣམས་དང་། ཁམས ༼༦༽ རྣམས་དང་། སྐྱེ་མཆེད་རྣམས་དང་། རྟེན་ཅིང་འབྲེལ་བར་འབྱུང་བ་དང་། ཟག་པ་དང་བཅས་པ་དང་། ཟག་པ་མེད་པ་དང་། ཀུན་ནས་ཉོན་མོངས་པ་དང་། རྣམ་པར་བྱང་བ་དང་། འཁོར་བ་དང་། མྱ་ངན་ལས་འདས་པ་ཞེས་བྱ་བར་ངས་བཏགས་ཀྱང་དོན་དམ་པར་ན་དེ ༼༧༽ དག་ཐམས་ཅད་མེད་ཅིང་མི་དམིགས་སོ་༎,See above.,"Even though I designate skandhas, elements, sense-sources, dependent origination, pollution, non-pollution, defilements, purification, saṃsāra, nirvāṇa, ultimately all these things are not there and are not perceived."
4ec7c548dfc847eb9b861ae45508a5c3,གང་གཱའི་མཆོག་གང་ཆོས་ལ་མཆོག་ཏུ་འཛིན་པ་མེད་པར་ཚངས་པར་སྤྱད་པ་སྤྱོད་པ་དེ་ལྟ་བུ་ནི་ལེགས་པར་གསུངས་པའི་ཆོས་འདུལ་བ་ལ་ཚངས་པར་སྤྱོད་པ་ལ་གནས་པ་ཡིན་ནོ་༎,恒河上。於我法中修梵行者。見一切法皆無所得。乃可說名真修梵行。,"Gaṅgottarā, whoever is not attached to the dharma and practices the holy life, such a one is one who dwells in the holy life, in the well-explained dharmavinaya."
8cf31e811a10402da4e1e27a8bc0129a,གང་གཱའི་མཆོག་མངོན་པའི་ང་རྒྱལ་ཅན ༼བ༡༽ གནས་དམིགས་ནས་ཚངས་པར་སྤྱད་པར་སྤྱོད་པ་དེ་དག་གི་ཚངས་པར་སྤྱོད་པ་དེ་ནི་ཡོངས་སུ་མ་དག་པའོ་ཞེས་ང་སྨྲའོ་༎,增上慢者說有所得。是則不名住真梵行。我說如是。,"Gaṅgottarā, the ones who dwell in excessive pride in their practice of the holy life, those do not keep the holy life completely pure. So I declare."
16afcf123c0145bead512b18cca8365f,གང་དག་ཚངས་པར་སྤྱོད་པ་ཡོངས་སུ་མ་དག་པ་དེ་དག་ནི་ཟབ་མོ་རྒྱུད་ཆད་པའི་ཆོས་འདི་ལྟ་བུ་འདི་ཐོས་ན་དངངས་སྐྲག་པར་འགྱུར་ཏེ་།,增上慢人。聞此深法生大驚疑。,Those who do not keep the holy life completely pure become scared when they hear this profound dharma which cuts through.
638b99adeeeb42a893a11fae128a894e,དེ་དག་སྐྱེ་བ་དང་། ༼༢༽ རྒ་བ་དང་། ན་བ་དང་། འཆི་བ་དང་། མྱ་ངན་དང་། སྨྲེ་སྔགས་འདོན་པ་དང་། སྡུག་བསྔལ་པ་དང་། ཡིད་མི་བདེ་བ་དང་། འཁྲུག་པ་རྣམས་ལས་ཡོངས་སུ་མི་འགྲོལ་ཏེ་། དེ་དག་ནི་སྡུག་བསྔལ་གྱི་སྐལ་བ་ཅན་དུ་འགྱུར་རོ་ཞེས་ང་སྨྲའོ་༎,不能解脫生老病死憂悲苦惱。,"They are not liberated from birth, aging, sickness, death, pain, lamentation, suffering, unease, disturbance. They will have their share of suffering. So I declare."
d839d52968744b5da33e6096ab91db23,གང་གཱའི་མཆོག་ད ༼༣༽ ལྟར་རམ་ང་འདས་པའི་ཕྱི་ན་ཡང་རུང་སྟེ་། གང་དག་ཟབ་མོ་རྒྱུད་ཆད་པ་འདི་ལྟ་བུའི་ཆོས་སྟོན་པ་དེ་དག་ལ་མི་གཏི་མུག་པ་དག་གསོད་པ་པོའི་འདུ་ཤེས་སྐྱེད་པར་འགྱུར་ཏེ་། དེ་ལྟར་མི་གཏི་མུག་པ་དེ་དག་ལོག་པར་ཟིན་པས་བསད་པའི་ཞེ་སྡང་བསྐྱེད་ནས་ངན་སོང་དུ་འགྲོ ༼༤༽ བར་འགྱུར་རོ་༎,恒河上。若我滅後。有能宣說如是甚深斷流轉法。有愚癡輩由惡見故。於是法師生瞋害心。以是因緣墮諸地獄。,"Gaṅgottara, now or after I pass away, those confused people who towards those who teach such a profound dharma that cuts off the stream produce the idea of murdering them, those stupid people have taken the wrong way and have produced the rage of murder and will go to the miserable states."
1b68b3917de841ed936e9e685ae1907a,གང་གཱའི་མཆོག་གིས་གསོལ་པ་། བཅོམ་ལྡན་འདས་རྒྱུད་ཆད་པ་རྒྱུད་ཆད་པ་ཞེས་བགྱི་བ་ཅིའི་སླད་དུ་རྒྱུད་ཆད་པ་ཞེས་བགྱི་།,恒河上言。如佛所說斷流轉法。以何義故。名為斷流轉。,"Gaṅgottara said: Blessed One, you say “stream-chopping, stream-chopping”, why do you call it stream-chopping?"
06fb35b9be22441b9b3f6b13afe2c113,བཅོམ་ལྡན་འདས་ཀྱིས་བཀའ་སྩལ་པ་། གང་གཱའི་མཆོག་ཆོས་འདི་ནི་རྒྱུད་གཅད་པའམ་། དབྱེ་བ་འམ་། རྣམ ༼༥༽ པར་གཞིག་པ་མ་ཡིན་ཏེ་། དེའི་ཕྱིར་རྒྱུད་ཆད་པ་ཞེས་བྱ་སྟེ་། འདི་ནི་ཡང་དག་པའི་མཐའ་ཞེས་བྱ་། བསམ་གྱིས་མི་ཁྱབ་པའི་རྒྱུད་ཅེས་བྱའོ་༎,世尊告言。斷流轉者。所謂實際不思議界。此法不可穿鑿沮壞。是故說名斷流轉法。,"The Blessed One said: Gaṅgottara, this is not cutting off, this is not differentiation, this is not destruction.  That is why it's called destruction.  That is why it is the absolute extreme of existence.  This is the inconceivable continuum."
d142ba2e95784be2ba52ee067ddb279b,དེ་ནས་བཅོམ་ལྡན་འདས་ཀྱིས་དེའི་ཚེ་འཛུམ་པ་མཛད་དོ་༎,爾時世尊。凞怡微笑。,Then the Blessed One smiled.
2d846fcfbf84479ba134f6ffea559859,དེ་ནས་བཅོམ་ལྡན་འདས་ཀྱི་ཞལ་གྱི་སྒོ་ནས་འོད་ཟེར་ཁ ༼༦༽ དོག་སྣ་ཚོགས་ཁ་དོག་དུ་མ་འདི་ལྟ་སྟེ་། སྔོན་པོ་དང་། སེར་པོ་དང་། དམར་པོ་དང་། དཀར་པོ་དང་། བཙོད་ཀ་དང་། ཤེལ་དང་། དངུལ་གྱི་ཁ་དོག་ལྟ་བུ་དག་བྱུང་ནས་དེ་དག་གིས་འཇིག་རྟེན་གྱི་ཁམས་མཐའ་ཡས་མུ་མེད་པ་དག་སྣང་བར་བྱས་ཏེ་འོད་ཀྱིས་ཁྱབ་པར ༼༧༽ བྱས་ནས་ཚངས་པའི་འཇིག་རྟེན་གྱི་བར་དུ་མངོན་པར་བྱུང་སྟེ་སླར་ལོག་ནས་བཅོམ་ལྡན་འདས་ཀྱི་ཞལ་གྱི་སྒོར་ནུབ་བོ་༎,從其面門放種種光。青黃赤白紅頗梨色。其光普照無量國界。上至梵世還從如來頂上而入。,"Then from the mouth of the Blessed One variegated light, with colours like green, yellow, white, red, crystal, and silver issued forth, and these lights without end, without limit, after having illuminated universes without end and without limit, and having filled them, they rose up to the Brahma heavens.  Then they came back again to their master and disappeared into the mouth of the Blessed One."
e8dec5f5032e470e9c39cc05358ac28d,དེ་ནས་ཚེ་དང་ལྡན་པ་ཀུན་དགའ་བོས་བླ་གོས་ཕྲག་པ་གཅིག་ཏུ་གཟར་ཏེ་པུས་མོ་གཡས་པའི་ལྷ་ང་ས་ལ་བཙུགས་ནས་བཅོམ་ལྡན་འདས་ག་ལ་བ་དེ་ལོགས ༼༢༢༥ཨ༡༽ སུ་ཐལ་མོ་སྦྱར་བ་བཏུད་དེ་བཅོམ་ལྡན་འདས་ལ་འདི་སྐད་ཅེས་གསོལ་ཏོ་༎,爾時尊者阿難。見是事已心自念言。如來應正等覺。非無因緣而現微笑。作是念已。即從座起。偏袒右肩右膝著地。合掌向佛。而作是言。,"Then the Venerable Ānanda placed his robe over one shoulder, knelt down on his right knee, and with hands folded towards the Blessed One, he asked the Blessed One this question."
5a766aece428488ea4808fb65feb618a,བཅོམ་ལྡན་འདས་དེ་བཞིན་གཤེགས་པ་རྣམས་ནི་རྒྱུ་མ་མཆིས་པར་འཛུམ་པ་མི་མཛད་ན་འཛུམ་པ་མཛད་པའི་རྒྱུ་གང་ལགས་རྐྱེན་གང་ལགས་།,以何因緣現此微笑。,"“As Blessed Ones and Tathāgatas do not smile for no reason, what is the reason for smiling?”"
d07362aa0c8c4d058f74a7b239aa87d6,བཅོམ་ལྡན་འདས་ཀྱིས ༼༢༽ བཀའ་སྩལ་པ་། ཀུན་དགའ་བོ་ངས་མངོན་པར་ཤེས་ཏེ་། ས་ཕྱོགས་འདི་ཉིད་དུ་དེ་བཞིན་གཤེགས་པ་སྟོང་གིས་གང་གཱའི་མཆོག་ཅེས་བྱ་བ་ཁོ་ནའི་དགེ་བསྙེན་མ་ཤ་སྟག་ལས་བརྩམས་ཏེ་། ཆོས་ཀྱི་རྣམ་གྲངས་འདི་བཤད་དོ་༎,佛言。我念往昔。有千如來。亦於此處說如是法。彼諸眾會。各各亦有恒河上優婆夷。而為上首。,"The Blessed One said, “Ānanda, it has been directly known by me that here in this place 1000 Tathāgatas taught this turning of the Dharma to laywomen, all of them with the very same name of Gaṅgottara."
6a515fe841124b0fbc901a3ec2de482c,དགེ་བསྙེན་མ་དེ་དག་ཐམས་ཅད་ནི་རབ་ཏུ ༼༣༽ བྱུང་ནས་ཕུང་པོ་མེད་པའི་མྱ་ངན་ལས་འདས་པའི་དབྱིངས་སུ་ཡོངས་སུ་མྱ་ངན་ལས་འདས་སོ་༎,彼優婆夷及諸大眾。聞是法已皆悉出家。於無餘涅槃而得滅度。,"All of those laywomen, have gone forth and have then been released in that element of release that is without remainder.”"
d3f8e58fa5cc48968aa102764adea17e,དེ་ནས་བཅོམ་ལྡན་འདས་ལ་ཚེ་དང་ལྡན་པ་ཀུན་དགའ་བོས་འདི་སྐད་ཅེས་གསོལ་ཏོ་༎ བཅོམ་ལྡན་འདས་ཆོས་ཀྱི་རྣམ་གྲངས་འདིའི་མིང་ཅི་ལགས་། ཇི་ལྟར་གཟུང་བར ༼༤༽ བགྱི་།,阿難白佛言。當何名此經。我等云何受持。,"Then the Venerable Ānanda said this to the Blessed One, “Blessed One, what is the name of this Dharma teaching, and how should we remember it?”"
0fed46b1e6024c5ba4e583cfc0aa8a60,བཅོམ་ལྡན་འདས་ཀྱིས་བཀའ་སྩལ་པ་། ཀུན་དགའ་བོ་ཆོས་ཀྱི་རྣམ་གྲངས་འདི་ནི་དྲི་མ་མེད་པ་ཞེས་བྱ་སྟེ་། འདི་དྲི་མ་མེད་པ་ཞེས་བྱ་བར་ཟུང་ཤིག་།,佛言。此經名為離垢清淨。以是名字汝當受持。,"The Blessed One answered, “This Dharma talk is called “Without Impurity”, and this is how it should be remembered.”"
a3ad2674ed6f45599223e915e4b39076,ཆོས་ཀྱི་རྣམ་གྲངས་འདི་བསྟན་པ་ན་དགེ་སློང་བདུན་བརྒྱ་དང་། དགེ་སློང་མ་བཞི་བརྒྱ་ལེན་པ་མེད་པར་ཟག་པ་རྣམས ༼༥༽ ལས་སེམས་རྣམ་པར་གྲོལ་ལོ་༎,說此經時。七百比丘眾。四百比丘尼眾。諸漏永盡心得解脫。,"When this Dharma teaching was given to 700 monks and 400 nuns without any attachment, their minds were completely liberated from the pollutions."
609cf491e5ac48b5b1336f99ef54cd5a,དེ་ནས་འདོད་པ་ན་སྤྱོད་པ་དང་། གཟུགས་ན་སྤྱོད་པའི་ལྷའི་བུ་རྣམས་ཀྱིས་ལྷའི་མེ་ཏོག་རྣམས་དང་། ཙན་དན་གྱི་ཕྱེ་མ་རྣམས་མངོན་པར་སྤྲུལ་ཏེ་། བཅོམ་ལྡན་འདས་ལ་གཏོར་ནས་ཚིག་འདི་སྐད་ཅེས,爾時欲界諸天子。化作種種天諸妙花而散佛上。作如是言。,"Then the gods of the realm of sensual desire and the god-sons who inhabit the realm of form magically created divine flowers and sandalwood powder, scattered them over the Buddha, and then said,"
d842aa0d2c5a4bf49c5967637c89fee2,འདི་ལྟར་གྲོང་ཁྱེར་མཉན་ཡོད ༼༦༽ ན་དགེ་བསྙེན་མ་འདི་ལྟ་བུ་གནས་ལ་དེ་དེ་བཞིན་གཤེགས་པ་དང་ལྷན་ཅིག་ཏུ་སྨྲ་ཡང་དེའི་ལུས་ངལ་བར་ཡང་མི་འགྱུར་བ་དང་། ཇི་ལྟར་ཡང་གང་གཱའི་མཆོག་འདི་སྔོན་གྱི་རྒྱལ་བ་ལ་ལྷག་པར་བྱ་བ་བྱས་ཤིང་དགེ་བའི་རྩ་བ་བསྐྱེད་པ་དང་། ཡུན་རིང་པོ་ནས་དགེ་བ་སྤྱད་པ་དང་༎ ༼༧༽ ཡུན་རིང་པོ་ནས་ཚངས་པར་སྤྱད་པ་དང་། སངས་རྒྱས་མང་པོ་ལ་བསྙེན་བཀུར་བྱས་པ་འདི་ནི་ངོ་མཚར་ཏོ་ཞེས་སྨྲས་སོ་༎,此優婆夷甚為希有。能與如來共相詶對。得無所畏。是人已曾無量佛所。親近供養種諸善根。,"“In the city of Śrāvastī lives a laywoman who was able to have a conversation with the Tathāgata without becoming tired. This is because she has served Victorious Ones of the past, produced the roots of skilfulness, practised the good for a long time, practised the holy life for a long time, paid homage to many Buddhas.  This is wonderful.  This is what we declare.”"
be9eac55a98748d880efedc5e9d91005,བཅོམ་ལྡན་འདས་ཀྱིས་བཀའ་སྩལ་པ་། ལྷའི་བུ་དག་དེ་དེ་བཞིན་ཏེ་། འདི་ནི་སྔོན་གྱི་རྒྱལ་བ་ལ་ལྷག་པར་བྱ་བ་བྱས་པ་། དགེ་བའི་རྩ་བ་བསྐྱེད་པ་། ཡུན ༼བ༡༽ རིང་དུ་ཚངས་པར་སྤྱད་པ་ལ་གནས་པའོ་༎,,"The Blessed One said, “That is so, god-sons.  This person has served former Victorious Ones, cultivated roots of skilfulness, and lived the holy life for a long time.”"
00acefdaf1d44b3db3dc42512e99d374,བཅོམ་ལྡན་འདས་ཀྱིས་དེ་སྐད་ཅེས་བཀའ་སྩལ་ནས་། དགེ་བསྙེན་མ་གང་གཱའི་མཆོག་དང་། ལྷ་དང་། མི་དང་ལྷ་མ་ཡིན་དང་། དྲི་ཟར་བཅས་པའི་འཇིག་རྟེན་ཡི་རངས་ཏེ་། བཅོམ་ལྡན་འདས་ཀྱིས་གསུངས་པ་ལ་མངོན་པར ༼༢༽ བསྟོད་དོ་༎༎,佛說是經已。恒河上優婆夷。及諸天人阿修羅乾闥婆等。聞佛所說。皆大歡喜。信受奉行。,"When the Blessed One had pronounced this teaching, the laywoman Gaṅgottarā, and the world with its gods, asuras, and gandharvas were delighted, and praised his words highly."
c393e16355e14636b534d7279624b003,འཕགས་པ་དཀོན་མཆོག་བརྩེགས་པ་ཆེན་པོའི་ཆོས་ཀྱི་རྣམ་གྲངས་ལེའུ་སྟོང་ཕྲག་བརྒྱ་པ་ལས་གང་གཱའི་མཆོག་གིས་ཞུས་པའི་ལེའུ་ཞེས་བྱ་སྟེ་སུམ་ཅུ་རྩ་གཅིག་པ་རྫོགས་སོ་༎༎,大寶積經卷第九十八,"The “Chapter on the Questions of Gaṅgottarā”, Chapter Thirty-one of the hundred thousand chapter Exalted Mahāratnakūṭa Dharmaparyāya, is complete."
3eb8426fc8494dbfa0971dad124f9471,རྒྱ་གར་གྱི་མཁན་པོ་ཛི་ན་མི་ཏྲ་དང་། ༼༣༽ དཱ་ན་ཤī་ལ་དང་། ཞུ་ཆེན་གྱི་ལོཙཚ་བ་བན་དེ་ཡེ་ཤེས་སྡེ་ལ་སོགས་པས་བསྒྱུར་ཅིང་ཞུས་ཏེ་སྐད་གསར་ཆད་ཀྱིས་ཀྱང་བཅོས་ནས་གཏན་ལ་ཕབ་པ་༎༎,,"Translated, rendered into the new terminology, and established by the Indian preceptors Jinamitra and Dānaśīla, the editor-translator Bhande Ye shes sde, and others."
