id,P000837,P000838,P000839,P000840
723f831e08034e0c8a72239fcceeeb88,(bhaiṣajyaguruvaiḍūryaprabhasya pūrvapraṇidhānaviśeṣavistarasūtra),༼༢༧༤ཨ༡༽ །  ། རྒྱ་གར་སྐད་དུ་། ཨཱ་རྱ་བྷ་ག་བཱན་བྷཻ་ṣཨ་ཇྱེ༡གུ་རུ་བཻ་ḍū་རྱ་པྲ་བྷ་སྱ་པū་རབབ་པྲ་ངི་དྷཱ་ན་བི་ཤེ་ṣཨ་བི་སྟཱ༢ར་ནཱ་མ་མ་ཧཱ་ཡཱ་ན་སū་ཏྲ་། བོད་སྐད་དུ་། འཕགས་པ་བཅོམ་ལྡན་འདས་སྨན་གྱི་བླ་བཻ་ḍū་རྱའི་འོད་ཀྱི་སྔོན་ལམ་གྱི་ཁྱད་པར་རྒྱས་པ་ཞེས་བྱ་བ་ཐེག་པ་ཆེན་པོའི་མདོ་།,佛說藥師如來本願經隋天竺三藏達摩笈多譯,(404c13)藥師琉璃光如來本願功德經大唐三藏法師玄奘奉詔譯
39e9a41339114d7689350999bef1345b,§0-4 oṃ namaḥ sarvajñāya | namo bhagavate bhaiṣajyaguruvaiḍūryaprabharājāya tathāgatāya ||,༼༢༽སངས་རྒྱས་དང་བྱང་ཆུབ་སེམས་དཔའ་ཐམས་ཅད་ལ་ཕྱག་འཚལ་ལོ་༎,(401a04)藥師如來本願功德經序(401a05)藥師如來本願經者，致福消災之要法也；曼殊以慈悲之力請說尊號，如來以利物之心盛陳功業；十二大願彰因行之弘遠，七寶莊嚴顯果德之純淨；憶念稱名則眾苦咸脫，祈請供養則諸願皆滿；至於病士求救應死更生，王者攘災轉禍為福；信是消百怪之神符，除九橫之妙術矣。(401a11)昔宋孝武之世，鹿野寺沙門慧簡已曾譯出在世流行，但以梵宋不融、文辭雜糅，致令轉讀之輩多生疑惑。矩早學梵書恒披葉典，思遇此經驗其紕謬；開皇十七年初獲一本，猶恐脫誤未敢即翻，至大業十一年復得二本，更相讎比方為揩定，遂與三藏法師達磨笈多，并大隋翻經沙門法行明則、長順海馭等，於東都洛水南上林園翻經舘重譯此本。深鑑前非方懲後失，故一言出口必三覆乃書，傳度幽旨差無大過；其年十二月八日翻勘方了，仍為一卷。(401a21)所願此經深義人人共解，彼佛名號處處遍聞，十二夜叉念佛恩而護國，七千眷屬承經力以利民，帝祚遐永，群生安樂，式貽來世序云爾。佛說藥師如來本願經(401a26)新翻藥師經，大業十二年十二月八日，沙門慧矩等六人，於東都洛水南上林園譯出。此本最定，諸讀誦者願莫更疑，得罪不輕。,
0228aae687e1469294ec93171eeaba17,§1 evaṃ mayā śrutam ekasmin samaye bhagavāñ janapadacaryāṃ caramāṇo 'nupūrveṇa yena vaiśālī mahānagarī tenānuprāpto 'bhūt | tatra khalu bhagavān vaiśālyāṃ viharati sma | vādyasvare vṛkṣamūle  mahatā bhikṣusaṃghena sārdham aṣṭabhir bhikṣusahasraiḥ ṣaṭtriṃśadbhiś ca bodhisattvasahasraiḥ sārdhaṃ rājāmātyabrāhmaṇagṛhapatibhir mahatyā ca devanāgayakṣagandharvāsuragaruḍakinnaramahoragamanuṣyāmanuṣyaparṣadā ca parivṛtaḥ puraskṛto dharmaṃ deśayati sma ||,འདི་སྐད་བདག་གིས་ཐོས་པ་དུས་གཅིག་ན་། བཅོམ་ལྡན་འདས་ཡུལ་རྒྱུ་བརྒྱུ་ཞིང་ཡངས་པ་ཅན་དུ་བྱོན་ཏེ་། ཡངས་པ་ཅན་ན་རོལ་མོའི་སྒྲ་ཅན་གྱི་ཤིང་ལྗོན་པའི་དྲུང་ན དགེ་སློང་བརྒྱད་སྟོང་གི་དགེ ༼༢༽སློང་གི་དགེ་འདུན་ཆེན་པོ་དང་། ཐབས་ཅིག༣ཏུ་བཞུགས་ཏེ་། བྱང་ཆུབ་སེམས་དཔའ་སུམ་ཁྲི་དྲུག་སྟོང་དང་ཡང་ཐབས་གཅིག་ཏུ་རྒྱལ་པོ་དང་དང་། བློན་པོ་དང་། བྲམ་ཟེ་དང་། ཁྱིམ་བདག་རྣམས་དང་། ལྷ་དང་དང་། ལྷ་མ་ཡིན་དང་། ནམ་མཁའ་ལྡིང་དང་། མི་འམ ༼༣༽ཅི་དང་། ལྟོ་འཕྱེ་ཆེན་པོ་རྣམས་ཀྱིས་ཡོངས་སུ་བསྐོར་ཅིང་མདུན་གྱིས་བལྟས་ཏེ་ཆོས་སྟོན་ཏོ་༎,(401b05)如是我聞：一時婆伽婆遊行人間至毘舍離國住樂音樹下，  與大比丘眾八千人俱、菩薩三萬六千、國王、大臣、婆羅門、居士、天龍、阿修羅、揵達婆、伽樓茶、緊那羅、摩呼羅伽等，大眾圍遶於前說法。,(404c15)如是我聞：一時，薄伽梵遊化諸國，至廣嚴城，住樂音樹下。  與大苾芻眾八千人俱，菩薩摩訶薩三萬六千，及國王、大臣、婆羅門、居士、天、龍、藥叉、人、非人等，無量大眾，恭敬圍繞，而為說法。
7bb982614ba54f79a10b3eb813c170f2,§2 atha khalu mañjuśrīr dharmarājaputro buddhānubhāvenotthāyāsanād ekāṃsam uttarāsaṅgaṃ kṛtvā dakṣiṇaṃ jānumaṇḍalaṃ pṛthivyāṃ pratiṣṭhāpya yena bhagavāṃs tenāñjaliṃ  praṇamya bhagavantam etad avocat |  deśayatu bhagavāṃs teṣāṃ tathāgatānāṃ nāmadheyāni pūrvapraṇidhānavistaravibhaṅgaṃ ca yaṃ śrutvā sarvasattvāḥ sarvakarmāvaraṇāni viśodhayeyus teṣāṃ paścime kāle paścime samaye saddharmapratirūpake vartamāne sattvān anugraham upādāya ||,དེ་ནས་སངས་རྒྱས་ཀྱི་མཐུས་ཆོས་ཀྱི་རྒྱལ་བུ་འཇམ་དཔལ་སྟན་ལས་ལངས་ཏེ་། བླ་གོས་ཕྲག་པ་གཅིག་ཏུ་ཕྲག་པ་གཅིག་ཏུ་བགོས་ནས་པུས་མོ་གཡས་པའི་ལྷ་ང་ས་ལ་བཙུགས ༼༤༽ཏེ་། བཅོམ་ལྡན་འདས་ག་ལ་བ་དེ་ལོགས་སུ་ཐལ་མོ་སྦྱར་བ་བཏུད་ནས་བཅོམ་ལྡན་འདས་ལ་འདི་སྐད་ཅེས་གསོལ་ཏོ་༎ གང་ཐོས་པས་སེམས་ཅན་རྣམས་ཀྱི་ལས་ཀྱི་སྒྲིབ་པ་ཡོངས་སུ་བྱང་བར་འགྱུར་བ་དང་། སླད་མའི་ཚེ་སླད་མའི་དུས་སུ་དམ་པའི་ཆོས་ལྟར ༼༥༽བཅོས་པ་འབྱུང་བ་ན་། སེམས་ཅན་དེ་དག་རྗེས་སུ་གཟུང་བའི་སླད་དུ་དེ་བཞིན་གཤེགས་པ་དེ་དག་གི་མཚན་དང་། སྔོན་གྱི་སྨོན་ལམ་ཁྱད་པར་རྒྱས་པ་བཅོམ་ལྡན་འདས་ཀྱིས་བསྟན་དུ་གསོལ་༎,(401b10)爾時，曼殊室利法王子，承佛威神，即從座起，偏露一髆，右膝著地，向婆伽婆合掌曲躬白言：  「世尊！唯願演說諸佛名號及本昔所發殊勝大願，令眾生聞已，業障消除，攝受來世正法壞時諸眾生故。」,(404c20)爾時，曼殊室利法王子，承佛威神，從座而起，偏袒一肩，右膝著地，向薄伽梵，曲躬合掌，白言：  「世尊！惟願演說如是相類諸佛名號，及本大願殊勝功德，令諸聞者業障銷除，為欲利樂像法轉時諸有情故。」
731c9f9d2e7646f19ca6cc54d7d56f6e,§3 atha bhagavān mañjuśriye kumārabhūtāya sādhukāram adāt | sādhu sādhu mañjuśrīr yathāpi mahākāruṇiko yas tvam aprameyāṃ karuṇāṃ janayitvā mamādhyeṣase nānākarmāvaraṇenāvṛtānāṃ sattvānām arthāya hitāya sukhāya devamanuṣyāṇām | tena hi tvaṃ mañjuśrīḥ śṛṇu sādhu ca suṣṭhu ca manasikuru bhāṣiṣye |  evaṃ bhagavann iti mañjuśrīḥ kumārabhūto bhagavataḥ pratyaśrauṣīt ||,དེ་ནས་བཅོམ་ལྡན་འདས་ཀྱིས་འཇམ་དཔལ་གཞོན་ནུར་གྱུར་པ ༼༦༽ལ་ལེགས་སོ་ཞེས་བྱ་བ་བྱིན་ཏེ་། འཇམ་དཔལ་ལེགས་སོ་ལེགས་སོ་། འཇམ་དཔལ་ཁྱོད་ཀྱིས་སྙིང་རྗེ་དཔག་ཏུ་མེད་པ་བསྐྱེད་ནས་སེམས་ཅན་ལས་ཀྱི་སྒྲིབ་པ་སྣ་ཚོགས་ཀྱིས་བསྒྲིབས་པ་རྣམས་དང་། ལྷ་དང་མི་རྣམས་ཀྱི་དོན་དང་། ཕན་པ་དང་བདེ་བའི ༼༢༧༤བ༡༽ཕྱིར་གསོལ་བ་འདེབས་པ་ནི་ལེགས་སོ་༎ འཇམ་དཔལ་དེའི་ཕྱིར་ལེགས་པར་རབ་ཏུ་ཉོན་ལ་ཡིད་ལ་ཟུང་ཤིག་དང་བཤད་དོ་༎ འཇམ་དཔལ་གཞོན་ནུར་གྱུར་པས་བཅོམ་ལྡན་འདས་དེ་བཞིན་ནོ་ཞེས་གསོལ་ནས་། བཅོམ་ལྡན་འདས་ཀྱི་ལྟར་ཉན་པ་དང་།,(401b15)爾時，婆伽婆讚曼殊室利童子言：「善哉！善哉！曼殊室利大慈悲者，起無量悲，勸請我說，為欲義利種種業障所纏眾生，饒益安樂諸天人故。曼殊室利！當善憶念，聽我所說。」(401b19)  時曼殊室利童子樂聽佛說，白言：「唯然，世尊！」,(404c25)爾時，世尊讚曼殊室利童子言：「善哉！善哉！曼殊室利！汝以大悲，勸請我說諸佛名號、本願功德，為拔業障所纏有情，利益安樂像法轉時諸有情故。汝今諦聽極善、思惟，當為汝說。」  曼殊室利言：「唯然！願說，我等樂聞。」
5cadfdc0605948a0ade93f36b548bc10,§4 bhagavāṃs tasyaitad avocat | asti mañjuśrīḥ pūrvasmin digbhāge ito buddhakṣetrād daśagaṅgānadīvālukāsamāni buddhakṣetrāṇy atikramya vaiḍūryanirbhāsā nāma lokadhātuḥ |  tatra bhaiṣajyaguruvaiḍūryaprabho nāma tathāgato 'rhan samyaksaṃbuddho viharati | vidyācaraṇasaṃpannaḥ sugato lokavid anuttaraḥ puruṣadamyasārathiś ca śāstā devānāṃ manuṣyāṇāṃ ca buddho bhagavāṃs tasya khalu punar mañjuśrīr bhagavato bhaiṣajyaguruvaiḍūryaprabhasya tathāgatasya pūrvaṃ bodhisattvacārikāṃ carata imāni dvādaśa mahāpraṇidhānāny abhūvan | katamāni dvādaśa ||,བཅོམ་ལྡན ༼༢༽འདས་ཀྱིས་དེ་ལ་འདི་སྐད་ཅེས་བཀའ་སྩལ་ཏོ་༎ འཇམ་དཔལ་ཤར་ཕྱོགས་ལོགས་སུ་སངས་རྒྱས་ཀྱི་ཞིང་འདི་ནས་སངས་རྒྱས་ཀྱི་ཞིང་གང་གཱའི་ཀླུང་བཅུའི་བྱེ་མ་སྙེད་འདས་པ་ན་འཇིག་རྟེན་གྱི་ཁམས་བཻ་ḍū་རྱའི་སྣང་བ་ཞེས་བྱ་བ་ཡོད་དེ་། དེ་ན་དེ་བཞིན་གཤེགས་པ་དགྲ ༼༣༽བཅོམ་པ་ཡང་དག་པར་རྫོགས་པའི་སངས་རྒྱས་རིག་པ་དང་ཞབས་སུ་ལྡན་པ་། བདེ་བར་གཤེགས་པ་། འཇིག་རྟེན་མཁྱེན་པ་། སྐྱེས་བུ་འདུལ་བའི་ཁ་ལོ་སྒྱུར་བ་། བླ་ན་མེད་པ་། ལྷ་དང་མི་རྣམས་ཀྱི་སྟོན་པ་། སངས་རྒྱས་བཅོམ་ལྡན་འདས་སྨན་གྱི་བླ ༼༤༽བཻ་ḍū་རྱའི་འོད་ཀྱི་རྒྱལ་པོ་ཞེས་བྱ་བ་བཞུགས་སོ་༎ འཇམ་དཔལ་བཅོམ་ལྡན་འདས་དེ་བཞིན་གཤེགས་པ་སྨན་གྱི་བླ་བཻ་ḍū་རྱའི་འོད་དེ་། སྔོན་བྱང་ཆུབ་སེམས་དཔའི་སྤྱད་པ་སྤྱོད་པ་ན་སྨོན་ལམ་ཆེན་པོ་བཅུ་གཉིས་པོ་འདི་དག་བཏབ་བོ་༎ བཅུ་གཉིས་གང་ཞེ་ན་།,(401b20)佛告曼殊室利：「東方過此佛土十恒河沙等佛土之外，有世界名淨琉璃，  彼土有佛，名藥師琉璃光如來、應、正遍知、明行足、善逝、世間解、無上士、調御丈夫、天人師、佛、世尊。(401b24) 「曼殊室利！彼世尊藥師琉璃光如來本行菩薩行時，發十二大願。何者十二？」,(405a01)佛告曼殊室利：「東方去此過十殑伽沙等佛土，有世界名淨琉璃，  佛號藥師琉璃光如來、應、正等覺、明行圓滿、善逝、世間解、無上丈夫、調御士、天人師、佛、薄伽梵。曼殊室利！彼佛世尊藥師琉璃光如來，本行菩薩道時，發十二大願，令諸有情，所求皆得。
7af89de7ec2047de875b85af222d08ab,§5.1 prathamaṃ tasya mahāpraṇidhānam abhūt yadāham anāgate 'dhvany anuttarāṃ samyaksaṃbodhim abhisaṃbudhyeyaṃ tadā mama śarīrābhayāprameyāsaṃkhyeyāparimāṇā lokadhātavo bhrājeraṃs tapyeran viroceran | yathā cāhaṃ dvātriṃśadbhir mahāpuruṣalakṣaṇaiḥ samanvāgato 'śītibhiś cānuvyañjanair alaṃkṛtadehaḥ | tathaiva sarvasattvā yādṛśā lakṣaṇānuvyañjanasamalaṃkṛtā bhaveyuḥ | idaṃ prathamaṃ mahāpraṇidhānam abhūt ||,དེའི་སྨོན་ལམ་ཆེན ༼༥༽པོ་དང་པོ་ནི་། གང་གི་ཚེ་བདག་མ་འོངས་པའི་དུས་ན་བླ་ན་མེད་པ་ཡང་དག་པར་རྫོགས་པའི་བྱང་ཆུབ་མངོན་པར་རྫོགས་པར་སངས་རྒྱས་པ་དེའི་ཚེ་། བདག་གི་ལུས་ཀྱི་འོད་ཀྱིས་འཇིག་རྟེན་གྱི་ཁམས་གྲངས་མེད་དཔག་ཏུ་མེད་ཅིང་དཔག་གིས་མི་ལང་བ་དག་ལྷམ་མེ་ལྷན་ནེ་ལྷང་ངེར ༼༦༽གྱུར་ཅིག་། སེམས་ཅན་ཐམས་ཅད་སྐྱེས་བུ་ཆེན་པོའི་མཚན་སུམ་ཅུ་རྩ་གཉིས་དང་། དཔེ་བྱད་བཟང་པོ་བརྒྱད་ཅུས་ལེགས་པར་བརྒྱན་པར་གྱུར་ཏེ་། བདག་ཅི་འདྲ་བ་དེ་བཞིན་དུ་སེམས་ཅན་ཐམས་ཅད་ཀྱང་འདྲ་བར་གྱུར་ཅིག་ཅེས་བཏབ་བོ་༎,(401b26)「第一大願：願我來世於佛菩提得正覺時，自身光明熾然，照曜無量無數無邊世界，三十二丈夫大相及八十小好以為莊嚴；我身既爾，令一切眾生如我無異。,(405a07)第一大願：願我來世得阿耨多羅三藐三菩提時，自身光明，熾然照曜無量無數無邊世界，以三十二大丈夫相、八十隨好，莊嚴其身；令一切有情，如我無異。
b07b05c1b415421998785f5da75f2084,§5.2 bodhiprāptasya ca me kāyo bhaved yathā vaiḍūryamaṇiratnam antarbahiḥsupariśuddham | nirmalaṃ prabhāsvaraṃ vipulaṃ mahāntaṃ śryā tejasā jvalantaṃ supratiṣṭhitaṃ candrasūryātirekai raśmijālaiḥ samalaṃkṛtam | ye ca sattvā lokāntarikāsūpapannāḥ bhaveyur ye ceha manuṣyaloka andhākāre timisrāyāṃ rātrau nānādiśaṃ gaccheyus teṣāṃ yathepsitā diśo gacchatāṃ karmāṇi ca kurvatām | mamābhayā yatheṣṭā diśā gaccheran karmāṇi ca kurvīran | idaṃ dvitīyaṃ mahāpraṇidhānam abhūt ||,དེའི་སྨོན་ལམ་ཆེན ༼༧༽པོ་གཉིས་པ་ནི་གང་གི་ཚེ་བདག་མ་འོངས་པའི་དུས་ན་། བླ་ན་མེད་པ་ཡང་དག་པར་རྫོགས་པའི་བྱང་ཆུབ་མངོན་པར་རྫོགས་པར་སངས་རྒྱས་པ་དེའི་ཚེ་བདག་བྱང་ཆུབ་ཐོབ་པ་ན་། ལུས་ནོར་བུ་རིན་པོ་ཆེ་བཻ་ḍū་རྱ་ཅི་འདྲ་བ་དེ་འདྲ་བར་ཕྱི་ནང་ཤིན་ཏུ་ཡོངས་སུ་དག་པ་དང་། དྲི་མ ༼༢༧༥ཨ༡༽མེད་ལ་འཧོད་གསལ་བ་དང་། ཁོ་ལག་ཡངས་ཤིང་ཆེ་བ་དང་། དཔལ་དང་གཟི་བརྗིད་འབར་བ་དང་། ལེགས་པར་གནས་པ་དང་། ཉི་མ་དང་ཟླ་བ་བས་ལྷག་པའི་འོད་ཟེར་གྱི་དྲ་བ་རྣམས་ཀྱིས་ལེགས་པར་བརྒྱན་པར་གྱུར་ཅིག་། དེ་ན་སེམས་ཅན ༼༢༽གང་དག་འཇིག་རྟེན་གྱི་བར་དག་ཏུ་སྐྱེས་པ་དག་དང་། གང་དག་ཡང་མིའི་འཇིག་རྟེན་འདི་ན་མཚན་མོ་མུན་པ་མུན་ནག་གི་ནང་ན་ཕྱོགས་ཐ་དད་པར་འགྲོ་བ་དེ་དག་བདག་གི་འོད་ཀྱིས་ཕྱོགས་དགའ་མགུར་འགྲོ་བར་གྱུར་ཅིག་། ལས་རྣམས་ཀྱང་བྱེད་པར་གྱུར་ཅིག་ཅེས་བཏབ་བོ་༎,(401c01)第二大願：願我來世得菩提時，身如琉璃，內外清淨，無復瑕垢，光明曠大，威德熾然，身善安住，焰網莊嚴，過於日月，若有眾生，生世界之間，或復人中昏暗及夜，莫知方所，以我光故，隨意所趣，作諸事業。,(405a11)第二大願：願我來世得菩提時，身如琉璃，內外明徹，淨無瑕穢，光明廣大，功德巍巍，身善安住，焰網莊嚴，過於日月。幽冥眾生，悉蒙開曉，隨意所趣，作諸事業。
a7aaf709216e4d1c90af414fe25fb787,§5.3 bodhiprāptasya ca me aprameyaprajñopāyabalādhānenāparimāṇāṃ sattvadhātuṣv akṣayopabhogaparibhogāḥ syuḥ | mā ca kasyacid sattvasya kenacid vaikalyaṃ bhavet | tṛtīyaṃ tasya mahāpraṇidhānam abhūt ||,༼༣༽དེའི་སྨོན་ལམ་ཆེན་པོ་གསུམ་པ་ནི་གང་གི་ཚེ་བདག་མ་འོངས་པའི་དུས་ན་། བླ་ན་མེད་པ་ཡང་དག་པར་རྫོགས་པའི་བྱང་ཆུབ་མངོན་པར་རྫོགས་པར་སངས་རྒྱས་པ་དེའི་ཚེ་བདག་བྱང་ཆུབ་ཐོབ་པ་ན་། བདག་གི་ཤེས་རབ་དང་ཐབས་དཔག་ཏུ་མེད་པས་སེམས་ཅན་གྱི་ཁམས ༼༤༽དཔག་གིས་མི་ལང་བ་དག་ལོངས་སྤྱོད་མི་ཟད་པ་དང་ལྡན་པར་གྱུར་ཏེ་། སུ་ཡང་ཅིས་ཀྱང་བྲེལ་བ་མེད་པར་གྱུར་ཅིག་ཅེས་བཏབ་བོ་༎,(401c06)第三大願：願我來世得菩提時，以無邊無限智慧方便，令無量眾生界受用無盡，莫令一人有所少乏。,(405a15)第三大願：願我來世得菩提時，以無量無邊智慧方便，令諸有情皆得無盡所受用物，莫令眾生有所乏少。
b7fd95e50c5c4cd7bb232611fb9750be,§5.4 bodhiprāpto 'haṃ kumārgapratipannān sattvāñ chrāvakamārgapratipannān pratyekabuddhamārgapratipannāṃś ca sattvān sarvān anuttare mahāyane niyojyayeyam | idaṃ caturthaṃ tasya mahāpraṇidhānam abhūt ||,དེའི་སྨོན་ལམ་ཆེན་པོ་བཞི་པ་ནི་གང་གི་ཚེ་བདག་མ་འོངས་པའི་དུས་ན་། བླ་ན་མེད་པ་ཡང་དག་པར་རྫོགས་པའི་བྱང་ཆུབ་མངོན་པར ༼༥༽རྫོགས་པར་སངས་རྒྱས་པ་དེའི་ཚེ་བདག་བྱང་ཆུབ་ཐོབ་པ་ན་། སེམས་ཅན་གང་དག་ལམ་ངན་པར་ཞུགས་པ་དེ་དག་བྱང་ཆུབ་ཀྱི་ལམ་ལ་དགོད་པར་བྱའོ་༎ ཉན་ཐོས་ཀྱི་ལམ་དུ་ཞུགས་པ་དང་། རང་སངས་རྒྱས་ཀྱི་ལམ་དུ་ཞུགས་པ་དེ་དག་ཐམས་ཅད་ནི་ཐེག་པ་ཆེན་པོ་ལ ༼༦༽གཟུད་པར་བྱའོ་ཞེས་བཏབ་བོ་༎,(401c09)第四大願：願我來世得菩提時，諸有眾生行異道者，一切安立菩提道中，行聲聞道、行辟支佛道者，皆以大乘而安立之。,(405a18)第四大願：願我來世得菩提時，若諸有情行邪道者，悉令安住菩提道中；若行聲聞獨覺乘者，皆以大乘而安立之。
ac497d0e5b2c414f8125fb46e4371f9d,§5.5 bodhiprāptasya ca me ye sattvā mama śāsane brahmacaryaṃ careyus te sarve akhaṇḍaśīlāḥ syus trisaṃvarasaṃvṛtāḥ | mā ca kasyacic chīlavipannasya mama nāmadheyaṃ śrutvā durgatigamanaṃ syāt | idaṃ pañcamaṃ tasya mahāpraṇidhānam abhūt ||,དེའི་སྨོན་ལམ་ཆེན་པོ་ལྔ་པ་ནི་གང་གི་ཚེ་བདག་མ་འོངས་པའི་དུས་ན་། བླ་ན་མེད་པ་ཡང་དག་པར་རྫོགས་པའི་བྱང་ཆུབ་མངོན་པར་རྫོགས་པར་སངས་རྒྱས་པ་དེའི་ཚེ་བདག་བྱང་ཆུབ་ཐོབ་པ་ན་། སེམས་ཅན་གང་དག་བདག་གི་གན་ན ༼༧༽ཚངས་པར་སྤྱད་པ་སྤྱོད་པ་དང་། དེ་བཞིན་དུ་སེམས་ཅན་གཞན་དཔག་ཏུ་མེད་ཅིང་དཔག་གིས་མི་ལང་བ་དེ་དག་ཐམས་ཅད་ཀྱང་བདག་གི་མིང་ཐོས་ནས་བདག་གི་མཐུས་སྡོམ་པ་གསུམ་གྱིས་བསྡམས་པ་དང་། ཚུལ་ཁྲིམས་ཉམས་པ་མེད་པར་གྱུར་ཅིག་། སུ་ཡང ༼༢༧༥བ༡༽ཚུལ་ཁྲིམས་ལོག་པར་ཞུགས་ཏེ་། ངན་འགྲོར་འགྲོ་བར་མ་གྱུར་ཅིག་ཅེས་བཏབ་བོ་༎,(401c12)第五大願：願我來世得菩提時，若有眾生於我法中修行梵行，此諸眾生無量無邊，一切皆得不缺減戒、具三聚戒、無有破戒趣惡道者。,(405a21)第五大願：願我來世得菩提時，若有無量無邊有情，於我法中修行梵行，一切皆令得不缺戒、具三聚戒。設有毀犯，聞我名已，還得清淨不墮惡趣。
6d86761521ea4614aeeee153fa25a233,§5.6 bodhiprāptasya ca me ye sattvā hīnakāyā vikalendriyā durvarṇā jaḍaiḍā mūkā laṅgāḥ kubjāḥ śvitrāḥ kuṇḍā andhā badhirā unmattā ye cānye śarīravyādhayas te mama nāmadheyaṃ śrutvā sarva avikalendriyāḥ syuḥ paripūrṇagātrāḥ | idaṃ ṣaṣṭhaṃ mahāpraṇidhānam abhūt ||,དེའི་སྨོན་ལམ་ཆེན་པོ་དྲུག་པ་ནི་གང་གི་ཚེ་བདག་མ་འོངས་པའི་དུས་ན་། བླ་ན་མེད་པ་ཡང་དག་པར་རྫོགས་པའི་བྱང་ཆུབ་མངོན་པར་རྫོགས་པར་སངས་རྒྱས་པ་དེའི་ཚེ་བདག ༼༢༽བྱང་ཆུབ་ཐོབ་པ་ན་། སེམས་ཅན་གང་སུ་དག་ལུས་ངན་པ་དང་། དབང་པོ་མ་ཚང་བ་དང་། མདོག་མི་སྡུག་པ་དང་། བེམས་པོ་དང་། ཡན་ལག་སྐྱོན་ཅན་དང་། སྒུར་པོ་དང་། ཤ་བཀྲ་ཅན་དང་། ཞར་བ་དང་། ལོང་བ་དང་། འོན་པ་དང་། སྨྱོན་པར ༼༣༽གྱུར་པ་དང་། གཞན་ཡང་གང་སུ་དག་ལུས་ལ་ནད་ཀྱིས་བཏབ་པ་དེ་དག་གིས་བདག་གི་མིང་ཐོས་ནས་ཐམས་ཅད་དབང་པོ་ཚང་ཞིང་ཡན་ལག་ཡོངས་སུ་རྫོགས་པར་གྱུར་ཅིག་ཅེས་བཏབ་བོ་༎,(401c16)第六大願：願我來世得菩提時，若有眾生，其身下劣、諸根不具、醜陋頑愚、聾盲跛躄、身攣背傴、白癩癲狂、若復有餘種種身病，聞我名已，一切皆得，諸根具足，身分成滿。,(405a25)第六大願：願我來世得菩提時，若諸有情，其身下劣、諸根不具、醜陋、頑愚、盲聾、瘖瘂、攣躄、背僂、白癩、癲狂、種種病苦。聞我名已，一切皆得端正黠慧，諸根完具，無諸疾苦。
8f184516c6a64b1b8bc3a454f2358519,§5.7 bodhiprāptasya ca me ye nānāvyādhiparipīḍitā atrāṇā aśaraṇā bhaiṣajyopakaraṇarahitā anāthā daridrā duḥkhitāḥ sacet teṣāṃ mama nāmadheyaṃ karṇapuṭe nipatet teṣāṃ sarvavyādhayaḥ praśameyur arogāś ca nirupadravāś ca te syur yāvad bodhiparyavasānam | idaṃ saptamaṃ mahāpraṇidhānam abhūt ||,དེའི་སྨོན་ལམ་ཆེན་པོ་བདུན་པ་ནི་། གང་གི་ཚེ་བདག་མ་འོངས་པའི་དུས ༼༤༽ན་། བླ་ན་མེད་པ་ཡང་དག་པར་རྫོགས་པའི་བྱང་ཆུབ་མངོན་པར་རྫོགས་པར་སངས་རྒྱས་པ་དེའི་ཚེ་བདག་བྱང་ཆུབ་ཐོབ་པ་ན་། སེམས་ཅན་གང་སུ་དག་ནད་སྣ་ཚོགས་ཀྱིས་ཡོངས་སུ་གཟིར་བ་། སྐྱབས་མེད་པ་། མགོན་མེད་པ་། འཚོག་ཆས་དང་སྨན་མི་བདོག་པ་། དཔུང ༼༥༽གཉེན་མེད་པ་། དབུལ་བ་། སྡུག་བསྔལ་བ་གང་དག་གི་རྣ་ལམ་དུ་བདག་གི་མིང་གྲག་པ་དེ་དག་ནི་ནད་ཐམས་ཅད་རབ་ཏུ་ཞི་བར་གྱུར་ཅིག་། བྱང་ཆུབ་ཀྱི་མཐར་ཐུག་གི་བར་དུ་ནད་མེད་ཅིང་གནོད་པ་མེད་པར་གནས་པར་གྱུར་ཅིག་ཅེས་བཏབ་བོ་༎,(401c20)第七大願：願我來世得菩提時，若有眾生，諸患逼切，無護無依，無有住處，遠離一切資生醫藥，又無親屬，貧窮可愍，此人若得聞我名號，眾患悉除，無諸痛惱，乃至究竟無上菩提。,(405a29)第七大願：願我來世得菩提時，若諸有情，眾病逼切，無救、無歸、無醫、無藥、無親、無家、貧窮、多苦，我之名號，一經其耳，眾病悉得除，身心安樂，家屬資具，悉皆豐足，乃至證得無上菩提。
e3801d7b459348a8b786a34033dd287e,§5.8 bodhiprāptasya ca me kaścin mātṛgrāmo nānāstrīdoṣaśataiḥ saṃkliṣṭaṃ strībhāvaṃ vijugupsanto mātṛgrāmayoneḥ parimoktukāmo mama nāmadheyaṃ dhārayet tasya mātṛgrāmasya strībhāvo vinivartet | puruṣabhāvo bhaved yāvad bodhiparyavasānād | idam aṣṭamaṃ tasya mahāpraṇidhānam abhūt ||,དེའི་སྨོན་ལམ་ཆེན་པོ ༼༦༽བརྒྱད་པ་ནི་གང་གི་ཚེ་བདག་མ་འོངས་པའི་དུས་ན་། བླ་ན་མེད་པ་ཡང་དག་པར་རྫོགས་པའི་བྱང་ཆུབ་མངོན་པར་རྫོགས་པར་སངས་རྒྱས་པ་དེའི་ཚེ་བདག་བྱང་ཆུབ་ཐོབ་པ་ན་། བུད་མེད་གང་ལ་ལ་བུད་མེད་ཀྱི་སྐྱོན་བརྒྱ་དག་གིས་ཀུན་ནས་ཉོན་མོངས་པར་གྱུར་པ་། བུད་མེད་ཀྱི ༼༧༽དངོས་པོ་ལ་སྨོད་པ་། བུད་མེད་ཀྱི་སྐྱེ་གནས་ལས་ཡོངས་སུ་ཐར་པར་འདོད་པ་དེ་དག་བུད་མེད་ཀྱི་དངོས་པོ་ལས་ལོག་པར་གྱུར་ཅིག་། བྱང་ཆུབ་ཀྱི་མཐར་ཐུག་གི་བར་དུ་སྐྱེས་པའི་དབང་པོ་འབྱུང་བར་གྱུར་ཅིག་ཅེས་བཏབ་པོ་༎,(401c25)第八大願：願我來世得菩提時，若有女人，為婦人百惡所逼惱故，厭離女身，願捨女形，聞我名已，轉女人身成丈夫相，乃至究竟無上菩提。,(405b05)第八大願：願我來世得菩提時，若有女人，為女百惡之所逼惱，極生厭離，願捨女身，聞我名已，一切皆得轉女成男，具丈夫相，乃至證得無上菩提。
2e1fd49fc9fc43acbb900f7c29ab002b,§5.9 bodhiprāpto 'haṃ sarvasatvān mārapāśabandhanabaddhān nānādṛṣṭigahanasaṃkaṭaprāptān sarvamārapāśadṛṣṭigatibhyo vinivartya samyagdṛṣṭau niyojyānupūrveṇa bodhisatvacāryāṃ saṃdarśayeyaṃ | idaṃ navamaṃ mahāpraṇidhānam abhūt ||,དེའི་སྨོན་ལམ་ཆེན་པོ་དགུ་པ་ནི་གང་གི་ཚེ་བདག ༼༢༧༦ཨ༡༽མ་འོངས་པའི་དུས་ན་བླ་ན་མེད་པ་ཡང་དག་པར་རྫོགས་པའི་བྱང་ཆུབ་མངོན་པར་རྫོགས་པར་སངས་རྒྱས་པ་དེའི་ཚེ་བདག་བྱང་ཆུབ་ཐོབ་པ་ན་། སེམས་ཅན་ཐམས་ཅད་བདུད་ཀྱི་ཞགས་པ་རྣམས་ལས་ཡོངས་སུ་ཐར་པར་བྱའོ་༎ ལྟ་བ་ཐ་དད་པ་མི་མཐུན ༼༢༽པ་ཟིང་ཟིང་པས་མི་མཐུན་པར་གྱུར་པ་དག་ཡང་དག་པའི་ལྟ་བ་ལ་དགོད་པར་བྱའོ་༎ མཐར་གྱིས་བྱང་ཆུབ་སེམས་དཔའི་སྤྱོད་པ་བསྟན་པར་བྱའོ་ཞེས་བཏབ་བོ་།,(401c29)第九大願：願我來世得菩提時，令一切眾生解脫魔網，若墮種種異見稠林，悉當安立置於正見，次第示以菩薩行門。,(405b09)第九大願：願我來世得菩提時，令諸有情，出魔羂網，解脫一切外道纏縛。若墮種種惡見稠林，皆當引攝置於正見，漸令修習諸菩薩行，速證無上正等菩提。
b24bdf112e01469f8aa88cde07158bf2,§5.10 bodhiprāptasya ca me ye kecit sattvā rājādibhayabhītā ye vā bandhanatāḍanāvaruddhā vadhyārhā anekamāyābhir upadrutā vimānitāś ca kāyikacaitasikaduḥkhair abhyāhatās tato nāmadheyaśravaṇato te puṇyānubhāvena sarvopadravebhyaḥ parimucyeran | idaṃ daśamaṃ tasya mahāpraṇidhānam abhūt ||,དེའི་སྨོན་ལམ་ཆེན་པོ་བཅུ་པ་ནི་གང་གི་ཚེ་བདག་མ་འོངས་པའི་དུས་ན་། བླ་ན་མེད་པ་ཡང་དག་པར་རྫོགས ༼༣༽པའི་བྱང་ཆུབ་མངོན་པར་རྫོགས་པར་སངས་རྒྱས་པ་དེའི་ཚེ་བདག་བྱང་ཆུབ་ཐོབ་པ་ན་། སེམས་ཅན་སུ་དག་རྒྱལ་པོའི་འཇིགས་པས་སྐྲག་པ་དང་། གང་དག་བཅིང་བ་དང་། བརྡེག་པ་དང་། གོ་རར་གཞུག་པ་དང་། གསད་པར་འོས་པ་། རྒྱུ་དུ་མས་གཙེས ༼༤༽པ་། ང་རྒྱལ་དང་བྲལ་བ་། ལུས་དང་། ངག་དང་། སེམས་སྡུག་བསྔལ་གྱིས་ཉེན་པ་དེ་དག་བདག་གི་བསོད་ནམས་ཀྱི་མཐུས་གནོད་པ་ཐམས་ཅད་ལས་ཡོངས་སུ་ཐར་པར་གྱུར་ཅིག་ཅེས་བཏབ་བོ་།,(402a03)第十大願：願我來世得菩提時，若有眾生，種種王法，繫縛、鞭撻、牢獄、應死、無量災難、悲憂煎迫，身心受苦，此等眾生，以我福力，皆得解脫一切苦惱。,(405b13)第十大願：願我來世得菩提時，若諸有情，王法所錄，縲縛鞭撻，繫閉牢獄，或當刑戮，及餘無量災難凌辱，悲愁煎迫，身心受苦，若聞我名，以我福德威神力故，皆得解脫一切憂苦。
92a8374df3d14ef5b6e38c5e44c30bcb,§5.11 bodhiprāptasya ca me ye sattvāḥ kṣudhāgnināḥ prajvalitā āhārapānaparyeṣṭyabhiyuktās tannidānaṃ pāpaṃ karma kurvanti | sacet te mama nāmadheyaṃ dhārayeyur ahaṃ teṣāṃ varṇagandharasopetenāhāreṇa śarīraṃ saṃtarpayeyam | paścād dharmarasena saṃtarpyātyantasukhe pratiṣṭhāpayeyam | idam ekādaśamaṃ tasya mahāpraṇidhānam abhūt ||,དེའི་སྨོན་ལམ་ཆེན་པོ་བཅུ་གཅིག་པ་ནི་། གང་གི་ཚེ་བདག་མ་འོངས་པའི་དུས་ན་བླ་ན་མེད ༼༥༽པ་ཡང་དག་པར་རྫོགས་པའི་བྱང་ཆུབ་མངོན་པར་རྫོགས་པར་སངས་རྒྱས་པ་དེའི་ཚེ་བདག་བྱང་ཆུབ་ཐོབ་པ་ན་། སེམས་ཅན་གང་དག་བཀྲེས་པ་དང་། སྐོམ་པའི་མེ་རབ་ཏུ་འབར་བ་། ཁ་ཟས་འཚོལ་བ་ལ་རབ་ཏུ་བརྩོན་པ་། སྡིག་པའི་ལས་བྱེད་པ་དེ་དག་བདག་གིས་ཁ ༼༦༽དོག་དང་། དྲི་དང་། རོར་ལྡན་པའི་ཁ་ཟས་ཀྱིས་ལུས་ཚིམ་པར་བྱས་ཏེ་༎ ཕྱིས་ཆོས་ཀྱི་རོས་ཤིན་ཏུ་བདེ་བ་ལ་དགོད་པར་བྱའོ་ཞེས་བཏབ་བོ་༎,(402a07)十一大願：願我來世得菩提時，若有眾生，飢火燒身，為求食故，作諸惡業，我於彼所，先以最妙色香味食，飽足其身，後以法味，畢竟安樂而建立之。,(405b18)第十一大願：願我來世得菩提時，若諸有情，飢渴所惱，為求食故，造諸惡業，得聞我名，專念受持，我當先以上妙飲食飽足其身，後以法味，畢竟安樂而建立之。
15c42b6618f743f2ada0768937366ae7,§5.12 bodhiprāptasya ca me ye kecit sattvā nagnā vasanavirahitā daridrāḥ śītoṣṇadaṃśamaśakair upadrutā rātriṃdivaṃ duḥkham anubhavanti | sacet te mama nāmadheyeṃ dhārayeyur ahaṃ teṣāṃ vastrabhogam upasaṃhareyam nānāraṅgaraktān yathākāmam upanāmayeyam vividhaiś ca ratnābharaṇagandhamālyavilepanavādyatūryatāḍāvacaraiḥ sarvasattvānāṃ sarvābhiprāyān paripūrayeyam | idaṃ dvādaśamaṃ tasya mahāpraṇidhānam abhūt ||,དེ་བཞིན་གཤེགས་པ་དེའི་སྨོན་ལམ་ཆེན་པོ་བཅུ་གཉིས་པ་ནི་གང་གི་ཚེ་བདག་མ་འོངས་པའི་དུས་ན་། བླ་ན་མེད་པ་ཡང ༼༧༽དག་པར་རྫོགས་པའི་བྱང་ཆུབ་མངོན་པར་རྫོགས་པར་སངས་རྒྱས་པ་དེའི་ཚེ་། སེམས་ཅན་སུ་དག་སྒྲེན་མོ་། བགོ་བ་མེད་པ་། དབུལ་བ་། སྡུག་བསྔལ་བ་། གྲང་བ་དང་། ཚ་བ་དང་། སྦྲང་བུ་དང་། ཤ་སྦྲང་དག་གིས་ཉིན་མཚན་དུ་སྡུག་བསྔལ་གྱི་ཚོར་བ་མྱོང་བ་དག་ལ ༼༢༧༦བ༡༽བདག་གིས་གོས་ཡོངས་སུ་སྤྱད་པར་འོས་པ་། ཚོན་སྣ་ཚོགས་ཡོངས་སུ་ཁ་བསྒྱུར་བ་དག་སྦྱིན་པར་བྱའོ་༎ ཇི་ལྟར་འདོད་པ་བཞིན་དུ་རིན་པོ་ཆེའི་རྒྱན་སྣ་ཚོགས་དང་། སྤུད་པ་དང་། ཕྲེང་བ་དང་། སྤོས་དང་། བྱུག་པ་དང་། རོལ་མོའི་སྒྲ་དང་། སིལ་སྙན་དང་། ཕེག་རྡོབ་པ ༼༢༽རྣམས་ཀྱིས་སེམས་ཅན་རྣམས་ཀྱི་བསམ་པ་ཐམས་ཅད་ཡོངས་སུ་རྫོགས་པར་གྱུར་ཅིག་ཅེས་བཏབ་བོ་༎,(402a11)十二大願：願我來世得菩提時，若有眾生，貧無衣服，寒熱蚊虻，日夜逼惱，我當施彼，隨用衣服，種種雜色，如其所好，亦以一切寶莊嚴具，花鬘、塗香、鼓樂、眾伎，隨諸眾生所須之，具皆令滿足。,(405b22)第十二大願：願我來世得菩提時，若諸有情，貧無衣服，蚊虻寒熱，晝夜逼惱，若聞我名，專念受持，如其所好，即得種種上妙衣服，亦得一切寶莊嚴，具華鬘、塗香、鼓樂、眾伎，隨心所翫，皆令滿足。
bb4babfd7745432d8db52908c71308b4,§5.13 imāni dvādaśa mahāpraṇidhānāni mañjuśrīr bhagavāṃ bhaiṣajyaguruvaiḍūryaprabhas tathāgato 'rhan samyaksaṃbuddhaḥ pūrvaṃ bodhisattvacārikāṃ caramāṇaḥ kṛtavān ||,འཇམ་དཔལ་བཅོམ་ལྡན་འདས་དེ་བཞིན་གཤེགས་པ་དགྲ་བཅོམ་པ་ཡང་དག་པར་རྫོགས་པའི་སངས་རྒྱས་སྨན་གྱི་བླ་བཻ་ḍū་རྱའི་འོད་དེ་སྔོན་བྱང་ཆུབ་སེམས་དཔའི ༼༣༽སྤྱད་པ་སྤྱོད་པ་ན་སྨོན་ལམ་ཆེན་པོ་བཅུ་གཉིས་པོ་དེ་དག་བཏབ་པར་གྱུར་ཏོ་༎,(402a16) 此十二大願，是彼世尊藥師琉璃光如來、應、正遍知，行菩薩時，本昔所作。」,(405b27)曼殊室利！是為彼世尊•藥師•琉璃光•如來•應•正等覺行菩薩道時所發十二微妙上願。」
8336a2f0f61d446da3e7c19c61fd1827,§6 tasya khalu punar mañjuśrīr bhagavato bhaiṣajyaguruvaiḍūryaprabhasya tathāgatasya yat praṇidhānaṃ yac ca buddhakṣetraguṇavyūhaṃ tan na śakyaṃ kalpena vā kalpāvaśeṣeṇa vā kṣapayitum |  ekāntapariśuddhaṃ tad buddhakṣetraṃ apagatakāmadoṣam apagatāpāyaduḥkhaśabdam apagatamātṛgrāmam |  vaiḍūryamayī ca sā pṛthivī | kuḍyaprāsādatoraṇagavākṣajālaniryūhāḥ saptaratnamāyāḥ staṃbhakholakāḥ |  yādṛśī sukhāvatī lokadhātus tādṛśaṃ tatra vaiḍūryanirbhāsaprabhāyāṃ lokadhātau guṇavyūham |  tatra ca lokadhātau dvau bodhisattvau mahāsattvau teṣām aprameyāṇām asaṃkhyeyānāṃ bodhisattvānāṃ pramukhāv eka sūryavairocano nāma dvitīyaś candravairocanaḥ ye tasya bhagavato bhaiṣajyaguruvaiḍūryaprabhasya tathāgatasya saddharmakośaṃ dhārayanti ||,འཇམ་དཔལ་། དེ་བཞིན་གཤེགས་པ་སྨན་གྱི་བླ་བཻ་ḍū་རྱའི་འོད་དེའི་སྨོན་ལམ་གང་ཡིན་པ་དང་། སངས་རྒྱས་ཀྱི་ཞིང་གི་ཡོན་ཏན་བཀོད་པ་དེ་ནི་བསྐལ་པའམ་། བསྐལ་པ་ལས ༼༤༽ལྷག་པར་ཡང་ཟད་པར་བྱར་མི་ནུས་སོ་༎ སངས་རྒྱས་ཀྱི་ཞིང་དེ་ནི་ཤིན་ཏུ་ཡོངས་སུ་དག་པ་སྟེ་། རྡོ་དང་། གསེག་མ་དང་། གྱོ་མོ་མེད་པ་། འདོད་པའི་སྐྱོན་མེད་པ་། ངན་སོང་དང་། སྡུག་བསྔལ་གྱི་སྒྲ་མེད་པ་། བུད་མེད་ཀྱི་དངོས་པོ་མེད་པ་། ས་དང་། རྩིག་པ་དང་། ར་བ ༼༥༽དང་། རྟ་བབས་དང་། སྐར་ཁུང་གི་དྲ་བ་དང་། བ་གམ་ནི་བཻ་ḍū་རྱའི་རང་བཞིན་ཅན་། པུ་ཤུ་ནི་རིན་པོ་ཆེ་སྣ་བདུན་གྱི་རང་བཞིན་ཅན་ཏེ་། འཇིག་རྟེན་གྱི་ཁམས་བདེ་བ་ཅན་ཅི་འདྲ་བ་དེ་བཞིན་དུ་འཇིག་རྟེན་གྱི་ཁམས་བཻ་ḍū་རྱར་སྣང་བའི་སངས་རྒྱས་ཀྱི་ཞིང་གི་ཡོན་ཏན་བཀོད ༼༦༽པ་ཡང་དེ་དང་འདྲའོ་༎ འཇིག་རྟེན་གྱི་ཁམས་དེ་ན་བྱང་ཆུབ་སེམས་དཔའ་གྲངས་མེད་དཔག་ཏུ་མེད་པ་དེ་དག་གི་ནང་ན་བྱང་ཆུབ་སེམས་དཔའ་སེམས་དཔའ་ཆེན་པོ་གཙོ་བོ་གཉིས་ཡོད་དེ་། གཅིག་གི་མིང་ནི་ཉི་མ་ལྟར་རྣམ་པར་སྣང་བྱེད་ཅེས་བྱ་། གཉིས་པའི་མིང་ནི ༼༧༽ཟླ་བ་ལྟར་རྣམ་པར་སྣང་བྱེད་ཅེས་བྱ་སྟེ་། དེ་དག་ནི་བཅོམ་ལྡན་འདས་དེ་བཞིན་གཤེགས་པ་སྨན་གྱི་བླ་བཻ་ḍū་རྱའི་འོད་དེའི་དམ་པའི་ཆོས་ཀྱི་མཛོད་འཛིན་པའོ་༎ འཇམ་དཔལ་དེ་ལྟ་བས་ན་དད་པའི་རིགས་ཀྱི་བུའམ་། རིགས་ཀྱི་བུ་མོས་སངས་རྒྱས་ཀྱི་ཞིང་དེར་སྐྱེ་བར་སྨོན ༼༢༧༧ཨ༡༽ལམ་ཐོབ་ཅིག་།,(402a17)「復次，曼殊室利！藥師琉璃光如來所有諸願，及彼佛土功德莊嚴，乃至窮劫說不可盡。  彼佛國土一向清淨，無女人形，離諸欲惡，亦無一切惡道苦聲。  琉璃為地，城闕、垣墻、門窓、堂閣柱樑、斗拱、周匝羅網，皆七寶成。  如極樂國，淨琉璃界莊嚴如是。  (402a23)於其國中有二菩薩摩訶薩，一名日光，二名月光，於彼無量無數諸菩薩眾，最為上首，持彼世尊藥師琉璃光如來正法之藏。(402a26)是故，曼殊室利！信心善男子、善女人，應當願生彼佛國土。」,(405b29)「復次，曼殊室利！彼世尊藥師琉璃光如來行菩薩道時，所發大願及彼佛土功德莊嚴，我若一劫若一劫餘說不能盡。  然彼佛土一向清淨，無有女人，亦無惡趣及苦音聲。  琉璃為地，金繩界道，城闕、宮閣、軒窓、羅網皆七寶成。  亦如西方極樂世界，功德莊嚴等無差別。  於其國中有二菩薩摩訶薩，一名日光遍照，二名月光遍照，是彼無量無數菩薩眾之上首，悉能持彼世尊藥師琉璃光如來正法寶藏。是故，曼殊室利！諸有信心善男子善女人等，應當願生彼佛世界。」
3d756724cb8e4ed398a5bb5ddbf5ae09,§7 punar api bhagavān mañjuśriyaṃ kumārabhūtam āmantrayate sma | santi mañjuśrīḥ pṛthagjanāḥ sattvāḥ ye na jānanti kuśalākuśalaṃ karma lobhābhibhūtā ajānanto dānaṃ dānasya ca phalavipākam bālā mūrkhāḥ śraddhendriyavikalā dhanasaṃcayarakṣaṇābhiyuktā na ca teṣāṃ dānasaṃvibhāge cittaṃ krāmati |  dānakāla upasthite svaśarīramāṃsaccheda ivānāttamanaso bhavanti |  aneke ca sattvā ye svayam eva na paribhuñjante | prāg eva mātāpitṛbhāryāputraduhitṝṇāṃ dāsyanti prāg eva dāsīdāsakarmakarāṇām prāg evānyeṣāṃ yācanakānām |  te tādṛśāḥ sattvā itaś cyutāḥ pretaloka upapadyante | yadi vā tiryagyonau |  yaiḥ pūrvaṃ manuṣyabhūtaiḥ śrutaṃ bhaviṣyati tasya bhagavato bhaiṣajyaguruvaiḍūryaprabhasya tathāgatasya nāmadheyam tatra teṣāṃ yamalokasthitānāṃ tiryagyonisthitānāṃ vā tasya tathāgatasya nāma āmukhībhaviṣyati saha smaraṇamātreṇa |  tataś cyavitvā punar api manuṣyaloka upapatsyante jātismarāś ca bhaviṣyanti |  te durgatibhayabhītā na bhūyaḥ kāmaguṇebhir arthikā bhaviṣyanti dānābhiratāś ca bhaviṣyanti |  dānasya ca varṇavādinaḥ sarvāstiparityāgino 'nupūrvena karacaraṇaśīrṣanayanasvamāṃsaśoṇitaṃ yācakānām anupradāsyanti prāg evānyaṃ dhanaskandham ||,ཡང་བཅོམ་ལྡན་འདས་ཀྱིས་འཇམ་དཔལ་གཞོན་ནུར་གྱུར་པ་ལ་བཀའ་སྩལ་པ་། འཇམ་དཔལ་སེམས་ཅན་སོ་སོའི་སྐྱེ་པོ་གང་དག་དགེ་བ་དང་མི་དགེ་བ་མི་ཤེས་པ་དག་ཡོད་དེ་། དེ་དག་ནི་ཆགས་པའི་ཟིལ་གྱིས་ནོན་པ་། སྦྱིན ༼༢༽པ་དང་། སྦྱིན་པའི་འབྲས་བུ་རྣམ་པ་སྨིན་པ་མི་ཤེས་པའོ་༎ དེ་དག་ནི་བྱིས་པ་། གླེན་པ་། དད་པའི་དབང་པོ་དང་བྲལ་བ་། ནོར་གསོག་ཅིང་། བསྲུང་བ་ལ་མངོན་པར་བརྩོན་གྱི་། སྦྱིན་པ་ཡང་དག་པར་འགྱེད་པ་ལ་དེ་དག་གི་སེམས་མི་འགྲོ་བ་སྟེ་། སྦྱིན་པའི་དུས་ཉེ ༼༣༽བར་གནས་པ་ན་རང་གི་ལུས་ཀྱི་ཤ་ལས་བཅད་པ་བཞིན་དུ་ཡིད་མི་དགའ་བར་འགྱུར་རོ་༎ སེམས་ཅན་དེ་དག་ནི་བདག་ཉིད་ཀྱང་དུ་མ་ཡོངས་སུ་མི་སྤྱོད་ན་། ཕ་མ་དང་། ཆུང་མ་དང་། བུ་དང་། བུ་མོ་ལ་མི་སྟེར་བ་ལྟ་སྨོས་ཀྱང་ཅི་དགོས་། བྲན་ཕོ་དང་། བྲན་མོ་དང་། ལས་བྱེད ༼༤༽པ་རྣམས་ལ་ལྟ་སྨོས་ཀྱང་ཅི་དགོས་། གཞན་སློང་བ་རྣམས་ལ་ལྟ་སྨོས་ཀྱང་ཅི་དགོས་། སེམས་ཅན་དེ་ལྟ་བུ་དེ་དག་ནི་འདི་ནས་ཤི་འཕོས་ནས་ཡི་དྭགས་ཀྱི་འཇིག་རྟེན་དུ་སྐྱེ་བར་འགྱུར་རོ་༎ ཡང་ན་དུད་འགྲོའི་སྐྱེ་གནས་སུ་སྐྱེ་བར་འགྱུར་རོ་༎ དེ་ལ་གང་དག་སྔོན་མིར་གྱུར་པ་ན་། ༼༥༽བཅོམ་ལྡན་འདས་དེ་བཞིན་གཤེགས་པ་སྨན་གྱི་བླ་བཻ་ḍū་རྱའི་འོད་དེའི་མཚན་ཐོས་པར་གྱུར་པ་དེ་དག་ནི་གཤིན་རྗེའི་འཇིག་རྟེན་ན་གནས་ཀྱང་རུང་། དུད་འགྲོའ་སྐྱེ་གནས་ན་གནས་ཀྱང་རུང་སྟེ་། དེར་དེ་བཞིན་གཤེགས་པ་དེའི་མཚན་མངོན་དུ་འགྱུར་ཞིང་། དྲན་མ་ཐག་པ་ཙམ་གྱིས  ༼༦༽དེ་ནས་ཤི་འཕོས་ནས་ཡང་མིའི་འཇིག་རྟེན་དུ་སྐྱེ་བར་འགྱུར་། ཚེ་རབས་དྲན་པར་འགྱུར་རོ་། ངན་འགྲོའི་འཇིགས་པས་སྐྲག་ནས་ཡང་འདོད་པའི་ཡོན་ཏན་དག་དོན་དུ་མི་གཉེར་བ་དང་། སྦྱིན་པ་ལ་མངོན་པར་དགའ་བ་དང་། སྦྱིན་པའི་བསྔགས་པ་བརྗོད་པ་དང་། བདོག་པ ༼༧༽ཐམས་ཅད་ཡོངས་སུ་གཏོང་བར་འགྱུར་ཏེ་། རིམ་གྱིས་རང་གི་མགོ་དང་། ལག་པ་དང་། རྐང་པ་དང་། མིག་དང་། ཤ་དང་། ཁྲག་ཀྱང་སློང་བ་རྣམས་ལ་རབ་ཏུ་སྦྱིན་པར་འགྱུར་ན་། ནོར་གྱི་ཕུང་པོ་གཞན་ལྟ་སྨོས་ཀྱང་ཅི་དགོས་།,(402a28)爾時，世尊復告曼殊室利童子言：「曼殊室利！或有眾生，不識善惡，多貪無厭，不知布施及施果報，愚癡無智，闕於信根，聚財護惜，不欲分施。此等眾生，無施心故，見乞者來，其心不喜，  如割身肉。  復有無量慳貪眾生，自不受用，亦不欲與父母、妻子，況奴婢、作使及餘乞人。  此等眾生，人間命終，生餓鬼道，或畜生道。  由昔人間，曾得聞彼藥師琉璃光如來名號故，或在鬼道，或畜生道，如來名號暫得現前，即於念時，  彼處命終，還生人道，得宿命智，  怖畏惡趣，不樂欲樂，好行慧施，  讚歎施者，一切所有，悉能捨施，漸以頭目、手足、血肉、身分皆與求者，況餘財物？」,(405c11)爾時，世尊復告曼殊室利童子言：「曼殊室利！有諸眾生，不識善惡，惟懷貪吝，不知佈施及施果報，愚癡無智，闕於信根，多聚財寶，勤加守護，見乞者來，其心不喜。  設不獲已，而行施時，如割身肉，深生痛惜。  復有無量慳貪有情，積集資財，於其自身，尚不受用，何況能與父母、妻子、奴婢作使，及來乞者？  彼諸有情，從此命終，生餓鬼界，或傍生趣。  由昔人間，曾得暫聞藥師琉璃光如來名故，今在惡趣，暫得憶念彼如來名，即於念時，  從彼處沒，還生人中。得宿命念，  畏惡趣苦，不樂欲樂，好行惠施，  讚歎施者，一切所有，悉無貪惜，漸次尚能以頭、目、手、足、血、肉、身分施來求者，況餘財物？」
4d58589da11a4095867ddd11c0339bb2,§8 punar aparaṃ mañjuśrīḥ santi sattvāḥ ye tathāgatān uddiśya śikṣāpadāni dhārayanti | te śīlavipattim āpadyante |  dṛṣṭivipattim ācāravipattiṃ vā kadācid āpadyante | te śīlavipannā ācāravipannā dṛṣṭivipannā | ye punaḥ śīlavanto bhavanti | śīlaṃ rakṣanti na punar bāhuśrutyaṃ paryeṣyante |  na ca tathāgatabhāṣitānāṃ sūtrāntānāṃ gambhīram artham ājānanti |  ye ca bahuśrutās te 'dhimānikā bhaviṣyanti mānastabdhāḥ pareṣāṃ dviṣya saddharmam apavadanti pratikṣipanti mārapakṣikās | te tādṛśā mohapuruṣāḥ svayaṃ kumārgapratipannā anyāni ca sattvakoṭiniyutaśatasahasrāṇi mahāprapātaṃ pātayanti |  teṣāṃ evaṃrūpāṇāṃ sattvānāṃ bhūyiṣṭhataraṃ narakatiryogyonigatir bhaviṣyati |  tatra yais tasya bhagavato bhaiṣajyaguruvaiḍūryaprabhasya tathāgatasya nāmadheyaṃ śrutaṃ bhaviṣyanti | teṣāṃ narakasthitānāṃ buddhānubhāvena tasya tathāgatasya nāmadheyaṃ āmukhībhaviṣyati |  te tataś cyavitvā punar api manuṣyaloka upapatsyante | samyagdṛṣṭayaś ca bhaviṣyanti | vīryavantaḥ kalyāṇāśayās te gṛhān utsṛjya tathāgatānāṃ śāsane pravrajanti | pravrajītvānupūrveṇa bodhisattvacārikāṃ paripūrayiṣyanti ||,འཇམ་དཔལ་གཞན་ཡང་སེམས་ཅན་གང ༼༢༧༧བ༡༽དག་དེ་བཞིན་གཤེགས་པ་རྣམས་ཀྱི་བསླབ་པའི་གནས་འཇིག་པ་དག་ཡོད་དེ་། དེ་དག་ཚུལ་ཁྲིམས་ལོག་པར་ཞུགས་ཤིང་། ལྟ་བ་ལོག་པར་ཞུགས་ནས་གང་དག་ཚུལ་ཁྲིམས་དང་ལྡན་པ་དེ་དག་ནི་ཚུལ་ཁྲིམས་བསྲུང་གི་མང་དུ་ཐོས་པ་ཡོངས་སུ་མི་འཚོལ་ཏེ་། དེ་བཞིན་གཤེགས ༼༢༽པས་གསུངས་པའི་མདོ་སྡེ་རྣམས་ཀྱི་དོན་ཟབ་མོ་མི་ཤེས་། གང་དག་མང་དུ་ཐོས་པ་དེ་དག་ནི་ལྷག་པའི་ང་རྒྱལ་ཅན་དུ་གྱུར་ཏེ་། ང་རྒྱལ་གྱིས་ནོན་པས་གཞན་དག་ལ་ཕྲག་དོག་བྱེད་ཅིང་དམ་པའི་ཆོས་ལ་དབང་ཟ་བར་འགྱུར་། སྤོང་བར་འགྱུར་རོ་༎ མི་བླུན་པོ་དེ་ལྟ་བུ་དེ་དག་ནི ༼༣༽བདུད་ཀྱི་ཕྱོགས་པ་སྟེ་བདག་ཀྱང་ལམ་ངན་པར་ཞུགས་ལ་། སེམས་ཅན་གཞན་བྱེ་བ་ཁྲག་ཁྲིག་བརྒྱ་སྟོང་དུ་མ་དག་ཀྱང་གཡང་ས་ཆེན་པོར་ལྟུང་བར་བྱེད་པའོ་༎ སེམས་ཅན་དེ་ལྟ་བུ་དེ་དག་ན་སེམས་ཅན་དམྱལ་བ་མི་བཟད་པར་འགྲོ་བར་འགྱུར་རོ་། གང་དག་སྔོན་མིར་གྱུར ༼༤༽པ་ན་བཅོམ་ལྡན་འདས་དེ་བཞིན་གཤེགས་པ་སྨན་གྱི་བླ་བཻ་ḍū་རྱའི་འོད་དེའི་མཚན་ཐོས་པར་གྱུར་པ་དེ་དག་ནི་སེམས་ཅན་དམྱལ་བ་ན་གནས་ཀྱང་དེར་སངས་རྒྱས་ཀྱི་མཐུས་དེ་བཞིན་གཤེགས་པ་དེའི་མཚན་མངོན་དུ་འགྱུར་ཏེ་། དེ་དག་དེ་ནས་ཤི་འཕོས་ནས་ཡང་མིའི་འཇིག་རྟེན་དུ་སྐྱེ ༼༥༽བར་འགྱུར་། ཡང་དག་པའི་ལྟ་བ་ཅན་དང་། བརྩོན་འགྲུས་དང་ལྡན་པ་དང་། དགེ་བའི་བསམ་པ་ཅན་དུ་འགྱུར་རོ་༎ དེ་དག་ཁྱིམ་སྤངས་ཏེ་དེ་བཞིན་གཤེགས་པའི་བསྟན་པ་ལ་རབ་ཏུ་བྱུང་ནས་མཐར་གྱིས་བྱང་ཆུབ་སེམས་དཔའི་སྤྱད་པ་སྤྱོད་པར་འགྱུར་རོ་༎,(402b13)「復次，曼殊室利！有諸眾生，雖奉如來，受持學句，然破戒、  破行、破於正見；  或受學句，護持禁戒，然不求多聞，不解如來所說修多羅中甚深之義；  或復多聞，而增上慢，自是非他，嫌謗正法，為魔伴黨。此等癡人，及餘無量百千俱胝那由他眾生，行邪道者，當墮地獄。  此等眾生，應於地獄流轉無期，  以得聞彼世尊藥師琉璃光如來名號故，於地獄處，彼佛威力，如來名號暫得現前，  即時捨命，還生人道，正見精進，淳善淨心，便能捨家，於如來教中出家學道，漸次修行菩薩諸行。,(405c25)「復次、曼殊室利！若諸有情，雖於如來受諸學處，而破屍羅；  有雖不破屍羅，而破軌則；有於屍羅、軌則，雖則不壞，然毀正見；  有雖不毀正見，而棄多聞，於佛所說契經，深義不能解了；  有雖多聞，而增上慢，由增上慢覆蔽心故，自是非他，嫌謗正法，為魔伴黨。如是愚人，自行邪見，復令無量俱胝有情墮大險坑。  此諸有情，應於地獄、傍生、鬼趣流轉無窮。  若得聞此藥師琉璃光如來名號，便捨惡行，修諸善法，不墮惡趣。設有不能捨諸惡行、修行善法，墮惡趣者，以彼如來本願威力，令其現前，暫聞名號。  從彼命終，還生人趣，得正見、精進，善調、意樂。便能捨家趣於非家，如來法中，受持學處，無有毀犯，正見多聞，解甚深義，離增上慢，不謗正法，不為魔伴，漸次修行，諸菩薩行，速得圓滿。」
baee96ceee234d78bb78e6ddbea87603,§9 punar aparaṃ mañjuśrīḥ santi sattvā ye ātmano varṇaṃ bhāṣanti matsariṇaś ca pareṣām avarṇam niścārayanti | ta ātmotkarṣakāḥ parapaṃsakāḥ sattvās triṣv apāyeṣu bahūni varṣasahasrāṇi duḥkham anubhaviṣyanti |  te anekānāṃ varṣaśatasahasrāṇām atyayena tataś cyavitvā gavāśvoṣṭragardabhādiṣu tiryagyoniṣūpapadyante | kaśādaṇḍaprahārais tāḍitāḥ kṣuttarṣapīḍitaśarīrā mahāntaṃ bhāraṃ vahamānā mārgaṃ gamisyanti |  yadi kadācit manuṣyapratilābhaṃ lapsyante | te nityakālaṃ nīceṣu kuleṣūpapatsyanti | paravaśagatā bhaviṣyanti |  yaiḥ pūrvaṃ manuṣyabhūtais tasya bhagavato bhaiṣajyaguruvaiḍūryaprabhasya tathāgatasya nāmadheyaṃ śrutaṃ bhaviṣyati | te tena kuśalamūlena sarvaduḥkhebhyaḥ parimokṣyanti |  tīkṣṇendriyāś ca bhaviṣyanti paṇḍitā vyaktā medhāvinaḥ kuśalaparyeṣṭyabhiyuktā nityaṃ ca kalyāṇamitrasamavadhānaṃ pratilapsyanti cchetsyanti mārapāśam bhetsyanty avidyāṇḍakośam ucchoṣayanti kleśanadīm parimucyanti jātijarāmaraṇaśokaparidevaduḥkhadaurmanasyopāyāsebhyaḥ ||,འཇམ་དཔལ ༼༦༽གཞན་ཡང་སེམས་ཅན་གང་དག་བདག་གི་བསྔགས་པ་བརྗོད་ཅིང་ཕྲག་དོག་གིས་གཞན་དག་ལ་མི་སྙན་པར་བརྗོད་པ་ཡོད་དེ་། བདག་ལ་བསྟོད་ཅིང་གཞན་ལ་སྨོད་པའི་སེམས་ཅན་དེ་དག་ངན་སོང་གསུམ་པོ་དག་ཏུ་ལོ་སྟོང་ཕྲག་མང་པོར་སྡུག་བསྔལ་མྱོང་བར་འགྱུར་རོ་༎ དེ་དག ༼༧༽ལོ་སྟོང་ཕྲག་དུ་མ་འདས་ནས་དེ་ནས་ཤི་འཕོས་ནས་བ་ལང་དང་། རྟ་དང་། རྔ་མོ་དང་། བོང་བུ་ལ་སོགས་པ་དུད་འགྲོའི་སྐྱེ་གནས་རྣམས་སུ་སྐྱེ་བར་འགྱུར་། ལྕུག་ལྕག་དང་། དབྱུག་ལྕག་རྣམས་ཀྱིས་བརྡེག་པ་དང་། བཀྲེས་པ་དང་། སྐོམ་པས་ལུས་ཉེན་པ་དང་། ༼༢༧༨ཨ༡༽ཁལ་ཆེན་པོ་བཀལ་ཏེ་ལམ་དུ་འགྲོ་བར་འགྱུར་རོ་༎ གལ་ཏེ་བརྒྱ་ལ་མིའི་སྐྱེ་བ་རྙེད་ན་ཡང་རྟག་ཏུ་རིགས་དམའ་བ་རྣམས་ཀྱི་ནང་དུ་སྐྱེ་བར་འགྱུར་། བྲན་ཏུ་འགྱུར་ཞིང་གཞན་གྱི་དབང་དུ་འགྱུར་རོ་༎ གང་དག་སྔོན་མིར་གྱུར་པ་ན་བཅོམ་ལྡན་འདས ༼༢༽དེ་བཞིན་གཤེགས་པ་སྨན་གྱི་བླ་བཻ་ḍū་རྱའི་འོད་དེའི་མཚན་ཐོས་པར་གྱུར་པ་དེ་དག་ནི་དགེ་བའི་རྩ་པ་དེས་སྡུག་བསྔལ་ཐམས་ཅད་ལས་ཡོངས་སུ་ཐར་བར་འགྱུར་། དབང་པོ་རྣོ་བར་འགྱུར་། མཁས་པ་དང་། གསལ་བ་དང་། ཡིད་གཞུངས་པ་དང་། དགེ་བ་ཡོངས ༼༣༽སུ་བཙལ་བ་ལ་མངོན་པར་བརྩོན་པ་དང་། རྟག་ཏུ་དགེ་བའི་བཤེས་གཉེན་དང་འགྲོགས་པ་རྙེད་པར་འགྱུར་། བདུད་ཀྱི་ཞགས་པ་གཅོད་པ་དང་། མ་རིག་པའི་སྒོ་ངའི་སྦུབས་གཅོག་པ་དང་། ཉོན་མོངས་པའི་ཆུ་ཀླུང་སྐེམས་པར་འགྱུར་། སྐྱེ་བ་དང་། རྒ་ཤི ༼༤༽དང་། མྱ་ངན་དང་། སྨྲེ་སྔགས་འདོན་པ་དང་། སྡུག་བསྔལ་པ་དང་། ཡིད་མི་བདེ་བ་དང་། འཁྲུག་པ་རྣམས་ལས་ཡོངས་སུ་ཐར་བར་འགྱུར་རོ་༎,(402b25) 「復次，曼殊室利！或有眾生，以妬忌故，但自稱讚，不讚他人。此諸眾生，以自高輕他故，於三惡道，無量千歲，受諸苦毒；  過無量千歲已，於彼命終，生畜生趣，作牛馬駝驢，鞭杖捶擊，飢渴逼惱，身負重擔，隨路而行；  若生人道，常居下賤，為人奴婢，受他驅役。  若昔人中，聞彼世尊藥師琉璃光如來名號者，以此善根，眾苦解脫，  諸根猛利，聰慧博識，恒求善本，得與良友常相隨逐，能斷魔羂，破無明(穀-禾+卵)，竭煩惱河，解脫一切生老病死，憂悲苦惱。,(406a13)「復次、曼殊室利！若諸有情，慳貪、嫉妒、自讚、毀他，當墮三惡趣中，無量千歲，受諸劇苦！  受劇苦已，從彼命終，來生人間，作牛、馬、駝、驢。恆被鞭撻、饑渴逼惱，又常負重，隨路而行。  或得為人，生居下賤，作人奴婢，受他驅役，恆不自在。  若昔人中，曾聞世尊藥師琉璃光如來名號，由此善因，今復憶念，至心歸依。以佛神力，眾苦解脫。  諸根聰利，智慧多聞，恆求勝法，常遇善友，永斷魔罥，破無明殼，竭煩惱河，解脫一切生老病死，憂悲苦惱。」
236dfa703d224effad235f0481762e4b,§10 punar aparaṃ mañjuśrīḥ santi sattvāḥ ye paiśunyābhiratāḥ sattvānāṃ parasparaṃ kalahavigrahavivādaṃ kārāyanti | te parasparaṃ vigrahītacittāḥ nānāvidham akuśalam abhisaṃskurvanti kāyena vācā manasā anyonyam ahitakāmā nityaṃ parasparam anarthāya parākrāmanti |  te ca vanadevatām āvāhayanti | vṛkṣadevatā giridevatāś ca śmaśāneṣu pṛthakpṛthag bhūtān āvāhayanti | tiryagyonigatāś ca prāṇino jīvitād vyavaropayanti | māṃsarudhirabhakṣān yakṣarākṣasān pūjayanti |  tasya śatror nāma vā śarīrapratimāṃ vā kṛtvā tatra ghorāṃ vidyāṃ sādhayanti |  kākhordavetālānuprayogeṇa jīvitāntarāyaṃ vā śarīrādhikṣepaṃ vā kartukāmāḥ |  yaiḥ punas tasya bhagavato bhaiṣajyaguruvaiḍūryaprabhasya tathāgatasya nāmadheyaṃ śrutaṃ bhaviṣyati | teṣāṃ na śakyaṃ kenacid antarāyaṃ kartum |  sarve ca te parasparaṃ maitracittā hitacittā avyāpannacittāś viharanti svakasvakena parigraheṇa saṃtuṣṭāḥ ||,འཇམ་དཔལ་གཞན་ཡང་སེམས་ཅན་གང་དག་ཕྲ་མ་ལ་མངོན་པར་དགའ་ཞིང་སེམས་ཅན་དག་ཕན་ཚུན་འཐབ ༼༥༽པ་དང་། རྩོད་པ་དང་། འགྱོད་པར་བྱེད་དུ་འཇུག་པ་དག་ཡོད་དེ་། སེམས་ཅན་དེ་དག་རྣམ་པར་རྩོད་པའི་སེམས་སུ་གྱུར་པས་ལུས་དང་ངག་དང་། ཡིད་ཀྱིས་མི་དགེ་བ་སྣ་ཚོགས་མངོན་པར་འདུ་བྱེད་དོ་༎ གཅིག་ལ་གཅིག་ཕན་པ་མ་ཡིན་པ་འདོད་ཅིང་རྟག་ཏུ་ཕན ༼༦༽ཚུན་གནོད་པར་བྱ་བའི་ཕྱིར་བརྩོན་ཏེ་། དེ་དག་ནགས་ཚལ་གྱི་ལྷ་དང་། ཤིང་གི་ལྷ་དང་། རིའི་ལྷ་འགུགས་པར་བྱེད་། དུར་ཁྲོད་རྣམས་སུ་འབྱུང་པོ་ཐ་དད་པ་དག་འགུགས་པར་བྱེད་། དུད་འགྲོའི་སྐྱེ་གནས་སུ་སོང་བའི་སྲོག་ཆགས་རྣམས་ཀྱི་སྲོག་གཅོད་ཅིང་ཤ་དང ༼༧༽ཁྲག་ཟ་བའི་གནོད་སྦྱིན་དང་། སྲིན་པོ་རྣམས་མཆོད་པར་བྱེད་། དགྲ་བོ་དེའི་མིང་ནས་བརྗོད་པ་འམ་། གཟུགས་བྱས་ནས་དེར་རིག་སྔགས་དྲག་པོ་བསྒྲུབ་ཅིང་། བྱད་སྟེམས་དང་། རོ་ལངས་ཀྱི་སྦྱོར་བས་སྲོག་གི་བར་ཆད་བྱ་བ་དང་། ལུས་རྣམ་པར་གཞིག་པར ༼༢༧༨བ༡༽འདོད་པ་ལ གང་དག་གིས་བཅོམ་ལྡན་འདས་དེ་བཞིན་གཤེགས་པ་སྨན་གྱི་བླ་བཻ་ḍū་རྱའི་འོད་ཀྱི་རྒྱལ་པོ་དེའི་མཚན་ཐོས་པར་གྱུར་བ་དེ་དག་ལ་གང་གིས་ཀྱང་བར་ཆད་བྱ་བར་མི་ནུས་ཏེ་། དེ་དག་ཕན་ཚུན་བྱམས་པའི་སེམས་དང་། ཕན་པའི་སེམས་དང་། གནོད་པའི་སེམས ༼༢༽མེད་པའི་སེམས་སུ་གནས་པར་འགྱུར་། རང་རང་གི་བདོག་པས་ཆོག་ཤེས་པར་འགྱུར་རོ་༎,(402c07) 「復次，曼殊室利！有諸眾生，好喜乖離，更相鬪訟，此等互起惡心眾生，身口及意，恒作諸惡，為欲相損，各各常以無益相加，  或告林神、樹神、山神、塚神種種別神，殺諸畜生，取其血肉，祭祀一切夜叉、羅剎食血肉者，  書怨人字，并作其形，成就種種毒害、呪術、  厭魅蠱道、起屍鬼呪，欲斷彼命及壞其身。  由聞世尊藥師琉璃光如來名號故，此諸惡事不能傷損，  皆得互起慈心、益心、無嫌恨心，各各歡悅，更相攝受。,(406a24)復次、曼殊利室！若諸有情，好喜乖離，更相鬥訟，惱亂自他，以身語意，造作增長，種種惡業，輾轉常為不饒益事，互相謀害。  告召山林樹塚等神；殺諸眾生，取其血肉，祭祀藥叉、羅剎婆等；  書怨人名，作其形像，以惡咒術，而咒詛之；  厭魅蠱道，咒起屍鬼，令斷彼命，及壞其身。  是諸有情，若得聞此藥師琉璃光如來名號，彼諸惡事，悉不能害；  一切輾轉，皆起慈心，利益安樂，無損惱意，及嫌恨心，各各歡悅，於自所受，生於喜足，不相侵淩，互為饒益。
b61a6e9cddc44ec5b85f69a1bb86a213,§11 punar aparaṃ mañjuśrīr etāś catasraḥ parṣado bhikṣubhikṣuṇyupāsakopāsikā ye cānye śrāddhāḥ kulaputrā vā kuladuhitaro vā āryāṣṭāṅgasamanvāgatam upavāsam upavasanti | ekavārṣikaṃ vā traimāsikaṃ vā śikṣāpadaṃ dhārayanti |  teṣām evaṃ praṇidhānam evam abhiprāyam anena vayaṃ kuśalamūlena paścimāyāṃ diśi sukhāvatyāṃ lokadhātāv upapadyema yatrāmitāyus tathāgataḥ |  yaiḥ punas tasya bhagavato bhaiṣajyaguruvaiḍūryaprabhasya tathāgatasya nāmadheyaṃ śrutaṃ bhaviṣyati | teṣāṃ maraṇakālasamaya aṣṭau bodhisattvā ṛddhyā āgatvā mārgam upadarśayanti | te tatra nānāraṅgeṣu padmeṣūpapādukāḥ prādurbhaviṣyanti |  kecit punar devaloke upapatsyante | teṣāṃ tatropapannānāṃ tat pūrvakaṃ kuśalamūlaṃ na kṣīyate na ca durgatigāmino bhaviṣyanti |  tataś cavitvā iha manuṣyaloke upapatsyante | rājāno bhaviṣyanti caturdvīp'êśvarāś cakravartinaḥ | ta anekāni sattvakoṭīniyutaśatasahasrāṇi daśasu kuśaleṣu karmapatheṣu pratiṣṭhāpayiṣyanti |  apare punaḥ kṣatriyamahāsālakuleṣūpapatsyanti | brāhmaṇamahāśālakuleṣu gṛhapatimahāsālakuleṣu prabhūtadhanadhānyakośakoṣṭhāgārasamṛddheṣu ca kuleṣūpapatsyante | te rūpasaṃpannāś ca bhaviṣyanti | aiśvaryasaṃpannāś ca parivārasaṃpannāś ca śūrāś ca vīrāś ca mahānagnabalavegadhāriṇāś ca bhaviṣyanti |,འཇམ་དཔལ་གཞན་ཡང་འཁོར་བཞི་པོ་དགེ་སློང་དང་། དགེ་སློང་མ་དང་། དགེ་བསྙེན་དང་། དགེ་བསྙེན་མ་དེ་དག་དང་། གཞན་ཡང་དད་པའི་རིགས་ཀྱི་བུ་འམ་། ༼༣༽རིགས་ཀྱི་བུ་མོ་གང་དག་ཡན་ལག་བརྒྱད་དང་ལྡན་པའི་བསྙེན་གནས་ལ་ཉེ་བར་གནས་ཏེ་། ལོ་གཅིག་གམ་། ཟླ་བ་གསུམ་དུ་བསླབ་པའི་གཞི་རྣམས་འཛིན་ཅིང གང་དག་གིས་བསམ་པས་བདག་གིས་དགེ་བའི་རྩ་བ་འདིས་ནུབ་ཕྱོགས་གཞན་དེ་བཞིན་གཤེགས་པ་ཚེ་དཔག་མེད ༼༤༽བཞུགས་པའི་འཇིག་རྟེན་གྱི་ཁམས་བདེ་བ་ཅན་དུ་སྐྱེ་བར་ཤོག་ཅིག་ཅེས་སྨོན་ལམ་དེ་ལྟ་བུ་བཏབ་པ་དག་ལས་། གང་དག་གིས་བཅོམ་ལྡན་འདས་དེ་བཞིན་གཤེགས་པ་སྨན་གྱི་བླ་བཻ་ḍū་རྱའི་འོད་དེའི་མཚན་ཐོས་པར་གྱུར་པ་དེ་དག་འཆི་བའི་དུས་ཀྱི་ཚེ་བྱང་ཆུབ་སེམས་དཔའ་བརྒྱད་རྫུ ༼༥༽འཕྲུལ་གྱིས་ལྷགས་ནས་ལམ་སྟོན་པར་འགྱུར་ཏེ་། དེ་དག་དེར་པདམ་ཚོན་ཁ་དོག་སྣ་ཚོགས་རྣམས་ལས་རྫུས་ཏེ་སྐྱེ་བར་འགྱུར་རོ་༎ གང་ལ་ལ་དག་ལྷའི་འཇིག་རྟེན་དུ་སྐྱེ་བར་འགྱུར་བ་དེ་དག་ནི་དེར་སྐྱེས་ནས་སྔོན་གྱི་དགེ་བའི་རྩ་བ་དེ་ཟད་པར་མི་འགྱུར་ཞིང་ངན་འགྲོར་འགྲོ་བར་མི ༼༦༽འགྱུར་རོ་༎ དེ་ནས་ཤི་འཕོས་ནས་ཀྱང་མིའི་འཇིག་རྟེན་འདིར་གླིང་བཞི་པའི་དབང་ཕྱུག་འཁོར་ལོས་བསྒྱུར་བའི་རྒྱལ་པོར་འགྱུར་ཏེ་། སེམས་ཅན་བྱེ་བ་ཁྲག་ཁྲིག་བརྒྱ་སྟོང་དུ་མ་དགེ་བ་བཅུའི་ལས་ཀྱི་ལམ་ལ་འགོད་བར་འགྱུར་རོ་༎ གཞན་དུ་ན་ཡང་རྒྱལ་རིགས་ཤིང་སཱ་ལ་ཆེན་པོ་ལྟ་བུའི ༼༧༽ཁྱིམ་དག་ཏུ་སྐྱེ་བར་འགྱུར་། བྲམ་ཟེ་ཤིང་སཱ་ལ་ཆེན་པོ་ལྟ་བུའི་ཁྱིམ་དག་དང་། ཁྱིམ་བདག་ཤིང་སཱ་ལ་ཆེན་པོ་ལྟ་བུའི་ཁྱིམ་དག་དང་། ནོར་དང་། འབྲུ་དང་། མཛོད་དང་། བང་བ་མང་པོ་འབྱོར་པའི་ཁྱིམ་དག་ཏུ་སྐྱེ་བར་འགྱུར་ཏེ་། གཟུགས་ཕུན་སུམ་ཚོགས་པ་དང་། དབང ༼༢༧༩ཨ༡༽ཕྱུག་ཕུན་སུམ་ཚོགས་པ་དང་། གཡོག་ཕུན་སུམ་ཚོགས་པ་དང་། དཔའ་བ་དང་། བརྟུལ་ཕོད་པ་དང་། ཚན་པོ་ཆེ་ཆེན་པོའི་སྟོབས་ཀྱི་ཤུགས་དང་ལྡན་པར་འགྱུར་རོ་༎,(402c17)「復次，曼殊室利！此諸四眾——比丘、比丘尼、優婆塞、優婆私——及餘信心善男子、善女人等，受八分齋，或復一年，或復三月受持諸戒，  以此善根，隨所憙樂，隨所願求，若欲往生西方極樂世界阿彌陀如來所者，  由得聞彼世尊藥師琉璃光如來名號故，於命終時，有八菩薩乘空而來，示其道徑，即於彼界，種種異色波頭摩華中自然化生；  若復此人欲生天上，即得往生，本昔善根無有窮盡，不復更生諸餘惡趣，  天上命盡，當生人間，為轉輪王，四洲自在安立，無量百千俱胝那由他眾生於十善業道，  或復生於剎利大族、婆羅門大族、居士大家，金銀、粟帛、倉庫盈滿，形色具足，自在具足，眷屬具足，勇健多力如大力士。,"(406b06)「復次，曼殊室利！若有四眾：苾芻、苾芻尼、鄔波索迦、鄔波斯迦，及餘淨信善男子、善女人等，有能受持八分齋戒，或經一年，或復三月，受持學處，  以此善根，願生西方極樂世界無量壽佛所，聽聞正法，而未定者,  若聞世尊藥師琉璃光如來名號，臨命終時，有八菩薩乘神通來示其道路，即於彼界種種雜色眾寶華中自然化生。  或有因此生於天上，雖生天中，而本善根，亦未窮盡，不復更生諸餘惡趣。  天上壽盡，還生人間，或為輪王統攝四洲，威德自在，安立無量百千有情於十善道。  或生剎帝利、婆羅門、居士大家，多饒財寶，倉庫盈溢。形相端嚴，眷屬具足。聰明智慧。勇健威猛如大力士。"
4bba0365c6504c8d94e4f50dd855a81a,§12 yaś ca mātṛgrāmas tasya bhagavato bhaiṣajyaguruvaiḍūryaprabhasya tathāgatasya nāmadheyaṃ śrutvodgrahīṣyati | tasya sa eva paścimastrībhāvaḥ pratikāṅkṣitavyaḥ ||,བུད་མེད་གང་གིས་དེ་བཞིན་གཤེགས་པ་དེའི་མཚན་ཐོས་ཤིང་བཟུང་བ་དེའི་བུད ༼༢༽མེད་ཀྱི་དངོས་པོ་དེ་ཐ་མ་ཡིན་པར་ཤེས་པར་བྱའོ་༎,若有女人得聞說此如來名號至心受持，此人於後永離女身。」,若是女人得聞世尊藥師如來名號至心受持，於後不復更受女身。」
7d5d4ddf80584d0195a34e2bbfc14653,§13 atha khalu mañjuśrīḥ kumārabhūto bhagavantam etad avocat |  ahaṃ bhagavan paścime kāle paścime samaye teṣāṃ śrāddhānāṃ kulaputrāṇāṃ kuladuhitṝṇāṃ ca tasya bhagavato bhaiṣajyaguruvaiḍūryaprabhasya tathāgatasya nānopāyair nāmadheyaṃ saṃśrāvayiṣyāmi | antaśaḥ svapnāntaragatānām api buddhanāmakaṃ karṇapuṭeṣu upasaṃhārayiṣyāmi | ye cedaṃ sūtraṃ dhārayiṣyanti vācayiṣyanti deśayiṣyanti parebhyo vistareṇa saṃprakāśayiṣyanti likhiṣyanti lekhayiṣyanti | pustagataṃ vā kṛtvā satkariṣyanti nānāpuṣpadhūpagandhalepanacchatradhvajapatākābhis taiḥ pañcaraṅgikair vastraiḥ pariveṣṭya śucau pradeśe sthāpayitavyam |  tatra catvāro mahārājānaḥ saparivārā anyāni ca devakoṭiniyutaśatasahasrāṇi tatropasaṃkramiṣyanti |  yatredaṃ sūtraṃ pracariṣyati ye ca bhagavan imaṃ sūtraratnaṃ dhārayiṣyanti | tasya bhagavato bhaiṣajyaguruvaiḍūryaprabhasya tathāgatasya pūrvapraṇidhānaviśeṣavistaravibhaṅgaṃ tasya vā tathāgatasya nāmadheyaṃ teṣāṃ nākālamaraṇaṃ bhaviṣyati | na cāsya kenacit ojaḥ śakyam apahartum hṛtaṃ api ojaḥ punar api saṃharati ||,དེ་ནས་བཅོམ་ལྡན་འདས་ལ་འཇམ་དཔལ་གཞོན་ནུར་གྱུར་པས་འདི་སྐད་ཅེས་གསོལ་ཏོ་༎ བཅོམ་ལྡན་འདས་སླད་མའི་ཚེ་སླད་མའི་དུས་ན་། གང་དག་མདོ་འདི་འཆང་བ་དང་། ཀློག་པ་དང་། འཆད་པ་དང་། གཞན ༼༣༽དག་ལ་རྒྱ་ཆེར་ཡང་དག་པར་སྟོན་པ་དང་། ཡི་གེར་འདྲི་བ་དང་། ཡི་གེར་འདྲིར་སྩོལ་བ་དང་། གླེགས་བམ་ལ་བྲིས་ཏེ་མེ་ཏོག་དང་། བདུག་པ་དང་། སྤོས་དང་། ཕྲེང་བ་དང་བྱུག་པ་དང་། གདུགས་དང་། རྒྱལ་མཚན་རྣམས་ཀྱིས་བཀུར་སྟི་བགྱིད་པའི་དད་པའི་རིགས ༼༤༽ཀྱི་བུ་འམ་། རིགས་ཀྱི་བུ་མོ་དེ་དག་ལ་བདག་གིས་བཅོམ་ལྡན་འདས་དེ་བཞིན་གཤེགས་པ་སྨན་གྱི་བླ་བཻ་ḍū་རྱའི་འོད་དེའི་མཚན་རྣམ་པ་སྣ་ཚོགས་སུ་བསྒྲག་པར་བགྱི་འོ་༎ ཐ་ན་རྨི་ལམ་དུ་ཡང་སངས་རྒྱས་ཀྱི་མཚན་རྣ་ལམ་དུ་ཉེ་བར་བསྒྲག་པར་བགྱིའོ་༎ ཚོན་སྣ་ལྔ་པའི ༼༥༽གོས་རྣམས་ཀྱིས་དཀྲིས་ཏེ་ཕྱོགས་གཙང་མར་བཞག་ན་། གང་ན་མདོ་སྡེ་འདི་གནས་པ་དེར་རྒྱལ་པོ་ཆེན་པོ་བཞི་འཁོར་དང་བཅས་པ་དང་། ལྷ་བྱེ་བ་ཁྲག་ཁྲིག་བརྒྱ་སྟོང་གཞན་ཡང་མཆི་བར་འགྱུར་རོ་༎ གང་དག་བཅོམ་ལྡན་འདས་དེ་བཞིན་གཤེགས་པ་སྨན་གྱི་བླ་བཻ་ḍū་རྱའི་འོད ༼༦༽དེའི་མཚན་དང་། སྔོན་གྱི་སྨོན་ལམ་གྱི་ཁྱད་པར་རྒྱས་པའི་མདོ་འདི་འཛིན་པ་དེ་དག་དུས་མ་ལགས་པར་འགུམ་པར་མི་འགྱུར་། སུས་ཀྱང་མདངས་འཕྲོག་པར་མི་ནུས་ཏེ་། ཕྲོགས་ན་ཡང་སླར་འཕྲོག་པར་འགྱུར་རོ་༎,(403a05)爾時，曼殊室利童子白佛言：  「世尊！我於後時，以彼世尊藥師琉璃光如來名號，於信心善男子、善女人所，種種方便流布令聞，乃至睡中亦以佛名覺寤其耳。若受持此經讀誦宣說，或復為他分別開解，若自書，若令人書，若取經卷五色淨綵以盛裹之，灑掃淨處以安置之，持種種華、種種香、塗香、華鬘、寶幢、幡蓋而用供養  ，爾時，四大天王，與其眷屬，并餘百千俱胝那由他諸天，皆詣其所。  若此經卷流行之處，若復有人誦持此經，以得聞彼世尊藥師琉璃光如來名號，及本昔所發殊勝大願故，當知是處無復橫死，亦復不為諸鬼所持奪其魂魄，設已奪者，還復如故。」,(406b22)爾時，曼殊室利童子白佛言：  「世尊！我當誓於像法轉時，以種種方便，令諸淨信善男子善女人等，得聞世尊藥師琉璃光如來名號，乃至睡中亦以佛名覺悟其耳。世尊！若於此經受持讀誦，或復為他演說開示，若自書、若教人書，恭敬尊重以種種花香、塗香、末香、燒香、花鬘、瓔珞、幡蓋、伎樂而為供養，以五色綵作囊盛之，掃灑淨處敷設高座而用安處，  爾時，四大天王與其眷屬及餘無量百千天眾，皆詣其所供養守護。  世尊！若此經寶流行之處，有能受持，以彼世尊藥師琉璃光如來本願功德及聞名號，當知是處無復橫死，亦復不為諸惡鬼神奪其精氣；設已奪者，還得如故，身心安樂。」
80f97d8cf5114da498a2fabc55d08869,§14 bhagavān āhaivam etan mañjuśrīr evam etad yathā vadasi |  yaś ca mañjuśrīḥ śrāddhaḥ kulaputro vā kuladuhitā vā tasya tathāgataḥ pūjāṃ kartukāmaḥ syāt |  tena tasya tathāgatasya pratimā kārāyitavyā | sapta rātriṃdivam āryāṣṭāṅgasamanvāgatam upavāsam upavasitavyam | śucinā śucāhārabhojinā śucau pradeśe nānāpuṣpābhikīrṇe nānāgandhanirdhūpite nānāvastracchatradhvajapatākāsamalaṃkṛte pṛthivīpradeśe susnātagātreṇa śucivimalavasanadhāriṇā nirmalacittena sarvasattveṣu maitracittena karuṇāmuditopekṣacittena sarvasattveṣu samacittena bhavitavyam | nānātūryasaṃgītipravāditena sā tathāgatapratimā pradakṣiṇīkaraṇīyā |  tasya ca tathāgatasya pūrvapraṇidhānaṃ manasikartavyam | idaṃ ca sūtraṃ pravartayitavyam | yaṃ cintayati yaṃ prārthayati tat sarvaṃ samṛdhyati |  yadi vā dīrghāyuṣkatāṃ dīrghāyur bhavati | yadi bhogāṃ prārthayati bhogavān bhavati | yady aiśvaryam tad alpakṛcchreṇa prāpnoti | yadi putrābhilāṣī bhavati putrapratilābho bhavati |  ye vā duḥsvapnaṃ paśyanti yatra vāyasā sthitā bhavanti durnimittaṃ vā sthitaṃ bhavati yatra sthāne alakṣmīśatam upasthitaṃ bhavati | te tasya bhagavato bhaiṣajyaguruvaiḍūryaprabhasya tathāgatasya nānāprakāreṇa pūjā satkāraṃ kurvanti | sarvaduḥsvapnadurnimittāmāṅgalyāś ca bhāvāḥ praśamiṣyanti |  yeṣām agnyudakaviṣaśastrapratāpacaṇḍahastisiṃhavyāghrarkṣatarakṣadvīpikāśīviṣavṛścikaśatapādidaṃśamaśakādibhayaṃ bhavet tais tasya tathāgatasya pūjā kartavyā | tadā sarvabhayebhyaḥ parimokṣyanti |  yeṣāṃ paracakracorabhayaṃ tais tasya tathāgatasya pūjā kartaṇīyā ||,བཅོམ་ལྡན་འདས་ཀྱིས་བཀའ་སྩལ་པ་། འཇམ་དཔལ ༼༧༽དེ་དེ་བཞིན་ཏེ་ཇི་སྐད་སྨྲས་པ་བཞིན་ནོ་༎ འཇམ་དཔལ་དད་པའི་རིགས་ཀྱི་བུ་འམ་། རིགས་ཀྱི་བུ་མོ་གང་དག་དེ་བཞིན་གཤེགས་པ་དེ་ལ་མཆོད་པ་བྱེད་པ་དེ་དག་གིས དེ་བཞིན་གཤེགས་པ་དེའི་སྐུ་གཟུགས་བྱ་། ཉིན་ཞག་བདུན་དུ་འཕགས་པའི་ལམ་ཡན་ལག་བརྒྱད་དང་ལྡན་པའི ༼༢༧༩བ༡༽བསྙེན་གནས་ལ་ཉེ་བར་གནས་པར་བྱའོ་༎ ཁ་ཟས་གཙང་མ་བཟའ་ཞིང་ལུས་ལེགས་པར་བཀྲུས་ཏེ་། གོས་བཟང་པོ་དྲི་མ་མེད་པ་བགོ་ཞིང་ཕྱོགས་གཙང་མར་མེ་ཏོག་སྣ་ཚོགས་སིལ་མ་བཀྲམ་པ་། སྤོས་སྣ་ཚོགས་ཀྱིས་བདུག་པ་། རས་དང་། གདུགས་དང་། རྒྱལ་མཚན ༼༢༽སྣ་ཚོགས་ཀྱིས་ལེགས་པར་བརྒྱན་པའི་ས་ཕྱོགས་སུ་དྲི་མ་མེད་པའི་སེམས་དང་། རྙོག་པ་མེད་པའི་སེམས་དང་། གནོད་སེམས་མེད་པའི་སེམས་དང་། བྱམས་པའི་སེམས་དང་། བཏང་སྙོམས་ཀྱི་སེམས་དང་། མཉམ་པའི་སེམས་སུ་བྱ་། རོལ་མོའི་སྒྲ་དང་། སིལ ༼༣༽སྙན་དང་། གླུ་དབྱངས་བླང་ཞིང་དེ་བཞིན་གཤེགས་པའི་སྐུ་གཟུགས་དེ་ལ་བསྐོར་བ་བྱ་སྟེ་། དེའི་སྔོན་གྱི་སྨོན་ལམ་ཡང་ཡིད་ལ་བྱ་ཟིང་མདོ་སྡེ་འདི་ཡང་བསྟན་ན་གང་བསམས་པ་དང་། གང་སྨོན་པའི་བསམ་པ་དེ་ཐམས་ཅད་ཡོངས་སུ་རྫོགས་པར་འགྱུར་ཏེ་། གལ་ཏེ་ཚེ་རིང ༼༤༽བར་སྨོན་ན་ནི་ཚེ་རིང་པོར་འགྱུར་རོ་༎ གལ་ཏེ་ལོངས་སྤྱོད་དང་ལྡན་པར་སྨོན་ན་ནི་ལོངས་སྤྱོད་འབྱོར་པར་འགྱུར་རོ་༎ གལ་ཏེ་དབང་ཕྱུག་དང་ལྡན་པར་སྨོན་ན་ནི་ཚིགས་ཆུང་དུས་རྙེད་པར་འགྱུར་རོ་༎ གལ་ཏེ་བུ་འདོད་ན་ནི་བུ་རྙེད་པར་འགྱུར་རོ་༎ གང་དག་སྡིག་པ་ཅན་གྱི་རྨི ༼༥༽ལམ་རྨིས་སམ་། གང་དུ་བྱ་ཁྭ་ཏ་དང་། ལྟས་ངན་པ་མཐོང་ངམ་། གནས་གང་དུ་བཀྲ་མི་ཤིས་པ་བརྒྱ་དག་གནས་པར་གྱུར་པ་ལ་གང་དག་བཅོམ་ལྡན་འདས་དེ་བཞིན་གཤེགས་པ་སྨན་གྱི་བླ་བཻ་ḍū་རྱའི་འོད་དེ་ལ་མཆོད་པ་རྣམ་པ་སྣ་ཚོགས་ཀྱིས་བཀུར་སྟི་བྱེད་ན་། རྨི་ལམ་ངན ༼༦༽པ་དང་། ལྟས་ངན་པ་དང་། བཀྲ་མི་ཤིས་པའི་དངོས་པོ་ཐམས་ཅད་མཐོང་བར་མི་འགྱུར་རོ་༎ གང་དག་མེས་འཇིགས་པ་དང་། ཆུས་འཇིགས་པ་དང་། དུག་གིས་འཇིགས་པ་དང་། མཚོན་གྱིས་འཇིགས་པ་དང་། གཡང་སས་འཇིགས་པ་དང་། གླང་པོ་ཆེ་གཏུམ་པོས ༼༧༽འཇིགས་པ་དང་། སེང་གེས་འཇིགས་པ་དང་། སྟག་གིས་འཇིགས་པ་དང་། དོམ་དང་། དྲེད་དང་། སྦྲུལ་གདུག་པས་འཇིགས་པ་དང་། སྦྲུལ་དང་། སྡིག་པ་དང་། རྐང་ལག་བརྒྱ་པའི་འཇིགས་པ་དེ་དག་གིས་། དེ་བཞིན་གཤེགས་པ་དེ་ལ་མཆོད་པ་བྱས་ན་འཇིགས་པ ༼༢༨༠ཨ༡༽ཐམས་ཅད་ལས་ཡོངས་སུ་ཐར་པར་འགྱུར་རོ་༎ གང་དག་ཕ་རོལ་གྱི་དམག་ཚོགས་ཀྱིས་འཇིགས་པ་དང་། རྐུན་པོས་འཇིགས་པ་དང་། ཆོམ་པོས་འཇིགས་པ་དེ་དག་གིས་ཡང་དེ་བཞིན་གཤེགས་པ་དེ་ལ་མཆོད་པ་བྱའོ་༎,(403a18)佛言：「如是，如是！曼殊室利！如汝所說。  曼殊室利！信心善男子、善女人，若欲供養彼如來者，  此人應作如來形像，七日七夜受八分齋食清淨食，於清淨處散種種華，燒種種香，以種種繒綵，種種幡幢，莊嚴其處，澡浴清潔，著新淨衣，應生無垢濁心，無怒害心，於一切眾生起利益心，慈悲喜捨平等之心，鼓樂歌讚，右遶佛像，  應念彼如來本昔大願并解釋此經，如所思念，如所願求，一切所欲，皆得圓滿。  求長壽得長壽，求福報得福報，求自在得自在，求男女得男女。  (403a29)或復有人忽得惡夢，或見諸惡相，或怪鳥來集，於其住所百怪出現，此人若能以種種眾具，供養恭敬彼藥師琉璃光如來者，一切惡夢、惡相、不吉祥事皆悉隱沒，  或有水怖、火怖、刀怖、毒怖、懸嶮之怖，惡象、師子、虎狼、熊羆、毒蛇、惡蝎、蜈蚣、蚰蜒如是等怖，憶念供養彼如來者，一切怖畏皆得解脫。  若他國侵擾、賊盜反亂、如是等怖，亦應念彼如來恭敬尊重。」,(406c07)佛告曼殊室利：「如是！如是！如汝所說。  曼殊室利！若有淨信善男子、善女人等，欲供養彼世尊藥師琉璃光如來者，  應先造立彼佛形像，敷清淨座而安處之；散種種花，燒種種香，以種種幢幡莊嚴其處；七日七夜，受持八分齋戒，食清淨食，澡浴香潔，著新淨衣，應生無垢濁心，無怒害心，於一切有情，起利益安樂，慈、悲、喜、捨，平等之心，鼓樂歌讚，右繞佛像。  復應念彼如來本願功德，讀誦此經，思惟其義，演說開示。隨所樂願，一切皆遂。  求長壽得長壽，求富饒得富饒，求官位得官位，求男女得男女。  若復有人，忽得惡夢，見諸惡相，或怪鳥來集，或於住處，百怪出現；此人若以眾妙資具，恭敬供養彼世尊藥師琉璃光如來者，惡夢惡相，諸不吉祥，皆悉隱沒，不能為患。  或有水、火、刀、毒、懸嶮、惡象、師子、虎、狼、熊、羆、毒蛇、惡蠍、蜈蚣、蚰蜒、蚊虻等怖；若能至心憶念彼佛，恭敬供養，一切怖畏皆得解脫。  若他國侵擾，盜賊反亂；憶念恭敬彼如來者，亦皆解脫。」
e2bbc0568cfc45119a1925077c9dcbaf,§15 punar aparaṃ mañjuśrīr ye śrāddhāḥ kulaputrāḥ kuladuhitaro vā yāvajjīvaṃ triśaraṇam gṛhṇanti | ananyadevatā bhavanti | ye vā pañca śikṣāpadāni dhārayanti | ye bodhisattvasaṃvaraṃ śikṣāpadaśataṃ dhārayanti ye punar abhiniṣkrāntagṛhavāsā bhikṣavaḥ pañcāśādhike dve śikṣāpadaśate dhārayanti | yā bhikṣuṇyaḥ pañca śikṣāpadaśatāni dhārayanti |  ye ca yathāparigṛhītāḥ śikṣāsaṃvarās tadanyatarāc chikṣāpadād bhraṣṭā bhavanti | sacet te durgatibhayabhītās tasya bhagavato bhaiṣajyaguruvaiḍūryaprabhasya tathāgatasya nāmadheyaṃ dhārayeyur na bhūyas teṣāṃ tryapāyagatiḥ duḥkhaṃ pratikāṅkṣitavyam |  yaś ca mātṛgrāmaḥ prasavanakāle prasūtiduḥkhaiḥ paripīḍitas tasya bhagavato bhaiṣajyaguruvaiḍūryaprabhasya tathāgatasya nāmadheyam anusmaret pūjāṃ ca kuryāt |  sa sukhaṃ ca prasavati sarvāṅgaparipūrṇaṃ putraṃ janayiṣyati | abhirūpaṃ prāsādikaṃ darśanīyaṃ tīkṣṇendriyaṃ buddhimantam | arogaś ca bhaviṣyaty alpābādhaḥ  | na ca śakyam amānuṣair ojo 'pahartum ||,འཇམ་དཔལ ༼༢༽གཞན་ཡང་དད་པའི་རིགས་ཀྱི་བུ་འམ་། རིགས་ཀྱི་བུ་མོ་གང་ཇི་སྲིད་འཚོའི་བར་དུ་དཀོན་མཆོག་གསུམ་ལ་སྐྱབས་སུ་འཛིན་ཅིང་། ལྷ་གཞན་མི་འཛིན་པ་དང་། གང་དག་ཡང་བསླབ་པའི་གཞི་ལྔ་པོ་དག་འཛིན་པ་དང་། གང་དག་བསླབ་པའི་གཞི་བཅུ་པོ་དག་འཛིན ༼༣༽པ་དང་། གང་དག་བྱང་ཆུབ་སེམས་དཔའི་སྡོམ་པ་བསླབ་པའི་གཞི་བཞི་བརྒྱ་པོ་དག་འཛིན་པ་དང་། ཁྱིམ་གྱི་གནས་ནས་བྱུང་བའི་དགེ་སློང་གང་དག་བསླབ་པའི་གཞི་ཉིས་བརྒྱ་ལྔ་བཅུ་པོ་དག་འཛིན་པ་དང་། དགེ་སློང་མ་གང་དག་བསླབ་པའི་གཞི་ལྔ་བརྒྱ་པོ་དག་འཛིན་པ་དང་།  ༼༤༽གང་དག་ཇི་ལྟར་ཡོངས་སུ་བཟུང་བའི་བསླབ་པའི་སྡོམ་པ་དེ་དག་གི་ནང་ནས་བསླབ་པའི་གཞི་གང་ཡང་རུང་བ་ཞིག་ལས་ཉམས་པར་གྱུར་ཏེ་། ངན་འགྲོ་ངན་སོང་གིས་འཇིགས་སྐྲག་པ་གང་དག་བཅོམ་ལྡན་འདས་དེ་བཞིན་གཤེགས་པ་སྨན་གྱི་བླ་བཻ་ḍū་རྱའི་འོད་དེ་ལ་མཆོད་པ་རྣམ་པ་སྣ ༼༥༽ཚོགས་བྱེད་ན་། དེ་དག་ལ་ངན་སོང་གསུམ་གྱི་སྡུག་བསྔལ་མེད་པར་ཤེས་པར་བྱའོ་། བུད་མེད་གང་ལ་ལ་བུ་བཙའ་བའི་དུས་ན་སྡུག་བསྔལ་མ་རུངས་པ་དྲག་པོ་མི་བཟད་པ་མྱོང་བ་དེས་། བཅོམ་ལྡན་འདས་དེ་བཞིན་གཤེགས་པ་སྨན་གྱི་བླ་བཻ་ḍū་རྱའི་འོད་དེ་ལ་མཆོད་ན་། དེ་མྱུར་དུ ༦༼༽ཡོངས་སུ་ཐར་པར་འགྱུར་རོ་༎ བུ་ཡང་ཡན་ལག་ཡོངས་སུ་ཚང་བར་བཙའ་ཞིང་གཟུགས་བཟང་བ་དང་། མཛེས་པ་དང་། བལྟ་ན་སྡུག་པ་དང་། དབང་པོ་རྣོ་བ་དང་། བློ་དང་ལྡན་པ་དང་། ནད་མེད་ཅིང་གནོད་པ་ཉུང་བར་འགྱུར་རོ་༎ དེ་ལ་མི་མ་ཡིན་པས་མདངས་འཕྲོག་པར ༼༧༽མི་ནུས་སོ་༎,(403b09)「復次，曼殊室利！若有信心善男子、善女人，乃至盡形受三歸依，不事餘天，或持五戒，或持十戒，或持菩薩一百四戒，或復出家受持比丘二百五十戒，若比丘尼受持五百戒，  於隨所受中，毀犯禁戒，畏墮惡道，若能供養彼世尊藥師琉璃光如來者，決定不受三惡道報。  或有女人臨當產時，受於極苦，若能稱名供養彼世尊藥師琉璃光如來者，速得解脫。  所生之子身分具足，形色端正，見者歡喜，利根聰明，安隱少病，無有非人奪其魂魄。」,(407a07)「復次，曼殊室利！若有淨信善男子、善女人等，乃至盡形不事餘天，惟當一心歸佛、法、僧，受持禁戒，若五戒、十戒、菩薩四百戒、苾芻二百五十戒、苾芻尼五百戒，  於所受中或有毀犯，怖墮惡趣，若能專念彼佛名號，恭敬供養者，必定不受三惡趣生。  或有女人，臨當產時，受於極苦；若能至心稱名禮讚，恭敬供養彼如來者，眾苦皆除。  所生之子，身分具足，形色端正，見者歡喜，利根聰明，安隱少病，無有非人，奪其精氣。」
0ff541e062b24c2dbcad10764c56a4f2,§16 atha khalu bhagavān āyuṣmantam ānandam āmantrayām āsa | śraddhadhāsi tvam ānanda pattīyasi | yad ahaṃ tasya bhagavato bhaiṣajyaguruvaiḍūryaprabhasya tathāgatasya guṇān varṇayāmi | atha bhavati te kāṅkṣā vā vimatir vā vicikitsā vā atra gambhīre buddhagocare |  athāyuṣmān ānando bhagavantam etad avocat | na me bhadanta bhagavan kāṅkṣā vā vimatir vā vicikitsā vā tathāgatabhāṣiteṣu sūtrānteṣu |  tat kasya hetoḥ | nāsti tathāgatānām apariśuddhakāyavāṅmanaḥsamudācāratā |  imau bhagavan candrasūryāv evaṃ mahārddhikāv evaṃ mahānubhāvau pṛthivyāṃ prapatetām | sa sumerur parvatarājaḥ sthānāc calet | na tu buddhānāṃ vacanam anyathā bhavet |  kiṃ tu bhadanta bhagavan santi sattvāḥ śraddhendriyavikalāḥ | ya idaṃ buddhagocaraṃ śrutvaivaṃ vakṣyanti | katham etad yan nāmadheyasmaraṇamātreṇa tasya tathāgatasya etāvanti guṇānuśaṃsā bhavanti | te na śraddadhanti na pattīyanti pratikṣipanti |  teṣāṃ dīrgharātram anarthāyāhitāyāsukhāya vinipātāya bhaviṣyati |  bhagavān āha | asthānam ānandānavakāśo yena tasya tathāgatasya nāmadheyaṃ śrutam yat tasya sattvasya durgatigamanaṃ bhaven nedaṃ sthānaṃ vidyate |  duḥśraddhānīyam ānanda buddhānāṃ gocaraṃ yad api tvam ānanda śraddadhāsi tathāgatasyaiṣo ’nubhāvo draṣṭavyaḥ |  abhūmiś cātra sarvaśrāvakapratyekabuddhānāṃ sthāpayitvā ekajātipratibaddhā bodhisattvā mahāsattvā |  durlabha ānanda manuṣyapratilābhaḥ durlabhaṃ triṣu ratneṣu śraddhāgauravam durlabhataraṃ ca tathāgatasya nāmadheyaśravaṇam |  apramāṇā ānanda tasya bhagavato bhaiṣajyaguruvaiḍūryaprabhasya tathāgatasya bodhisattvacaryā apramāṇam upāyakauśalyam apramāṇaṃ praṇidhānavistaram | ākāṅkṣamāṇo 'haṃ tasya tathāgatasya kalpaṃ vā kalpāvaśeṣaṃ vā bodhisattvacārikāyā vistaravibhaṅgaṃ nirdiśeyam | kṣīyetānanda kalpaṃ na tv eva tasya bhagavato bhaiṣajyaguruvaiḍūryaprabhasya tathāgatasya pūrvapraṇidhānaviśeṣavistaram abhiigantum ||,དེ་ནས་བཅོམ་ལྡན་འདས་ཀྱིས་ཚེ་དང་ལྡན་པ་ཀུན་དགའ་བོ་ལ་བཀའ་སྩལ་པ་། ཀུན་དགའ་བོ་གང་གི་ཕྱིར་ང་བཅོམ་ལྡན་འདས་དེ་བཞིན་གཤེགས་པ་སྨན་གྱི་བླ་བཻ་ḍū་རྱའི་འོད་དེའི་ཡོན་ཏན་བརྗོད་པར་ཁྱོད་དད་དམ་ཡིད་ཆེས་སམ་། ཡང་ན་ཁྱོད་སངས་རྒྱས་ཀྱི་སྤྱོད ༼༢༨༠བ༡༽ཡུལ་ཟབ་མོ་འདི་ལ་ཡིད་གཉིས་སམ་། སོམ་ཉི་འམ་། ཐེ་ཚོམ་ཟ་བ་མེད་དམ་། དེ་སྐད་ཅེས་བཀའ་སྩལ་པ་དང་། དེ་ནས་བཅོམ་ལྡན་འདས་ལ་ཚེ་དང་ལྡན་པ་ཀུན་དགའ་བོས་འདི་སྐད་ཅེས་གསོལ་ཏོ་༎ བཙུན་པ་བཅོམ་ལྡན་འདས་བདག་དེ་བཞིན་གཤེགས་པས ༼༢༽གསུངས་པའི་ཆོས་རྣམས་ལ་ཡིད་གཉིས་སམ་། སོམ་ཉི་འམ་། ཐེ་ཚོམ་འཚལ་བ་མ་མཆིས་སོ་༎ དེ་ཅིའི་སླད་དུ་ཞེ་ན་། དེ་བཞིན་གཤེགས་པ་རྣམས་ལ་སྐུ་དང་། གསུང་དང་། ཐུགས་ཀྱི་ཀུན་ཏུ་སྤྱོད་པ་ཡོངས་སུ་མ་དག་པ་མི་མངའ་བའི་སླད་དུའོ་༎ བཅོམ་ལྡན་འདས ༼༣༽གདུགས་དང་དགུང་ཟླ་འདི་ལྟར་རྫུ་འཕྲུལ་ཆེ་ཞིང་འདི་ལྟར་མཐུ་ཆེ་བ་འདི་གཉིས་ནི་དོགས་ལ་ལྟུང་ཡང་གདའ་། རིའི་རྒྱལ་པོ་རི་རབ་ནི་གནས་ནས་འཕོ་ཡང་གདའ་ཡི་། སངས་རྒྱས་རྣམས་ཀྱིས་བཀའ་ནི་གཞན་དུ་མི་འགྱུར་ལགས་སོ་༎ བཙུན་པ་བཅོམ་ལྡན་འདས་དེ་ལྟ་ལགས ༼༤༽ཀྱིས་ཀྱང་སེམས་ཅན་དད་པའི་དབང་པོ་དང་བྲལ་བ་དག་མཆིས་ཏེ་། སངས་རྒྱས་རྣམས་ཀྱི་སངས་རྒྱས་ཀྱི་སྤྱོད་ཡུལ་འདི་ཐོས་ནས་དེ་དག་འདི་སྙམ་དུ་སེམས་པར་འགྱུར་ཏེ་དེ་བཞིན་གཤེགས་པ་དེའི་མཚན་འདི་དྲན་པ་ཙམ་གྱིས་ཇི་ལྟར་ཤིན་ཏུ་ཡོན་ཏན་དང་། ཕན་ཡོན་དུ ༼༥༽འགྱུར་སྙམ་ནས་། དེ་དག་མི་དད་ཅིང་ཡིད་མ་ཆེས་ཤིང་སྤོང་བས་། ཡུན་རིང་པོར་གནོད་པ་དང་། མི་སྨན་པ་དང་། མི་བདེ་བ་དང་། ལོག་པར་ལྟུང་བར་འགྱུར་རོ་༎ བཅོམ་ལྡན་འདས་ཀྱིས་བཀའ་སྩལ་པ་། ཀུན་དགའ་བོ་དེ་བཞིན་གཤེགས་པ་དེའི་མཚན་སུའི་རྣ་ལམ་དུ ༼༦༽གྲགས་པར་གྱུར་པ་དེ་ངན་འགྲོ་ངན་སོང་དུ་འགྲོ་བར་འགྱུར་བ་ནི་གནས་མེད་དེ་གོ་སྐབས་མ་ཡིན་ནོ་༎ ཀུན་དགའ་བོ་སངས་རྒྱས་རྣམས་ཀྱི་སངས་རྒྱས་ཀྱི་སྤྱོད་ཡུལ་ནི་ཡིད་ཆེས་པར་དཀའ་བའོ་༎ ཀུན་དགའ་བོ་ཁྱོད་དད་ཅིང་ཡིད་ཆེས་པ་གང་ཡིན་པ་དེ་ནི་དེ་བཞིན་གཤེགས་པའི་མཐུ ༼༧༽ཡིན་པར་བལྟའོ་༎ བྱང་ཆུབ་སེམས་དཔའ་སེམས་དཔའ་ཆེན་པོ་སྐྱེ་བ་གཅིག་གིས་ཐོགས་པ་རྣམས་མ་གཏོགས་པར་། འདི་ནི་ཉན་ཐོས་དང་། རང་སངས་རྒྱས་ཐམས་ཅད་ཀྱིས་མ་ཡིན་ནོ་༎ ཀུན་དགའ་བོ་མིར་འགྱུར་བ་རྙེད་པ་ནི་རྙེད་པར་དཀའོ་༎ དཀོན་མཆོག་གསུམ་ལ ༼༢༨༡ཨ༡༽དད་ཅིང་གུས་པ་ཡང་རྙེད་པར་དཀའོ་༎ དེ་བཞིན་གཤེགས་པ་དེའི་མཚན་ཐོས་པ་ཡང་རྙེད་པར་ཤིན་ཏུ་དཀའོ་༎ ཀུན་དགའ་བོ་བཅོམ་ལྡན་འདས་དེ་བཞིན་གཤེགས་པ་སྨན་གྱི་བླ་བཻ་ḍū་རྱའི་འོད་དེའི་བྱང་ཆུབ་སེམས་དཔའི་སྤྱོད་པ་ནི་ཚད་མེད་དོ་༎ ཐབས་༤༼༢༽མཁས་པ་ཡང་ཚད་མེད་དོ་༎ སྨོན་ལམ་གྱི་ཁྱད་པར་རྒྱས་པ་ཡང་ཚད་མེད་དོ་༎ང་དེ་བཞིན་གཤེགས་པ་དེའི་བྱང་ཆུབ་སེམས་དཔའི་སྤྱོད་པ་བསྐལ་པ་འམ་། བསྐལ་པ་ལས་ལྷག་པར་རྒྱ་ཆེར་ཡང་དག་པར་བཤད་པར་འདོད་ཀྱང་བསྐལ་པ་ཟད་པར་འགྱུར་གྱི་། བཅོམ ༼༣༽ལྡན་འདས་དེ་བཞིན་གཤེགས་པ་སྨན་གྱི་བླ་བཻ་ḍū་རྱའི་འོད་དེའི་སྔོན་གྱི་སྨོན་ལམ་གྱི་ཁྱད་པར་རྒྱས་པའི་མཐའ་རྟོགས་པར་ནི་མི་འགྱུར་རོ་༎,(403b20)爾時，世尊告慧命阿難言：「阿難！如我稱揚彼世尊藥師琉璃光如來所有功德，汝信受耶？汝於如是諸佛如來甚深境界多生疑惑。」  (403b23)時，慧命阿難白佛言：「大德世尊！我於如來所說法中，無復疑惑。  何以故？一切如來身口意行無不清淨。  世尊！此日月，有如是大神通，有如是大威力，可令墮落，須彌山王可得移動，諸佛所言無有差異。  大德世尊！或有眾生信根不具，聞說如來佛境界已，作是思惟：『云何但念彼如來名，獲爾許功德？』心不信受，生於誹謗，  此等長夜無義饒益，當墮苦趣。」  (403c02)佛言：「阿難！若彼如來所有名號入其耳中，此人墮惡道者，無有是處。  阿難！諸佛境界誠為難信，汝今信受，應知皆是如來威力，  非一切聲聞、辟支佛地所能信受，唯除一生補處菩薩摩訶薩。  阿難！人身難得，於三寶中信敬尊重亦難可得，聞彼如來名號倍難於此。  阿難！彼世尊藥師琉璃光如來無量菩薩行，無量諸巧便，無量曠大願，我欲一劫若過一劫說彼如來菩薩行願，乃至窮劫，彼世尊藥師琉璃光如來本昔所行及殊勝大願，亦不究盡。」,(407a17)爾時，世尊告阿難言：「如我稱揚彼佛世尊藥師琉璃光如來所有功德，此是諸佛甚深行處，難可解了，汝為信不？」  阿難白言：「大德世尊！我於如來所說契經，不生疑惑！  所以者何？一切如來身語意業，無不清淨。  世尊！此日月輪，可令墮落；妙高山王，可使傾動，諸佛所言，無有異也！  世尊！有諸眾生，信根不具，聞說諸佛甚深行處，作是思惟：『云何但念藥師琉璃光如來一佛名號，便獲爾所功德勝利？』由此不信，反生誹謗。  彼於長夜，失大利樂，墮諸惡趣，流轉無窮。」  佛告阿難：是諸有情，若聞世尊藥師琉璃光如來名號，至心受持，不生疑惑，墮惡趣者，無有是處。  阿難！此是諸佛甚深所行，難可信解；汝今能受，當知皆是如來威力。  阿難！一切聲聞、獨覺，及未登地諸菩薩等，皆悉不能如實信解，惟除一生所繫菩薩。  阿難！人身難得，於三寶中，信敬尊重，亦難可得；得聞世尊藥師琉璃光如來名號，復難於是。  阿難！彼藥師琉璃光如來，無量菩薩行；無量善巧方便；無量廣大願；我若一劫，若一劫餘而廣說者，劫可速盡，彼佛行願，善巧方便，無有盡也。
b54d1e66f0d14f3ab56af79e219c7c3a,§17 tena khalu punaḥ samayena tasyām eva pariṣadi trāṇamukto nāma bodhisattvo mahāsattvaḥ saṃnipatito 'bhūt saṃniṣaṇṇaḥ | sa utthāyāsanād ekāṃsam uttarāsaṅgaṃ kṛtvā dakṣiṇaṃ jānumaṇḍalaṃ pṛthivyāṃ pratiṣṭhāpya yena bhagavāṃs tenāñjaliṃ praṇamya bhagavantam etad avocat |  bhaviṣyanti bhagavan sattvāḥ paścime kāle paścime samaye nānāvyādhiparipīḍitā dīrghavyādhinā kṣīṇagātrāḥ kṣuttarṣaśuṣka śuṣkakaṇṭhāuṣṭhā maraṇābhimukhā rodamānair mitrāmātyajñātisālohitaiḥ parivāritā mahāndhākārāṃ diśaṃ paśyanto yamapuruṣair apakṛṣyamāṇāḥ |  teṣāṃ kalevare hi sthitaṃ vijñānaṃ yamasya dharmarājñaḥ sakāśam upanīyati |  yasya yasya ca sattvasya sahajānubaddhā devatā yat kiṃcit tena puruṣeṇa kuśalam akuśalaṃ vā kṛtaṃ bhavati tat sarvaṃ sulikhitaṃ kṛtvā yamasya dharmarājasyopanāmayati |  tadā yamo dharmarājas taṃ pṛcchati gaṇayati | yathā kṛtam cāsya kuśalam akuśalaṃ vijñāpayati |  tatra sacet te mitrāmātyajñātisālohitās tasyāturasyārthāya taṃ bhagavantaṃ bhaiṣajyaguruvaiḍūryaprabhaṃ tathāgataṃ śaraṇaṃ gaccheyus tasya tathāgatasya pūjāṃ kuryuḥ sthānam etad vidyate yat tasya tad vijñānaṃ punar api pratinivartate svapnāntargata ivātmānaṃ saṃjānīta |  yadi vā saptame divase yadi vā ekaviṃśatime divase yadi vā pañcatriṃśatime divase yadi vā navacatvāriṃśatime divase tasya tad vijñānaṃ nivarteta smṛtim upalabhate | sa kuśalam akuśalaṃ vā karmavipākaṃ jñātvā jīvitahetor api pāpam akuśalaṃ karma na kariṣyati |  tasmāc chrāddhena kulaputreṇa vā kuladuhitrā vā tasya tathāgatasya nāmadheyaṃ dhārayitavyaṃ tasya ca tathāgatasya pūjā kartavyā ||,ཡང་དེའི་ཚེ་འཁོར་དེའི་ནང་ནས་བྱང་ཆུབ་སེམས་དཔའ་སེམས་དཔའ་ཆེན་པོ་སྐྱབས་གྲོལ་ཞེས་བྱ་བ་སྟན་ལས་ལངས་ཏེ་། བླ་གོས་ཕྲག་པ ༼༤༽གཅིག་ཏུ་གཟར་ནས་པུས་མོ་གཡས་པའི་ལྷ་ང་ས་ལ་བཙུགས་ཏེ་། བཅོམ་ལྡན་འདས་ག་ལ་བ་དེར་ལོགས་སུ་ཐལ་མོ་སྦྱར་བ་བཏུད་ནས་བཅོམ་ལྡན་འདས་ལ་འདི་སྐད་ཅེས་གསོལ་ཏོ་༎ བཙུན་པ་བཅོམ་ལྡན་འདས་། སླད་མའི་ཚེ་སླད་མའི་དུས་ན་། སེམས ༼༥༽ཅན་བྲོ་ནད་སྣ་ཚོགས་ཀྱིས་ཡོངས་སུ་གཟིར་ཏེ་། ཡུན་རིང་པོའི་བྲོ་ནད་ཀྱིས་ལུས་ཀྱི་ཤ་བས་ཤིང་བཀྲེས་པ་དང་། སྐོམ་པས་གྲེ་བ་དང་། མཆུ་ནི་སྐམས་། འགུམ་པ་ལ་ནི་མངོན་དུ་ཕྱོགས་། མཛའ་བཤེས་དང་། ཉེ་དུ་དང་། སྣག་གི་གཉེན་མཚམས ༼༦༽དུ་བ་རྣམས་ཀྱིས་ནི་བསྐོར་། ཕྱོགས་རྣམས་ནི་མུན་པར་མཐོང་། གཤིན་རྗེའི་མི་རྣམས་ཀྱིས་ནི་དྲངས་ཏེ་། དེའི་ལུས་འདི་ན་ཉལ་ཡང་རྣམ་པར་ཤེས་པ་ཆོས་ཀྱི་རྒྱལ་པོ་གཤིན་རྗེའི་མདུན་དུ་ཁྲིད་ཅིང མི་དེ་དང་ལྷན་ཅིག་སྐྱེས་པའི་ལྷ་སླད་བཞིན་འབྲང་བ་གང ༼༧༽ལགས་པ་དེས་ནི་དེས་དགེ་བ་དང་། མི་དགེ་བ་བགྱིས་པ་དེ་ཐམས་ཅད་ལེགས་པར་ཡི་གེ་ལ་བྲིས་ནས་ཆོས་ཀྱི་རྒྱལ་པོ་གཤིན་རྗེ་ལ་ཕུལ་བ་དང་། ཆོས་ཀྱི་རྒྱལ་པོ་གཤིན་རྗེས་དེ་ལ་དྲིས་ཤིང་བརྟགས་ནས་དགེ་བ་འམ་། མི་དགེ་བ་ཇི་ལྟར་བགྱིས་པ་དེ་བཞིན་དུ་བསྒོ ༼༢༨༡བ༡༽བ་ལས་། གང་དག་ནད་པ་དེའི་དོན་དུ་བཅོམ་ལྡན་འདས་དེ་བཞིན་གཤེགས་པ་སྨན་གྱི་བླ་བཻ་ḍū་རྱའི་འོད་དེ་ལ་སྐྱབས་སུ་མཆི་ཞིང་འདི་འདྲ་བའི་སྦྱོར་བས་མཆོད་པ་བགྱི་ན་། དེའི་རྣམ་པར་ཤེས་པ་སླར་ལྡོག་ཅིང་རྨི་ལམ་རྨིས་པ་བཞིན་དུ་བདག་ཉིད་ཀྱིས་འཚལ་བའི་གནས ༼༢༽དེར་མཆི་སྟེ་། ཡང་ན་ནི་གདུགས་བདུན་། ཡང་ན་ནི་གདུགས་ཉི་ཤུ་རྩ་གཅིག་ཡང་ན་ནི་གདུགས་སུམ་ཅུ་རྩ་ལྔ་། ཡང་ན་ན་གདུགས་བཞི་བཅུ་རྩ་དགུ་ལ་དེའི་རྣམ་པར་ཤེས་པ་སླར་ལྡོག་ཅིང་དྲན་པ་རྙེད་ལ་། དེ་དགེ་བ་དང་། མི་དགེ་བའི་ལས་ཀྱི ༼༣༽རྣམ་པར་སྨིན་པ་བདག་ཉིད་ཀྱི་མངོན་སུམ་དུ་འགྱུར་ཏེ་སྲོག་གི་སླད་དུ་ཡང་སྡིག་པའི་ལས་མི་བགྱིད་དོ་༎ དེ་ལྟ་ལགས་པས་དད་པའི་རིགས་ཀྱི་བུ་འམ་། རིགས་ཀྱི་བུ་མོས་དེ་བཞིན་གཤེགས་པ་དེ་ལ་མཆོད་པར་བགྱིའོ་༎,(403c14)爾時，眾中有菩薩摩訶薩名曰「救脫」，即從座起，偏露一髆，右膝著地，向婆伽婆合掌曲躬白言：  「大德世尊！於未來世，當有眾生，身嬰重病，長患羸瘦，不食飢渴，喉脣乾燥，死相現前，目無所見，父母、親眷、朋友、知識啼泣圍遶，  其人屍形臥在本處，閻摩使人引其神識，置於閻摩法王之前，  此人背後有同生神，隨其所作，若罪若福一切皆書，盡持授與閻摩法王。  時閻摩法王推問其人，算計所作，隨善隨惡而處分之。  若能為此病人歸依彼世尊藥師琉璃光如來，如法供養，即得還復。此人神識得迴還時，如從夢覺皆自憶知，  或經七日、或二十一日、或三十五日、或四十九日，神識還已，具憶所有善惡業報，由自證故，乃至失命，不造惡業。  是故，信心善男子、善女人，應當供養藥師如來。」,(407b10)爾時，眾中有一菩薩摩訶薩，名曰救脫，即從座起，偏袒右肩，右膝著地，曲躬合掌而白佛言：  「大德世尊！像法轉時，有諸眾生，為種種患之所困厄，長病羸瘦，不能飲食，喉脣乾燥，見諸方暗，死相現前；父母、親屬、朋友、知識，啼泣圍繞。  然彼自身，臥在本處，見琰魔使，引其神識，至于琰魔法王之前；  然諸有情，有俱生神，隨其所作，若罪若福，皆具書之，盡持授與琰魔法王。  爾時，彼王推問其人，算計所作，隨其罪福而處斷之。  時，彼病人親屬、知識，若能為彼歸依世尊藥師琉璃光如來，請諸眾僧，轉讀此經，然七層之燈，懸五色續命神幡，或有是處，彼識得還。如在夢中，明了自見。  或經七日，或二十一日，或三十五日，或四十九日，彼識還時，如從夢覺，皆自憶知善不善業所得果報。由自證見業果報故，乃至命難，亦不造作諸惡之業。  是故，淨信善男子、善女人等，皆應受持藥師琉璃光如來名號，隨力所能，恭敬供養。」
4b6cad1c038d4f3cb46be8a0a6bc0d65,§18 athāyuṣmān ānandas trāṇamuktaṃ nāma bodhisattvam etad avocat | kathaṃ kulaputra tasya bhagavato bhaiṣajyaguruvaiḍūryaprabhasya tathāgatasya pūjā kartavyā |  trāṇamukto bodhisattva āha | ye bhadantānanda vyādhitaṃ mahato vyādhe parimocitukāmās tais tasyāturasyārthāya sapta divasāny aṣṭāṅgasamanvāgatam upavāsam upavasitavyam | bhikṣusaṃghasya cāhārapānaiḥ sarvopakaraṇair yathāśaktyā pūjopasthānaṃ kartavyam |  ca bhagavān bhaiṣajyaguruvaiḍūryaprabhas tathāgatas triṣkṛtvā rātrau triṣkṛtvā divase manas kartavyam | navacatvāriṃśadvāre idaṃ sūtram usmārayitavyam |  ekonapañcāśad dīpāḥ prajvālayitavyāḥ | sapta pratimāḥ kartavyāḥ | ekāikāyāḥ pratimāyāḥ sapta sapta dīpāḥ prajvālayitavyāḥ | ekāiko dīpaḥ śakaṭacakrapramāṇaḥ kartavyaḥ | yady ekonacatvāriṃśatime divase āloko na kṣīyate veditavyaṃ sarvasaṃpad iti | pañcaraṅgikāḥ patākā ekonapañcāśadvitastayaḥ kartavyāḥ ||,དེ་ནས་ཚེ་དང་ལྡན་པ་ཀུན་དགའ་བོས་། བྱང ༼༤༽ཆུབ་སེམས་དཔའ་སྐྱབས་གྲོལ་ལ་འདི་སྐད་ཅེས་སྨྲས་སོ་༎ རིགས་ཀྱི་བུ་། བཅོམ་ལྡན་འདས་དེ་བཞིན་གཤེགས་པ་སྨན་གྱི་བླ་བཻ་ḍū་རྱའི་འོད་དེ་ལ་། ཇི་ལྟར་མཆོད་པར་བྱ་། བྱང་ཆུབ་སེམས་དཔའ་སྐྱབས་གྲོལ་གྱིས་སྨྲས་པ་། བཙུན་པ་ཀུན་དགའ་བོ་གང་དག་ནད་ཆེན ༼༥༽པོ་ལས་ཡོངས་སུ་ཐར་བར་འདོད་པ་དེ་དག་གིས་ནད་པ་དེའི་དོན་དུ་། ཉིན་བདུན་མཚན་བདུན་དུ་ཡན་ལག་བརྒྱད་དང་ལྡན་པའི་གསོ་སྦྱོང་གི་སྡོམ་བ་བླང་བར་བྱའོ་༎ དགེ་སློང་གི་དགེ་འདུན་ལ་ཟས་དང་། སྐོམ་རྣམས་དང་། ཡོ་བྱད་ཐབས་ཅད་ཀྱིས་ཅི་ནུས་སུ་མཆོད་པ་དང་། ༼༦༽རིམ་གྲོ་བྱའོ་༎༥ཉིན་ལན་བདུན་མཚན་ལན་བདུན་དུ་། བཅོམ་ལྡན་འདས་དེ་བཞིན་གཤེགས་པ་སྨན་གྱི་བླ་བཻ་ḍū་རྱའི་འོད་དེའི་མཚན་ཡིད་ལ་བྱའོ་༎ མདོ་འདི་ལན་བཞི་བཅུ་རྩ་དགུ་གདོན་པར་བྱའོ་༎ ཞག་བཞི་བཅུ་རྩ་དགུར་མར་མེ་བུད་པར་བྱའོ་༎ སྐུ་གཟུགས ༼༧༽བདུན་བྱའོ་༎ སྐུ་གཟུགས་རེ་རེའི་སྤྱན་སྔར་ཡང་མར་མེ་བདུན་བདུན་གཞག་གོ་། མར་མེ་རེ་རེའི་ཚད་ཀྱང་ཤིང་རྟའི་འཕང་ལོ་ཙམ་དུ་བྱས་ཏེ་། ཅི་ནས་ཀྱང་ཞག་བཞི་བཅུ་རྩ་དགུར་མར་མེ་མི་ཟད་པར་བྱའོ་༎ ཚོན་སྣ་ལྔ་བའི་བ་དན་བཞི་བཅུ་རྩ་དགུ་ལས་ལྷག་པར་བྱའོ་༎,(404a01) 爾時，慧命阿難問救脫菩薩言：「善男子！應云何供養彼世尊藥師琉璃光如來也？」  (404a02)救脫菩薩言：「大德阿難！若有患人欲脫重病，當為此人七日七夜受八分齋，當以飲食，及種種眾具，隨力所辦，供養比丘僧，  晝夜六時，禮拜供養彼世尊藥師琉璃光如來，四十九遍讀誦此經，  然四十九燈，應造七軀彼如來像，一一像前各置七燈，一一燈量大如車輪，或復乃至四十九日光明不絕，當造五色綵幡長四十九尺。,(407c01)爾時，阿難問救脫菩薩曰：「善男子！應云何恭敬供養彼世尊藥師琉璃光如來續命幡燈，復云何造？ 」  救脫菩薩言：「大德！若有病人，欲脫病苦，當為其人，七日七夜，受持八分齋戒，應以飲食及餘資具，隨力所辦，供養苾芻僧。  晝夜六時，禮拜供養彼世尊藥師琉璃光如來；讀誦此經四十九遍；  然四十九燈；造彼如來形像七軀，一一像前各置七燈，一一燈量大如車輪，乃至四十九日，光明不絕；造五色綵幡，長四十九搩手，應放雜類眾生至四十九；可得過度危厄之難，不為諸橫惡鬼所持。」
d22ab1197c504031887d462d38d0b9e7,§19 punar aparam ānanda ye rājñāṃ kṣatriyāṇāṃ mūrdhābhiṣiktānām upadravopasargopāyāsāḥ pratyupasthitā bhaveyuḥ | vyādhipīḍā vā svacakraparacakrapīḍā vā nakṣatrapīḍā vā candrasūryagrahapīḍā vā akālavṛṣṭyativṛṣṭyanāvṛṣṭipīḍā vā | tena rajñā kṣatriyeṇa mūrdhābhiṣiktena sarvasattveṣu maitracittena bhavitavyaṃ bandhanagatāś ca sattvā mocayitavyāḥ | tasya ca bhagavato bhaiṣajyaguruvaiḍūryaprabhasya tathāgatasya yathāpūrvoktā pūjā karaṇīyā |  tadāsya rājñaḥ kṣatriyasya mūrdhābhiṣiktasya etena kuśalamūlena ca tasya bhagavato bhaiṣajyaguruvaiḍūryaprabhasya tathāgatasya pūrvapraṇidhānaviśeṣeṇa tatra viṣaye kṣemaṃ bhaviṣyati subhikṣaṃ kālena vātavṛṣṭisasyasaṃpattir bhaviṣyati | sarve ca viṣayanivāsinaḥ sattvā ārogāḥ sukhitāḥ pramodyabahulāḥ | na ca tatra viṣaye duṣṭayakṣarākṣasabhūtapiśācāḥ sattvānāṃ vihiṃsayanti sarvadurnimittāni cāntardhāsyanti |  tasya rājñaḥ kṣatriyasya mūrdhābhiṣiktasya āyurvarṇabalārogyeśvaryābhivṛddhir bhaviṣyati ||,༼༢༨༢ཨ༡༽བཙུན་པ་ཀུན་དགའ་བོ་གཞན་ཡང་རྒྱལ་པོ་རྒྱལ་རིགས་སྤྱི་བོ་ནས་དབང་བསྐུར་བ་རྣམས་ལ་། ནད་ཀྱི་གནོད་པ་འམ་། རང་གི་དམག་ཚོགས་སམ་། ཕ་རོལ་གྱི་དམག་ཚོགས་ཀྱི་གནོད་པ་འམ་། རྒྱུ་སྐར་གྱི་གནོད་པ་འམ་། གཟའ ༼༢༽ཟླ་བའི་གནོད་པ་འམ་། གཟའ་ཉི་མའི་གནོད་པ་འམ་། དུས་མ་ཡིན་པའི་རླུང་དང་། ཆར་གྱི་གནོད་པའམ་། ཐན་པའི་གནོད་པ་ཡང་རུང་སྟེ་། གནོད་པ་དང་། ནད་འགོ་བ་དང་། འཁྲུག་པ་ཞིག་ཉེ་བར་གནས་པར་གྱུར་ན་། རྒྱལ་པོ་རྒྱལ་རིགས་སྤྱི་བོ ༼༣༽ནས་དབང་བསྐུར་བ་དེས་སེམས་ཅན་ཐམས་ཅད་ལ་བྱམས་པའི་སེམས་སུ་བྱ་། བཙོན་དུ་བཟུང་བ་རྣམས་གཏང་བར་བྱ་ཞིང་གོང་དུ་སྨོས་པ་བཞིན་དུ་བཅོམ་ལྡན་འདས་དེ་བཞིན་གཤེགས་པ་སྨན་གྱི་བླ་བཻ་ḍū་རྱའི་འོད་དེ་ལ་དེ་ལྟ་བུར་མཆོད་པ་བྱས་ན རྒྱལ་པོ་རྒྱལ་རིགས ༼༤༽སྤྱི་བོ་ནས་དབང་བསྐུར་བ་དེའི་དགེ་བའི་རྩ་བ་དེ་དང་། བཅོམ་ལྡན་འདས་དེ་བཞིན་གཤེགས་པ་སྨན་གྱི་བླ་བཻ་ḍū་རྱའི་འོད་དེའི་སྔོན་གྱི་སྨོན་ལམ་གྱི་ཁྱད་པར་གྱིས་། ༦ཡུལ་བདེ་བ་དང་། ལོ་ལེགས་པར་འགྱུར་། རླུང་དང་། ཆར་དུས་སུ་ལྡང་ཞིང་ལོ་ཏོག་འགྲུབ་པར་འགྱུར་རོ་༎ ༼༥༽ཡུལ་དེ་ན་གནས་པའི་སེམས་ཅན་ཐམས་ཅད་ཀྱང་ནད་མེད་པ་དང་། བདེ་བ་དང་། མཆོག་ཏུ་དགའ་བ་མང་བར་འགྱུར་རོ་༎ ཡུལ་དེར་གནོད་སྦྱིན་དང་། སྲིན་པོ་དང་། འབྱུང་པོ་དང་། ཤ་ཟ་མ་རུངས་པས་སེམས་ཅན་རྣམས་ལ་གཙེ་བར་མི་འགྱུར་རོ་༎ ལྟས ༼༦༽ངན་པ་ཐམས་ཅད་མཐོང་བར་མི་འགྱུར་རོ་༎ རྒྱལ་པོ་རྒྱལ་རིགས་སྤྱི་བོ་ནས་དབང་བསྐུར་བ་དེའི་ཚེ་དང་། མདོག་དང་། སྟོབས་དང་། ནད་མེད་པ་དང་། དབང་ཕྱུག་རྣམས་མངོན་པར་འཕེལ་བར་འགྱུར་རོ་༎,(404a11)「復次，大德阿難！灌頂剎利王等，若災難起時——所謂人民疾疫難、他方侵逼難、自界反逆難、星宿變怪難、日月薄蝕難、非時風雨難、過時不雨難——爾時，此灌頂剎利王，當於一切眾生，起慈愍心，赦諸繫閉，依前所說供養法式，供養彼世尊藥師琉璃光如來。  時灌頂剎利王用此善根，由彼世尊藥師琉璃光如來本昔勝願故，其王境界即得安隱，風雨以時、禾稼成就、國土豐熟，一切國界所有眾生，無病安樂，多生歡喜，於其國界亦無夜叉、羅剎、毘舍闍等諸惡鬼神擾亂眾生，所有惡相皆即不現，  彼灌頂剎利王，壽命色力無病自在並得增益。」,(407c13)「復次，阿難！若剎帝利灌頂王等，災難起時，所謂人眾疾疫難，他國侵逼難，自界叛逆難，星宿變怪難，日月薄蝕難，非時風雨難，過時不雨難。彼剎帝利灌頂王等，爾時應於一切有情起慈悲心，赦諸繫閉；依前所說供養之法，供養彼世尊藥師琉璃光如來。  由此善根，及彼如來本願力故，令其國界即得安隱：風雨順時，穀稼成熟；一切有情無病歡樂；於其國中，無有暴虐藥叉等神惱有情者；一切惡相，皆即隱沒；  而剎帝利灌頂王等，壽命色力，無病自在，皆得增益。阿難！若帝后、妃主、儲君、王子、大臣、輔相、中宮婇女、百官、黎庶，為病所苦，及餘厄難；亦應造立五色神幡，然燈續明，放諸生命，散雜色華，燒眾名香，病得除愈，眾難解脫。」1
acb476894f69478d9b98a6224eae1531,§20 athāyuṣmān ānandas trāṇamuktaṃ bodhisattvam evam avocat | kathaṃ kulaputra parikṣīṇāyuḥ punar nivartate |  trāṇamukto bodhisattva āha | na tvayā bhadantānanda tathāgatasyāntikāc chrutam santi navākālamaraṇāni | teṣāṃ pratikṣepeṇa mantrauṣadhiprayogā upadiṣṭāḥ |  santi sattvā vyādhitā na ca guruko vyādhiḥ kiṃ tu bhaiṣajyopasthāyakavirahitaḥ | yadi vā vaidyā abhaiṣajyaṃ kurvanti | te tato nidānaṃ kālaṃ kurvanti idaṃ prathamam akālamaraṇam |  dvitīyam akālamaraṇaṃ yasya rājadaṇḍena kālakriyā |  tṛtīyam akālamaraṇaṃ ye 'tīva pramādavihāriṇas teṣām amanuṣyā ojo 'paharanti |  caturtham akālamaraṇaṃ ye agnidāhena kālaṃ kurvanti |  pañcamam akālamaraṇaṃ ye ca udake mriyanti |  ṣaṣṭham akālamaraṇaṃ ye siṃhavyāghravyāḍacaṇḍamṛgamadhyagatā maranti |  saptamam akālamaraṇaṃ ye giritaṭāt prapatanti |  aṣṭamam akālamaraṇaṃ ye viṣakākhordavetāḍānuprayogeṇa maranti |  navamam akālamaraṇaṃ ye kṣuttarṣopahatā āhārapānam alabhamānāḥ kālaṃ kurvanti |  imāni saṃkṣepeṇa navākālamaraṇāni tathāgateṇa nirdiṣṭāni | anyāni cāprameyāṇy akālamaraṇāni ||,དེ་ནས་ཚེ་དང་ལྡན་པ་ཀུན་དགའ་བོ་ས་བྱང་ཆུབ་སེམས ༼༧༽དཔའ་སྐྱབས་གྲོལ་ལ་འདི་སྐད་ཅེས་སྨྲས་སོ་༎ རིགས་ཀྱི་བུ་། ཇི་ལྟར་ན་ཚེ་ཡོངས་སུ་ཟད་ནས་ཡང་མངོན་པར་སྐྱེ་། བྱང་ཆུབ་སེམས་དཔའ་སྐྱབས་གྲོལ་གྱིས་སྨྲས་པ་། བཙུན་པ་ཀུན་དགའ་བོ་། དུས་མ་ཡིན་པར་འཆི་བ་དགུ་ཡོད་པར་ཁྱོད་ཀྱིས་དེ་བཞིན་གཤེགས་པ་ལས ༼༢༨༢བ༡༽མ་ཐོས་སམ་། དེའི་ཕྱིར་། སྔགས་དང་། སྨན་གྱི་སྤྱོར་བ་རྣམས་བསྟན་ཏོ་༎ སེམས་ཅན་ནད་ཀྱིས་བཏབ་པ་ལ་དེ་ནད་ཚབས་མི་ཆས་ཀྱང་སྨན་དང་། རིམ་གྲོ་བྱེད་བ་དང་མི་ལྡན་ནམ་། ཡང་ན་སྨན་པ་སྨན་མ་ཡིན་པ་བྱེད་པ་ཡང་ཡོད་དེ་འདི ༼༢༽ནི་དུས་མ་ཡིན་པར་འཆི་བ་དང་པོའོ་༎ དུས་མ་ཡིན་པར་འཆི་བ་གཉིས་པ་ནི་། གང་དག་རྒྱལ་པོའི་ཆིད་པས་འཆི་བའི་དུས་བྱེད་པའོ་༎ དུས་མ་ཡིན་པར་འཆི་བ་གསུམ་པ་ནི་། གང་དག་ཧ་ཅང་བག་མེད་དེ་བག་མེད་པར་གནས་པ་དེ་དག་ལ ༼༣༽མི་མ་ཡིན་པ་དག་གིས་མདངས་འཕྲོག་པའོ་༎ དུས་མ་ཡིན་པར་འཆི་བ་བཞི་པ་ནི་། གང་དག་མེས་ཚིག་སྟེ་འཆི་བའི་དུས་བྱེད་པའོ་༎ དུས་མ་ཡིན་པར་འཆི་བ་ལྔ་པ་ནི་། གད་དག་ཆུས་འཆི་བའོ་༎ དུས་མ་ཡིན་པར་འཆི་བ་དྲུག་པ་ནི་། ༼༤༽གང་དག་སེང་གེ་དང་། སྟག་དང་། ཝ་དང་། སྦྲུལ་དང་། གཅན་ཟན་ཁྲོ་བོའི་ནང་དུ་ཆུད་དེ་འཆི་བའོ་༎ དུས་མ་ཡིན་པར་འཆི་བ་བདུན་པ་ནི་། གང་དག་རི་ཁ་ནས་གཡང་དུ་ལྷུང་པའོ་༎ དུས་མ་ཡིན་པར་འཆི་བ་བརྒྱད་པ་ནི་། གང་དག་དུག ༼༥༽དང་། བྱད་དང་། རོ་ལངས་ཀྱི་སྦྱོར་བས་གསོད་པའོ་༎ དུས་མ་ཡིན་པར་འཆི་བ་དགུ་པ་ནི་། གང་དག་ཟས་དང་། སྐོམ་མ་རྙེད་ནས་བཀྲེས་པ་དང་། སྐོམ་པས་ཉེན་ཏེ་འཆི་བའི་དུས་བྱེད་བའོ་༎ མདོར་ན་། འདི་དག་ནི་དེ་བཞིན་གཤེགས་པས ༼༦༽དུས་མ་ཡིན་པར་འཆི་བ་ཆེན་པོར་བསྟན་པ་སྟེ་། གཞན་ཡང་དུས་མ་ཡིན་པར་འཆི་པ་ནི་གྲངས་མེད་དཔག་ཏུ་མེད་དོ་༎,(404a24) 爾時，慧命阿難問救脫菩薩言：「善男子！云何已盡之命而可更延？」  (404a25)救脫菩薩言：「阿難！汝豈不聞如來所說九橫死耶？是故教以呪藥方便。  或有眾生，得病非重，然無醫藥及看病人，或復醫人療治失所，非時而死，是為初橫；  第二橫者，王法所殺；  第三橫者，遊獵、放逸、婬醉無度，為諸非人害其魂魄；  第四橫者，為火所燒；  第五橫者，為水所溺；  第六橫者，入師子、虎豹、諸惡獸中；  第七橫者，飢渴所困，不得飲食，因此致死；  第八橫者，厭禱、毒藥、起屍鬼等之所損害；  第九橫者，投巖取死。  是名如來略說大橫有此九種，其餘復有無量諸橫。」,(407c28)爾時，阿難問救脫菩薩言：「善男子！云何已盡之命而可增益？」  救脫菩薩言：「大德！汝豈不聞如來說有九橫死耶？是故勸造續命幡燈，修諸福德；以修福故，盡其壽命，不經苦患。」阿難問言：「九橫云何？」  救脫菩薩言：「若諸有情，得病雖輕，然無醫藥及看病者，設復遇醫，授以非藥，實不應死而便橫死。又信世間邪魔、外道、妖婞之師，妄說禍福，便生恐動，心不自正，卜問覓禍，殺種種眾生，解奏神明，呼諸魍魎，請乞福祐，欲冀延年，終不能得；愚癡迷惑，信邪倒見，遂令橫死，入於地獄，無有出期，是名初橫。  二者，橫被王法之所誅戮。  三者，畋獵嬉戲，耽婬嗜酒，放逸無度，橫為非人奪其精氣。  四者，橫為火焚。  五者，橫為水溺。  六者，橫為種種惡獸所噉。  七者，橫墮山崖。  八者，橫為毒藥、厭禱、呪詛、起屍鬼等之所中害。  九者，飢渴所困，不得飲食而便橫死。  是為如來略說橫死，有此九種。其餘復有無量諸橫，難可具說。(408a19)復次，阿難！彼琰魔王主領世間名籍之記，若諸有情不孝五逆、破辱三寶、壞君臣法、毀於信戒，琰魔法王隨罪輕重考而罰之。是故我今勸諸有情，然燈造幡、放生修福、令度苦厄、不遭眾難。」2
7380ed1313824ea58a578f8978551ae7,"§21 atha khalu tatra parṣadi dvādaśa mahāyakṣasenāpatayaḥ saṃnipatitā abhūvan |  yad uta kiṃbhīro nāma mahāyakṣasenāpatiḥ | vajraś ca nāma mahāyakṣasenāpatiḥ | mekhilaś ca nāma | anantaś ca nāma | anilaś ca nāma | saṃnilaś ca nāma | indāla nāma | pāyilaś ca nāma | māhuraś ca nāma | cindālaś ca nāma | caudhuraś ca nāma | vekālaś ca nāma mahāyakṣasenāpatiḥ |  ekaikaṃ sapta yakṣasahasraparivārās te sarve ekakaṇṭhena bhagavantam evam āhuḥ |  śrutam asmābhiś ca bhagavatā buddhānubhāvena tasya bhagavato bhaiṣajyaguruvaiḍūryaprabhasya tathāgatasya nāmadheyam | na bhūyo 'smākaṃ durgatibhayam |  te vayaṃ sahitāḥ samagrā yāvajjīvaṃ buddhaṃ śaraṇaṃ gacchāmaḥ dharmaṃ śaraṇaṃ gacchāmaḥ saṃghaṃ śaraṇaṃ gacchāmaḥ | sarvasattvānām arthāya hitāya sukhāya autsukyaṃ kariṣyāmaḥ |  yo viśeṣeṇa grāme vā nagare vā janapade vā araṇyāyatane vā idaṃ sūtraṃ pracārayiṣyati | yo vā tasya bhagavato bhaiṣajyaguruvaiḍūryaprabhasya nāmadheyaṃ dhārayiṣyati | pūjopasthānaṃ kariṣyati | tāvat taṃ sattvaṃ rakṣiṣyāmaḥ paripālayiṣyāmaḥ sarvāmāṅgalyāc ca parimocayiṣyāmaḥ sarveṣām āśāṃ paripūrayiṣyāmaḥ |  atha khalu bhagavāṃs teṣāṃ yakṣasenāpatīnāṃ sādhukāram adāt | sādhu sādhu mahāyakṣasenāpatayaḥ, yad yūyaṃ tasya bhagavato bhaiṣajyaguruvaiḍūryaprabhasya tathāgatasya kṛtajñatām anusmaramāṇānāṃ sarvasattvānāṃ hitāya pratipannāḥ ||",དེ་ནས་འཁོར་དེར་གནོད་སྦྱིན་གྱི་སྡེ་དཔོན་ཆེན་པོ་བཅུ་གཉིས་འདུས་པར་གྱུར་ཏེ་། གནོད་སྦྱིན་གྱི་སྡེ་དཔོན་ཆེན་པོ་ཇི་འཇིགས་དང་། གནོད ༼༧༽སྦྱིན་གྱི་སྡེ་དཔོན་ཆེན་པོ་རྡོ་རྗེ་དང་། གནོད་སྦྱིན་གྱི་སྡེ་དཔོན་ཆེན་པོ་རྒྱན་འཛིན་དང་། གནོད་སྦྱིན་གྱི་སྡེ་དཔོན་ཆེན་པོ་གཟའ་འཛིན་དང་། གནོད་སྦྱིན་གྱི་སྡེ་དཔོན་ཆེན་པོ་རླུང་དང་། གནོད་སྦྱིན་གྱི་སྡེ་དཔོན་ཆེན་པོ་གནས་བཅས་དང་། གནོད་སྦྱིན་གྱི་སྡེ ༼༢༨༣ཨ༡༽དཔོན་ཆེན་པོ་དབང་འཛིན་དང་། གནོད་སྦྱིན་གྱི་སྡེ་དཔོན་ཆེན་པོ་བཏུང་འཛིན་དང་། གནོད་སྦྱིན་གྱི་སྡེ་དཔོན་ཆེན་པོ་སྨྲ་འཛིན་དང་། གནོད་སྦྱིན་གྱི་སྡེ་དཔོན་ཆེན་པོ་བསམ་འཛིན་དང་། གནོད་སྦྱིན་གྱི་སྡེ་དཔོན་ཆེན་པོ་གཡོ་བ་འཛིན ༼༢༽དང་། གནོད་སྦྱིན་གྱི་སྡེ་དཔོན་ཆེན་པོ་རྫོགས་བྱེད་དེ་།  གནོད་སྦྱིན་གྱི་སྡེ་དཔོན་ཆེན་པོ་བཅུ་གཉིས་པོ་དེ་དག་གོ་། གནོད་སྦྱིན་གྱི་སྡེ་དཔོན་ཆེན་པོ་རེ་རེ་ལ་ཡང་གཡོག་གནོད་སྦྱིན་བདུན་འབུམ་བདུན་འབུམ་ཡོད་པ་སྟེ་། དེ་དག་གིས་ཚིག་གཅིག་ཏུ ༼༣༽བཅོམ་ལྡན་འདས་ལ་འདི་སྐད་ཅེས་གསོལ་ཏོ་༎ སངས་རྒྱས་ཀྱི་མཐུས་བདག་ཅག་གིས་བཅོམ་ལྡན་འདས་དེ་བཞིན་གཤེགས་པ་སྨན་གྱི་བླ་བཻ་ḍū་རྱའི་འོད་དེའི་མཚན་ཐོས་ཏེ་། བདག་ཅག་ལ་ཡང་ངན་འགྲོར་མཆི་བའི་འཇིགས་པ་འབྱུང་བར་མི་འགྱུར་རོ་༎  ༼༤༽དེ་ནས་བདག་ཅག་ལྷན་ཅིག་ཏུ་། མཐུན་པར་ཇི་སྲིད་འཚོའི་བར་དུ་སངས་རྒྱས་ལ་སྐྱབས་སུ་མཆིའོ་༎ཆོས་ལ་སྐྱབས་སུ་མཆིའོ་༎དགེ་འདུན་ལ་སྐྱབས་སུ་མཆིའོ་༎སེམས་ཅན་ཐམས་ཅད་ཀྱི་དོན་དང་། སྨན་པ་དང་། བདེ་བའི་སླད་དུ་སྤྲོ ༼༥༽བར་བགྱིའོ་༎ བྱེ་བྲག་དུ་ནི་གྲོང་ངམ་། གྲོང་ཁྱེར་རམ་། གྲོང་རྡལ་ལམ་། དགོན་པའི་གནས་གང་ན་མདོ་སྡེ་འདི་སྤྱོད་པ་དང་། གང་ན་བཅོམ་ལྡན་འདས་དེ་བཞིན་གཤེགས་པ་སྨངྱི་བླ་བཻ་ḍū་རྱའི་འོད་དེའི་མཚན་འཆང་བ་དང་། མཆོད་པ་དང་། རིམ ༼༦༽གྲོ་བགྱིད་པའི་སེམས་ཅན་དེ་དག་ལ་བདག་ཅག་གིས་བསྲུང་བར་བགྱི་། ཡོངས་སུ་བསྐྱང་བར་བགྱི་། གནོད་པ་ཐམས་ཅད་ལས་ཡོངས་སུ་ཐར་བར་བགྱི་། བསམ་པ་ཐམས་ཅད་ཡོངས་སུ་རྫོགས་པར་བགྱིའོ་༎ དེ་ནས་བཅོམ་ལྡན་འདས་ཀྱིས་གནོད་སྦྱིན ༼༧༽གྱི་སྡེ་དཔོན་ཆེན་པོ་དེ་དག་ལ་། ལེགས་སོ་ཞེས་བྱ་བ་བྱིན་ཏེ་། གནོད་སྦྱིན་གྱི་སྡེ་དཔོན་ཆེན་པོ་དག་། གང་གི་ཕྱིར་ཁྱེད་། བཅོམ་ལྡན་འདས་དེ་བཞིན་གཤེགས་པ་སྨན་གྱི་བླ་བཻ་ḍū་རྱའི་འོད་དེ་ལ་བྱས་པ་གཟོ་ཞིང་རྗེས་སུ་དྲན་ལ་། སེམས་ཅན་ཐམས་ཅད་ལ་ཕན ༼༢༨༣བ༡༽པའི་ཕྱིར་ཞུགས་པ་ལེགས་སོ་༎ལེགས་སོ་༎,(404b08) 爾時，眾中有十二夜叉大將，俱在會坐，所謂：  宮毘羅大將、跋折羅大將、迷佉羅大將、安捺羅大將、安怛羅大將、摩涅羅大將、因陀羅大將、波異羅大將、摩呼羅大將、真達羅大將、招度羅大將、鼻羯羅大將，  (404b16)此等十二夜叉大將，一一各有七千夜叉以為眷屬，皆同一聲白世尊言：  「我等今者蒙佛威力，得聞世尊藥師琉璃光如來名號已，不復更有惡道之怖。  我今相與皆同一心，乃至壽盡歸依佛、歸依法、歸依僧，皆當荷負一切眾生，為作義利，饒益安樂，  隨於何等村城聚落阿蘭拏處，若流布此經，若復持彼世尊藥師琉璃光如來名號親近供養者，我等眷屬衛護是人，皆使解脫一切苦難，諸有所求，悉令滿足。」  (404b25)爾時，世尊讚諸夜叉大將言：「善哉，善哉！大夜叉將！汝等若念彼世尊藥師琉璃光如來恩德者，當念饒益一切眾生。」,(408a24) 爾時，眾中有十二藥叉大將，俱在會坐，所謂：  (408a25)宮毘羅大將，伐折羅大將，迷企羅大將，安底羅大將，頞儞羅大將，珊底羅大將，因達羅大將，波夷羅大將，摩虎羅大將，真達羅大將，招杜羅大將，毘羯羅大將。  (408b02)此十二藥叉大將，一一各有七千藥叉以為眷屬，同時舉聲白佛言：  世尊！我等今者，蒙佛威力，得聞世尊藥師琉璃光如來名號，不復更有惡趣之怖。  我等相率，皆同一心，乃至盡形歸佛法僧，誓當荷負一切有情，為作義利饒益安樂。  隨於何等村城、國邑、空閑林中，若有流布此經，或復受持藥師琉璃光如來名號，恭敬供養者，我等眷屬衛護是人，皆使解脫一切苦難；諸有願求，悉令滿足。或有疾厄求度脫者，亦應讀誦此經，以五色縷，結我名字，得如願已，然後解結。  (408b14)爾時，世尊讚諸藥叉大將言：善哉！善哉！大藥叉將！汝等念報世尊藥師琉璃光如來恩德者，常應如是利益安樂一切有情。
65c17e6f3e6a4ca1a37a9ad2ba525394,§22 athāyuṣmān ānando bhagavantam etad avocat | ko nāmāyaṃ bhagavan dharmaparyāyaḥ | kathaṃ cainaṃ dhārayāmi |  bhagavān āha tena hy ānanda dharmaparyāyam idaṃ bhaiṣajyaguruvaiḍūryaprabhasya tathāgatasya pūrvapraṇidhānaviśeṣavistaram iti dhāraya dvādaśānāṃ mahāyakṣasenāpatīnāṃ praṇidhānam iti dhāraya ||,དེ་ནས་ཚེ་དང་ལྡན་པ་ཀུན་དགའ་བོ་སྟན་ལས་ལངས་ཏེ་། བླ་གོས་ཕྲག་པ་གཅིག་ཏུ་གཟར་ནས་པུས་མོ་གཡས་པའི་ལྷ་ང་ས་ལ་བཙུགས་ཏེ་། བཅོམ་ལྡན་འདས་ག་ལ་བ་དེ་ལོགས་སུ་ཐལ་མོ་སྦྱར་བ ༼༢༽བཏུད་ནས་བཅོམ་ལྡན་འདས་ལ་འདི་སྐད་ཅེས་གསོལ་ཏོ་༎ བཅོམ་ལྡན་འདས་ཆོས་ཀྱི་རྣམ་གྲངས་འདིའི་མིང་ཅི་ལགས་། འདི་ཇི་ལྟར་གཟུང་བར་བགྱི་། བཅོམ་ལྡན་འདས་ཀྱིས་བཀའ་སྩལ་པ་། ཀུན་དགའ་བོ་དེའི་ཕྱིར་ཆོས་ཀྱི་རྣམ ༼༣༽གྲངས་འདི་དེ་བཞིན་གཤེགས་པ་སྨན་གྱི་བླ་བཻ་ḍū་རྱའི་འོད་ཀྱི་སྔོན་གྱི་སྨོན་ལམ་གྱི་ཁྱད་པར་རྒྱས་པ་ཞེས་བྱ་བར་ཟུངས་ཤིག་། བྱང་ཆུབ་སེམས་དཔའ་ལག་ན་རྡོ་རྗེས་དམ་བཅས་པ་ཞེས་བྱ་བར་ཡང་ཟུངས་ཤིག་། ལས་ཀྱི་སྒྲིབ་པ་ཐམས་ཅད་རྣམ་པར་སྦྱོང་ཞིང་རེ་བ ༼༤༽ཐམས་ཅད་ཡོངས་སུ་སྐོང་བ་ཞེས་བྱ་བར་ཡང་ཟུངས་ཤིག་། གནོད་སྦྱིན་གྱི་སྡེ་དཔོན་ཆེན་པོ་བཅུ་གཉིས་ཀྱིས་དམ་བཅས་པ་ཞེས་བྱ་བར་ཡང་ཟུང་ཤིག་།,(404b29) 爾時，慧命阿難白佛言：「世尊！此經何名？云何奉持？」  (404c01)佛言：「阿難！此法門者，名為『藥師琉璃光如來本昔所發殊勝大願』，當如是持；名為『十二夜叉大將自誓』，當如是持；名為『淨一切業障』，當如是持。」,(408b17)爾時，阿難白佛言：「世尊！當何名此法門？我等云何奉持？」  佛告阿難：「此法門名『說藥師琉璃光如來本願功德』，亦名『說十二神將饒益有情結願神呪』，亦名『拔除一切業障』3，應如是持。」
fbbe6d774cf14cbd9641b5ba9a64dda8,§23 idam avocad bhagavān | āttamanā mañjuśrīḥ kumārabhūtaḥ āyuṣmāṃś ca ānandas trāṇamukto bodhisattvas te ca bodhisattvās te ca mahāśrāvakās te ca rājāmātyabrāhmaṇagṛhapatayaḥ sarvāvatī parṣat sadevamānuṣāsuragandharvaś ca loko bhagavato bhāṣitam abhyanandan ||,བཅོམ་ལྡན་འདས་ཀྱིས་དེ་སྐད་ཅེས་བཀའ་སྩལ་ནས་། འཇམ་དཔལ་གཞོན་ནུར་གྱུར་པ་དང་། བྱང ༼༥༽ཆུབ་སེམས་དཔའ་དེ་དག་དང་། གསང་བའི་བདག་པོ་ལག་ན་རྡོ་རྗེ་དང་། ཐམས་ཅད་དང་ལྡན་པའི་འཁོར་དེ་དག་དང་། ལྷ་དང་། མི་དང་། ལྷ་མ་ཡིན་དང་། དྲི་ཟར་བཅས་པའི་འཇིག་རྟེན་ཡི་རངས་ཏེ་བཅོམ་ལྡན་འདས་ཀྱིས་གསུངས ༼༦༽པ་ལ་མངོན་པར་བསྟོད་དོ་༎,(404c04)時婆伽婆說是語已，諸菩薩摩訶薩、諸大聲聞、國王、大臣、婆羅門、居士，及一切大眾阿修羅、揵達婆等，聞佛所說，歡喜奉行。,時薄伽梵說是語已，諸菩薩摩訶薩，及大聲聞，國王、大臣、婆羅門、居士，天、龍、藥叉、揵達縛、阿素洛、揭路荼、緊捺洛、莫呼洛伽，人、非人等，一切大眾，聞佛所說，皆大歡喜，信受奉行。
e767019b11a74fd6961759e80b94648d,Colophon āryabhaiṣajyagurur nāma mahāyānasūtram samāptam,༎ འཕགས་པ་བཅོམ་ལྡན་འདས་སྨན་གྱི་བླ་བཻ་ḍū་རྱའི་འོད་ཀྱི་སྔོན་གྱི་སྨོན་ལམ་གྱི་ཁྱད་པར་རྒྱས་པ་ཞེས་བྱ་བ་ཐེག་པ་ཆེན་པོའི་མདོ་རྫོགས་སོ་༎ ༎རྒྱ་གར་གྱི་མཁན་པོ་ཇི་ན་མི་ཏྲ་དང་། དཱ ༼༧༽ན་ཤī་ལ་དང་། ཞུ་ཆེན་གྱི་ལོ་ཙཚ་བ་བནདེ་ཡེ་ཤེས་སྡེ་ལ་སོགས་པས་བསྒྱུར་ཅིང་ཞུས་ཏེ་། སྐད་གསར་ཆད་ཀྱིས་ཀྱང་བཅོས་ནས་གཏན་ལ་ཕབ་པའོ་༎,佛說藥師如來本願經,(408b25)藥師琉璃光如來本願功徳經
