id,P001779,P001780,P001781
63b9d42d7d1141429ef0a5b6ffa0af79,མ,問雜事初,薩婆多部毘尼摩得勒伽卷第七 宋元嘉年僧伽跋摩譯
0e0e56be2834451681ff534d5265c449,མ་ན་བི་ཀའི་མདོའི་མདོ་བསྡུས་པ་སྟེ་།འདུས་པ་བུ་རམ་ཆུ་དང་རུང་བ་གཉིས་༎༼༦༽ ཤ་དང་སྲིན་བུ་པད་པ་རྣམ་པ་ལྔ་༎སྲ་དྲོ་བ་དང་ཕྱིན་ལན་བྱས་པ་དང་༎མྱོས་པ་དགེ་བསྙེན་ན་བ་དགེ་སློང་བའོ་༎,,
2a6cc088bd1f4b5faa91c86395616a9f,མདོར་ན་།འདུས་པ་དང་ནི་འོན་པ་དང་༎དམུས་ལོང་དང་ཡང་རི་མོ་ཅན་༎གཞོན་པ་རྣམས་ནི་མ་གཏོགས་ཏེ་༎ལྷག་མ་རྣམས་ནི་རུང་བའོ་༎,,
4b3eb474116d468fa46339e0077016f2,སངས ༼༧༽ རྒྱས་བཅོམ་ལྡན་འདས་ལ་ཚེ་དང་ལྡན་པ་ཨུ་པཱ་ལིས་ཞུས་པ་། བཙུན་པ་བཅོམ་ལྡན་འདས་ཀྱིས་ཡུལ་མཐའ་འཁོབ་ཏུ་འདུལ་བ་འཛིན་པ་དང་ལྔས་བསྙེན་པར་རྫོགས་པར་རུང་ངོ་ཞེས་བཀའ་སྩལ་ན་། དེར་བཅུ་ཡོད་པ་ལས་འདུལ་བ་འཛིན་པ་དང་ལྔས་བསྙེན་པར་རྫོགས ༼༢༢༢ཨ༡༽ པར་བགྱིས་ན་བསྙེན་པར་རྫོགས་པ་ཞེས་བགྱིའམ་བསྙེན་པར་མ་རྫོགས་པ་ཞེས་བགྱི་། ཨུ་པཱ་ལི་དེ་ནི་དགེ་སློང་དུ་བསྙེན་པར་རྫོགས་པ་ཞེས་བྱ་སྟེ་། དགེ་འདུན་རྣམས་ནི་འདས་པ་དང་བཅས་པར་འགྱུར་རོ་༎ བཙུན་པ་བཅོམ་ལྡན་འདས་ཀྱིས་ཆོས ༼༢༽ གོས་རྙེད་ལ་ཞག་བཅུ་ལས་འདས་ན་སྤང་བའི་ལྟུང་བར་འགྱུར་ཞེས་བཀའ་སྩལ་ན་། ཇི་ཙམ་གྱིས་ན་འོན་པས་ཆོས་གོས་འཐོབ་པར་འགྱུར་། གང་གི་ཚེ་རྙེད་པ་ན་མཐོང་ལ་ལག་པས་རེག་གམ་པང་དུ་བླངས་པར་ཡང་གྱུར་ལ་འདི་ནི་བདག་གི་གོས་སོ་སྙམ་དུ་དེས་འདུ་ཤེས ༼༣༽ བསྐྱེད་པ་དེ་ལྟ་བུ་ནི་འོན་པས་གོས་ཐོབ་པར་གྱུར་པའོ་༎ ཇི་ཙམ་གྱིས་ན་དམུས་ལོང་གིས་གོས་ཐོབ་པར་གྱུར་༎ གང་གི་ཚེ་དེས་ཐོས་ལ་ལག་ཏུ་བླངས་སམ་པང་དུ་བླངས་པར་གྱུར་ལ་འདི་ནི་བདག་གི་གོས་སོ་སྙམ་དུ་དེས་འདུ་ཤེས་ཀྱང་བསྐྱེད་ན་དེ་ལྟ་བུ་ནི་དམུས་ལོང་གིས་གོས་ཐོབ ༼༤༽ པར་གྱུར་པའོ་༎ སངས་རྒྱས་བཅོམ་ལྡན་འདས་ལ་ཨུ་པཱ་ལིས་ཞུས་པ་། ཕྱེད་རི་མོ་བྲིས་ལ་ཕྱེད་རི་མོ་མ་བྲིས་པ་ལ་མཆིས་སུ་རུང་ངམ་། ཨུ་པཱ་ལི་མི་རུང་སྟེ་། དེའི་སྟེང་དུ་གདིང་བ་གཞན་ཡོད་དམ་། དེ་སྟེ་རྙིངས་པར་གྱུར་ན་རུང་ངོ་༎ བཙུན་པ་བཅོམ་ལྡན་འདས་ཀྱིས་བ་ལ་འཇུས ༼༥༽ ཏེ་ཀླུང་མ་རྒལ་ཅིག་ཅེས་བཀའ་སྩལ་པ་། བཞོན་པ་མ་གཏོགས་པར་གཞན་ལ་འཇུ་ཞིང་ཀླུང་རྒལ་དུ་གནང་ངམ་། གནང་སྟེ་། གླང་ངམ་། རྟའམ་། མ་ཧེའམ་། གཡག་ལ་འཇུས་ཤིང་ཀླུང་རྒལ་ན་ཉེས་པ་མེད་དོ་༎,優波離問佛。如佛所説。邊地人持律第五得受具戒。頗有十人但取五人。得名受具戒不。  答得名受具戒。與受具戒者得罪。  問聾人云何名得布施。  答若眼見若盲人。若著手中若著膝上。心生念。我得是物。    See the previous record (two records ahead)  問若坐臥具上。若織若畫作女人像。若半有半無。得坐臥不。  答不得。不犯者。若多壞若敷尼師壇坐。  問捉牸牛尾。得渡河不。答不得。問除牸牛。若捉餘畜生尾。得渡河不。  答若捉師子虎狼象特牛驢馬尾者。得捉渡河。,如佛所説。邊地律師五人受具戒。若有十人律師五人受戒。得戒不。  佛言。得具戒。諸比丘得呵罪。  如佛所説。過十夜衣。尼薩耆。云何得長衣。  謂若入手若在膝上肩上作想。此是我衣。    See the previous record (two records ahead)  比丘得眠上座臥不。  佛言。應敷臥具已坐臥故者。不犯。  如世尊所説。不得捉牛尾渡。得捉餘尾渡不。  佛言。除虎尾象馬師子尾。捉餘尾渡。不犯
1ca9e66ac561456c989f307b93b1404f,མདོར་ན་།བུ་རམ་ཤིང་དང་ཞག་བདུན་དང་༎ལན་ཚྭ་དང ༼༦༽ ནི་འབྲུ་མར་རུང་༎དགེ་སློང་གིས་ནི་རུང་བར་བྱས་༎མི་རུང་སར་ནི་མི་རུང་བའོ་༎,,
767e03dfe1024d949c252571d5ccecbb,སངས་རྒྱས་བཅོམ་ལྡན་འདས་ལ་ཚེ་དང་ལྡན་པ་ཨུ་པཱ་ལིས་ཞུས་པ་། བཙུན་པ་བུ་རམ་ཆང་ཞག་བདུན་དུ་བྱིན་གྱིས་བརླབ་ཏུ་རུང་ངམ་། ཨུ་པཱ་ལི་རུང་ངོ་༎ ཇི་སྲིད་དུ་བཏུང་བར་བགྱི་། ནམ་མྱོས ༼༧༽ པར་མི་འགྱུར་བ་དང་། ཟས་དང་མ་འདྲེས་པ་དང་། མ་རྙོགས་པ་དང་། བསྔལ་བར་མ་གྱུར་ཅིང་། ཉིད་ཀྱི་བློ་ལས་མ་གྱུར་པའོ་༎ སངས་རྒྱས་བཅོམ་ལྡན་འདས་ལ་ཚེ་དང་ལྡན་པ་ཨུ་པཱ་ལིས་ཞུས་པ་། བཙུན་པ་མི་རུང་བའི་ཚིལ་ལས་ལན་ཚྭ་བཙོས་ཏེ་འཚལ་དུ་རུང་ངམ་། ཨུ་པཱ་ལི ༼༢༢༢བ༡༽ མི་རུང་ངོ་༎ ཐལ་བར་རུང་བར་བྱས་ཏེ་། ཟོས་ན་ཉེས་པ་མེད་དོ་༎ བཙུན་པ་མི་རུང་བའི་སྨན་ལས་འབྲུ་མར་བཙོས་པ་འཚལ་དུ་རུང་ངམ་། ཨུ་པཱ་ལི་མི་རུང་སྟེ་། མིག་གམ་། རྣ་བའམ་། སྣ་ལ་བསྐུས་ན་ཉེས་པ་མེད་དོ་༎ དགེ་སློང་རང་གིས་མེའམ་མཚོན་ནམ་སེན་མོས་ས ༼༢༽ བོན་དུ་འགྱུར་བ་རྣམ་པ་ལྔ་པོ་རུང་བར་བགྱིས་ན་རུང་བར་བགྱིས་པ་ཞེས་བགྱིའམ་། འཚལ་དུ་རུང་ངམ རུང་སྟེ་མེས་རུང་བར་བྱ་བ་མ་གཏོགས་ཏེ་༎ གང་རུང་བར་བྱེད་པ་དེ་ལ་ནི་ས་བོན་མ་རུང་བར་བྱས་པའི་ཉེས་པ་འབྱུང་བར་འགྱུར་རོ་༎ མི་རུང་བའི་སར་ཤིང་སྐྱེས་ལ་རུང་བའི་སར་འབྲས་བུ ༼༣༽ ལྟུང་ན་འཚལ་དུ་རུང་ངམ་། ཨུ་པཱ་ལི་མི་རུང་ངོ་༎ རུང་བའི་སར་ཤིང་སྐྱེས་ལ་མི་རུང་བའི་སར་འབྲས་བུ་ལྟུང་ན་འཚལ་དུ་རུང་ངམ་། ཨུ་པཱ་ལི་རུང་སྟེ་། ཞག་མ་ལོན་པར་གྱུར་པའོ་༎,問受石蜜漿。擧宿經七日。糝雜得服不。  答若雜餘糝不得。  問不淨藥草著油中煮。得服不。答不得。若病人塗身手足灌鼻無罪。問若以不淨脂煮鹽。得食不。答病人若燒得服。  See the previous record  See the previous record (two records ahead)  See the previous record (three records ahead)  問比丘以火刀爪淨果。得食不。  答不得。  問若果樹在淨地。枝在不淨地。果墮是中。可食不。答不可食。若果樹在不淨地。枝在淨地。果墮是中。可食不。答可食。  See the previous record  See the previous record (two record ahead)  佛語諸比丘。從今日不聽汝作淨地羯磨。若作得突吉羅。從是語已捨是事也,糖漿得七日受不。  答得飮。幾時飮。乃至未捨自性。  以不淨藥合煮得噉不。答不得。得塗身塗瘡灌鼻。以不淨脂合鹽煮得噉不。  答不得。若當猪脂用不犯    See the previous record (three records ahead)  若比丘五種種子自手作淨。若刀若爪成淨不。(See the next record as well)  答成淨。得食不。得食。除火淨。若火淨殺草。得波夜提。  樹在不淨地。果落淨地得食不。不經宿得食。樹在淨地果落不淨地。得食不。  答不得。  樹在淨地果落不淨地。得食不。  答不得。
899a32e75f6245ab99ef0e7387aa8c8d,མདོར་ན་།རུང་བར་འགྱུར་བའི་ས་གཉིས་ཏེ་༎བཟའ་བར་བྱ་བ་མ་ཡིན་དང་༎མི་ཡི་འོ་མར་རིག ༼༤༽ པ་དང་༎སྐྱུར་པོ་ཁུ་བར་གྱུར་པའོ་༎,,
5bb5f3980cc64601a025d93ae88b3e9c,རུང་བའི་ས་ན་ས་བོན་རྣམ་པ་ལྔ་པོ་དང་མེ་མཆིས་ལ་མི་རུང་བའི་སར་རུང་བ་བགྱིད་པ་མཆིས་ཏེ་། མེའམ་མཚོན་ཏམ་སེན་མོས་རུང་བར་བགྱིས་ན་རུང་བར་བགྱིས་པ་ཞེས་བགྱིའམ་མ་བགྱིས་པ་ཞེས་བགྱི་། བྱས་པ་ཞེས་བྱའོ་༎ འཚལ་དུ་རུང་ངམ་། ༼༥༽ ཨུ་པཱ་ལི་མི་རུང་ངོ་༎ རུང་བའི་ས་ན་དགེ་སློང་མཆིས་ཏེ་། རུང་བའི་སར་ས་བོན་རྣམ་པ་ལྔ་པོ་ལ་མེའམ་མཚོན་ཏམ་སེན་མོས་རུང་བར་བགྱིས་ན་བགྱིས་པ་ཞེས་བགྱིའམ་། མ་བགྱིས་པ་ཞེས་བགྱི་། བྱས་པ་ཞེས་བྱའོ་༎ འཚལ་དུ་རུང་ངམ་། ཨུ་པཱ་ལི་རུང་སྟེ༡། མེས་མི་རུང་བར་བྱས་པ་མ ༼༦༽ གཏོགས་ཏེ་། གང་རུང་བར་བྱེད་པ་ལ་ས་བོན་གྱི་གྲོང་བཤིག་པའི་ཉེས་པར་འགྱུར་རོ་༎ ཁུར་བླང་ངམ་། མ་བསྲེགས་པའམ་། ཁྲེའུའམ་། སློ་མའི་ནང་དུ་བཞག་སྟེ་འཚལ་དུ་རུང་ངམ་། ཨུ་པཱ་ལི་མི་རུང་ངོ་༎༢ མིའི་འོ་མ་འཚལ་དུ་རུང་ངམ་། ཨུ་པཱ་ལི་མི་རུང་སྟེ་། མིག་སྨན་དུ་དགོས་པ་ནི ༼༧༽ མ་གཏོགས་སོ་༎ དུས་མ་ལགས་པར་སྐྱུར་པོའི་ཁུ་བ་འཚལ་དུ་རུང་ངམ་། ཨུ་པཱ་ལི་རུང་ངོ་༎,      問諸大小槃團槃机案上。得食不。  答不得食。  問人乳得飮不。  答不得。若病以洗瘡塗眼得。    ,淨人在不淨地。不淨地作淨成淨不。答成淨。得食不。得食。除火淨  淨人在不淨地。淨地作淨。成淨不。成淨。得食不。得食。除火淨。  See the previous record  得食鱔肉不。1  不得。  得飮人乳不。  不得。  得著眼中蘇毘羅漿。非時得飮不。病者得飮。  
f468e81d773a4b94956f250e51ce2101,མདོར་ན་།མི་ཡི་ཤ་དང་ཆེད་དུ་ནི་༎བསད་པར་གྱུར་པར་ཤེས་པ་དང་༎མི་རུང་བ་ཡི་ཤ་རྣམས་དང་༎འདི་རྣམས་ཀུན་ནི་བཟའ་མི་བྱ་༎,,
894ab4ebeb5f4acf86ee313c17dc511c,སངས་རྒྱས་བཅོམ་ལྡན་འདས་ལ་ཚེ་དང་ལྡན ༼༢༢༣ཨ༡༽ པ་ཨུ་པཱ་ལིས་ཞུས་པ་། བཙུན་པ་མིའི་ཤ་འཚལ་དུ་རུང་ངམ་། ཨུ་པཱ་ལི་མི་རུང་ངོ་༎ བཙུན་པ་ནོངས་པ་ཅིར་འགྱུར་ཉེས་པ་སྦོམ་པོའོ་༎ མིའི་ཤ་མ་གཏོགས་པར་དེ་ལས་རུང་བ་གཞན་རྣམས་དེའི་ཕྱིར་ཆེད་དུ་བསད་པའི་ཤ་འཚལ་དུ་རུང་ངམ་༎ ཨུ་པཱ་ལི་མི ༼༢༽ རུང་ངོ་༎ མི་རུང་བའི་ཤ་རྣམས་འཚལ་དུ་རུང་ངམ་། ཨུ་པཱ་ལི་མི་རུང་ངོ་༎,問人肉得食不。  答不得。若食得偸蘭遮。  問故爲殺畜生肉可食不。  答不得食。若食得突吉羅。  不淨鳥獸肉不應食。若食突吉羅。,一切不淨肉不得食。得食人肉不。  不得食。食者得何罪。犯偸羅遮。      除人肉。餘不淨肉得食不。不得食
2b631b0f68fc46d48c074ce290787644,མདོར་ན་།སྲིན་བུ་པད་པ་དང་ནི་ཤིང་སྟ༣དང་༎སྤལ་པའང་བཟའ་བར་མི་བྱ་སྟེ་༎གཟུགས་པ་དེ་དག་ཐམས་ཅད་ནི་༎བཟའ་བར་བྱ་བ་མ་ཡིན་ནོ་༎,,
0639356f4d4f4e609213e3fc7a22bdfa,སངས་རྒྱས་བཅོམ་ལྡན་འདས་ལ་ཚེ ༼༣༽ དང་ལྡན་པ་ཨུ་པཱ་ལིས་ཞུས་པ་། སྲིན་བུ་པད་པའི་ཤ་འཚལ་དུ་རུང་ངམ་། ཨུ་པཱ་ལི་མི་རུང་ངོ་༎ བྱ་ཤིང་སྟ་མོའི་ཤ་འཚལ་དུ་རུང་ངམ་། ཨུ་པཱ་ལི་མི་རུང་ངོ་༎ སྦལ་པའི་ཤ་འཚལ་དུ་རུང་ངམ་། ཨུ་པཱ་ལི་མི་རུང་ངོ་༎ གཟུགས་པ་དག་གི་ཤ་འཚལ་དུ་རུང་ངམ་། ཨུ་པཱ་ལི་མི ༼༤༽ རུང་ངོ་༎,See the following record (two records in the following)  燕1 肉不應食。若食突吉羅。鵄鷲鳥等肉不應食。若食突吉羅。  蝦蟆肉不應食。若食得突吉羅。水蛭不應食。若食得突吉羅。  ,云何不淨肉。謂鱔蛇蝦蟇烏鵲白鷺。如是等肉不得食。食者突吉羅。  See the previous record  See the previous record  
73860b5e15bb40c387deb7fb3af3a9d2,མདོར་ན་།རུང་བ་དག་དང་འདྲེས་པ་དང་༎ཞག་བདུན་དུ་ཡང་བཟའ་མི་བྱ་༎ཚིལ་བུ་དང་ཡང་དེ་བཞིན་ཏེ་༎བུ་རམ་ཤིང་དང་སྔ་དྲོར་སྦྱར་༎,,
6630a994ddd44c29a395941548774bdf,སངས་རྒྱས་བཅོམ་ལྡན་འདས་ལ་ཚེ་དང་ལྡན་པ་ཨུ་པཱ་ལིས་ཞུས་པ་། སྔ་དྲོ་བའི་སྨན་དང་ཕྱི་དྲོ་བའི་སྨན་དུ་བསྲེས ༼༥༽ ན་འཚལ་དུ་རུང་ངམ་། ཨུ་པཱ་ལི་མི་རུང་ངོ་༎ ཕྱི་དྲོ་བ་དང་བདུན་པར་བསྲེས་ན་འཚལ་དུ་རུང་ངམ་། ཨུ་པཱ་ལི་མི་རུང་ངོ་༎ བདུན་པ་དང་ནམ་འཚོའི་བར་དུ་བསྲེས་ན་རུང་ངམ་། ཨུ་པཱ་ལི་མི་རུང་ངོ་༎  བཙུན་པ་དེ་ཉིད་སྔ་དྲོ་བ་ལགས་ལ་དེ་ཉིད་ཕྱི་དྲོ་བ་དང་བདུན་པ་དང་། ནམ ༼༦༽ འཚོའི་བར་དུ་རུང་ངམ་། ཨུ་པཱ་ལི་རུང་སྟེ༤༥། བུ་རམ་ཤིང་ནི་སྔ་དྲོ་བ་ལ་། དེའི་འོག་ཏུ་ཁུ་བ་བཙིར་བ་ནི་ཕྱི་དྲོ་པའོ་༎ དེའི་འོག་ཏུ་ཁུ་བ་བསྐོལ་ཏེ་བུ་རམ་དུ་བྱས་པ་ནི་བདུན་པའོ་༎ དེའི་འོག་ཏུ་བདུན་པ་བསྲེགས་པ་ནི་ནམ་འཚོའི་བར་དུ་བའོ་༎,即日受時藥時分藥七日藥盡形藥。共合一處。中前應服。時藥力故。過中不應服。  即日受時分藥七日藥盡形藥。共合一處。時分應服。時分藥力故。過時分不應服。  即日受七日藥盡形藥共合一處。七日應服。七日藥力故。過七日不應服。盡形藥隨意應服。  昨日受時藥不淨。即日受時分藥七日藥盡形藥。共合一處不應服。昨日受時分藥不淨。即日受七日藥盡形藥。共合一處不應服。昨日受七日藥不淨。即日受盡形藥。共合一處不應服。盡形藥盡形應服。  問頗有從一物邊作時藥時分藥七日藥盡形藥。  答有。甘蔗是時藥清汁是時分藥。作石蜜是七日藥燒作灰是盡形藥酪是時藥。清汁如水是時分藥。作酥是七日藥。燒作灰是盡形藥。2,即日受時藥七日藥終身藥。各各相雜得服不。不得服。時藥時服。乃至終身藥終身服  See the previous record  See the previous record    時藥得作非時七日終身藥耶。  廣説如前。
74fbaef13bac4c64a54476b1c5bfd1ad,དེ་ཉིད་ལ་སྔ་དྲོ་བ་དང་། དེ་ཉིད ༼༧༽ བདུན་པ་དང་། དེ་ཉིད་ལ་ནམ་འཚོའི་བར་དུ་བར་རུང་ངམ་།,See the following record,
41a74e98a9d546e5ba224e5db750ebd2,རུང་སྟེ་ཤ་ནི་སྔ་དྲོ་བའོ་༎ དེའི་འོག་ཏུ་བཙོས་པའི་ཞག་ནི་བདུན་པའོ་༎ བདུན་པ་དེའི་འོག་ཏུ་བསྲེགས་པའི་ཐལ་བ་ནི་ནམ་འཚོའི་བར་དུ་བའོ་༎,胡麻3 是時藥。壓作油是七日藥。燒作灰是盡形藥。肉是時藥。煮取脂是七日藥。燒作灰是盡形藥。4,
ac8fb51ab409498ca57e7ff9610e20a2,མདོར་ན་།དེ་ལྟར་བྱིན་ལེན་བྱས་པ་དང་༎དེ་ཡང་བྱིན་གྱིས་མ་བརླབས ༼༢༢༣བ༡༽ དང་༎ནད་པ་ནད་ཀྱིས་གཟིར་བ་དང་༎བསྔལ་བའི་བཏུང་བ་བརྒྱད་པའོ་༎,,No Tibetan
083971775ffd42efa5e230c4870b76d1,སྔ་དྲོ་བའི་སྨན་འདི་དག་གཞག་པར་བྱིན་གྱིས་བརླབ་ཏུ་རུང་ངམ་། ཨུ་པཱ་ལི་མི་རུང་སྟེ་། དེ་བཞིན་དུ་ཕྱི་དྲོ་བ་དང་། བདུན་པ་དང་། ནམ་འཚོའི་བར་དུ་ཡང་མི་རུང་ངོ་༎ དེ་བཞིན་དུ་བྱིན་ལེན་མ ༼༢༽ བྱས་པ་དང་། ནང་དུ་བཙོས་པ་དང་། བླངས་པ་དང་མི་རུང་བའི་རྣམས་འཚལ་དུ་རུང་ངམ་། ཨུ་པཱ་ལི་མི་རུང་ངོ་༎ ཚུལ་བཞིན་པས་བླངས་པ་བྱིན་གྱིས་མ་བརླབས་པ་དེ་འཚལ་དུ་རུང་ངམ་། ཨུ་པཱ་ལི་མི་རུང་ངོ་༎  སླར་བླངས་པ་དང་བྱིན་གྱིས་མ་བརླབས་པ་མི་ན་བར་འཚལ་དུ་རུང ༼༣༽ ངམ་། ཨུ་པཱ་ལི་མི་རུང་ངོ་༎ སླར་བླངས་པ་དང་བྱིན་གྱིས་མ་བརླབས་པ་ནད་པས་འཚལ་དུ་རུང་ངམ་། ཨུ་པཱ་ལི་རུང་ངོ༦༎,問時藥時分七日盡形藥。是諸藥擧殘宿。得服不。  答不得。      問若比丘先自取。後從淨人邊受。可服不。答不得。  問是藥手受口受。無病應服不。答不得。  問若手受口受。病比丘得服不。答得服。,若 藥不手受不説受不病得服不。不得服。時藥非時藥七日藥終身藥。不手受不説受。經宿得服不。2  不得服。      已手受説受内宿得服不。不得服。手受説受病者得服    See the previous record (two records ahead)
4f8980a9e86b403685f05e7a66cbfe82,དེ་ནས་སངས་རྒྱས་བཅོམ་ལྡན་འདས་ལ་ཚེ་དང་ལྡན་པ་ཨུ་པཱ་ལིས་ཞུས་པ་། ནད་པ་ལ་ཅི་སྩལ་བར་བགྱི་། གང་གིས་ནད་པ་ལ་སོས་པར་འགྱུར་བ་བཅས ༼༤༽ པའི་ཁ་ན་མ་ཐོ་བ་དེ་ནད་པ་ལ་བྱིན་ཅིག་། བཅོམ་ལྡན་འདས་ཀྱིས་བཏུང་བ་ནི་རྣམ་པ་འདི་བརྒྱད་གནང་ན་དེ་ལ་རྩ་བའི་བསྔལ་བ་དང་། སྡོང་བུའི་བསྔལ་བ་དང་། ལོ་མའི་དང་། མེ་ཏོག་གི་བསྔལ་བར་འདྲེས་ན་འཚལ་དུ་རུང་ངམ་། ཨུ་པཱ་ལི་རུང་ངོ་༎ ཇི་སྲིད་དུ་རུང་། ནམ་མྱོས ༼༥༽ པར་མ་གྱུར་། ཟས་དང་མ་འདྲེས་རྙོགས་པར་མ་གྱུར་། ནམ་བསྔལ་བའི་བར་དུའོ་༎,  問八種漿非時可飮不。  答若無酒氣味清淨得服。,  云何養病除性罪。餘者養病。世尊聽飮八種漿。幾時飮。乃至未捨自性得飮  See the previous record
aeb16d46dc5d4e3ab4fd5dfeced5f6de,མདོར་ན་།སྨྱོས་པར་གྱུར་དང་བྱིན་གྱིས་བརླབ་༎གཅིག་པུ་འདུག་པར་གྱུར་པོ་དང་༎གོས་ལ་བྱིན་གྱིས་མི་བརླབ་པ་༎མཚམས་ཀྱི་ཕྱི་རོལ་དགེ་འདུན་གྱིའོ་༎,,
35e03f6e80444896a6236166569f6816,སྨྱོན་པ་ལས་གོས་བླང ༼༦༽ བར་བགྱིའམ་། གསུངས་པ་། ཁ་ཅིག་ལས་ནི་བླང་བར་བྱ་། ཁ་ཅིག་ལས་ནི་བླང་བར་མི་བྱའོ་༎ གང་ལས་བླང་བར་བགྱི་༎ གང་ལ་ཕ་དང་། མ་དང་། ཕུ་ནུ་བོ་དང་། སྲིང་མོ་ཡོད་པའམ་། བདག་གིས་ཁྱིམ་ནས་བྱིན་པ་དེ་ནི་བླང་བར་བྱའོ་༎ གང་ལས་མི་བླང་བར་བགྱི་། གང་ལ ༼༧༽ ཕ་དང་། མ་དང་། ཕུ་ནུ་བོ་དང་། སྲིང་མོ་དང་། རང་གི་ཁྱིམ་མེད་པས་ཕྱིན་པ་དེ་ནི་བླང་བར་མི་བྱའོ་༎ སྨྱོན་པ་གང་ནས་བཟུང་སྟེ་ཆོས་གོས་བྱིན་གྱིས་བརླབ་པར་བགྱི་། གང་གི་ཚེ་རང་གི་སེམས་མལ་དུ་ཕེབས་པར་གྱུར་པ་ནའོ་༎ བཙུན་པ་དགེ་སློང་གང་གཅིག་པུ་གནས་ན་མཆིས་པ ༼༢༢༤ཨ༡༽ དེར་མི་དག་གིས་དགེ་འདུན་གྱི་ཕྱིར་གོས་ཕུལ་བ་དེ་དགེ་འདུན་གྱིས་མངོན་དུ་བགོ་བར་བགྱི་བ་ཞིག་ལགས་ན་དགེ་སློང་དེས་གོས་རྙེད་པ་ཇི་ལྟར་བགྱི་། གསུངས་པ་། ཨུ་པཱ་ལི་དེའི་ཕྱིར་ན་དགེ་སློང་དེས་སེམས་འདི་ལྟར་སྐྱེད་ལ་ཚིག་ཏུ་ཡང་འདི་སྐད་རྗོད་ཅིག་། ༼༢༽ གནས་འདི་ན་བདག་གཅིག་པུ་འདུག་སྟེ་། གོས་འདི་ནི་དགེ་འདུན་གྱི་ཕྱིར་ཏེ་དགེ་འདུན་གྱིས་མངོན་དུ་བགོ་བར་རིགས་པ་ཞིག་ལས་བགོས་ནས༧བདག་དབང་སྟེ་བྱི་དར་བྱའོ་༎ སྦའོ་༎༨ བྱིན་གྱིས་བརླབ་པར་བྱ་སྟེ་། བྱི་བདར་བྱས་སྦས་ཤིང་བྱིན་གྱིས་བརླབས་ལ་དེ་ལྟར་བྱས་ན་ལས ༼༣༽ བྱས་པ་ཞེས་བྱའོ་༎ དགེ་སློང་གཞན་དག་གཅིག་འོངས་སུ་ཟིན་ཀྱང་དེ་དག་ལ་སྐལ་བ་མ་བྱིན་ཅིག་། དེ་ལྟར་མ་བྱས་ན་དགེ་སློང་དེ་གཅིག་པུས་གོས་དེ་མ་བཀུར་ཅིག་། ཁྱེར་ན་འདས་པ་དང་བཅས་པར་འགྱུར་རོ་༎ དགེ་སློང་དེ་དག་ཀྱང་མཚུངས་པར་དབང་བ་ལས་དེ་གཅིག ༼༤༽ པུས་དགེ་འདུན་གྱི་ཕྱིར་བྱིན་གྱིས་བརླབས་པ་ལས་མཚམས་ཀྱི་ཕྱི་རོལ་དུ་སོང་ནས་ཁྱེར་ན་ཉེས་བྱས་སུ་འགྱུར་རོ་༎ དེ་སྟེ་རྐུ་སེམས་སུ་གྱུར་ན་འདས་པ་དང་བཅས་པར་འགྱུར་རོ་༎,問得從狂人取衣不。答或可取或不可取。    若知有父母兄弟居家與。可取。    若知無父母兄弟非居家中與。不可取。  問狂人何時應受衣。  答還得本心時。  有一比丘獨一處住。是中檀越施僧現前可分物。  是比丘應心念口言。是衣物爲此住處現前僧可分。是衣物今屬我。 我應受自用  若能作是語。得名羯磨。  若餘比丘來從索。不應與。若不作。是語。是物不應取。若取得突吉羅。  亦應共餘比丘分。若不如是作出界外。得突吉羅。  ,狂人邊得取衣不。或得或不得。  云何得不。  知父母所在兄弟姉妹。自持物施比丘得取  云何不可取。  父母等可知。不自手與。不可取  狂人邊説。受持衣成受不。  不捨自性成受。  若比丘獨住。有人施現前僧。可分衣。無餘比丘。此衣當云何。  彼比丘得衣時。心念口言。我此住處得是衣。現前僧應分。此中無僧。此衣屬我入我。我當受是衣。當割截縫染。我當受持。  如是作羯磨已。  若有比丘來不應與。若未作羯磨時來者應與。不與者。犯突吉羅  若有比丘得衣與衆僧。界外自取。突吉羅。  若恣心取隨事犯。二人衆多亦如是3 。
13d8e5f9c4a848058296c09e984426cc,མདོར་ན་།དགེ་བསྙེན་པའི་ནི་བུ་དང་སྟེ་༎དབྱར་གནས་མངོན་དུ་གྱུར་པ་དང་༎འདས་དང ༼༥༽ མ་འོངས་དགེ་སློང་དག་༎འདི་ལྟར་དབྱར་ནི་ཞིག་པར་གྱུར་༎,,
20ea7df9ed7248ac9b6f35d9ad3ae087,དགེ་བསྙེན་གྱིས་བུ་སྨ་ཕབ་པར་གྱུར་ན་དེ་ལས་གོས་བླང་བར་བགྱིའམ་། མི་བླང་བར་བགྱི་།  བཅོམ་ལྡན་འདས་ཀྱིས་བཀའ་སྩལ་པ་། དེ་མི་བླང་བ་ཞེས་བྱའོ་༎ གོས་འདི་དབྱར་གནས་པའི་དགེ་འདུན་ལ་ཕུལ་ན ༼༦༽ ཡང་དེ་དབྱར་གྱི་ཟླ་བ་ཐ་མ་ཡང་མ་ཡིན་ལ་གནས་དེར་གཏན་པ་ཡང་བཏིང་བར་མ་གྱུར་ཏེ་། དབྱར་གྱི་ཟླ་བ་ཐ་མ་ཡང་མ་ཡིན་ལ་དེ་གནས་དེར་གཏན་པ་མ་བཏིང་དུ་ཟིན་གྱིས་ཀྱང་དབྱར་གནས་པའི་རྣམས་ལ་གོས་དེ་དབང་བར་འགྱུར་རོ་༎ གོས་འདི་ནི་དགེ་འདུན་མངོན་དུ་གྱུར་པ ༼༧༽ རྣམས་ཀྱི་ཡིན་ནོ་ཞེ་ན་། དེ་ཡང་དབྱར་གྱི་ཟླ་བ་ཐ་མར་ཀྱང་གྱུར་༎ དེ་གནས༩དེར་གཏན་པ་ཡང་བཏིང་བར་གྱུར་ན་ཟླ་བའི་ཐ་མ་ཡང་ཡིན་ཞིང་གནས་དེར་གཏན་པ་བཏིང་བར་གྱུར་དུ་ཟིན་ཀྱང་། གང་དབྱར་དེར་མ་གནས་པ་དེ་དག་ཀྱང་གོས་དེ་དབང་བར་འགྱུར་རོ་༎ གོས་འདི་དགེ ༼༢༢༤བ༡༽ འདུན་མངོན་སུམ་དུ་ཚོགས་པ་ལ་ཕུལ་བར་གྱུར་ཏེ་། དགེ་སློང་གང་གནས་འདིར་ལོ་ཕྱི་མར་གནས་། ཡང་ཕྱིར་གནས་། གསུམ་ཕྱིར་གནས་། དེ་བཞིན་དུ་ལོ་ཕྱི་མ་བཅུའི་བར་དུ་གནས་པ་དེ་དག་ལ་དབུལ་ལོ་ཞེ་ན་། དེར་དབྱར་གྱི་ཟླ་བ་ཐ་མར་གྱུར་ལ་གཏན་པ ༼༢༽ བཏིང་བར་ཀྱང་གྱུར་ཏོ་༎ དེ་དབྱར་གྱི་ཟླ་བ་ཐ་མར་གྱུར་དུ་ཟིན་ཀྱང་གང་ལ་བྱིན་པ་དེ་དག་དབང་སྟེ་། སྔ་མའི་ཟླ་བ་དང་པོ་དང་གཉིས་པོ་ནས་བཅུའི་བར་དུ་རྒྱས་པར་བརྗོད་དོ་༎ དགེ་སློང་དབྱར་གནས་གནས་པ་ལས་དགེ་འདུན་གྱི་དོན་ཅིག་ལ་མཚམས་ཀྱི་ཕྱི་རོལ་དུ་སོང ༼༣༽ ན་དེའི་དབྱར་གྱི་སྐལ་བ་དབང་བ་གང་ནས་སྩལ་༎ གང་གི་དོན་གྱི་ཕྱིར་སོང་བ་དང་། གང་དུ་རིང་དུ་གནས་པར་གྱུར་པའོ་༎  དབྱར་ཞིག་པ་ལ་གོས་ཀྱི་སྐལ་པ་སྩལ་བར་བགྱིའམ་། ཁ་ཅིག་ལ་ནི་སྦྱིན་པར་བྱའོ་༎ ཁ་ཅིག་ལ་ནི་མི་སྦྱིན་པར་བྱའོ་༎ གང་ལ་སྩལ ༼༤༽ པར་བགྱི་༎ གང་ལ་སྔ་མ་དང་ཕྱི་མ་ཡོད་པ་དང་། གང་དུ་རིང་དུ་གནས་པར་གྱུར་པ་ལའོ་༎ གང་ལ་མི་སྩལ་བར་བགྱི་། གང་ལ་སྔ་མ་ཡང་མེད་ལ་ཕྱི་མ་ཡང་མེད་པ་དང་། གང་རིང་དུ་མ་གནས་པར་གྱུར་པའོ་༎,問若賢者責罰兒。是兒持物與比丘。可取不。  答不可取。  問自恣竟先檀越施僧衣作是言。是物施是間安居僧。是時非夏末月。諸比丘亦不受迦絺那衣。是衣應屬誰。答雖非夏末月諸比丘亦不受迦絺那衣是衣應屬此間安居竟僧應分。  問諸檀越持衣施。作是言。是衣施是間現前僧。是時夏末月。諸比丘受迦絺那衣。是衣應屬誰。答雖是夏末月。雖受迦絺那衣。是衣應是一住處現前僧應分。  問檀越持衣施。作是言。是衣施此住處去年乃至十歳安居僧。是安居時非夏末月。不受迦絺那衣。是衣應屬誰。答雖非夏末月不受迦絺那衣。是衣但去年乃至十年。此處安居僧應分。問檀越持衣入僧坊。作是言。是衣施此住處將來一年二年乃至十年是中安居僧。爾時是夏末月。受迦絺那衣。是衣應屬誰。答雖是夏末月受迦絺那衣。是衣應來一年乃至十年此間安居僧分。  問勸化主爲僧事出界去。誰當與安居衣分。  答隨所爲出界處應與。又隨所住日多處應與。  問破安居比丘。應與衣分不。  答或應與或不應與。  何者應與。  若知前安居若後安居。應與若多住應與。若半住應與。  何者不應與。  若知不前安居。若知不後安居。若住日少是。,長者兒被驅布施。得取不。  不得取  有衣與自恣僧。自恣僧應分。若施現前僧。現前僧應分。安居中爲僧故。    See the previous answer of the Buddha.  出界外者得物應分。破安居人得衣分不。  或得或不得。        若前後安居已破者應得。    前後不安居者不得。
3e07c0dfaafa43cc9e99cdf03a826105,མདོར་ན་།ནད་པ་ཡི་ནི་དོན་ལ་སྟེ་༎ནད་གཡོག་ཏུ ༼༥༽ ནི་གྱུར་པ་དང་༎རུང་བར་བྱས་དང་བསླབ་པ་བྱིན་༎ནོར་རྣམས་རུང་བར་ཇི་ལྟར་བྱ་༎,,
d8c474b5b70a48f39dbc089a82881f84,དགེ་སློང་ནད་གཡོག་བགྱིད་པ་དེ་དོན་ཅིག་ལ་མཚམ་ཀྱི་སླད་རོལ་དུ་མཆིས་པ་དང་། དེ་མཚམས་ཀྱི་སླད་རོལ་དུ་མཆིས་པའི་འོག་ཏུ་ནད་པ་དུས་ལས་འདས་ན་ནད་གཡོགས་ལ་གོས་རྣམས ༼༦༽ སྩལ་བར་བགྱིའམ་མི་སྩལ་བར་བགྱི་༎ ཁ་ཅིག་ལ་ནི་སྦྱིན་པར་བྱའོ་༎ ཁ་ཅིག་ལ་ནི་མི་སྦྱིན་པར་བྱའོ་༎ གང་ལ་སྩལ་བར་བགྱི་། གང་ནད་པའི་དོན་གྱི་ཕྱིར་བྲེལ་བར་གྱུར་པ་དེ་ལ་ནི་སྦྱིན་པར་བྱའོ་༎ གང་རང་གི་དོན་ཏམ་གཞན་གྱི་དོན་ལ་བྲེལ་བར་གྱུར་པ་དེ་ལ་ནི་མི་སྦྱིན ༼༧༽ ནོ་༎  ཁྱིམ་པ་ཞིག་ནད་པའི་གཡོག་བགྱིད་ན་གོས་སྩལ་བར་བགྱིའམ་མི་སྩལ་བར་བགྱི་། གསུངས་པ་། མི་སྦྱིན་ཏེ་། དགེ་སློང་མ་དང་། དགེ་སློབ་མ་དང་། དགེ་ཚུལ་མ་ཡང་དེ་བཞིན་དུ་མི་སྦྱིན་ནོ་༎ སེཨེ་ཐེ་ནེ྾ཏ་རེཅོརདས ༼ཕོ༹ཨུར་ཨནད་ཕི༹བེ༹་རེཅོརདས་ཨིན་ཐེ་ཕོ༹ལློཝིང༽ དགེ་ཚུལ་ཕ་ཞིག་ནད་གཡོགས་བགྱིད་ན་དེ་ལ་ནད་གཡོག་གི ༼༢༢༥ཨ༡༽ གོས་སྩལ་བར་བགྱིའམ་། མི་སྩལ་བར་བགྱི་།  གསུངས་པ་། སྦྱིན་པར་བྱའོ་༎ ཇི་ཙམ་ཞིག་སྩལ་། ཀུན་དང་ཡང་མཉམ་པར་རོ་༎  ནད་གཡོག་དབྱར་གནས་གཞན་དུ་ཚུལ་དུ་ཞུགས་པ་ཞིག་ན་། དེ་ལ་ནད་གཡོག་གི་གོས་སྩལ་བར་བགྱིའམ་། མི་སྩལ་བར ༼༢༽ བགྱི་། བཅོམ་ལྡན་འདས་ཀྱིས་བཀའ་སྩལ་པ་། སྦྱིན་པར་བྱའོ་༎ ནད་གཡོག་སུས་བགྱི་། མཁན་པོ་དང་། སློབ་དཔོན་དང་། མཁན་པོ་གཅིག་པ་དང་། སློབ་དཔོན་གཅིག་པ་དང་། སྨྲ་བ་དང་། ཀུན་དུ་སྨྲ་བ་དང་། སྟོན་པ་དང་། ལྷན་ཅིག་སྤྱོད་པ་དང་། སློབ་མས་སོ་༎  ༼༣༽ དེ་སྟེ་མེད་ན་དགེ་འདུན་གྱིས་ནད་གཡོག་སྐོས་ཤིག་། དེ་སྟེ་དགེ་འདུན་གྱིས་ཀྱང་ནད་གཡོག་མ་བསྐོས་ན་འདས་པ་དང་བཅས་པའོ་༎ ནད་གཡོག་གིས་ཀྱང་ནད་པའི་ནད་གཡོག་མ་བྱས་ན་ཉེས་བྱས་སུ་འགྱུར་རོ་༎ དེ་སྟེ་ནད་པས་ནད་གཡོག་ལ་ཆོས་བཞིན་དུ་བསྒོ་བ་མ་མཉན་ན་ཉེས་བྱས་སུ ༼༤༽ འགྱུར་རོ་༎ ནད་པ་ལ་ཡང་དེ་བཞིན་ནོ་༎ ནད་པ་ལ་ཇི་སྲིད་དུ་ནད་གཡོ་བགྱི་། ཇི་སྲིད་ནད་པ་ཤི་བའམ་། དེ་སྟེ་སོས་པར་གྱུར་པའི་བར་དུའོ་༎ མི་ཕན་པ་རྣམས་སྤོང་བར་བྱེད་། ཕན་པའི་རྣམས་ནི་སྒྲུབ་པར་བྱེད་། དོན་རྣམས་ཀྱང་ཉམས་པར་མི་བྱེད་པ་བསླབ་པ་སྩལ་བས ༼༥༽ གང་ནས་བཟུང་ཞིག་གོས་རྣམས་བྱིན་གྱིས་བརླབ་པར་བགྱི་ནམ་རྙེད་ནའོ་༎ ནོར་རྣམས་ཇི་ལྟར་རུང་བར་བགྱི་། མི་རུང་བ་འདིས་རུང་བ་བསྒྲུབ་པར་བྱ་ཞིང་ན་བའི་སྨན་རྣམས་གཞག་པར་བྱའོ་སྙམ་དུའོ་༎,問看病人。爲病人故出界去。病人命終。應與看病人衣分不。  答。或應與或不應與。  與者。實爲病人故出。應與。若餘事故出。不應與。  問云何名看病人。答若能看視療治病人乃至若死。若差與隨病藥隨病食。具足供給親近益利。使離諸衰損所作無闕。是名看病人。cf. See the following records (nine and ten records in the following)  問若白衣作看病人。應與看病人物分不。  答不應與。問若比丘尼作看病人。應與看病人物不。答不應與。  若是看病比丘餘處安居。應與看病人物不。問若看病人後安居。病比丘前安居。應與看病人物不。答應與。  問若沙彌作看病人。應與看病人物不。  答應與。  云何與。答大比丘等與。  問與學沙彌齊何作淨施。答隨所得時作淨施。  See the previous record (four records ahead)   See the previous record (five records ahead)   (cf. the previous record; nine records ahead)   (cf. the previous record; ten records ahead)        問錢云何作淨施。  答應言。此是不淨物。若淨當受。,看病人出界去。後病者死。應與衣不。  有應與不應與。  爲病者去應與。爲自去者不應與。    白衣看病應與不應與。  應與少許比丘尼。式叉摩尼。沙彌沙彌尼。亦如是。  See the next record (two records in the following)    餘處安居餘處看病。病者死應與衣。不應與沙彌。  看病應盡與。爲少與。應盡與。或等與。    See the previous record (two records ahead)   See the previous record (three records ahead)        若無看病人僧盡應看。若不看。犯突吉羅。若差看不看。犯突吉羅。病人不用看病人語。突吉羅。看病人不用病人語。突吉羅。      若人施不淨物作  是言。我等不得用不淨物。作是念已。施某甲淨人。得淨者當受
66c08c69afe94494b0d0eba79ce3390e,མདོར་ན་༎དགེ་སློང་གནས་པ་རྣམ་བཞི་ནི་༎གནང་བ་དང་ནི་མས་རྣམས་དང་༎༼༦༽ སོང་ནས་སླར་འོངས་སྤང་བ་དང་༎སྦོམ་པོ་མུ་སྟེགས་ཅན་དང་གསུམ་༎,,
4a3c3556ffe847d2aa58fcee29994f01,དགེ་སློང་གིས་སྔར་ཡང་མ་ལགས་། སླད་ཀྱིས་ཀྱང་མ་ལགས་པར་གནས་བཞིར་དབྱར་ཅིག་ཅར་ཚུལ་དུ་ཡང་ཞུགས་ལ་ནོངས་པར་ཀྱང་མི་འགྱུར་བ་མཆིས་སམ་། ཡོད་དེ་། དེ་འདི་ལྟར་དགེ་སློང ༼༧༽ དེ་ཁྲིའམ་རེ་ལྡེའམ་ར་གོང་ཡང་རུང་སྟེ་། གནས་བཞིའི་མཚམས་སུ་མནན་ནས་དབྱར་ཚུལ་དུ་ཞུགས་ན་ཚུལ་དུ་ཞུགས་པ་ཞེས་ཀྱང་བྱ་སྟེ་། ཉེས་པ་ཡང་མེད་དོ་༎ དེའི་གོས་ཀྱི་བགོས་སྐལ་གང་ནས་འཐོབ་། ཐམས་ཅད་ནས་སོ་༎ དབྱར་གྱི་རས་ཆེན་ཚད་ལས་ཆུང་ངུ་འཆང་ན་དེའི ༼༢༢༥བ༡༽ ནོངས་པ་གང་ལགས་། གསུངས་པ་། ཉེས་བྱས་སུ་འགྱུར་རོ་༎ དེ་བཞིན་དུ་གཡན་པ་དགབ་པ་དང་འདིང་བ་ཡང་དེ་བཞིན་ནོ་༎ སོང་ནས་སླར་མཆིས་པའི་གོས་ཀྱིས་གཏན་པ་གདིང་ན་གཏན་པ་བཏིང་བ་ཞེས་བགྱིའམ་། མ་བཏིང་བ་ཞེས་བགྱི་། གསུངས་པ་། གཏན་པ་མ ༼༢༽ བཏིང་བ་ཞེས་བྱའོ་༎ གོས་དེ་གང་ལགས་། ལམ་ཕྲན་ནས༡༠རྙེད་པའོ་༎  སྤང་བ་བྱུང་བའི་གོས་རྣམས་བགོས་ན་དེའི་ལྟུང་བ་གང་ལགས་། གསུངས་པ་། ཉེས་བྱས་སོ་༎ མུ་སྟེགས་ཅན་གྱི་རྒྱལ་མཚན་གོས་མ་མཆིས་པ་དང་། འོལ་བའི་སྒྲོ་དང་། སྐྲའི་ལ་བ་དང་གསུམ ༼༣༽ འཆང་ན་དེའི་ལྟུང་བ་གང་ལགས་།  ཉེས་པ་སྦོམ་པོར་འགྱུར་རོ་༎ མུ་སྟེགས་ཅན་གྱི་རྒྱལ་མཚན་གསུམ་པོ་མ་གཏོགས་པར་མུ་སྟེགས་ཅན་གྱི་རྒྱལ་མཚན་གཞན་འཛིན་ན་ཅིར་འགྱུར་།  བཅོམ་ལྡན་འདས་ཀྱིས་བཀའ་སྩལ་པ་། ཉེས་བྱས་སོ་༎,問頗一比丘四住處一時安居。得名安居無罪耶。  答若以床榻材木連接四界。得名安居。  何處應與安居衣分。  答應四處各與四分之一。  若比丘雨浴衣若小受。  得突吉羅。若覆瘡衣若小受。得突吉羅。若比丘分盈長衣。得突吉羅。            問若比丘作三相。一赤裸。二著角鵄翅衣。三著髮欽婆羅。得何罪。  答得偸蘭遮。  問若比丘除是三相。更作餘相。得何罪。  答得突吉羅。,有比丘四處安居。成安居不。  若以床木四界安居。  何處應得安居。  衣分共與一分。  減量作雨衣受持。  突吉羅。覆瘡衣亦如是。            畜三種外道衣。謂皮衣毛衣髮衣。  偸羅遮。  除此三種。畜外道餘衣。  突吉羅
b1bc547467824546ad9489a6f605072b,འདུལ་བ་གཞུང་དམ་པ་ལས་། ༼༤༽ མ་ན་བི་ཀ་བའི་སྒོ་དང་པོ་སྟེ་རྫོགས་སྷོ་༎ ༎,,", but the next question of Upāli starts in a new line. "
d47af6a16aa549479951a39b06401ce6,མདོར་བསྡུས་པར་ན་།རྙིངས་པ་གདིང་དང་རིངས་པ་གསུམ་༎གཟུ་བོའི་ཉེས་པ་ཇི་ཙམ་གྱིས་༎ཀོ་ཤམ་བིས་ནི་ཇི་ལྟར་ལས་བྱས་པ་༎ལས་དང་གཟུ་བོ་རྗེས་སུ་བསྒྲགས་༎བསྡིགས་པ་བསྡུས་ནས་བསྒྲགས་པའོ་༎,,
6ce84961b3694a8ea6b68220a1c54b0f,མདོར ༼༥༽ ན་༎རྙིངས་པ་སར་པ་གཉིས་པོ་དང་༎ཁ་དོག་ཅན་དང་མ་བཞག་པ་༎མི་རུང་དང་ཡང་དེ་བཞིན་ཏེ་༎ཡོངས་སྤྱད་དང་མ་བགོས་རུང་བའོ་༎,,
58d308926641479eb0750b8ab3b2c32f,བཙུན་པ་བཅོམ་ལྡན་འདས་ཀྱིས་གོས་རྙིངས་པ་གཏན་པར་བཏིང་ན་གཏན་པར་མ་བཏིང་བའོ༡༡ཞེས་གསུངས་ན་། གོས་རྙིངས་པ ༼༦༽ གང་ལགས་། གོས་གང་ཡང་གཏན་པར་བཏིང་པར་གྱུར་པའོ་༎ བཅོམ་ལྡན་འདས་ཀྱིས་གོས་སར་པ་གཏན་པར་བཏིང་ན་གཏན་པ་བཏིང་བ་ཡིན་ནོ་ཞེས་གསུངས་། གོས་སར་པ་གང་ལགས་།  གོས་གང་སྔར་གཏན་པར་མ་བཏིང་བའོ་༎ བཅོམ་ལྡན་འདས་ཀྱིས་གཏན་པ་བཏིང་བའི ༼༧༽ དགེ་སློང་གིས་གོས་ལེན་པའི་ཚེ་སེམས་གསུམ་བསྐྱེད་པར་བྱའོ་༎ ཐོག་མར་འགྲོ་བར་བྱའོ་༎ གང་གི་ཚེ་མཐར་ཕྱིན་ན་སྐུད་ཁམ་གསུམ་ཙམ་ཡང་དྲུབས་ལ་། སེམས་རྣམ་པ་གསུམ་ཡང་བསྐྱེད་པར་བྱའོ་༎ འཁྲུ་བ་དང་། འདྲ་བ་དང་། བཙོ་བ་དང་། དཀྱིལ་འཁོར་ཕྱེད་དང་གསུམ ༼༢༢༦ཨ༡༽ པ་ཡང་བྱོས་ཤིག་ཅེས་གསུངས་ན་། གཏན་པ་བཏིང་བས་སེམས་རྣམ་པ་གསུམ་བསྐྱེད་ན་གཏན་པ་བཏིང་ཞེས་བགྱིའམ་། དེ་སྟེ་གོས་འདི་ནི་དགེ་འདུན་གྱི་གཏན་པར་གཏིང་སྟེ་། བདག་གིས་ཞེས་སེམས་རྣམ་པ་གཉིས་བསྐྱེད་པར་བགྱི་། སེམས་དེ་ལྟར་རྣམ་གཉིས ༼༢༽ བསྐྱེད་དེ་གཏན་པར་བཏིང་ན་གཏན་པ་གདིང་བ་ལ་ཉེས་བྱས་སུ་འགྱུར་རོ་༎ སྤང་བའི་གོས་གཏན་པར་བཏིང་ན་གཏན་པར་བཏིང་བར་མི་འགྱུར་རོ་ཞེས་གསུངས་ན་། སྤང་བའི་གོས་གང་ལགས་།  ཞག་བཅུ་ལས་འདས་པའམ་། ནུབ་གཅིག་བྲལ་བར་གྱུར་པའོ་༎ མི་རུང་བའི་གོས་གཏན་པར ༼༣༽ བཏིང་ན་གཏན་པར་བཏིང་བ་མ་ཡིན་ནོ་ཞེས་གསུངས་ན་། མི་རུང་བའི་གོས་གང་ལགས་། གོས་གང་རྒྱུ་མི་རུང་བར་གྱུར་བའོ་༎ བཙུན་པ་བཅོམ་ལྡན་འདས་ཀྱིས་གོས་བགོས་པ་རྙིང་པ་གཏན་པ་བཏིང་ན་གཏན་པར་བཏིང་བ་མ་ཡིན་ནོ་ཞེས་གསུངས་ན་། གོས་རྙིང་པ་བགོས་པ་དེ་གང་ལགས་། ༼༤༽ གོས་གང་དགེ་སློང་གིས་རྟག་ཏུ་བགོས་པའོ་༎ མ་བགོས་པའི་གོས་གཏན་པར་བཏིང་ན་གཏན་པར་བཏིང་བ་ཡིན་ནོ་ཞེས་གསུངས་ན་། མ་བགོས་པའི་གོས་གང་ལགས་༎ གོས་གང་རྒྱུ་ལས་གསར་དུ་བཏགས་པའོ་༎ མ་བགོས་པར་རུང་བའི་གོས་གཏན་པར་བཏིང་ན་གཏན་པར་བཏིང ༼༥༽ བ་ཡིན་ཞེས་གསུངས་ན་། མ་བགོས་པ་རུང་བའི་གོས་གང་ལགས་། གོས་གང་ཁོད་དང་ལྡན་པ་དེ་གཏན་པར་བཏིང་ན་གཏན་པར་བཏིང་བ་ཞེས་བྱའོ་༎,問如佛所説。故衣不得受作迦絺那衣。若受不名受。云何名故衣。  答以曾受作迦絺那衣。是名故衣。  又問如佛所説。新衣應受作迦絺那衣。云何名新衣。  .  .  .  .  .    .  .  .  .  .  .,如世尊所説。故衣不得受作迦絺那衣。云何故衣。  謂先已受作迦絺那衣  世尊所説。新衣受作迦絺那衣。云何新衣。  初受作迦絺那衣。名新衣。如世尊所説。發三心受作迦絺那衣。云何三心。  .  .  .  .    .  .  .  .  .  .
b5ae172c31654f08862ef51c345668be,མདོར་ན་།མ་བཏིང་བར་ནི་དགེ་འདུན་བྱེ་༎བཏིང་ནས་བྱེ་བར་གྱུར་པ་ནི་༎ཕྱོགས་གཅིག་པ་ནི་གང་གིས་བགྱི་༎ཟིན་པར་བྱ་བར ༼༦༽ གྱུར་བའོ་༎,.,.
304d124f9ef4419aa6f8463658c79338,བཙུན་པ་གཏན་པ་མ་བཏིང་བའི་གནས་སུ་དགེ་འདུན་བྱེ་ནས་དེ་དག་ལས་ཕྱོགས་གཅིག་གམ་ཕྱོགས་གཉིས་བས་གཏན་པ་བཏིང་ན་གཏན་པ་བཏིང་བ་ཞེས་བགྱིའམ་། ཨུ་བཱ་ལི་གཏན་པ་བཏིང་བ་ཞེས་བྱའོ་༎ དེ་ཐམས་ཅད་ཅི་གཏན་པ་བཏིང་བ་ཞེས་བགྱིའམ་། ཨུ ༼༧༽ པཱ་ལི་མ་ཡིན་ཏེ་། གང་གིས་བཏིང་བ་དེ་དག་ལ་ནི་བཏིང་བ་ཞེས་བྱའི་གང་གིས་མ་བཏིང་བ་དེ་དག་ནི་གཏན་པ་མ་བཏིང་བ་ཞེས་བྱའོ་༎ བཙུན་པ་བཏིང་བའི་གནས་སུ་དགེ་འདུན་བྱེ་ནས་དེ་དག་ལས་ཕྱོགས་གཅིག་པའམ་ཕྱོགས་གཉིས་པོས་ཀྱང་རུང་གཏན་པ་བྱུང་ན་གཏན་པ་ཕྱུང་བ་ཞེས ༼༢༢༦བ༡༽ བགྱིའམ་། ཨུ་བཱ་ལི་ཕྱུང་བའོ་༎ ཅི་ཐམས་ཅད་ཀྱིས་ཕྱུང་བ་ཞེས་བགྱིའམ་། ཨུ་བཱ་ལི་མ་ཡིན་ཏེ་། གང་གིས་གཏན་པ་ཕྱུང་བ་དེ་དག་ལ་ནི་ཕྱུང་བ་ཞེས་བྱ་། གང་གིས་མ་ཕྱུང་བ་དེ་དག་ལ་ནི་གཏན་པ་ཕྱུང་བ་ཞེས་མི་བྱའོ་༎ དགེ་འདུན་ཕྱོགས་དང་། ཕྱོགས་མ་ཡིན་པར་བྱེ་སྟེ་མཆིས་ན ༼༢༽ གང་གིས་གཏན་པ་གདིང་བར་བགྱི་། བཅོམ་ལྡན་འདས་ཀྱིས་བཀའ་སྩལ་པ་། ཆོས་བཞིན་སྨྲ་བ་རྣམས་ཀྱིས་སོ་༎ བཙུན་པ་གོས་མ་ལགས་པར་དགེ་འདུན་གྱི་གཏན་པར་བཏིང་ན་གཏན་པར་བཏིང་བ་ཞེས་བགྱིའམ་། གཏན་པར་མ་བཏིང་བཞེས་བགྱི་། ཨུ་བཱ་ལི་མ་བཏིང་བ་ཞེས་བྱའོ་༎  ༼༣༽ བཙུན་པ་གོས་ཟིན་ནས་གཏན་པར་བཏིང་ན་གཏན་པ་བཏིང་བ་ཞེས་བགྱིའམ་། ཨུ་བཱ་ལི་བཏིང་བ་ཞེས་བྱའོ་༎,.  .  .  .  .  .  .,.  .  .  .  .  .  .
6857ab2c8d9f40af81df306594b1f3c1,མདོར་ན་།སེམས་གསུམ་བསྐྱེད་དང་བག་ཡངས་དང་༎རྐྱེན་དང་གཏན་པ་དེ་ཡི་དོན་༎ཨུ་པཱ་ལི་གནས་བྲེལ་བའོ་༎,.,.
45538e1dbfa04f77bac006cb64b63457,གཏན་པ་བཏིང་བའི་དགེ་སློང་གིས་མཇུག་ཏུ་ཁབ་སོ་འདུབ ༼༤༽ བའི་ཚེ་སེམས་གསུམ་བསྐྱེད་པར་གྱིས་ཤིག་ཅེས་གསུངས་ན་། དེ་གང་ལགས་། གོས་འདི་དགེ་འདུན་གྱི་གཏན་པར་གདིང་བར་བྱའོ་༎ གོས་འདི་ནི་གདིང་ངོ་༎ གོས་འདི་ནི་བཏིང་ངོ་ཞེས་བརྗོད་དོ་༎ གཏན་པ་གདིང་བ་དེ་ལྟར་སེམས་གསུམ་བསྐྱེད་ན་གཏན་པ་བཏིང་བ་ཞེས་བགྱིའམ་། ༼༥༽ མ་བཏིང་བཞེས་བགྱིའམ་། བཏིང་བ་ཞེས་བྱའོ་༎ འོན་ཀྱང་སེམས་བསྐྱེད་པ་རྣམ་པ་གཉིས་ནི་སྔ་མ་བཞིན་དུ་གྱིས་ཤིག་། སེམས་དེ་གཉིས་མ་བསྐྱེད་ན་ཅིར་འགྱུར་༎ གཏན་པ་བཏིང་བ་ཞེས་ནི་བྱ་སྟེ་༎ གཏན་པ་གདིང་བ་ནི་ཉེས་བྱས་སུ་འགྱུར་རོ་༎ གཏན་པ་བཏིང་བའི་གནས་སུ ༼༦༽ རྐྱེན་དུས་བག་ཡངས་སུ་འགྱུར་། ལྔ་སྟེ་། གོས་ཅི་རྙེད་འཆང་ཡང་རུང་བ་དང་། སྦྱར་མ་མེད་བཞིན་དུ་གྲོང་དུ་འཇུག་པ་དང་། འདུས་ཤིང་ཟ་བ་དང་། ཡང་ཡང་ཟ་བ་དང་། མ་བསྒོ་བར་སྤྱོད་པ་དང་། སྟེང་གོས་དང་། མཐང་གོས་ཀྱིས་ལྗོངས་སྤྱོད་དུ་འགྲོ་བའོ་༎ བཙུན་པ་རྒྱུ ༼༧༽ དུ་རྐྱེན་དུས་ན་སྦྱར་མ་བཞག་ཀྱང་འབྲལ་བར་མི་འགྱུར་། ལྔ་སྟེ་། ཇི་ལྟར་འདུལ་བ་ལས་འདུས་པར་འབྱུང་བ་བཞིན་དུ་དབྱར་གྱི་རས་ཆེན་གཞག་པའང་དེ་བཞིན་ནོ་༎ གཏན་པ་ཞེས་བགྱི་བའི་དོན་ཇི་ལྟ་བུ་ལགས་། གཏན་པ་ཞེས་བྱ་བ་ནི་གོས་ལ་བྱ་སྟེ་། གོས་གང་དགེ་འདུན་གྱི་གཏན ༼༢༢༧ཨ༡༽ པར་གདིང་བའོ་༎ བཙུན་པ་བཅོམ་ལྡན་འདས་ཀྱིས་ཨུ་བཱ་ལི་ཁྱོད་གནས་བྲེལ་པའི་ཞེས་གསུངས་པའི་དོན་ཇི་ལྟ་བུ་ལགས་། གནས་གང་ན་གོས་རྙེད་པར་གྱུར་བ་ནི་བྲེལ་བ་ཞེས་བྱའོ་༎,.  .  .  .  .  .  .  .  .  .  .,.  .  .  .  .  .  .  .  .  .  .
ed7941d227424cc1a6796f87f1e75a72,མདོར་ན་།བརྟད་དང་ཟླ་བ་གསུམ་པ་དང་༎དུས་དང་ཞིག་པ་གྱུར་པ ༼༢༽ དང་༎གང་ཟག་ལྔ་དང་མ་ལྟ་བུ་༎གང་ཟག་གསུམ་གདིང་བ་འབྱིན་པ་ཐ་མའོ་༎,.,.
f6f9c4fbd1c941e29167ed576bbb096b,བརྟད་པའི་གོས་གཏན་པར་བཏིང་ན་གཏན་པ་བཏིང་བ་ཡིན་ནོ་ཞེས་གསུངས་ན་། བརྟད་པའི་གོས་གང་ལགས་། ཞག་འདི་ཙམ་ན་སྐབས་འབྱེད་པར་འགྱུར་བའི་ཚེ་རྙེད་པའོ་༎ ཟླ་བ་གསུམ ༼༣༽ འདས་ནས་གོས་རྙེད་པ་དེ་གཏན་པར་བཏིང་ན་གཏན་པར་བཏིང་བ་ཡིན་ནོ་ཞེས་གསུངས་ན་། ཟླ་བ་གསུམ་འདས་པའིས་གོས་གང་ལགས་། གཞི་ན་འཁོད་པ་རྣམས་ཀྱིས་ནི་བཅྭ་ལྔ་གྱུར་༎ བློ་བུར་དུ་ཡང་དགེ་སློང་མང་ཞིག་ལྷགས་ཏེ་དེ་དག་ལྟ་བ་མཐུན་པ་ཡོངས་སུ་དག་པ་དེ་དག ༼༤༽ གི་ནི་ཉིན་པར་བཅུ་བཞིར་གྱུར་ལ་༎ དེ་སྟེ་གཞིན་འཁོར་པ་ལྟར་གློ་བུར་དུ་ལྷགས་པའི་རྣམས་བྱེད་ན་ནི་དེའི་ཚེ་གོས་གང་རྙེད་ལ་དེ་ཟླ་བ་གསུམ་འདས་ནས་རྙེད་པའི་གོས་ཡིན་ཏེ་། དེ་གཏན་པར་བཏིང་ན་གཏན་པར་བཏིང་བ་ཞེས་བྱའོ་༎ དུས་ཀྱི་གོས་གཏན་པར་བཏིང་ན་གཏན་པར་བཏིང་བ ༼༥༽ ཡིན་ནོ་ཞེས་གསུངས་ན་། དུས་ཀྱི་གོས་གང་ལགས་། གོས་གང་དབྱར་གྱི་ཟླ་བ་ཐ་མ་ལ་རྙེད་པའོ་༎ གོས་ཞིགས་པ་གཏན་པར་བཏིང་ན་གཏན་པར་བཏིང་བ་མ་ཡིན་ནོ་ཞེས་གསུངས་ན་། གོས་ཞིགས་པ་གང་ལགས་། གང་དགེ་སློང་གི་ལུས་ལས་དེངས་པའོ་༎ གང་ཟག་ལྔས ༼༦༽ གཏན་པ་བཏིང་ན་གཏན་པ་བཏིང་བ་མ་ཡིན་ཏེ་༎ ལྔ་གང་ཞེ་ན་། དབྱར་མེད་པ་དང་། དབྱར་མེད་པ་དང་། དབྱར་ཞིག་པ་དང་། དབྱར་ཕྱི་མར་ཞུགས་པ་དང་། སྤངས་པ་དང་། རྗེས་སུ་ཕྱོགས་པའོ་༎ མ་ལྟ་བུའི་གཞི་ལས་རྣམ་པ་འདི་བརྒྱད་ཀྱིས་ན་གཏན་པ་ཕྱུང་བར་འགྱུར་རོ་༎ མཐུན ༼༧༽ པར་གཟུང་བ་དང་། ཐ་མ་གཉིས་ཀྱི་ཆ་མ་གཏོགས་པའི་ལྷག་མ་རྣམས་ནི་མཐུན་པར་གཟུང་བ་མ་ཡིན་ནོ་༎ བཞི་ལས་ཉུང་བས་གཏན་པ་བཏིང་ན་གཏན་པ་བཏིང་བ་ཞེས་བགྱིའམ་། མ་བཏིང་བ་ཞེས་བྱའོ་༎ དེ་བཞིན་དུ་བཞི་པོ་ཁྱིམ་པའམ་། དེ་བཞིན་གཤེགས་པ ༼༢༢༧བ༡༽ ལ་ངན་སེམས་ཀྱིས་ཁྲག་ཕྱུང་བའི་བར་དང་། བཞི་པོས་གཏན་པ་བཏིང་ན་བཏིང་བ་མ་ཡིན་ནོ་༎ གང་གི་ཉིན་པར་གཏན་པ་བཏིང་ན་དེའི་ཉིན་པར་གསོལ་བ་དང་ལས་མ་བགྱིས་པར་ཕྱུང་བར་འགྱུར་བ་མཆིས་སམ་། ཡོད་དེ་༎ དེ་འདི་ལྟར་གཞི་ན་གནས་པའི་རྣམས་ཀྱིས་ཚེས་བཅུ ༼༢༽ དྲུག་ལ་གཏན་པ་བཏིང་བ་དང་། གློ་བུར་དུ་དགེ་སློང་མང་ཞིག་ལྷག་ཏེ་། དེ་དག་ཀྱང་ཡོངས་སུ་དག་ལ་ལྟ་བ་མཐུན་༎ གནས་མཐུན་ཏེ་དེ་དག་གིས་ནི་དེ་ཉིན་པར་ཚེས་བཅྭ་ལྔ་ཡིན་ཏེ་༎ དེ་ན་གཞི་ན་འཁོད་པ་རྣམས་ཀྱིས་ཀྱང་དེ་དག་དེ་ལྟར་བྱས་ཏེ་དེའི་ཉིན་པར་གསོ་སྦྱིན་བྱས ༼༣༽ ན་གསོལ་བ་དང་ལས་མ་བྱས་པར་གཏན་པ་ཕྱུང་བར་འགྱུར་རོ་༎,.  .  .  .  .  .  .  .  .  .  .  .  .  .  .  .,.  .  .  .  .  .  .  .  .  .  .  .  .  .  .  .
df4978e304914af88fedf173e25d4d5e,མདོར་ན་།ཇི་ཙམ་གྱིས་ནི་དགེ་འདུན་ལ་༎དེ་ཡི་ཚུལ་རྣམ་པ་གསུམ་༎གཞན་གྱིས་གཞན་ལ་བདེ་བ་དང་༎དགེ་སློང་རྣམས་ཀྱི་གསོ་སྦྱིན་ནོ་༎,.,.
b8975aecd5494713a0410b0bbde9ef51,ཇི་ཙམ་གྱིས་ན་དགེ་འདུན་གྱི་དབྱེན་བགྱིས་པའི་གང་ཟག ༼༤༽ ལགས་། དེ་བཞིན་གཤེགས་པའི་ཉན་ཐོས་འདུས་པའི་དགེ་འདུན་ཕྱེ་མནར་མེད་པའི་ཁ་ན་མ་ཐོ་བ་ཐོབ་པར་འགྱུར་ལ་དེ་མཚམས་མེད་པའི་ཁ་ནམ་ཐོ་བའི་ལས་སུ་ཡང་འགྱུར་རོ་༎ ཨུ་པཱ་ལི་འདི་ལྟ་སྟེ་། དགེ་སློང་གིས་ཆོས་མ་ཡིན་པ་ལ་ཆོས་བཞིན་མ་ཡིན་པའི་འདུ ༼༥༽ ཤེས་ཀྱིས་རྒྱས་པར་ཏ་རྣམ་པ་བཅྭ་བརྒྱད་དུ་ཇི་ལྟར་འདུལ་བ་ལས་འབྱུང་བ་བཞིན་ནོ་༎ གང་དགེ་འདུན་གྱི་དབྱེན་བགྱིས་པ་དེ་ཐམས་ཅད་དགེ་འདུན་འཁྲུགས་པ་ལགས་སམ་། གང་དགེ་འདུན་འཁྲུགས་པ་དེ་ཐམས་ཅད་དགེ་འདུན་གྱི་དབྱེན་ལགས་༎ དགེ་འདུན་གྱི་དབྱེན་ཡིན་ལ ༼༦༽ འཁྲུག་པ་མ་ཡིན་པར་འགྱུར་པ་རྣམ་པར་བཞིར་སྦྱར་བ་ཡང་ཡོད་དོ་༎ དགེ་འདུན་གྱི་དབྱེན་ཡིན་ལ་འཁྲུག་པ་མ་ཡིན་པར་འགྱུར་བ་གང་ཞེ་ན་། དེ་འདི་ལྟར་དགེ་འདུན་ཕྱེ་བར་ནི་གྱུར་ལ་དགེ་འདུན་གྱི་དབྱེན་དུ་འགྱུར་བའི་དངོས་པོ་བཅུ་བཞི་ནི་མ་བཟུང་བར་གྱུར་པའོ་༎ དེ་ནི་དགེ ༼༧༽ འདུན་ཕྱེ་བ་ཡིན་ཏེ་དགེ་འདུན་འཁྲུག་པ་ནི་མ་ཡིན་ནོ་༎ དགེ་འདུན་འཁྲུགས་པར་གྱུར་ལ་དགེ་འདུན་ཕྱེ་བ་མ་ཡིན་པ་གང་ཞེ་ན་༎ དེ་འདི་ལྟར་དགེ་འདུན་གྱིས་དབྱེན་དུ་འགྱུར་བའི་དངོས་པོ་བཅུ་བཞི་བཟུང་བར་གྱུར་པ་དེ་ནི་དགེ་འདུན་འཁྲུགས་པར་གྱུར་གྱི་དགེ་འདུན་གྱི་དབྱེན་མ་ཡིན ༼༢༢༨ཨ༡༽ བའོ༎ དགེ་འདུན་འཁྲུགས་ལ་དགེ་འདུན་བྱེ་བར་ཡང་གྱུར་པ་ནི་༎ དེ་འདི་ལྟར་དགེ་འདུན་ཕྱེ་བར་ཡང་གྱུར་ལ་དབྱེན་དུ་འགྱུར་བའི་དངོས་པོ་བཅུ་བཞི་ཡང་ཤིན་ཏུ་ངེས་པར་བཟུང་བ་དེ་ནི་དགེ་འདུན་ཕྱེ་ལ་དགེ་འདུན་འཁྲུགས་པར་གྱུར་པའོ་༎ དགེ ༼༢༽ འདུན་གྱི་དབྱེན་ཡང་མ་ཡིན་ལ་འཁྲུགས་པར་ཡང་མ་གྱུར་པ་གང་ཞེ་ན་། རྣམ་པ་དེ་དག་མ་གཏོགས་པའོ་༎ གང་དགེ་འདུན་བྱེ་བའི་དགེ་འདུན་དེ་ཐམས་ཅད་ཐ་དད་དུ་གྱུར་པ་ལགས་སམ་༎ གང་དགེ་འདུན་ཐ་དད་དུ་གྱུར་པ་དེ་ཐམས་ཅད་དགེ་འདུན་བྱེ་བ་ལགས་༎ དགེ་འདུན ༼༣༽ བྱེ་ལ་དགེ་འདུན་ཐ་དད་དུ་མ་གྱུར་བའང་ཡོད་དེ་༎ རྣམ་པ་བཞིར་སྦྱར་རོ་༎ དྲིས་པ་། དགེ་འདུན་བྱེ་ལ་དགེ་འདུན་ཐ་དད་དུ་མ་གྱུར་པ་གང་ཞེ་ན་། དེ་འདི་ལྟར་དགེ་འདུན་བྱེ་བར་ནི་གྱུར་ན་དགེ་འདུན་གནས་ཐ་དད་པའམ་། གོས་ཐ་དད་དུ་གྱུར་པ་མེད་པ་དེ་ནི་དགེ་འདུན་བྱེ་མོད་ཀྱི ༼༤༽ དགོ་འདུན་ཐ་དད་དུ་གྱུར་པ་མ་ཡིན་ནོ་༎ དགེ་འདུན་ཐ་དད་དུ་གྱུར་ལ་དགེ་འདུན་མ་བྱེ་བ་གང་ཞེ་ན་། འདི་ལྟར་དགེ་འདུན་གཉིས་ཐ་དད་དུ་གྱུར་པ་ནས་རྒྱས་པར་ཏེ་། དགེ་འདུན་བྱེ་བར་མ་གྱུར་པའི་བར་དུ་དགེ་འདུན་ཐ་དད་དུ་གྱུར་མོད་ཀྱི་མ་བྱེ་བའོ་༎ དགེ་འདུན་བྱེ་ལ་དགེ་འདུན་ཐ ༼༥༽ དང་དུའང་སྤྱོད་པ་གང་ཞེ་ན་། དེ་འདི་ལྟར་དགེ་འདུན་དེ་དག་བྱེ་བར་ཡང་གྱུར་ལ་༎ དགེ་འདུན་གཉིས་སུ་གནས་ཀྱིས་ཐ་གནས་ཀྱིས་ཐ་དད་པའམ་། མཚམས་ཀྱིས་ཐ་དད་པའམ་། རྙེད་པ་ཐ་དད་པའམ་། གོས་ཐ་དད་པར་སྤྱོད་པར་གྱུར་པ་དེ་ནི་དགེ་འདུན་བྱེ་ལ་དགེ་འདུན་ཐ་དད་དུ་གྱུར་པ ༼༦༽ ཡིན་ནོ་༎ དགེ་འདུན་བྱེ་བའང་མེད་ལ་དགེ་འདུན་ཐ་དད་དུའང་གྱུར་པ་ཡང་མ་ཡིན་པ་གང་ཞེ་ན་། རྣམ་པ་དེ་ལྟ་བུ་མ་གཏོགས་པའོ་༎ གང་དགེ་འདུན་བྱེ་བ་དེ་ཐམས་ཅད་དགེ་འདུན་སོ་སོར་གྱུར་པ་ལགས་ལ་གང་དགེ་འདུན་སོ་སོར་གྱུར་པ་དེ་ཐམས་ཅད་དགེ་འདུན་བྱེ་བར ༼༧༽ འགྱུར་རམ་། དགེ་འདུན་བྱེ་ལ་དགེ་འདུན་ཐ་དད་དུ་གྱུར་པའང་མ་ཡིན་པའང་ཡོད་དེ་། དེ་ཡང་རྣམ་པ་བཞིར་སྦྱར་རོ་༎ དགེ་འདུན་བྱེ་ལ་ཐ་དད་དུ་གྱུར་པ་མ་ཡིན་པ་གང་ཞེ་ན་། དེ་འདི་ལྟར་དགེ་འདུན་བྱེ་བར་གྱུར་ཀྱང་དགེ་འདུན་གཉིས་གནས་ལས་སོ་སོའམ་། གོས་ལས ༼༢༢༨བ༡༽ སོ་སོར་སྤྱོད་པ་མང་བ་དེ་ནི་དགེ་འདུན་བྱེ་མོད་ཀྱི་དགེ་འདུན་ཐ་དད་དུ་གནས་པ་མ་ཡིན་ནོ་༎ དགེ་འདུན་ཐ་དད་དུ་གྱུར་ཅིང་དགེ་འདུན་མ་བྱེ་བ་གང་ཞེ་ན་། དེ་འདི་ལྟར་དགེ་འདུན་གཉིས་གནས་དང་མཚམས་དང་རྙེད་པ་སོ་སོར་གྱུར་པ་དེ་ནི་དགེ་འདུན་ཐ་དད་དུ་གྱུར་ཅིང་དགེ་འདུན་བྱེ་བ་མ་ཡིན ༼༢༽ པའོ་། །དགེ་འདུན་བྱེ་ལ་དགེ་འདུན་ཐ་དད་དུ་གྱུར་པ་གང་ཞེ་ན་། དེ་འདི་ལྟར་དགེ་འདུན་བྱེ་བར་ཡང་གྱུར་ལ་། གཉིས་གནས་ཐ་དད་དུ་འཁོར་པ་ལ་སོགས་པ་སྔ་མ་བཞིན་ནོ་༎ དགེ་འདུན་བྱེ་བའང་མ་ཡིན་ལ་དགེ་འདུན་ཐ་དད་དུ་གནས་པ་ཡང་མ་ཡིན་པ་གང་ཞེ་ན་། རྣམ་པ་དེ་ལྟ་བུ ༼༣༽ མ་གཏོགས་པའོ་༎ དགེ་འདུན་བྱེ་ནས་ཐ་དད་དུ་སྤྱོད་པ་ལས་ཕྱོགས་གཅིག་གམ་གཉིས་པོས་མཚམས་བཀྲོལ་ན་བཀྲོལ་བ་ཞེས་བགྱིའམ་། དེ་སྟེ་ཆོས་བཞིན་སྨྲ་བས་བཀྲོལ་ན་ནི་བཀྲོལ་བ་ཞེས་བྱའོ་༎ དགེ་འདུན་ཕྱེ་ནས་ཕྱོགས་སོ་སོར་གནས་ཤིང་འཁོད་ན་དགེ་སློང་མ་རྣམས ༼༤༽ ཀྱིས་གསོ་སྦྱིན་བགྱིའམ་། བྱའོ་༎ དེ་ཅིའི་ཕྱིར་ཞེ་ན་། དགེ་སློང་མ་དང་དགེ་སློང་རྣམས་སོ་སོར་གནས་པའི་ཕྱིར་རོ་༎,.  .  .  .  .  .  .  .  .  .  .  .  .  .  .  .  .  .  .  .  .  .  .  .  .  .  .,.  .  .  .  .  .  .  .  .  .  .  .  .  .  .  .  .  .  .  .  .  .  .  .  .  .  .
810dfff3a81e40d487cf3ec787b17328,མདོར་ན་།གཟུ་བོ་ལས་ནི་གཉིས་སུ་བྱ་༎སྤངས་པ་དེ་ཡང་གྲོགས་མེད་པ་༎སྤངས་པར་གྱུར་བ་མི་ཤེས་ན་༎རྗེས་སུ་ཕྱོགས་དང་སྤྱོད་པ་དང་༎དབྱེན་བྱེད ༼༥༽ རྗེས་སུ་འཇུག་པའོ་༎,.,.
8e6f62864dc140f493bb1a262b47e2f9,དགེ་འདུན་ཕྱེ་ནས་ཕྱོགས་དང་ཕྱོགས་མ་ཡིན་པར་གནས་ན་གཟུ་བོ་རྣམས་ཀྱིས་ཇི་ལྟ་བུར་བགྱི་༎ མཚམས་ཀྱི་ཕྱི་རོལ་དུ་དོང་ལ་གསོ་སྦྱིན་བྱོས་ཤིག་། དགེ་འདུན་བྱེ་ནས་ཕྱོགས་དང་ཕྱོགས་མཚམས་པར་འཁོད་ནས་དགེ་སློང་མ་ལ་བསྟོན་པ་སུས་བགྱི་༎ ཆོས ༼༦༽ བཞིན་སྨྲས་པས་སོ་༎ དེ་སྟེ་ཆོས་བཞིན་སྨྲ་བ་གཟུ་བོ་རྣམས་ཀྱིས་མཚམས་ཀྱི་ཕྱི་རོལ་དུ་དེང་ལ་སྟོན་ཅིག་། སྤངས་པའི་རྗེས་སུ་ཕྱོགས་ན་ཉེས་པ་ཅིར་འགྱུར་༎ གཉིས་ལ་ནི་ཉེས་བྱས་སོ་༎ གཅིག་ལ་ནི་ལྟུང་བའོ་༎ སྤངས་པ་དང་སྤངས་པ་གྲོགས་དག་བཅས་པ་ཟེས་བགྱིའམ་། གྲོགས ༼༧༽ མ་མཆིས་བཞེས་བགྱི་༎ སྤངས་པ་ནི་ཐམས་ཅད་ཀྱང་གཅིག་པུ་སྟེ་གཉིས་སུ་མ་ཡིན་པ་གྲོགས་མེད་པ་ཞེས་བྱའོ་༎ སྤངས་པ་དང་ལྷན་ཅིག་ཏུ་སྤྱོད་པར་བགྱིའམ་། མི་སྤྱད་པར་བགྱི་། སྤངས་པ་ནི་ཐམས་ཅད་དང་ལྷན་ཅིག་ཏུ་མི་སྤྱད་པར་བྱའོ་༎ གང་སྤངས་པར་མ་འཚལ་ན་དེ་དང ༼༢༢༩ཨ༡༽ ལྷན་ཅིག་སྤྱོད་པར་བགྱིའམ་། གང་ལ་སྤངས་པར་མི་ཤེས་ན་དེ་དང་ལྷན་གནས་། ལྷན་ཅིག་སྤྱད་ཀྱང་ཉེས་པ་མེད་དོ་༎ ཉེ་བར་ཕྱོགས་པ་དང་ཉེ་བར་མ་ཕྱོགས་པ་ལྷན་ཅིག་ཏུ་སྤྱོད་ན་ཉེས་བྱས་སུ་འགྱུར་རོ་༎ ཉེ་བར་མ་ཕྱོགས་པ་དང་ཉེ་བར་ཕྱོགས་པ་དང ༼༢༽ ལྷན་ཅིག་ཏུ་སྤྱོད་ན་ཉེས་བྱས་སུ་འགྱུར་རོ་༎ དབྱེན་བྱེད་པའི་རྗེས་སུ་ཕྱོགས་པ་གང་ཟག་བཞི་ཡོད་ན་དགེ་འདུན་བྱེ་བ་ཞེས་བྱའོ་༎ ཇི་ཙམ་གྱིས་ན་དགེ་འདུན་གྱི་དབྱེན་དུ་འགྱུར་༎ སྐྱེ་བོ་བཞི་དབྱེ་ན་བྱེད་པའི་རྗེས་སུ་ཕྱོགས་པར་གྱུར་པའོ་༎,.  .  .  .  .  .  .  .  .  .  .  .  .  .  .,.  .  .  .  .  .  .  .  .  .  .  .  .  .  .
5cf14ac424404fa786073d78c6003c13,མདོར་ན་།དེ་འདྲ་བ་དང་དད་པ་དང་༎༼༣༽ ཆོས་དང་ཆོས་བཞིན་འདྲ་བ་དང་༎ཉེས་ལས་དབྱུང་བ་སྤངས་པ་དང་༎དབྱེན་པར་མཐོང་དང་ཡན་ལག་གོ་༎,.,.
8b67172aa47a487a817780f8337cb3d6,བཙུན་པ་བཅོམ་ལྡན་འདས་ཀྱིས་དེ་འདྲ་བའི་དགེ་སློང་སྤང་བར་མ་བྱེད་ཅིག་ཅེས་གསུངས་ན་། དེ་འདྲ་བའི་དགེ་སློང་གང་ལགས་། དགེ་སློང་གང་གྲགས་པ་། བསོད ༼༤༽ ནམས་ཆེ་བ་། ནང་དུ་ཐོས་པའོ་༎ མདོ་སྡེ་འཛིན་པ་། འདུལ་བ་འཛིན་པ་། མ་ལྟ་བུ་འཛིན་པ་། གཡོག་མང་བ་། འཁོར་མང་བ་། དེ་ལྟ་བུ་ནི་དེ་འདྲ་བའི་དགེ་སློང་ཞེས་བྱའོ་༎ དེ་འདྲ་བའི་དགེ་སློང་སྤངས་ན་ལྟུང་བ་ཅིར་འགྱུར་ཉེས་བྱས་སོ་༎ དེ་སྟེ་དབྱེ་བའི་དེ་གང་ལགས་། དེ་ལ ༼༥༽ དད་པའི་དགེ་སློང་ཞེས་ནི་ངས་དགོངས་ཏེ་གསུངས་ན་དད་པའི་དགེ་སློང་གི་ཚིག་བཞིན་དུ་ཉེས་པ་ཆོས་བཞིན་སླར་བྱོས་ཤིག་། བྲམ་ཟེ་དད་པ་ཟེར་བ་ལྟར་། དགེ་སློང་གིས་ཉེས་པ་ཆོས་བཞིན་མ་བྱས་ན་ཉེས་བྱས་སུ་འགྱུར་རོ་༎ ཆོས་བཞིན་དུ་སྨྲ་བའི་དགེ་སློང་སྟན་གྱི་བར་དུ་འདུག་ཤིག ༼༦༽ ཅེས་གསུངས་ན་ཆོས་བཞིན་དུ་སྨྲ་པ་གང་ལགས་། གང་ཉེས་པ་གཅིག་ལ་གཅིག་པུ་སྙོལ་བ་དང་། འབྱུང་བར་སྩོལ་པ་དང་། ཕྱག་འཚལ་བར་སྟོན་པའོ་༎ དགེ་འདུན་བྱེ་ནས་ཕྱོགས་མ་ཡིན་པར་གནས་ན་། གཏན་པ་བཏིང་བ་སུས་དབྱུང་བར་བགྱི་། ཆོས་བཞིན་དུ་སྨྲ་བ ༼༧༽ དག་གིས་དབྱུང་ངོ་༎ སྤངས་པའི་དགེ་སློང་དག་སྤུ་ཉལ་བ་དང་། དབྱུང་བར་སྩོལ་པ་དང་། ཕྱག་འཚལ་བར་སྟོན་པར་བགྱིད་ན་། དེ་དག་སུས་བཟོད་པར་གསོལ་བར་བགྱི་། གང་སྤངས་པ་དང་རྗེས་སུ་སོང་བས་སོ་༎ ཤཱ་རིའི་བུ་མལ་སྟན་རྣམས་ནི་རིགས་པར་འགོས ༼༢༢༩བ༡༽ ཤིག་ཅེས་གསུངས་ན་། རིགས་པ་དེ་གང་ལགས་། དེ་ནི་ཕྱོགས་གཅིག་ཏུ་རིགས་པར་བྱས་པའོ་༎ སྐྲ་བརྒྱར་གྱེས་པའི་ཡན་ལག་གི་དུམ་བུ་ཚོལ་ལ་སྦྱོར་ཅིག་། སོ་སོར་དབྱེ་བར་ནི་མ་བྱེད་ཅིག་ཅེས་གསུངས་ན་དེ་སྐད་དུ་གསུངས་པའི་དོན་གང་། ཡན་ལག་གི་དུམ་བུ་ནི ༼༢༽ དད་པ་བླང་བའོ་༎ ཡན་ལག་བཙལ་བར་བྱ་། དུམ་བུ་བཙལ་བར་བྱ་༎ དགེ་འདུན་འདུས་པ་བཙལ་བར་བྱའི་དབྱེན་དུ་འགྱུར་བ་ལ་ནི་འཇུག་པར་མི་བྱའོ་༎,.  .  .  .  .  .  .  .  .  .  .,.  .  .  .  .  .  .  .  .  .  .
5844ed06bd024543ad81f8c712f835ed,མདོར་ན་།ཀོཨོ་ཤཱ་མ་བī་ཡི་ཕྱོགས་གཉིས་དང་༎གསོ་སྦྱིན་དང་ནི་ཆོས་གོས་དང་༎ཀོཨོ་ཤཱ་མ་བī་ཡི་ཕྱོགས་གཅིག་དང་༎༼༣༽ ཡངས་པ་ཅན་གྱི་གཟུ་བོ་སྟེ་༎གཟུ་བོས་ཀྱང་ནི་ཕྱོགས་གཉིས་སུ་༎ཡངས་པ་ཅན་གྱི་གཟུ་བོའོ་༎,.,.
44b90cf6b7224effac433f84c0154ca5,ཀཽ་ཤཱ་མ་བīའི་ཕྱོགས་གཉིས་པོ་གཅིག་ཏུ་འདུས་ནས་གསོ་སྦྱིན་ལ་ཞུགས་ན་གཟུ་བོ་རྣམས་ཀྱིས་ཇི་ལྟར་འཚལ་ཅིག་། མཚམས་ཀྱི་ཕྱི་རོལ་དུ་དེང་ལ་གསོ་སྦྱིན་བྱོས་ཤིག་། ཀཽ་ཤཱ་མ ༼༤༽ བīའི་ཕྱོགས་གཉིས་ཀ་གཅིག་ཏུ་འདུས་ཤིང་འཁོད་པ་ལ་དེ་ན་མི་ཞིག་གིས་དགེ་འདུན་ལ་གོས་ཕུལ་ན་དེ་གང་དབང་། གནས་བརྟན་གང་ན་འདུག་པ་དབང་ངོ་༎ ཕྱོགས་གཅིག་ན་ནི་གནས་བརྟན་མཆིས་། ཕྱོགས་གཅིག་ན་ནི་གནས་བརྟན་འོག་མ་མཆིས་ན་གང་དབང་༎ དེ་གཉིས ༼༥༽ ལས་གང་ལ་ཆུ་རྒྱུན་བྲིམས་པ་དེ་དབང་ངོ་༎ ཐམས་ཅད་ཀྱིས་ཇི་ལྟར་བགོ་བར་བགྱི་༎ གང་ལ་ཐོབ་པ་དེ་རྣམས་ལ་རིམ་བཞིན་དུའོ་༎ ཡུལ་ཡངས་པ་ཅན་དང་ཀོཨོ་ཤཱ་མ་བī་པ་གཉིས་ལྷན་ཅིག་གསོ་སྦྱིན་བགྱིད་ན་བགྱིས་པ་ཞེས་བགྱིའམ་། ཨུ་བཱ་ལི་མ་ཡིན་ནོ་༎ གཟུ་བོ་རྣམས་ཀོཨོ་ཤཱ་མ ༼༦༽ བī་པ་དང་གསོ་སྦྱིན་བགྱིས་ན་བགྱིས་པ་ཞེས་བགྱིའམ་། ཨུ་པཱ་ལི་མ་ཡིན་ནོ་༎ གཟུ་བོ་རྣམས་ཡང་པ་ཅན་པ་དང་དག་གསོ་སྦྱིན་བགྱིས་ན་བགྱིས་བཞེས་བགྱིའམ་། ཨུ་པཱ་ལི་མ་ཡིན་ནོ་༎,.  .  .  .  .  .  .  .,.  .  .  .  .  .  .  .
c9db6cbffce8483a9ac6b146dee49d35,མདོར་ན་།གང་གིས་དུས་སུ་བྱེ་བར་གྱུར་༎སྲིང་མོ་རྣམས་ལའང་རྗེས་བསྒྲགས་པ་༎༼༧༽ ཕྱོགས་དང་དགེ་སློང་མ་ཡི་དགེ་འདུན་དང་༎,.,.
8b30a49b888f4976ac0b2e244ef7934d,གང་གི་དུས་སུ་ཀཽ་ཤཱ་མ་བīའི་དགེ་འདུན་རྣམས་བྱེ་བར་གྱུར་༎ གང་གི་ཚེ་དེ་དག་གི་མཚམས་ཀྱི་ནང་དུ་གསོ་སྦྱིན་ཐ་དད་དུ་བྱས་པ་ནའོ་༎ གང་གིས་དུས་སུ་དགེ་སློང་གང་གིས་༎ ཀཽ་ཤཱ་མ་བīའི་དགེ་སློང་ཕྱེ་༎ ཆོས་བཞིན་སྨྲ་བ་མ་ཡིན་པ་དག ༼༢༣༠ཨ༡༽ གིས་ཏེ་༎ མཚམས་ཀྱི་ནང་དུ་ལྷན་ཅིག་གནས་པ་ལས་གསོ་སྦྱིན་ཐ་དད་དུ་བྱས་པས་སོ་༎ དགེ་སློང་མའི་དགེ་འདུན་ཀྱང་ཕྱེ་ནས་ཐ་དད་དུ་གནས་པ་ཞེས་བྱའོ་༎ ཅི་དགེ་སློང་མའི་དགེ་འདུན་བྱེ་བ་ལ་ཟླ་བ་ཕྱེད་ཕྱེད་ཅིང་ལུང་བསྟན་པར་བགྱིའམ་། བཅོམ་ལྡན ༼༢༽ འདས་ཀྱིས་བཀའ་སྩལ་པ་། བསྟན་པར་མི་བྱ་སྟེ་༎ སྲིང་མོའི་རྣམས་མཐུན་པར་གྱིས་ཤིག་ཅེས་སྔར་བསྒོ་བར་བྱའོ་༎ རྣམ་པ་གཉིས་ཀྱི་ཕྱིར་དགེ་འདུན་བྱེ་བ་རྗེས་སུ་བསྒྲགས་པ་དང་ཚུལ་ཤིང་བྲིམས་པ་ལགས་སོ་ཞེས་གསུངས་ན་། གང་གིས་དབྱེ་ཞིང་གནོད་པར་བརྩམས་ཏེ་རྗེས ༼༣༽ སུ་བསྒྲགས་སམ་ཚུལ་ཤིང་བྲིམས་པ་ལས་བླངས་ན་། དགེ་འདུན་བྱེ་བ་ཞེས་བགྱིའམ་། ཨུ་པཱ་ལི་མ་ཡིན་ནོ་༎ ལས་བགྱིད་པ་ལ་ཅིར་འགྱུར་༎ དབྱེན་གྱི་འཁོར་དུ་གཏོགས་པས་ན་དེ་སྟེ་དགེ་འདུན་ཐམས་ཅད་ཀྱིས་ན་དགེ་འདུན་ཐམས་ཅད་ཀྱང་འདས་པ་དང་བཅས་པར་འགྱུར་རོ་༎  ༼༤༽ ཕྱི་རོལ་ན་དགེ་སློང་མའི་དགེ་འདུན་ཕྱོགས་དང་ཕྱོགས་མ་ཡིན་པས་གནས་པར་གྱུར་ན་དེ་དག་ལ་ཟླ་བ་ཕྱེད་ཕྱེད་ཅིང་ལུང་བསྟན་པ་སྩལ་བར་བགྱིའམ་། དགེ་སློང་མའི་དགེ་འདུན་ཀྱང་བྱེ་བར་འགྱུར་གྱིས་སྦྱིན་པར་བྱའོ་༎ ཡངས་པ་ཅན་གྱི་དགེ་སློང་མ་རྣམས་ལ་ལུང་བསྟན་པར ༼༥༽ བགྱི་བ་ལས་དེ་ན་ཀོཨོ་ཤཱ་མ་བī་ཡང་མཆིས་པར་གྱུར་ན་དེ་དག་ལས་ཇི་ལྟ་བུར་བསྟན་པར་བགྱི་༎ མཚམས་ཀྱི་ཕྱི་རོལ་དུ་སོང་ལ་བསྟན་པར་བྱའོ་༎,.  .  .  .  .  .  .  .  .  .  .  .  .  .  .,.  .  .  .  .  .  .  .  .  .  .  .  .  .  .
3b36f0a2dccd472aa34ec483f8cccaf2,མདོར་ན་།གཅིག་གིས་གཅིག་ལ་སྤངས་པ་དང་༎གཉིད་ཀྱིས་ལོག་ནས་སྤངས་པ་དང་༎གཞན་དག་གིས་ཀྱང་གང་ཟག ༼༦༽ ལ༎ཚུལ་བཞིན་དུ་ཡང་མ་བྱས་པའོ་༎,.,.
14f32cac82aa462ebc0175198496cce2,བཙུན་པ་བཅོམ་ལྡན་འདས་ཀྱིས་ཆོས་བཞིན་མ་ཡིན་པས་བྱས་ལ་མ་འདུས་པ་དང་། ཆོས་བཞིན་མ་ཡིན་ལ་འདུས་པ་དང་། ཆོས་བཞིན་མ་ཡིན་པ་དང་འདྲ་བ་ལ་འདུས་པ་དང་། ཆོས་བཞིན་མ་ཡིན་པ་དང་འདྲ་བ་ལ་མ་འདུས ༼༧༽ བའོ་ཞེས་གསུངས་ན་། ཆོས་བཞིན་མ་ཡིན་པར་བགྱིས་ན་མ་འདུས་པ་གང་ལགས་། བསྡིགས་པའི་ལས་བྱ་བར་རིགས་པ་ལས་སྤངས་ནས་འདུས་པ་སྟེ་༎ དེ་ལྟར་ན་ཆོས་བཞི་ན་མ་ཡིན་པར་བྱས་ལ་མ་འདུས་པའོ་༎ ཆོས་བཞིན་མ་ཡིན་པ་ལ་འདུས་པ་གང་ཞེ་ན་། ༼༢༣༠བ༡༽ བསྡིགས་པའི་ལས་སུ་རིགས་པ་ལ་སྤངས་ལ་འདུས་པར་ཡང་གྱུར་པ་སྟེ་༎ དེ་ལྟར་ན་ཆོས་བཞིན་མ་ཡིན་པ་ལ་འདུས་པའོ་༎ ཆོས་བཞིན་མ་ཡིན་པ་དང་འདྲ་བ་ལ་མ་འདུས་པ་གང་ཞེ་ན་། སྤང་བར་རིགས་པ་ལ་ཐོག་མར་རྗེས་སུ་བསྒྲགས་ཏེ་། དེའི་འོག་ཏུ་གསོལ་པ་བྱས་ནས་སྤངས ༼༢༽ ན་དེ་ནི་ཆོས་བཞིན་མ་ཡིན་པ་དང་འདྲ་བ་ལམ་འདུས་པའོ་༎ ཆོས་བཞིན་མ་ཡིན་པ་དང་འདྲ་བ་ལ་འདུས་པ་གང་ཞེ་ན་། སྤངས་པར་རིགས་པ་ལ་སྔར་རྗེས་སུ་བསྒྲགས་ཏེ་། དེའི་འོག་ཏུ་གསོལ་བ་བྱས་ཏེ་སྤངས་ལ་འདུས་བར་ཡང་གྱུར་པ་སྟེ་། དེ་ནི་ཆོས་བཞིན་མ་ཡིན་པ་དང་འདྲ་བ ༼༣༽ ལ་འདུས་པའོ་༎ ཆོས་བཞིན་དུ་མ་འདུས་པ་གང་ཞེ་ན་། སྤངས་པར་རིགས་པ་སྤངས་ལ་མ་འདུས་པར་ཀྱང་གྱུར་པ་སྟེ་༎ དེ་ནི་ཆོས་བཞིན་དུ་མ་འདུས་པའོ་༎ གཅིག་གིས་གཅིག་སྤངས་ན་ཉེས་བྱས་སུ་འགྱུར་རོ་༎ གཅིག་གིས་གཉིས་སམ་མང་པོ་སྤངས་ནས་བཞིའི་བར ༼༤༽ ནི་བསྐོར་ཅིང་བསྡུ་བར་བྱའོ་༎ བཞིས་བཞི་སྤངས་ན་དབྱེན་གྱི་འཁོར་དུ་གཏོགས་པའི་ཉེས་པ་སྦོམ་པོར་འགྱུར་རོ་༎ དགེ་འདུན་ཐམས་ཅད་གཉིད་ཀྱིས་ལོག་པ་ལ་དགེ་སློང་སྤངས་ན་སྤངས་པ་ཞེས་བགྱིའམ་། དེ་སྟེ་གསོལ་པ་བྱས་ནས་ཉལ་ཏེ་སྤངས་ན་ནི་སྤང་པ་ཞེས་བྱའོ་༎  ༼༥༽ དེ་སྟེ་སྔར་ཉལ་ལ་ཕྱིས་གསོལ་བ་བྱས་ན་སྤངས་པ་ཞེས་མི་བྱའོ་༎ ལས་གཞན་དུ་བསྒྲགས་ལ་གཞན་དུ་སྤངས་ན་སྤངས་པ་ཞེས་ནི་བྱ་སྟེ་། དགེ་འདུན་ཐམས་ཅད་ཀྱིས་མི་ཤེས་ན་དབྱེན་གྱི་འཁོར་དུ་གཏོགས་པས་ལས་བྱེད་པ་ལ་ཉེས་པ་སྦོམ་པོར་འགྱུར་རོ་༎ དེ་སྟེ་དགེ ༼༦༽ འདུན་ཐམས་ཅད་ཀྱིས་ཤེས་ན་དགེ་འདུན་ཐམས་ཅད་འདས་པ་དང་བཅས་པའོ་༎ དགེ་སློང་བཞི་པས་ཉུང་བས་སྤངས་ན་སྤངས་པ་ཞེས་བགྱིའམ་། ཨུ་བཱ་ལི་མ་ཡིན་ཏེ་། ཁྱིམ་པ་ནས་དེ་བཞིན་གཤེགས་པ་ལ་ངན་སེམས་ཀྱིས་ཁྲག་ཕྱུང་བའི་བར་དུ་དེ་དག་གིས་གྲངས ༼༧༽ སུ་བསྐང་སྟེ་། དགེ་སློང་སྤངས་ན་སྤངས་པ་ཞེས་མི་བྱའོ་༎,.  .  .  .  .  .  .  .  .  .  .  .  .  .  .  .  .  .,.  .  .  .  .  .  .  .  .  .  .  .  .  .  .  .  .  .
cbc9f895bfbc4c34b64d8a2eb20fa840,མདོར་ན་།ལས་ལ་ཕྱིན་དང་བཟློག་པ་དང་༎ཉལ་བ་སྙོམས་པར་ཞུགས་པ་དང་༎དགེ་སློང་གཅིག་ལ་བསྒོ་བ་དང་༎ལྔ་པོས་སྤང་བར་མི་བྱའོ་༎,.,.
c04f810713f9414f9b5b9b06d1c48567,བཙུན་པ་བཅོམ་ལྡན་འདས་ཀྱིས་དགེ་སློང་ཇི ༼༢༣༡ཨ༡༽ སྙེད་ལས་ལ་ཕྱིན་ཅིང་མངོན་དུ་གྱུར་ལ་དད་པ་བླང་བར་རིགས་པའི་རྣམས་ལ་དད་བའང་བླངས་པར་གྱུར་༎ གང་གིས་བཟློག་པར་བྱས་ན་ཡང་བཟློག་པར་བརྩན་པའི་དགེ་སློང་དག་ཀྱང་མངོན་སུམ་དུ་གྱུར་ལ་དགག་པའང་མེད་། བཟློག་པའང་མེད་དོ་༎ ཞེས ༼༢༽ གསུངས་ན་། དགེ་སློང་ལས་ལ་ཕྱིན་པ་ནི་གང་ལགས་། དགེ་སློང་བཞི་འདུས་ནས་ལས་བྱ་བའི་རིགས་པ་ལ་དགེ་སློང་ཡོངས་སུ་དག་པ་ཐམས་ཅད་ལ་ཡང་མཚུངས་པར་གནས་པ་བཞི་ཚོགས་པ་ནི་ལས་ལ་ཕྱིན་བའི་། དགེ་སློང་ལྔ་འདུས་ནས་བྱ་བ་དང་། བཅུ་འདུས་ནས་བྱ་བ་དང་། ༼༣༽ ཉི་ཤུ་འདུས་ནས་བྱ་བ་རྣམས་ལས་ལའང་ཕྱིན་ལ་དགེ་སློང་དེ་དགེ་ཀྱང་ཡོངས་སུ་དག་པ་ལྟ་བ་མཐུན་པ་རྣམས་ཚོགས་པ་ནི་ལས་ལ་ཕྱིན་པ་ཞེས་བྱའོ་༎ གང་ལ་བཟློག་པ་ལགས་༎ གང་གི་བཟློག་པ་བརྩན་པ་སྟེ་ས་ལག་ནས་པ་ལ་ནི་ནམ་མཁའ་ལ་གནས་པས་བཟློག་པ་མི་བརྩན་ནོ་༎  ༼༤༽ དེ་བཞིན་མཚམས་ཀྱི་ཕྱི་རོལ་ན་འདུག་པས་མཚམས་ཀྱི་ནང་ན་འདུག་པ་ལ་བཟློག་པའང་མི་བརྩན་ནོ་༎ ཨུ་པཱ་ལི་བརྩན་པ་ནི་དགེ་ཚུལ་བསླབ་བ་སྟོན་པའི་ཚེ་བདག་ལ་བསླབ་པ་མ་སྟོན་ཅིག་ཅེས་ཟེར་ན་དེའི་བཟློག་པ་བརྩན་ནོ་༎ དགེ་ཚུལ་བསྙེན་པར་རྫོགས་པར་བྱ་བའི་ཚེ་བདག་ལ ༼༥༽ བསྙེན་པར་རྫོགས་པར་མ་བྱེད་ཅིག་ཅེས་ཟེར་ན་ཡང་དེའི་བཟློག་པ་བརྩན་ནོ་༎ ཆད་པས་གཅད་པ་ལ་ཆད་པ་གཅོད་པའི་ཚེ་བདག་ཆད་པས་མ་གཅོད་ཅིག་ཟེར་བ་དང་། དེ་བཞིན་དུ་གཞི་ནས་བསླང་སྟེ་ཡིད་མགུ་བར་བྱ་བ་དང་། དབྱུང་བར་བྱ་བ་དང་། དེ་བཞིན་དུ་གང་ཟག་བཅུ ༼༦༽ གཉིས་བསྒོ་བ་ཐམས་ཅད་ཀྱིས་ཀྱང་བཟློག་པར་བརྩན་ནོ་༎ ཉལ་བ་སྤངས་པ་ཞེས་བགྱིའམ་། དེ་སྟ་གསོལ་བ་ཐོས་ནས་ཉལ་ན་སྤངས་བ་ཞེས་བྱའོ་༎ དེ་སྔར་ཉལ་ལ་གསོལ་བ་ཕྱིས་བྱས་ན་མ་སྤངས་པ་ཞེས་བྱའོ་༎ སྙོམས་པ་ལ་ཞུགས་པ་ཡང་དེ་བཞིན་ནོ་༎ དགེ་སློང་གཅིག་པུ ༼༧༽ ཞིག་གིས་བསྒོ་ནའང་བཟློག་པ་ཞེས་བྱའོ་༎ དགེ་འདུན་བྱེ་སྟེ་ཕྱོགས་དང་ཕྱོགས་མ་ཡིན་པར་གནས་པས་ཕྱོགས་གང་ཡང་རུང་བ་ཅིག་སྤངས་པ་ན་སྤངས་པ་ན་སྤངས་པ་ཞེས་བགྱིའམ་། མ་སྤངས་པ་ཞེས་བགྱི་གསུངས་པ་། མ་སྤངས་པ་ཞེས་བྱའོ་༎,.  .  .  .  .  .  .  .  .  .  .  .  .  .,.  .  .  .  .  .  .  .  .  .  .  .  .  .
6d38194e28024b34944f83837732601c,མདོར་ན་།གཟུ་བོས་གྲངས་སུ་བསྐངས ༼༢༣༡བ༡༽ བ་དང་༎ཆོས་མིན་ཆོས་སུ་བསྒྲགས་པ་དང་༎དགེ་འདུན་དབུས་སུ་བསྒོ་བ་དང་༎བཅས་པ་རྣམ་པར་བསྒོ་བའོ་༎,.,.
bc265950d22d4450a4851e7d84e84de2,གཟུ་བོས་མང་པོར་བསྐངས་ཏེ་དགེ་སློང་གིས་སྤངས་པ་སྤངས་པ་ཞེས་བགྱིའམ་། མ་སྤངས་བ་ཞེས་བགྱི་། གསུངས་པ་། སྤངས་པ་ཞེས་ནི་བྱ་སྟེ་གཟུ ༼༢༽ བོ་རི་དངོས་པོ་ནི་མེད་པར་འགྱུར་རོ་༎ གང་ཅུང་ཟད་ཆོས་བཞིན་མ་ལགས་པའི་ལས་དེ་ཐམས་ཅད་མ་འདུས་པའི་ལས་སམ་། དེ་སྟེ་གང་ཅུང་ཟད་མ་འདུས་པའི་ལས་དེ་ཐམས་ཅད་ཆོས་བཞིན་མ་ལགས་པའི་ལས་ཞེས་བགྱིའམ་། ཨུ་པཱ་ལི་མ་ཡིན་ཏེ་། ཆོས་བཞིན་མ་ཡིན་པའི་ལས ༼༣༽ ཀྱང་གཞན་ལ་། མ་འདུས་པའི་ལས་ཀྱང་གཞན་ནོ་༎ ཆོས་བཞིན་མ་ཡིན་པའི་ལས་ལམ་འདུས་པའི་ལས་མ་ཡིན་པ་གང་ཞེ་ན་། གང་ལ་བྱ་བ་དེ་མངོན་སུམ་དུ་མ་གྱུར་༎ གླེངས་པའང་མེད་། དྲན་པར་བྱས་པའང་གཞན་མེད་དམ་འཆར་ཡང་མ་བཅུག་པ་ལ་བྱེད་པ་དང་། དགེ་སློང་ཇི་སྙེད ༼༤༽ པ་ཀུན་ལས་ལ་ཕྱིན་ཅིང་འདུས་ནས་མངོན་སུམ་དུ་གྱུར་༎ དད་པ་བླང་བའི་རིགས་པ་ལས་དད་པ་ཡང་བླངས་ནས་གང་གིས་བཟློག་ན་བཟློག་པ་ལ་བརྩན་པའི་དགེ་སློང་རྣམས་མངོན་སུམ་དུ་གྱུར་ཀྱང་དགག་པར་མི་བྱེད་། ཟློག་པར་མི་བྱེད་པ་འདི་ནི་ཆོས་བཞིན་མ་ཡིན་པའི་ལས་ཡིན ༼༥༽ ལམ་འདུས་པའི་ལས་ནི་མ་ཡིན་པའོ་༎ མ་འདུས་པའི་ལས་ཡིན་ལ་ཆོས་བཞིན་མ་ཡིན་པའི་ལས་མ་ཡིན་པ་གང་ཞེ་ན་། གང་ལ་བྱ་བ་མངོན་སུམ་དུ་གྱུར་ལ་གླེངས་། དྲན་པར་བྱས་། དམ་འཆར་བཅུག་ནས་བྱེད་པ་དང་། དགེ་སློང་ཇི་སྙེད་ལས་ལ་བྱིན་པར་བྱེད་པ་དེ་ཐམས ༼༦༽ ཅད་ཀྱང་མ་འདུས་༎ མངོན་སུམ་དུ་མ་གྱུར་། དད་པ་བླང་བའི་རིགས་པ་ལས་དད་པའང་མ་བླངས་། དགེ་སློང་མངོན་སུམ་དུ་གྱུར་པ་དག་གིས་དགག་པ་དང་བཟློག་པའང་བརྩན་པར་གྱུར་པ་དེ་ནི་མ་འདུས་པའི་ལས་ཡིན་ལ་ཆོས་བཞིན་མ་ཡིན་པའི་ལས་ནི་མ་བྱིན་ནོ་༎ གང་ཆོས ༼༧༽ བཞིན་པའི་ལས་དེ་ཐམས་ཅད་འདུས་པའི་ལས་ལགས་སམ་། ཨུ་བཱ་ལི་མ་ཡིན་ཏེ་༎ ཆོས་བཞིན་གྱི་ལས་གཞན་ལ་འདུས་པའི་ལས་ཀྱང་གཞན་ནོ་༎ ཆོས་བཞིན་གྱི་ལས་ལགས་ལ་འདུས་པའི་ལས་མ་ལགས་པ་གང་ལགས་། གསུངས་པ་། དེ་ལ་མངོན་སུམ་དུ་བྱེད་ཅིང་གླེངས་པ ༼༢༣༢ཨ༡༽ དང་། དགེ་སློང་ཇི་སྙེད་ལས་ལ་ཕྱིན་པར་བྱེད་པ་དེ་ཐམས་ཅད་མ་འདུས་མངོན་སུམ་དུའང་མ་གྱུར་། དད་པ་བླང་བའི་བའི་རིགས་པའང་མ་བླངས་། དགེ་སློང་གང་གིས་བཟློག་པ་བརྩན་པ་དེ་དག་ཀྱང་མངོན་སུམ་དུ་གྱུར་ཅིང་འགོག་པ་ཟློག་པ་འདི་ནི་ཆོས་བཞིན་གྱི་ལས ༼༢༽ ཡིན་ལ་འདུས་བའི་ལས་མ་ཡིན་ནོ་༎ འདུས་པའི་ལས་ལགས་ལ་ཆོས་བཞིན་གྱི་ལས་མ་ལགས་པ་གང་ལགས་༎ གསུངས་པ་། མངོན་སུམ་དུ་མ་གྱུར་བར་དེ་ལ་བྱེད་ཅིང་མ་གླེངས་། དྲན་པར་མ་བྱས་། དངོས་པོ་མ་ཡིན་༎ དམ་འཆར་མ་བཅུག་པར་བྱེད་པ་དང་། དགེ་སློང་ཇི ༼༣༽ སྙེང་ལས་ལ་ཕྱིན་པར་བྱ་བ་དེ་ཐམས་ཅད་འདུས་ཤིང་མངོན་སུམ་དུ་གྱུར་ལ་དད་པ་བླང་བའི་རིགས་པ་ལས་དད་པའང་བླངས་། དགེ་སློང་གང་མངོན་སུམ་དུ་གྱུར་ན་བཟློག་པ་བརྩན་པ་དེ་དག་ཀྱང་མི་འགོག་མི་ཟློག་པ་འདི་ནི་འདུས་པའི་ལས་ཡིན་ལ་ཆོས་བཞིན་མ་ཡིན་པའི་ལས་སོ་༎ གང ༼༤༽ སུ་ལ་དགེ་འདུན་གྱི་དབུས་སུ་ལན་གསུམ་གྱི་བར་དུ་བསྒོ་ན་དེ་ཐམས་ཅད་ནོངས་པར་འགྱུར་རམ་༎ གསུངས་པ་། འགྱུར་བ་ཡང་ཡོད་། མི་འགྱུར་བ་ཡང་ཡོད་དེ་། གང་ལ་དགེ་འདུན་གྱི་དབུས་སུ་ལན་གསུམ་གྱི་པར་དུ་བསྒོ་ན་དེ་ཐམས་ཅད་ཉེས་པར་འགྱུར་རོ་༎ ནོངས་པར་འགྱུར ༼༥༽ ལ་དགེ་འདུན་གྱི་ནང་དུ་ལན་གསུམ་གྱི་བར་དུ་བསྒོ་མི་འཚལ་བ་མཆིས་སམ་། གསུངས་པ་། བསྒོ་བ་རྣམས་མ་གཏོགས་པར་ཉེས་པར་གཞན་བྱུང་བའོ་༎ ཇི་ཙམ་གྱིས་ན་ཐ་མ་གྱུར་པ་ལ་ཡི་དམ་བརྗོད་པ་ཞེས་བགྱི་༎ གསུངས་པ་། གང་ལ་ཕས་ཕམ་པ་བཞི་ལས་གང་ཡང་རུང ༼༦༽ ཉེས་པ་བྱུང་ནས་དགེ་འདུན་གྱི་དབུས་སུ་ལན་གསུམ་དུ་ཁས་ལེན་པའི་ཐ་མའི་དངོས་པོ་ལ་དམ་འཆའ་བར་བྱེད་པ་ཞེས་བྱའོ་༎ ཆད་པས་བཅད་པའི་བསྒོ་བ་དེ་དགེ་སློང་གིས་སྤངས་ན་སྤངས་པ་ཞེས་བགྱིའམ་༎ གསུངས་པ་། མངོན་སུམ་དུ་གནས་པའི་སྡོམ་པ་མ་གཏོགས་པར་གཞན ༼༧༽ ཐམས་ཅད་ཀྱི་ལས་སུ་བྱས་པ་ཞེས་བྱའོ་༎ ༎,.  .  .  .  .  .  .  .  .  .  .  .  .  .  .  .  .  .  .  .,.  .  .  .  .  .  .  .  .  .  .  .  .  .  .  .  .  .  .  .
afbdd6d7837942f08c2b71389c192d65,འདུལ་བ་གཞུང་དམ་པ་། བམ་པོ་བཞི་བཅུ་རྩ་བདུན་པ་།,.,.
c2e110b4bab0433084545f4092d72aa4,མདོར་ན་།དང་པོར་རྗེས་སུ་བསྒོ་བ་དང་༎དད་པ་བདག་ཉིད་ཡི་དམ་འཆའ་༎བཞི་ལ་བསླབ་པ་སྦྱིན་པ་དང་༎ཚུལ་ཤིང་ལེན་པར་བྱས་པ་དང་༎སོ་སོར ༼༢༣༢བ༡༽ གནས་པ་ཐ་མའོ་༎,.,.
b8940c59ab3d4324ad6adcc88f050a95,ལས་སྔར་བསྒོ་ནས་ཕྱིས་གསོལ་བ་བགྱིས་ན་དགེ་སློང་སྤངས་པ་ཞེས་བགྱིའམ་། མ་སྤངས་པ་ཞེས་བགྱི་། མ་སྤངས་བཞེས་བྱའོ་༎ ཆད་པ་བགྱིད་པ་ལ་ཅིར་འགྱུར་། དེ་སྟེ་དགེ་འདུན་ཐམས་ཅད་མི་ཤེས་ན་དབྱེན་གྱི་འཁོར་དུ་གཏོགས་པས་ཉེས་པ་སྦོམ ༼༢༽ པོའོ༎ དེ་སྟེ་དགེ་འདུན་ཐམས་ཅད་ཀྱིས་ཤེས་ན་དགེ་འདུན་ཐམས་ཅད་ལའང་འདས་པ་དང་བཅས་པར་འགྱུར་རོ་༎ ཆད་པ་བགྱིས་པས་དད་པ་བླངས་ཏེ་དགེ་སློང་ལ་སྤངས་ན་སྤངས་པ་། ཞེས་བགྱིའམ་། ཉེ་གཡོག་གི་སྡོམ་པ་མ་གཏོགས་ཏེ་། ལས་ཐམས་ཅད་བྱས་པ་ཞེས ༼༣༽ བྱའོ༎ བདག་ཉིད་ལ་ལས་བགྱིད་ན་བགྱིས་པ་ཞེས་བགྱིའམ་། དེ་སྟེ་དོགས་པ་མེད་ན་བྱས་པ་ཞེས་བྱའོ་༎ དེ་སྟེ་དོགས་པ་ཡོད་ནམ་བྱས་པ་ཞེས་བྱའོ་༎ བདག་ཉིད་ལ་སླར་ལས་བྱེད་པ་ནི་འདི་རྣམས་ཏེ་། བདག་ཉིད་ལ་ཆད་པའི་ལས་བྱས་ནས་བདག་ཉིད་ལ་བདག་ཉིད་ཀྱིས་བཟོད་པ ༼༤༽ གསོལ་པའོ་༎ བཙུན་པ་གང་ལ་བསྡིགས་པའི་ལས་བགྱིད་པ་དང་། བསྐྲད་པར་བགྱིས་པ་དེ་དག་ལ་ཆོས་བཞིན་དུ་ཡི་དམ་འཆའ་སྩལ་པ་དེ་དག་ཀྱང་དགེ་འདུན་གྱི་ནང་དུ་ལན་གསུམ་གྱི་བར་དུ་ཁས་བླངས་ལ་བསླབ་པ་སྩལ་བའི་རིགས་པ་བཞི་ལ་བསྒྲགས་པ་གཅིག་གིས་བསླབ་པ་སྩལ་བར ༼༥༽ རུང་ངམ་། བཅོམ་ལྡན་འདས་ཀྱིས་བཀའ་སྩལ་པ་། ཨུ་པཱ་ལི་མི་རུང་ངོ་༎ བསྒྲགས་པ་གཅིག་གིས་བཞི་བསྙེན་པར་རྫོགས་པར་རུང་ངམ་། ཨུ་པཱ་ལི་མི་རུང་ངོ་༎ ཚུལ་ཤིང་འབྲི་མ་དང་བཞིས་དགེ་སློང་ལ་སྤངས་པ་ཞེས་བགྱིའམ་། མ་སྤངས་པ་ཞེས་བྱའོ་༎,.  .  .  .  .  .  .  .  .  .,.  .  .  .  .  .  .  .  .  .
d8788ec79c0d4275816e56a59d5397e9,༼༦༽ མདོར་ན་།བསྡིགས་པ་སྤངས་པའི་དགེ་སློང་དང་༎དབྱེན་བྱེད་གཅིག་པུ་མ་གཏོགས་ཏེ་༎བསྡིགས་པ་ཞེས་བྱ་ཅི་ཡི་དོན་༎ལྷག་པར་ཉེ་བར་བརྟག་པའོ་༎,.,.
b807db01c9b045279e7dd888e245639f,བསྡིགས་པའི་ལས་བགྱིས་པ་ལ་སྨད་པའི་ལས་བགྱིས་ན་བགྱིས་པ་ཞེས་བགྱིའམ་། བསྡིགས་པའི་ལས་ནི་མེད ༼༧༽ པར་འགྱུར་རོ་༎ བསྡིགས་པའི་ལས་བགྱིས་པ་ལ་བསྐྲད་པ་དང་། སླར་བསྡུ་བའི་ལས་བགྱིད་པ་ཞེས་བགྱིའམ་མ་བགྱིས་པ་ཞེས་བགྱི་། གསུངས་པ་། བྱས་པ་ནི་ཡིན་མོད་ཀྱིས་བསྡིགས་པ་ནི་མེད་པར་འགྱུར་རོ་༎ ཇི་ལྟར་བསྡིགས་པའི་ལས་བྱས་པ་དེ་བཞིན་དུ་སྨད་པའི ༼༢༣༣ཨ༡༽ ལས་བྱས་པ་དང་། བསྐྲད་པའི་ལས་བྱས་པ་དང་། སླར་བསྡུ་བའི་ལས་བྱས་པ་ལ་འདི་རྒྱས་པར་ཏེ་། རྣམ་པ་བཞིར་བསྐོར་བར་བརྗོད་པར་བྱའོ་༎ སྤངས་པ་ལ་བསྡིགས་པའི་ལས་བགྱིད་ན་བགྱིས་པ་ཞེས་བགྱིའམ་། ཨུ་བཱ་ལི་མ་ཡིན་ཏེ་། ༼༢༽ དེ་ནི་མཚུངས་པར་སྤྱོད་པ་མ་ཡིན་པའི་ཕྱིར་རོ་༎ དེ་བཞིན་དུ་སྨད་པ་དང་བསྐད་པ་དང་། སླར་བསྡུ་བའི་ལས་བགྱིད་པ་དེ་དག་བགྱིས་པ་ཞེས་བགྱིའམ་༎ ཨུ་པཱ་ལི་མ་ཡིན་ཏེ་༎ ད་ནི་མཚུངས་པར་སྤྱད་པ་མ་ཡིན་པའི་ཕྱིར་རོ་༎ དགེ་སློང་དག་མ་གཏོགས་པར་གཞན་ལ་། ༼༣༽ དབྱེན་བྱས་པ་ནི་ཉེས་བྱས་སུ་འགྱུར་རོ་༎ བསྡིགས་པ་ཞེས་བགྱི་བའི་དོན་ཇི་ལྟ་བུ་། ཨུ་པཱ་ལི་དེ་ནི་མིང་ཙམ་མོད་ཀྱི་། དགེ་སློང་གང་ཐབ་མོ་ཅན་དུ་གྱུར་པ་དེ་ལ་ཁྱོད་ནམ་ཐབ་མོ་དེ་ལས་སླར་ལོག་པར་མ་གྱུར་པ་དེའི་བར་དུ་ཁྱོད་ལ་དགེ་འདུན་གྱིས་ཕྱི་ཕྱིར་ཉེ་བར་རྟོག་གོ་ཞེས ༼༤༽ བསྒོ་བའོ་༎ སྨད་བ་ཞེས་བྱ་བའི་དོན་ཅི་ལགས་། ཨུ་བཱ་ལི་སྨད་བཞེས་པ་དེ་ནི་མིང་ཙམ་མོད་ཀྱི་༎ དགེ་སློང་གང་ཕྱི་ཕྱིར་དགེ་འདུན་གྱི་ལྷག་མའི་ལྟུང་བར་གྱུར་པ་ལ་ཁྱོད་ཀྱིས་ནམ་ཕྱི་ཕྱིར་ལྟུང་བ་དེ་ལས་སླར་མ་ལིག་པ་དེའི་བར་དུ་གནས་འཆའ་ཞིང་འདུག་ཤིག ༼༥༽ ཅེས་བསྒོ་བའོ་༎ བསྐྲད་དོ་ཞེས་བགྱི་བའི་དོན་ཅི་ལགས་། ཨུ་པཱ་ལི་བསྐྲད་དོ་ཞེས་བྱ་བ་ནི་མིང་ཙམ་མོད་ཀྱི་། དགེ་སློང་གང་གིས་རིགས་སུན་པར་གྱུར་པ་སྟེ་། དེ་གནས་དེ་ནམ་འདུག་ཤིག་ཅེས་བསྒོ་བའོ་༎ སླར་བསྡུ་བ་ཞེས་བགྱི་བའི་དོན་ཅི་ལགས་། ཨུ་པཱ ༼༦༽ ལེ་དེ་ནི་མིང་ཙམ་མོད་ཀྱི་དགེ་སློང་གང་ཁྱིམ་པ་ལ་དབྱས་པ་དེ་ལ་ཁྱོད་ཁྱིམ་བདག་དེ་ལ་བཟོད་པར་གསོལ་ཅིག་ཅེས་བསྒོ་བའོ་༎ ཁྱོད་ལ་དགེ་འདུན་གྱིས་ཕྱི་ཕྱིར་ཉེ་བར་རྟོག་པར་འགྱུར་རོ་ཞེས་གསུངས་ན་གསུངས་པ་དེའི་དོན་ཅི་ལགས་༎ གསུངས་པ་། ཁྱོད་ཀྱི་ལྟུང་པ ༼༧༽ གང་བྱུང་བ་དེ་ལ་དགེ་འདུན་གྱིས་ཆོས་བཞིན་དུ་ལས་བྱེད་དུ་འཇུག་གོ་ཞེས་བྱ་བའོ་༎ ཁྱོད་ཀྱིས་གཞནལ་གནས་ཤིག་ཅེས་གསུངས་ན་དེའི་དོན་ཅི་ལགས་། གསུངས་པ་། གང་ཟག་གང་ལ་མཛའ་བའམ་། བླ་མར་བྱེད་པའམ་། ངོ་ཚ་བའམ་། ༼༢༣༣བ༡༽ ཁྲེལ་བ་འབྱུང་བར་གྱུར་པ་དེ་ལ་གནས་བརྟན་པར་བྱའོ་༎,.  .  .  .  .  .  .  .  .  .  .  .  .  .  .  .,.  .  .  .  .  .  .  .  .  .  .  .  .  .  .  .
d76b4d7452d24bc5be45d31584224a5f,མདོར་ན་།ཞར་བ་མ་ཡིན་ཞར་ཞེས་སྨྲ་༎དགེ་སློང་གནོད་པ་ལྟུང་བ་དང་༎ནང་ངམ་དེ་སྟེ་ཕྱི་ཡང་རུང་༎བར་ཆད་དག་ཏུ་གྱུར་པའོ་༎,.,.
569f3e001e6d41ba98ace7d82c827e76,ཞར་བ་མ་ཡིན་པ་ལ་ཞར་བ་ཞེས་སྨྲས་ན་ཅིར་འགྱུར་། ༼༢༽ ཤེས་བཞིན་པའི་བརྫུན་སྨྲས་པས་ལྟུང་བའོ་༎ ཞར་བ་ལ་ཞར་ཞེས་སྨྲས་ན་མིའི་སྐྱོན་སྨྲས་པས་ལྟུང་བར་འགྱུར་རོ་༎ དགེ་སློང་ལ་གནོད་པ་ནི་ནད་ངམ་ཕྱིའོ་ཞེས་གསུངས་ན་ནང་ནི་གང་། ཕྱི་ནི་གང་། མཚམས་ཀྱི་ནང་ནི་ནང་ངོ་༎ མཚམས་ཀྱི་ཕྱི་རོལ་ནི་ཕྱི་རོལ ༼༣༽ ལོ༎ གཅིག་ཏུ་ན་ཡང་གཙུག་ལག་ཁག་གི་ནག་ནི་ནང་ངོ་༎ བླ་གབ་མེད་པ་ནི་ཕྱི་རོལ་ལོ་༎ རྣམ་གྲངས་དུ་མར་བར་དུ་གཅོད་པའོ་ཞེས་བཅོམ་ལྡན་འདས་ཀྱིས་གསུངས་པ་བར་དུ་གཅོད་པའི་ཆོས་དེ་གང་ལགས་། འདོད་ཕ་ནི་བར་དུ་གཅོད་པའི་ཆོས་ཏེ་། ཨུ ༼༤༽ པཱ་ལི་འདོད་པ་ནི་བར་དུ་གཅོད་པའི་ཆོས་སུ་ངས་གསུངས་སོ་༎,.  .  .  .  .  .  .,.  .  .  .  .  .  .
bb0e63f90e4d446b95d4c4cbac52efbc,འདུལ་བ་གཞུད་དམ་པ་མ་ན་བི་ཀ་ཞེས་བྱ་བའི་འདུལ་བའི་རིམ་པ་རྫོགས་སོ་༎ ༎,.,.
