id,P001827,P001828
4219f52ead004d59a3c9dfb4d846a559,༼༡ཨཱ༽ ། རྒྱ་གར་སྐད་དུ་། ཨཱརྱ་པྲ༡ཏྱུད༢པནན༣བུད་དྷ་སམ་མུ་ཁ་ཨ་བ་སཐི་ཏ༤ས་མཱ་དྷི་ནཱ་མ་མཧཱ་ཡཱ༥ན་སū་ཏྲ་། བོད་སྐད་དུ་། འཕགས་པ་ད་ལྟར་གྱི་སངས་རྒྱས་མངོན་སུམ་དུ་བཞུགས་པའི་ཏིང་ངེ་འཛིན་ཅེས་བྱ་བ་ཐེག་པ་ཆེན་པོའི་མདོ་།,(1A) In Sanskrit: Ārya-pratyutpanna-buddha-saṃmukha-avasthita-samādhi-nāma-mahāyāna-sūtra. In Tibetan: The Holy Mahayana Sutra called the Samadhi of Direct Encounter with the Buddhas of the Present.
03997446b636461e8a9abcd15ad4c03a,བམ་པོ་དང་པོ༦། སངས་རྒྱས་དང་བྱང་ཆུབ་སེམས་དཔའ་ཐམས་ཅད་ལ་ཕྱག་འཚལ་ལོ་༎,"BAMPO ONE T.418: Chapter One, The Enquiry; T.416: Chapter One, Meditation"
4637d097e10945b88832b75d117c9c39,འདི་སྐད་བདག་གིས་ཐོས་པ༧དུས་གཅིག་ན་། བཅོམ་ལྡན་འདས་རྒྱལ་པོའི་ཁབ་ན་སྨིག༨མའི་ཚལ་བྱ་ཀ་ལན་ད༩ཀ་གནས་པ་ན་དགེ་སློང་ལྔ་བརྒྱ་ཙམ་གྱི་དགེ་སློང་གི་དགེ་འདུན་ཆེན་པོ་དང་ཐབས་ཅིག༡༠ཏུ་བཞུགས་ཏེ་། ཐམས་ཅད་ཀྱང་དགྲ་བཅོམ་པ་། ཟག་པ་ཟད་པ་། ཉོན་མོངས་པ་མེད་པ་། དབང་དང་ལྡན་པར་གྱུར་པ་། བྱ་བ་བྱས་པ་། བྱེད་པ་བྱས་པ་། ཁུར་བོར་བ་། བདག་གི་དོན་རྗེས་སུ་ཐོབ་པ་། སྲིད་པར་ཀུན་ཏུ་སྦྱོར་བ་ཡོངས་སུ་ཟད་པ་། ཡང་དག་པའི་ཤེས་པས་སེམས་ཤིན་ཏུ་རྣམ་པར་གྲོལ་བ་། སེམས་ཀྱི་དབང་ཐམས་ཅད༡༡ཀྱི་དམ་པའི་ཕ་རོལ་ཏུ་སོན་པ་། རྣམ་པར་ཐར་པ་བརྒྱད་ཐོབ་པ་ཤ་སྟག་སྟེ་། གང་ཟག་གཅིག་མ་གཏོགས་པ་ནི་འདི་ལྟ་སྟེ་། ཚེ་དང་ལྡན་པ་ཀུན་དགའ་བོའོ་༎,"On the one occasion when I heard the following the Lord was staying at Rājagṛha, in the Haunt of the Kalandakas in the Bamboo Wood, together with a great assembly of five hundred all of whom were arhats, in whom the noxious influences (Skt. āsrava) were eliminated, who were free of the defilements (Skt. kleśa), had attained mastery, done their duty, performed their tasks, laid down their burden, obtained their own goal, destroyed the fetters of existence, whose minds were fully liberated by perfect understanding, who had attained the excellent supremacy of complete mastery over their minds, and obtained the eight emancipations--with the exception of one person, namely, the Venerable Ananda."
4de3024a577445b7af3b6e08cba95db3,༼༡བ༽ དེའི་ཚེ་བྱང་ཆུབ་སེམས་དཔའ་སེམས་དཔའ་ཆེན་པོ་བཟང་སྐྱོང་ཞེས་བྱ་བ་རྒྱལ་པོའི་ཁབ་ཀྱི་གྲོང་ཁྱེར་ཆེན་པོ་ནས་བྱུང་སྟེ་། བྱང་ཆུབ་སེམས་དཔའ་ལྔ་བརྒྱ་ཙམ་ཐམས་ཅད་ཀྱང་ཁྱིམ་པར་གྱུར་ཅིང་བསླབ་པའི་གཞི་ལྔ་ཡོངས་སུ་བཟུང་བ་ཤ་སྟག་དང་ལྷན་ཅིག་ཏུ་ཆོས་ཉན་པའི་ཕྱིར་བཅོམ་ལྡན་འདས་ཀྱི་ཞམ་རིང༡༢བྱེད་པར་གྱུར་ཏོ་༎ དེ་ནས་བྱང་ཆུབ་སེམས་དཔའ་སེམས་དཔའ་ཆེན་པོ་བཟང་སྐྱོང་ཕྱེམ་རེད་ཀྱི་དུས་ཀྱི་ཚེ་ནང་དུ་ཡང་དག་འཇོག་ལས་ལངས་ནས་། བཅོམ་ལྡན་འདས་ག་ལ་བ་དེར་སོང་སྟེ་། ཕྱིན་ནས་བཅོམ་ལྡན་འདས་ཀྱི་ཞབས་ལ་མགོ་བོས་ཕྱག་འཚལ༡༣ཏེ་། ལན་བདུན་བསྐོར་བ་བྱས་ནས་། བཅོམ་ལྡན་འདས་ཀྱི་སྤྱན་སྔར་ཕྱོགས་གཅིག་ཏུ་འདུག་གོ་། བྱང་ཆུབ་སེམས་དཔའ་ལྔ་བརྒྱ་ཙམ་པོ་དེ་དག་ཀྱང་ཕྱེམ་རེད་ཀྱི་དུས་ཀྱི་ཚེ་ནང་དུ་ཡང་དག་འཇོག་ལས་ལངས་ནས་བཅོམ་ལྡན་འདས་ག་ལ་བ་དེར་དོང་སྟེ་ལྷགས་ནས་བཅོམ་ལྡན་འདས་ཀྱི་ཞབས་ལ་མགོ་བོས་ཕྱག་འཚལ༡༤ཏེ་། བཅོམ་ལྡན་འདས་ལ་ལན་བདུན་བསྐོར་བ་བྱས་ནས་། བཅོམ་ལྡན་འདས་ཀྱི་སྤྱན་སྔར་ཕྱོགས་གཅིག་ཏུ་འཁོད་དོ་༎,"(1B) On that occasion the bodhisattva and mahasattva Bhadrapāla had come out from the great city of Rājagṛha and, in order to hear the Dharma, was in attendance on the Lord, along with five hundred bodhisattvas who were all householders and upholders of the five rules of training (Skt. pañca-sikṣāpada).  And so it was that the bodhisattva and mahasattva Bhadrapāla, after emerging in the late afternoon from secluded meditation, went to the place where the Lord was, and having on his arrival prostrated himself at the Lord's feet and circumambulated him seven times, he sat down to one side in the Lord's presence.  Those five hundred bodhisattvas too, after emerging in the late afternoon from secluded meditation, came to the place where the Lord was, and having on their arrival prostrated themselves at the Lord's feet and circumambulated the Lord seven times, they sat down to one side in the Lord's presence."
170c43d870b542b691e61a1d881e425c,༼༡ཅ༽ དགེ་སློང་ལྔ་བརྒྱ་ཙམ་པོ་དེ་དག་ཀྱང་ཕྱེམ་རེད་ཀྱི་དུས་ཀྱི་ཚེ་ནང་དུ་ཡང་དག་འཇོག་ལས་ལངས་ནས་། བཅོམ་ལྡན་འདས་ག་ལ་བ་དེར་དོང་སྟེ་ལྷགས་ནས་། བཅོམ་ལྡན་འདས་ཀྱི་ཞབས་ལ་མགོ་བོས་ཕྱག་འཚལ་ཏེ་། བཅོམ་ལྡན་འདས་ལ་ལན་བདུན་བསྐོར་བ་བྱས་ནས་། བཅོམ་ལྡན་འདས་ཀྱི་སྤྱན་སྔར་ཕྱོགས་གཅིག་ཏུ་འཁོད་དོ་༎ ཡང་དེའི་ཚེ་ཚེ་དང་ལྡན་པ་ཤཱ་ར་དབ༹་ཏིའི་བུ༡༥དང་། ཚེ་དང་ལྡན་པ་མོའུ་འགལ་གྱི་བུ༡༦ཆེན་པོ༡༧མཉན་ཡོད་ཀྱི་གྲོང་ཁྱེར་ཆེན་པོར་དབྱར་གནས་ནས་། དགེ་སློང་ལྔ་བརྒྱ་ཙམ་དང་ལྷན་ཅིག་ཏུ་རིམ་གྱིས་ཡུལ་རྒྱུ་ཞིང་རྒྱལ་པོའི་ཁབ་ཀྱི་གྲོང་ཁྱེར་ཆེན་པོ་ག་ལ་བ་དང་། སྨིག་མའི་ཚལ་བྱ་ཀ་ལན་ད༡༨ཀ་གནས་པ་གང་ན་པ་དང་། བཅོམ་ལྡན་འདས་ག་ལ་བ་དེར་དོང་སྟེ་ལྷགས་ནས་བཅོམ་ལྡན་འདས་ཀྱི་ཞབས་ལ་མགོ་བོས་ཕྱག་འཚལ་ཏེ་། བཅོམ་ལྡན་འདས་ལ་ལན་གསུམ་བསྐོར་བ་བྱས་ནས་། བཅོམ་ལྡན་འདས་ཀྱི་སྤྱན་སྔར་ཕྱོགས་གཅིག་ཏུ་འཁོད་དོ་༎,"(1C) Those five hundred bhikṣus too, after emerging in the late afternoon from secluded meditation, came to the place where the Lord was, and having on their arrival prostrated themselves at the Lord's feet and circumambulated the Lord seven times, they sat down to one side in the Lord's presence.  At that time also the Venerable Śāriputra and the Venerable Mahāmaudgalyāyana, after spending the rainy season in the great city of Śrāvastī, journeyed in due course through the land together with five hundred bhikṣus, and came to the great city of Rājagṛha, to the Haunt of the Kalandakas in the Bamboo Wood, to the place where the Lord was, and having on their arrival prostrated themselves at the Lord's feet and circumambulated the Lord three times, they sat down to one side in the Lord's presence."
2849c7de58784c42b5a9bff9e96aab7e,༼༡ཌ༽ དེ་ནས་དེའི་ཚེ་བཅོམ་ལྡན་འདས་ཀྱིས་ཇི་ལྟ་བུའི་རྫུ་འཕྲུལ་མངོན་པར་འདུ༡༩བྱ་བ་མངོན་པར་མཛད་པས་དགེ་སློང་གང༢༠དག་ཡུལ་སོ་སོ་ན་རྟེན་ཅིང་གནས་པ་དེ་དག་ཐམས་ཅད་རྒྱལ་པོའི་ཁབ་ཀྱི་གྲོང་ཁྱེར་ཆེན་པོ་ག་ལ་བ་དང་། སྨིག་མའི་ཚལ་བྱ་ཀ་ལན་ད་ཀ་གནས་པ་ག་ལ་བ་དང་། བཅོམ་ལྡན་འདས་ག་ལ་བ་དེར་དོང་སྟེ་ལྷགས་ནས་བཅོམ་ལྡན་འདས་ཀྱི་ཞབས་ལ་མགོ་བོས་ཕྱག་འཚལ་ཏེ་། བཅོམ་ལྡན་འདས་ལ་ལན་གསུམ་བསྐོར་བ་བྱས་ནས་། བཅོམ་ལྡན་འདས་ཀྱི་སྤྱན་སྔར་ཕྱོགས་གཅིག་ཏུ་འཁོད་པ་དེ་ལྟ་བུའི་རྫུ་འཕྲུལ་མངོན་པར་འདུ༢༡བྱ་བ་མངོན་པར་མཛད་དོ་༎ ཡང་དེའི་ཚེ་སྨིག་མའི་ཚལ་བྱ་ཀ་ལན་ད་ཀ་གནས་པར་དགེ་སློང་འབུམ་ལྷན་ཅིག་ཏུ་འདུས་ཏེ་འཁོད་པར་གྱུར་ཏོ་༎ དེ་ནས་དེའི་ཚེ་བཅོམ་ལྡན་འདས་ཀྱིས་ཇི་ལྟ་བུའི་རྫུ་འཕྲུལ་མངོན་པར་འདུ༢༢བྱ་བ་མངོན་པར་མཛད་པས་སྐྱ་དགུའི༼ཅན་ལ་རྒྱུའི༽ བདག་མོ་ཆེན་མོ་གོའུ་ཏ་མི༢༣ལ་སོགས་པ་དགེ་སློང་མ་སུམ་ཁྲི་རྒྱལ་པོའི་ཁབ་ཀྱི་གྲོང་ཁྱེར་ཆེན་པོ་ག་ལ་བ་དང་། སྨིག་མའི་ཚལ་བྱ་ཀ་ལན་ད་ཀ་གནས་པ་ག་ལ་བ་དང་། བཅོམ་ལྡན་འདས་ག་ལ་བ་དེར་སོང་སྟེ་། ལྷགས་ནས་།  བཅོམ་ལྡན་འདས་ཀྱི་ཞབས་ལ་མགོ་བོས་ཕྱག་འཚལ་ཏེ་། བཅོམ་ལྡན་འདས་ལ་ལན་བདུན་བསྐོར་བ་བྱས་ནས་། བཅོམ་ལྡན་འདས་ཀྱི་སྤྱན་སྔར་ཕྱོགས་གཅིག་ཏུ་འཁོད་པ་དེ་ལྟ་བུའི་རྫུ་འཕྲུལ་མངོན་པར་འདུ༢༤བྱ་བ་མངོན་པར་མཛད་དོ་༎,"(1D) Then at that time the Lord performed such a working of magic that all those bhikṣus staying and living in different regions came to the great city of Rājagṛha, to the Haunt of the Kalandakas in the Bamboo Wood, to the place where the Lord was, and having on their arrival prostrated themselves at the Lord's feet and circumambulated the Lord three times, they sat down to one side in the Lord's presence, such was the working of magic that he performed.  And so at that time there were one hundred thousand bhikṣus gathered together and seated in the Haunt of the Kalandakas in the Bamboo Wood.  Then at that time the Lord performed such a working of magic that thirty thousand bhikṣuṇīs headed by Mahāprajāpatī Gautamī came to the great city of Rājagṛha, to the Haunt of the Kalandakas in the Bamboo Wood, to the place where the Lord was, and having on their arrival prostrated themselves at the Lord's feet and circumambulated the Lord seven times, they sat down to one side in the Lord's presence, such was the working of magic that he performed."
ac11296a465343af94dd7632c0f21ec1,༼༡E༽ དེ་ནས་དེའི་ཚེ་བཅོམ་ལྡན་འདས་ཀྱིས་ཇི་ལྟ་བུའི་རྫུ་འཕྲུལ་མངོན་པར་འདུ༢༥བྱ་བ་མངོན་པར་མཛད་པས་བྱང་ཆུབ་སེམས་དཔའ་སེམས་དཔའ་ཆེན་པོ་དཀོན་མཆོག་འབྱུང་གནས་ཤེས༢༦བྱ་བ་ཡངས་པའི་གྲོང་ཁྱེར་ཆེན་པོ་ནས་བྱུང་སྟེ་། ལི་ཙཱ་བི༢༧གཞོན་ནུ་ཉི་ཁྲི་བརྒྱད་སྟོང་གིས་ཡོངས་སུ་བསྐོར་ཅིང་མདུན་དུ་བདར་ནས་ལྷན་ཅིག་ཏུ་རྒྱལ་པོའི་ཁབ་ཀྱི་གྲོང་ཁྱེར་ཆེན་པོ་ག་ལོ་བ་དང་། སྨིག་མའི་ཚལ་བྱ་ཀ་ལན་ད་ཀ་གནས་པ་ག་ལ་བ་དང་། བཅོམ་ལྡན་འདས་ག་ལ་བ་དེར་དོང་སྟེ་ལྷགས་ནས་། བཅོམ་ལྡན་འདས་ཀྱི་ཞབས་ལ་མགོ་བོས་ཕྱག་འཚལ་ཏེ་། བཅོམ་ལྡན་འདས་ལ་ལན་གསུམ་བསྐོར་བ་བྱས་ནས་། བཅོམ་ལྡན་འདས་ཀྱི་སྤྱན་སྔར་ཕྱོགས་གཅིག་ཏུ་འཁོད་པ་དང་། བྱང་ཆུབ་སེམས་དཔའ་སེམས་དཔའ་ཆེན་པོ་ཕུག་སྦས་ཀྱང་གྲོང་ཁྱེར་ཆེན་པོ་ཙམ་པ་ཡ༢༨ནས་བྱུང་སྟེ་། སྲོག་ཆགས་ཉི་ཁྲི་བརྒྱད་སྟོང་གིས་ཡོངས་སུ་བསྐོར་ཅིང་མདུན་དུ་བདར་ནས་ལྷན་ཅིག་ཏུ་རྒྱལ་པོའི་ཁབ་ཀྱི་གྲོང་ཁྱེར་ཆེན་པོ་ག་ལ་བ་དང་། སྨིག་མའི་ཚལ་བྱ་ཀ་ལན་ད་ཀ་གནས་པ་ག་ལ་བ་དང་། བཅོམ་ལྡན་འདས་ག་ལ་བ་དེར་དོང་སྟེ་ལྷགས་ནས་། བཅོམ་ལྡན་འདས་ཀྱི་ཞབས་ལ་མགོ་བོས་ཕྱག་འཚལ་ཏེ་། བཅོམ་ལྡན་འདས་ལ་ལན་གསུམ་བསྐོར་བ་བྱས་ནས་། བཅོམ་ལྡན་འདས་ཀྱི་སྤྱན་སྔར་ཕྱོགས་གཅིག་ཏུ་འཁོད་པ་དང་།,"(1E) Then at that time the Lord performed such a working of magic that: the bodhisattva and mahasattva Ratnakara set out from the great city of Vaiśālī, accompanied and followed by 28,000 Licchavi youths, and came to the great city of Rājagṛha, to the Haunt of the Kalandakas in the Bamboo Wood, to the place where the Lord was, and having on his arrival prostrated himself at the Lord's feet and circumambulated him three times, he sat down to one side in the Lord's presence;  the bodhisattva and mahasattva Guhagupta also set out from the great city of Campa, accompanied and followed by 28,000 beings, and came to the great city of Rājagṛha, to the Haunt of the Kalandakas in the Bamboo Wood, to the place where the Lord was, and having on his arrival prostrated himself at the Lord's feet and circumambulated the Lord three times, he sat down to one side in the Lord's presence;"
2528a0a365d54755a07f7770f132c082,༼༡F༽ བྱང་ཆུབ་སེམས་དཔའ་སེམས་དཔའ་ཆེན་པོ་འདམ་བུས་བྱིན་ཡང༢༩གྲོང་ཁྱེར་ཆེན་པོ་བཱ་རཱ་ན་སī༣༠ནས་བྱུང་སྟེ་། སྲོག་ཆགས་ཉི་ཁྲི་བརྒྱད༣༡སྟོང་གིས་ཡོངས་སུ་བསྐོར་ཅིང་མདུན་དུ་བདར་ནས་ལྷན་ཅིག་ཏུ་རྒྱལ་པོའི་ཁབ་ཀྱི་གྲོང་ཁྱེར་ཆེན་པོ་ག་ལ་བ་དང་། སྨིག་མའི་ཚལ་བྱ་ཀ་ལན་ད་ཀ་གནས་པ་ག་ལ་བ་དང་། བཅོམ་ལྡན་འདས་ག་ལ་བ་དེར་དོང་སྟེ་ལྷགས་ནས་། བཅོམ་ལྡན་འདས་ཀྱི་ཞབས་ལ་མགོ་བོས་ཕྱག་འཚལ་ཏེ་། བཅོམ་ལྡན་འདས་ལ་ལན་གསུམ་བསྐོར་བ་བྱས་ནས་། བཅོམ་ལྡན་འདས་ཀྱི་སྤྱན་སྔར་ཕྱོགས་གཅིག་ཏུ་འཁོད་པ་དང་། བྱང་ཆུབ་སེམས་དཔའ་སེམས་དཔའ་ཆེན་པོ་མཚམས་བཟངས་༣༢ཡང་སེར་སྐྱའི་གནས་ཀྱི་གྲོང་ཁྱེར་ཆེན་པོ་ནས་བྱུང་སྟེ་། སྲོག་ཆགས་ཉི་ཁྲི་བརྒྱད་སྟོང་གིས་ཡོངས་སུ་བསྐོར་ཅིང་མདུན་དུ་བདར་ནས་ལྷན་ཅིག་ཏུ་རྒྱལ་པོའི་ཁབ་ཀྱི་གྲོང་ཁྱེར་ཆེན་པོ་ག་ལ་བ་དང་། སྨིག་མའི་ཚལ་བྱ་ཀ་ལན་ད་ཀ་གནས་པ་ག་ལ་བ་དང་། བཅོམ་ལྡན་འདས་ག་ལ་བ་དེར་དོང་སྟེ་ལྷགས་ནས་། བཅོམ་ལྡན་འདས་ཀྱི་ཞབས་ལ་མགོ་བོས་ཕྱག་འཚལ་ཏེ་། བཅོམ་ལྡན་འདས་ལ་ལན་གསུམ་བསྐོར་བ་བྱས་ནས་། བཅོམ་ལྡན་འདས་ཀྱི་སྤྱན་སྔར་ཕྱོགས་གཅིག་ཏུ་འཁོད་པ་དང་།,"(1F) the bodhisattva and mahasattva Naladatta Naradatta? also set out from the. great city of Vārāṇasī, accompanied and followed by 28,000 beings, and came to the great city of Rājagṛha, to the Haunt of the Kalandakas in the Bamboo Wood, to the place where the Lord was, and having on his arrival prostrated himself at the Lord's feet and circumambulated the Lord three times, he sat down to one side in the Lord's presence;  the bodhisattva and mahasattva Susīma also set out from the great city of Kapilavastu, accompanied and followed by 28,000 beings, and came to the great city of Rājagṛha, to the Haunt of the Kalandakas in the Bamboo Wood, to the place where the Lord was, and having on his arrival prostrated himself at the Lord's feet and circumambulated the Lord three times, he sat down to one side in the Lord's presence;"
e3681553703a418799ade6d1773fa605,༼༡ག༽ བྱང་ཆུབ་སེམས་དཔའ་སེམས་དཔའ་ཆེན་པོ་དེད་དཔོན་ཆེན་པོ་དང་། ཁྱིམ་བདག་མགོན་མེད་ཟས་སྦྱིན་ཡང་མཉན་ཡོད་ཀྱི་གྲོང་ཁྱེར་ཆེན་པོ་ནས་བྱུང་སྟེ་། སྲོག་ཆགས་ཉི་ཁྲི་བརྒྱད་སྟོང་གིས་ཡོངས་སུ་བསྐོར་ཅིང་མདུན་དུ་བདར་ནས་ལྷན་ཅིག་ཏུ་རྒྱལ་པོའི་ཁབ་ཀྱི་གྲོང་ཁྱེར་ཆེན་པོ་ག་ལ་བ་དང་། སྨིག་མའི་ཚལ་བྱ་ཀ་ལན་ད་ཀ་གནས་པ་ག་ལ་བ་དང་། བཅོམ་ལྡན་འདས་ག་ལ་བ་དེར་དོང་སྟེ་ལྷགས་ནས་བཅོམ་ལྡན་འདས་ཀྱི་ཞབས་ལ་མགོ་བོས་ཕྱག་འཚལ་ཏེ་། བཅོམ་ལྡན་འདས་ལ་ལན་གསུམ་བསྐོར་བ་བྱས་ནས་། བཅོམ་ལྡན་འདས་ཀྱི་སྤྱན་སྔར་ཕྱོགས་གཅིག་ཏུ་འཁོད་པ་དང་། བྱང་ཆུབ་སེམས་དཔའ་སེམས་དཔའ་ཆེན་པོ་དབང་པོས་བྱིན་ཡང༣༣ཀོའུ་ཤམ་བིའི༣༤གྲོང་ཁྱེར་ཆེན་པོ་ནས་བྱུང་སྟེ་། སྲོག་ཆགས་ཉི་ཁྲི་བརྒྱད་སྟོང་གིས་ཡོངས་སུ་བསྐོར་ཅིང་མདུན་དུ་བདར་ནས་རྒྱལ་པོའི་ཁབ་ཀྱི་གྲོང་ཁྱེར་ཆེན་པོ་ག་ལ་བ་དང་། སྨིག་མའི་ཚལ་བྱ་ཀ་ལན་ད་ཀ་གནས་པ་ག་ལ་བ་དང་། བཅོམ་ལྡན་འདས་ག་ལ་བ་དེར་དོང་སྟེ་ལྷགས་ནས་བཅོམ་ལྡན་འདས་ཀྱི་ཞབས་ལ་མགོ་བོས་ཕྱག་འཚལ་ཏེ་། བཅོམ་ལྡན་འདས་ལ་ལན་གསུམ་བསྐོར་བ་བྱས་ནས་། བཅོམ་ལྡན་འདས་ཀྱི་སྤྱན་སྔར་ཕྱོགས་གཅིག་ཏུ་འཁོད་པ་དང་། བྱང་ཆུབ་སེམས་དཔའ་སེམས་དཔའ་ཆེན་པོ་ཆུ་ལྷ་ཡང༣༥གནས་བཅས་ཀྱི་གྲོང་ཁྱེར་ཆེན་པོ་ནས་བྱུང་སྟེ་། སྲོག་ཆགས་ཉི་ཁྲི་བརྒྱད་སྟོང་གིས་ཡོངས་སུ་བསྐོར་ཅིང་མདུན་དུ་བདར་ནས་ལྷན་ཅིག༣༦ཏུ་རྒྱལ་པོའི་ཁབ་ཀྱི་གྲོང་ཁྱེར་ཆེན་པོ་ག་ལ་བ་དང་། སྨིག་མའི་ཚལ་བྱ་ཀ་ལན་ད་ཀ་གནས་པ་ག་ལ་བ་དང་། བཅོམ་ལྡན་འདས་ག་ལ་བ་དེར་དོང་སྟེ་ལྷགས་ནས་བཅོམ་ལྡན་འདས་ཀྱི་ཞབས་ལ་མགོ་བོས་ཕྱག་འཚལ་ཏེ༣༧བཅོམ་ལྡན་འདས༣༨ལ་ལན་གསུམ་བསྐོར་བ་བྱས་ནས་། བཅོམ་ལྡན་འདས་ཀྱི་སྤྱན་སྔར་ཕྱོགས་གཅིག་ཏུ་འཁོད་པ་དང་།,"(1G) the bodhisattva and mahasattva Mahāsusārthavāha and the householder Anāthapiṇḍada also set out from the great city of Śrāvastī, accompanied and followed by 28,000 beings, and came to the great city of Rājagṛha, to the Haunt of the Kalandakas in the Bamboo Wood, to the place where the Lord was, and having on their arrival prostrated themselves at the Lord's feet and circumambulated the Lord three times, they sat down to one side in the Lord'spresence;  the bodhisattva and mahasattva Indradatta also set out from the great city of Kauśāmbī, accompanied and followed by 28,000 beings, and came to the great city of Rājagṛha, to the Haunt of the Kalandakas in the Bamboo Wood, to the place where the Lord was, and having on his arrival prostrated himself at the Lord's feet and circumambulated the Lord three times, he sat down to one side in the Lord's presence;  the bodhisattva and mahasattva Varuṇadeva also set out from the great city of Sāketa, accompanied and followed by 28,000 beings, and came to the great city of Rājagṛha, to the Haunt of the Kalandakas in the Bamboo Wood, to the place where the Lord was, and having on his arrival prostrated himself at the Lord's feet and circumambulated the Lord three times, he sat down to one side in the Lord's presence;"
ad0f06af77d44549a75e8e48ddc7d465,༼༡H༽ རྒྱལ་པོ་མ་སྐྱེས་དགྲ་ཡང༣༩རྒྱལ་པོའི་ཁབ་ཀྱི་གྲོང་ཁྱེར་ཆེན་པོ་ནས་བྱུང་སྟེ་། སྲོག་ཆགས་སུམ་ཁྲི་ཙམ་གྱིས་ཡོངས་སུ་བསྐོར་ཅིང་མདུན་དུ་བདར་ནས་ལྷན་ཅིག་ཏུ་སྨིག་མའི་ཚལ་བྱ་ཀ་ལན་ད་ཀ་གནས་པ་ག་ལ་བ་དང་། བཅོམ་ལྡན་འདས་ག་ལ་བ་དེར་དོང་སྟེ་ལྷགས་ནས་བཅོམ་ལྡན་འདས་ཀྱི་ཞབས་ལ་མགོ་བོ་ས་ཕྱག་བཙལ་ཏེ་། བཅོམ་ལྡན་འདས་ལ་ལན་གསུམ་བསྐོར་བ་བྱས་ནས་། བཅོམ་ལྡན་འདས་ཀྱི་སྤྱན་སྔར་ཕྱོགས་གཅིག་ཏུ་འཁོད་པ་དང་། རྒྱལ་པོ་ཆེན་པོ་བཞི་དང་། ལྷའི་དབང་པོ་བརྒྱ་བྱིན་དང་། མི་མཇེད་ཀྱི་བདག་པོ་ཚངས་པ་དང་། ལྷའི་བུ་དཔལ་བཟངས༤༠ཀྱང༤༡ལྷ་བྱེ་བ་ཁྲག་ཁྲིག་བརྒྱ་སྟོང་ཕྲག་དུ་མས་ཡོངས་སུ་བསྐོར་ཅིང་མདུན་དུ་བདར་ཏེ་ལྷན་ཅིག་ཏུ་བཅོམ་ལྡན་འདས་ག་ལ་བ་དེར་དོང་སྟེ༤༢ལྷགས་ནས༤༣། བཅོམ་ལྡན་འདས་ཀྱི་ཞབས་ལ་མགོ་བོས་ཕྱག་འཚལ་ཏེ་། བཅོམ་ལྡན་འདས་ལ་ལན་གསུམ་བསྐོར་བ་བྱས་ནས་། བཅོམ་ལྡན་འདས་ཀྱི་སྤྱན་སྔར་ཕྱོགས་གཅིག་ཏུ་འཁོད་པ་དང་། ལྷའི་བུ་དབང་ཕྱུག་ཆེན་པོ་ཡང༤༤གནས་གཙང་མའི་རིས་ཀྱི་ལྷའི་བུ་སྟོང་ཕྲག་དུ་མས་ཡོངས་སུ་བསྐོར་ཅིང་མདུན་དུ་བདར་ནས་བཅོམ་ལྡན་འདས་ག་ལ་བ་དེར་དོང་སྟེ་ལྷགས་པ་དང༤༥། བཅོམ་ལྡན་འདས་ཀྱི་ཞབས་ལ་མགོ་པོས་ཕྱག་བཙལ་ཏེ་། བཅོམ་ལྡན་འདས་ལ་ལན་གསུམ་བསྐོར་བ་བྱས་ནས་། བཅོམ་ལྡན་འདས་ཀྱི་སྤྱན་སྔར་ཕྱོགས་གཅིག༤༦ཏུ་འཁོད་པ་དང་།,"(1H) King Ajātaśatru also set out from the great city of Rajagrha, accompanied and followed by 30,000 beings, and came to the Haunt of the Kalandakas in the Bamboo Wood, to the place where the Lord was, and having on his arrival prostrated himself at the Lord's feet and circumambulated the Lord three times, he sat down to one side in the Lord's presence;  the Four Great Kings; Śakra, Lord of the devas; Brahma Sahāṃpati; and the devaputra Śrībhadra also, accompanied and followed by many hundred thousand koṭinayutas of devas, came to the place where the Lord was, and having on their arrival prostrated themselves at the Lord's feet and circumambulated the Lord three times, they sat down to one side in the Lord's presence;  the devaputra Maheśvara also, accompanied and followed by many thousands of devaputras from the Realm of the Pure Abodes, came to the place where the Lord was, and having on his arrival prostrated himself at the Lord's feet and circumambulated the Lord three times, he sat down to one side in the Lord's presence;"
e2edc0496dfc400c9e904fdaee12f984,༼༡ཨཱི༽ ལྷ་མ་ཡིན་གྱི་དབང་པོ་བཞི་ཡང་ལྷ་མ་ཡིན་བྱེ་བ་ཁྲག་ཁྲི་བརྒྱ་སྟོང་ཕྲག་དུ་མ་དང་ལྷན་ཅིག་། ཀླུའི་རྒྱལ་པོ་དགའ་བོ་དང་། ཉེ་དགའ་ཡང་ཀླུ་བྱེ་བ་ཁྲག་ཁྲིག་བརྒྱ་སྟོང་ཕྲག་དུ་མ་དང་ལྷན་ཅིག༤༧། ཀླུའི་རྒྱལ་པོ་མ་དྲོས་ཀྱང་ཀླུ་བྱེ་བ་ཁྲག་ཁྲིག་བརྒྱ་སྟོང་ཕྲག་དུ་མ་དང་ལྷན་ཅིག་། ཀླུའི་རྒྱལ་པོ་གཟི་ཅན་ཡང་ཀླུ་བྱེ་བ་ཁྲག་ཁྲིག་བརྒྱ་སྟོང་ཕྲག་དུ་མ་དང་ལྷན་ཅིག་། ཀླུའི་རྒྱལ་པོ་ཨེ་ལའི་འདབ༤༨མ་ཡང་ཀླུ་བྱེ་བ་ཁྲག་ཁྲིག་བརྒྱ་སྟོང་ཕྲག་དུ་མ་དང་ལྷན་ཅིག་ཏུ་བཅོམ་ལྡན་འདས་ག་ལ་བ་དེར་དོང་སྟེ་ལྷགས་ནས་བཅོམ་ལྡན་འདས་ཀྱི་ཞབས་ལ་མགོ་བོས་ཕྱག་འཚལ་ཏེ་། བཅོམ་ལྡན་འདས་ལ་ལན་གསུམ་བསྐོར་བ་བྱས་ནས་ཕྱོགས་གཅིག་ཏུ་འཁོད་པ་དེ་ལྟ་བུའི་རྫུ་འཕྲུལ་མངོན་པར་འདུ༤༩བྱ་བ་མངོན་པར་མཛད་དོ་༎ ཡང་དེའི་ཚེ་སྟོང་གསུམ་གྱི་སྟོང་ཆེན་པོའི་འཇིག་རྟེན་གྱི་ཁམས་འདི་། འདི་ནས་སྟེང་དུ་ཚངས་པའི་འཇིག་རྟེན་མན་ཆད་ཐ་ན་འཁར༥༠བའི་རྩེ་མོ་གཟུགས་པའི་ས་ཁྱོན་ཙམ་ཡང་དབང་ཆེ་བ་དབང་ཚེ་བར་གྲགས་པའི་ལྷ་དང་། ཀླུ་དང་། གནོད་སྦྱིན་དང་། དྲི་ཟ་དང་། ལྷ་མ་ཡིན་དང་། ནམ་མཁའ་ལྡིང་དང་། མིའམ་ཅི་དང་། ལྟོ་འཕྱེ་ཆེན་པོ་རྣམས་ཀྱིས་མ་གང་བ་གང་ཡང་མེད་པར་གྱུར་ཏོ་༎,"(1I) the four asura Lords also, with many hundred thousand koṭinayutas of asuras; the nāga Kings Nanda and Upananda also, with many hundred thousand kotinayutas of nagas; the naga King Anavatapta also, with many hundred thousand kotinayutas of nagas; the naga King Manasvin also, with many hundred thousand kotinayutas of nagas; and the naga King Elapatra also, with many hundred thousand kotinayutas of nagas came to the place where the Lord was, and having on their arrival prostrated themselves at the Lord's feet and circumambulated the Lord three times, they sat down to one side; such was the working of magic that he performed.  And so at that time this Trichiliomegachiliocosm (Skt. trisāhasra-mahāsāhasra-lokadhātu), in the space overhead and up to the level of the Brahmaloka, was so crowded with highly exalted devas, nāgas, yakṣas, gandharvas, asuras, garuḍas, kinnaras and mahoragas that one could not even have found enough room to insert the point of a staff."
76206d582bf54030bc3fda2b911f0f0c,༼༡J༽ དེ་ནས་བྱང་ཆུབ་སེམས་དཔའ་སེམས་དཔའ་ཆེན་པོ་བཟང་སྐྱོང་སྟན་ལས་ལངས་ནས་བླ་གྲོས་ཕྲག་པ་གཅིག་ཏུ་གཟར་ནས་པུས་མོ་གཡས་པའི་ལྷ་ང་ས་ལ་བཙུགས་ཏེ་། བཅོམ་ལྡན་འདས་ག་ལ་བ་དེ་ལོགས་སུ་ཐལ་མོ་སྦྱར་བ་བཏུད་ནས་། བཅོམ་ལྡན་འདས་ལ་འདི་སྐད་ཅེས་གསོལ་ཏོ་༎ བཙུན་པ་། གལ་ཏེ་ཞུས༥༡ནས་ཞུ་བ་ལུང་བསྟན་པའི་སླད་དུ་བཅོམ་ལྡན་འདས་ཀྱིས་བདག་ལ་སྐབས་ཕྱེ་ན་། བདག་བཅོམ་ལྡན་འདས་དེ་བཞིན་གཤེགས་པ་དགྲ་བཅོམ་པ་ཡང་དག་པར་རྫོགས་པའི་སངས་རྒྱས་ལ་ཕྱོགས་འགའ་ཞིག་ཞུའོ་༎ དེ་སྐད་ཅེས་གསོལ་པ་དང་། བཅོམ་ལྡན་འདས་ཀྱིས་བྱང་ཆུབ་སེམས་དཔའ་སེམས་དཔའ་ཆེན་པོ་བཟང་སྐྱོང་ལ་འདི་སྐད་ཅེས་བཀའ་སྩལ་ཏོ་༎ བཟང་སྐྱོང་། དེ་བཞིན་གཤེགས་པ་དགྲ་བཅོམ་པ་ཡང་དག་པར་རྫོགས་པའི་སངས་རྒྱས་ལ་ཁྱོད་ཅི་དང་ཅི་འདོད་པ་དྲིས༥༢ཤིག་དང་། དྲིས་པ་དེ་དང་དེ་ལུང་བསྟན་པས་ངས་ཁྱོད་ཀྱི་སེམས་རངས་པར་བྱའོ་༎,"(1J) Then the bodhisattva and mahasattva Bhadrapāla, having risen from his seat and arranged his upper garment on one shoulder, put his right knee to the ground, extended his joined palms towards the Lord, and said to the Lord:  'Your Reverence, if the Lord would give me the opportunity to have the questions I ask answered, then I would question the Lord, the Tathagata, Arhat and Perfectly Awakened One, on a certain matter.'  When this was said, the Lord said to the bodhisattva and mahasattva Bhadrapāla:  'Bhadrapāla, question the Tathagata, Arhat and Perfectly Awakened One on whatever you wish, and by answering those questions I shall gladden your mind."
f6c987e1e4564331ada59082f65541f5,༼༡ཀ༽ དེ་སྐད་ཅེས་བཀའ་སྩལ་པ་དང་། བྱང་ཆུབ་སེམས་དཔའ་སེམས་དཔའ་ཆེན་པོ་བཟང་སྐྱོང་གིས་བཅོམ་ལྡན་འདས་ལ་འདི་སྐད་ཅེས་གསོལ་ཏོ་༎ བཅོམ་ལྡན་འདས་། བྱང་ཆུབ་སེམས་དཔའ་སེམས་དཔའ་ཆེན་པོས་ཏིང་ངེ་འཛིན་གང་ལ་གནས་ན་། ཐོས་པ་རྒྱ་མཚོ་འདྲ་བ་དང་། ཐོས་པ་བསགས༥༣པ་རྣམས་སུ་འགྱུར་བ་༥༤དང་། ནེམ་ནུར་མ་མཆིས་པ་དང་། ཐེ་ཚོམ་མ་མཆིས་པ་དང་། ཡིད་གཉིས་མ་མཆིས་པ་རྣམས་སུ་འགྱུར་བ་དང་། བླ་ན་མེད་པ་ཡང་དག་པར་རྫོགས་པའི་བྱང་ཆུབ་ལས་མི་ཉམས་ཤིང་ཡོངས་སུ་མི་ཉམས་པ་རྣམས་སུ་འགྱུར་པ་དང་། མི་ཁོམ་པ༥༥རྣམས་སུ་མི་སྐྱེ་བ་དང་། སྐྱེ་བ་དྲན་པ་རྣམས་སུ་འགྱུར་བ་དང་། ཐ་ན་རྨི་ལམ་དུའང་དེ་བཞིན་གཤེགས་པ་མཐོང་བ་དང་མི་འབྲལ་བ་རྣམས་སུ་འགྱུར་བ་དང་། གཟུགས་བཟང་ཞིང་མཛེས་ལ་བལྟ༥༦ན་སྡུག་ཅིང་ཁ་དོག་བཟང་པོ་རྒྱས་པ་མཆོག་དང་ལྡན་པ་རྣམས་སུ་འགྱུར་བ་དང་། རིགས་མཐོ་བ་དང་རིགས་ཆེ་བ་རྣམས་སུ་འགྱུར་བ་དང་། གཡོག་འཁོར་མང་ཞིང་གཡོག་འཁོར་མི་ཕྱེད་པ་རྣམས་སུ་འགྱུར་བ་དང,"(1K) When this was said, the bodhisattva and mahasattva Bhadrapāla said to the Lord:  'Lord, what samadhi is it, established in which bodhisattvas and mahasattvas (1) become those whose learning (Skt. śruti) is like the sea, who have an accumulation of learning; (2) become those who are free of doubt, free of uncertainty, and free of perplexity; (3) become those who are not deficient and not defective in supreme and perfect awakening (Skt. anuttara-samyaksaṃbodhi); (4) become those who are not reborn in any of the benighted states (Skt. akṣaṇa), and who remember their rebirths; (5) become those who, even in their dreams, are not deprived of the vision of the Tathagatas; (6) become fair of form, beautiful, handsome, and endowed with the highest excellence of splendour and beauty; (7) become those who are of high birth and noble lineage; (8) become those whose personal following is numerous, whose personal following is inseparable;"
0d358146e0674e14999cabcacc52c735," 
༼༡ལ༽ རྟོགས་པ་དང་ལྡན་པ་རྣམས་སུ་འགྱུར་བ་དང་། དྲན་པ་དང་ལྡན་པ་རྣམས་སུ་འགྱུར་བ་དང་། བློ་གྲོས་དང་ལྡན་པ་རྣམས་སུ་འགྱུར་བ་དང་། དཔལ་དང་ལྡན་པ་རྣམས་སུ་འགྱུར་བ་དང་། བརྟན་པ་དང་ལྡན་པ་རྣམས་སུ་འགྱུར་བ་དང་། རྫུ་འཕྲུལ་དང་ལྡན་པ་རྣམས་སུ་འགྱུར་བ་དང་། ཤེས་རབ་དང་ལྡན་པ་རྣམས་སུ་འགྱུར་བ་དང་། བསོད་ནམས་དང་ལྡན་པ་རྣམས་སུ་འགྱུར་བ་དང་། ངོ་ཚར་ཤེས་ཤིང་ཁྲེལ་ཡོད་པ་དང་ལྡན་པ་རྣམས་སུ་འགྱུར་བ་དང་། ང་རྒྱལ་བཅག་པ་རྣམས་སུ་འགྱུར་བ་དང་། བྱམས་པ་ལ་གནས་པ་རྣམས་སུ་འགྱུར་བ་དང་། ཡེ་ཤེས་དང་ལྡན་པ་རྣམས་སུ་འགྱུར་བ་དང་། བློ་དང་ལྡན་པ་རྣམས་སུ་འགྱུར་པ་དང་། བརྩོན་འགྲུས་དང་ལྡན་པ་རྣམས་སུ་འགྱུར་བ་དང་། མ་ཞུམ་པ་རྣམས་སུ་འགྱུར་བ་དང",(1L) (9) become those who are endowed with understanding; (10) become those who are endowed with mindfulness (Skt. smṛti); (11) become those who are endowed with intellect; (12) become those who are endowed with glory; (13) become those who are endowed with steadfastness; (14) become those who are endowed with magic power (Skt. ṛddhi); (15) become those who are endowed with wisdom (Skt. prajñā); (16) become those who are endowed with merit; (17) become those who are endowed with modesty and bashfulness; (18) become those who have eradicated pride; (19) become those who are dwellers in friendliness (Skt. maitrī); (20) become those who are endowed with cognition (Skt. jñāna); (21) become those who are endowed with intelligence; (22) become those who are endowed with vigour (Skt. vīrya); (23) become those who are intrepid;
de7fbffbdff6487ea57570d5359007d1," 
༼༡M༽ དོན་གྱི་རྗེས་སུ་འགྲོ་བ་རྣམས་སུ་འགྱུར་བ་དང་། ཆོས་ཀྱི་རྗེས་སུ་འགྲོ་བ་རྣམས་སུ་འགྱུར་བ་དང་། ཞི་གནས་ཀྱི་རྗེས་སུ་འགྲོ་བ་རྣམས་སུ་འགྱུར་བ་དང་། ལྷག་མཐོང་གི་རྗེས་སུ་འགྲོ་བ་རྣམས་སུ་འགྱུར་བ་དང་། བསམ་གཏན་གྱི་རྗེས་སུ་འགྲོ་བ་རྣམས་སུ་འགྱུར་བ་དང་། ཏིང་ངེ་འཛིན་གྱི་རྗེས་སུ་འགྲོ་བ་རྣམས་སུ་འགྱུར་བ་དང་། ཤེས་རབ་ཀྱི་རྗེས་སུ་འགྲོ་བ་རྣམས་སུ་འགྱུར་བ་དང་། སྟོང་པ་ཉིད་དང་། མཚན་མ་མེད་པ་དང་། སྨོན་པ་མེད་པའི་ཆོས་རྣམས་ཀྱིས་མི་སྐྲག་། མི་དངང་། དངང་པར་མི་འགྱུར་བ་རྣམས་སུ་འགྱུར་བ་དང་། གཡང་ས་ཆེན་པོར་མི་ལྟུང་བའི་སྟེང་དུ་ཆོས་རབ་ཏུ་འཛིན་པ་དང་། ཆོས་སྨྲ་བ་ཆེན་པོ་རྣམས་སུ་འགྱུར་བ་དང་། སངས་རྒྱས་ཀྱི་ཞིང་གང་དང་གང་དུ་སྐྱེ་བར་སེམས་ཀྱིས༥༧སྨོན་པ་དེ་དང་དེར་སྐྱེ་བ་དང་། མུ་སྟེགས་ཅན་གྱི་གནས་ཐམས་ཅད་ཀྱིས་ཡོངས་སུ་མི་ཟིན་པ་རྣམས་སུ་འགྱུར་བ་དང","(1M) (24) become pursuers of the profitable (Skt. artha); (25) become pursuers of Dharma; (26) become pursuers of quietude (Skt. śamatha); (27) become pursuers of insight (Skt. vipaśyanā); (28) become pursuers of trance (Skt. dhyāna); (29) become pursuers of samādhi; (30) become pursuers of wisdom (Skt. prajñā); (31) become those who are neither frightened nor afraid nor fearful of the dharmas of emptiness (Skt. śūnyatā), signlessness (Skt. animitta) and wishlessness (Skt. apraṇihita); (32) become those who, far from falling into perdition, are keepers of the Dharma and great preachers of the Dharma (Skt. dharma-bhāṇaka); (33) become those who are born in whatever Buddha-field (Skt. buddha-kṣetra) they wish to be born in, and are not captured by any of the schools of the sectarians (Skt. tīrthika);"
ad44e844f314488e9e3369d51206b276," 
༼༡ཎ༽ རྒྱུའི་སྟོབས་ཅན་རྣམས་སུ་འགྱུར་གྱི་། རྐྱེན་གྱི་སྟོབས་ཅན་རྣམས་སུ་མི་འགྱུར་བ་དང་། བསམ་པའི་སྟོབས་ཅན་རྣམས་སུ་འགྱུར་བ་དང་། སྦྱོར་བའི་སྟོབས་ཅན་རྣམས་སུ་འགྱུར་བ་དང་། དབང་པོའི་སྟོབས་ཅན་རྣམས་སུ་འགྱུར་བ་དང་། དམིགས་པའི་སྟོབས་ཅན་རྣམས་སུ་འགྱུར་བ་དང་། ངེས་པར་སེམས་པའི་སྟོབས་ཅན་རྣམས་སུ་འགྱུར་བ་དང་། ཞི་གནས་ཀྱི་སྟོབས་ཅན་རྣམས་སུ་འགྱུར་བ་དང་། རྣམ་པར་ལྟ་བའི་སྟོབས་ཅན་རྣམས་སུ་འགྱུར་བ་དང་། མོས་པའི་སྟོབས་ཅན་རྣམས་སུ་འགྱུར་བ་དང་། སྨོན་ལམ་གྱི་སྟོབས་ཅན་རྣམས་སུ་འགྱུར་བ་དང",(1N) (34) become those who are endowed with the power (Skt. bala) of causes (Skt. hetu) but not endowed with the power of conditions (Skt. pratyaya); (35) become those who are endowed with the power of intent (Skt. āśaya); (36) become those who are endowed with the power of application (Skt. prayoga); (37) become those who are endowed with the power of the faculties (Skt. indriya); (38) become those who are endowed with the power of the objects of sense (Skt. ālambana?); (39) become those who are endowed with the power of profound thought; (40) become those who are endowed with the power of quietude (Skt. śamatha); (41) become those who are endowed with the power of insight (Skt. vipaśyanā);29 (42) become those who are endowed with the power of conviction (Skt. adhimukti); (43) become those who are endowed with the power of vows (Skt. praṇidhāna);
1f511423a5664d0682d497bd4c6ca2f1," 
༼༡O༽ བསམ་པ་ཡོངས་སུ་མི་ཟད་པ་རྣམས་སུ་འགྱུར་བ་དང་། ཐོས་པ་རྒྱ་མཚོ་དང་མཚུངས་པས་རྒྱ་མཚོ་ཆུ་གཏེར་ལྟ་བུ་རྣམས་སུ་འགྱུར་བ་དང་། དཀར་པོའི་ཆོས་ཡོངས་སུ་རྫོགས་པས་ཟླ་བ་ལྟ་བུ་རྣམས་སུ་འགྱུར་བ་དང་། མི་ཤེས་པའི་མུན་པ་བསལ་བས་ཉི་མ་ལྟ་བ་རྣམས་སུ་འགྱུར་བ་དང་། སྣང་བར་བྱེད་པས་མར་མེ་ལྟ་བུ་རྣམས་སུ་འགྱུར་བ་དང་། ཤིན་ཏུ་མི་གོས་པས་བར་སྣང་ལྟ་བུ་རྣམས་སུ་འགྱུར་བ་དང་། སེམས་ནམ་མཁའ་དང་མཚུངས་པས་མི་གནས་པ་རྣམས་སུ་འགྱུར་བ་དང་། ཆོས་ཐམས་ཅད་ངེས་པར་རྟོགས་པས་རྡོ་རྗེ་ལྟ་བུ་རྣམས་སུ་འགྱུར་བ་དང་། མཐུ་བརྟན་པས་རི་ལྟ་བུ་རྣམས་སུ་འགྱུར་བ་དང་། མི་གཡོ་བས་བརྟན་པའི་ཆོས་ཅན༥༨རྣམས་སུ་འགྱུར་བ་དང་། ལེགས་པར་གནས་པས་སྒོའི་ཐེམ་པ་ལྟ་བུ་རྣམས་སུ་འགྱུར་བ་དང","(1O) (44) become those of inexhaustible intent (Skt. āśaya); (45) become those who resemble the watery expanse of the ocean, in that their learning (Skt. śruti) is like the ocean; (46) become those who are like the moon in their perfection of the pure white dharmas; (47) become those who are like the sun in dispelling the darkness of ignorance; (48) become those who are like lamps in shedding light; (49) become those who are like the sky in being unobstructed; (50) become those who are free of fixation, in that their thoughts resemble space (Skt. ākāśa); (51) become those who are like vajra in their penetration of all dharmas; (52) become those who are like mountains in the steadiness of their might; (S3) become those who are characterised by steadiness because of their imperturbability; (54) become those who are like threshold-stones because of their steadfastness;"
6eb564b39639405fab2df87e4eb82857," 
༼༡པ༽ སེམས་ལས་སུ་རུང་བས་བྱི་ལའི་པགས༥༩པ་ལྟ་བུ་རྣམས་སུ་འགྱུར་བ་དང་། བྱ་ལྟར་གང་དང་གང་དུ་འདོད་པར་འགྲོ་བས་ཡོངས་སུ་འཛིན་པ་མ་མཆིས་པ་རྣམས་སུ་འགྱུར་བ་དང་། གདོལ་བུ་ལྟ་བུར་ང་རྒྱལ་བཅག་པ་རྣམས་སུ་འགྱུར་བ་དང་། གྲོང་དང་། གྲོང་ཁྱེར་དང་། གྲོང་རྡལ་དང་། ཡུལ་འཁོར་དང་། ཕོ་བྲང་འཁོར་ལ་མངོན་པར་དགའ་བ་མི་སྐྱེད་པ་དང་། རི་དགས༦༠དང་སྤྲེའུ་དང་མཚུངས་པས་དགོན་པ་ལ་མངོན་པར་དགའ་བ་རྣམས་སུ་འགྱུར་བ་དང་། ཁྱིམ་པ་དང་རབ་ཏུ་བྱུང་བ་རྣམས་དང་ལྷན་ཅིག་ཏུ་མི་སྟེན་པས་མ་འདྲེས་པ་རྣམས་སུ་འགྱུར་བ་དང་། ཚོགས་ཡོངས་སུ་སྡུད་པས་ཚོགས་ཀྱི་སྟོན་པ་རྣམས་སུ་འགྱུར་བ་དང་། སེམས་ཅན་ཐམས་ཅད་ཀྱིས་མི་བསྐྱོད་པ་རྣམས་སུ་འགྱུར་བ་དང་། བདུད་ཐམས་ཅད་ཀྱིས་གདུལ་དཀའ་བ་རྣམས་སུ་འགྱུར་བ་དང་། ཆོས་ཐམས་ཅད་ཤིན་ཏུ་ངེས་པར་ཤེས་པས་སོ་སོ་ཡང་དག་པར་རིག་པ་ཐོབ་པ་རྣམས་སུ་འགྱུར་བ་དང་། སངས་རྒྱས་ཀྱི་ཆོས་ཐམས་ཅད་ལ་གཞན་གྱི་དྲིང༦༡མི་འཇོག་པ་རྣམས་སུ་འགྱུར་བ་དང","(1P) (55) become those who are like catskin-bags in their mental flexibility; (56) become those who are untrammelled by going wherever they wish like a bird; (57) become those whose pride is destroyed, like the son of an outcaste (Skt. caṇḍāla); (58) become those who enjoy the forest (Skt. araṇya) like wild animals and monkeys, and take no pleasure in villages, cities, market-towns, royal cities, and royal capitals; (59) become those who are unsullied, through consorting neither with householders nor with renunciants; (60) become those who convoke gatherings and then teach them; (61) become those who cannot be shaken by any beings; (62) become those whom all Māras find difficult to subdue; (63) become obtainers of the special knowledges (Skt. pratisaṃvid) through their certainty with regard to all dharmas; (64) become those who cannot be led astray by others with regard to all the Buddha-dharrnas;"
cd1860584f574556b10eeb0be3949b8d," 
༼༡Q༽ བྱམས་པ་ཆེན་པོ་རབ་ཏུ་མི་གཡོ་བས་ཟིལ་གྱིས་གནན༦༢པར་དཀའ་ཞིང་བསམ་པ་བརྟན༦༣པ་རྣམས་སུ་འགྱུར་བ་དང་། དམིགས་སུ་མེད་པ་ལ་སྤྱད་ཅིང་བརྗོད་དུ་མེད་པའི་སྤྱོད་ཡུལ་དང་ལྡན་པས་ལྷག་པའི་བསམ་པ་ཟབ་པ་རྣམས་སུ་འགྱུར་བ་དང་། ཆོས་ཀྱི་ཤུགས་ཀྱི༦༤དགའ་བས་བག་ཡོད་པ་མང་ཞིང་བསམ་པ་མཉེན་པ་རྣམས་སུ་འགྱུར་བ་དང་། སངས་རྒྱས་ཐམས་ཅད་ལ་མཆོད་པ་དང་རིམ་གྲོའི་ལས་བགྱིད་པས་ལྷག་པའི་བསམ་པ་རྒྱ་ཆེ་བ་རྣམས་སུ་འགྱུར་བ་དང་། དགེ་བའི་རྩ་བ་སྣ་ཚོགས་ཡང་དག་པར་བསྒྲུབ༦༥པས་ལྷག་པའི་བས་པ་སྣ་ཚོགས་རྣམས་སུ་འགྱུར་བ་དང་། རྒྱན་གྱིས་བརྒྱན་པ་རྣམ་པར༦༦དག་པས་ལྷག་པའི་བསམ་པ་དགེ་བ་རྣམས་སུ་འགྱུར་བ་དང་། རྫུན༦༧དང་ཁོད་ཁྲོ་བའི་སྐྱོན་སྤངས་པས་ལྷག་པའི་བསམ་པ་བཟང་པོ་རྣམས་སུ་འགྱུར་བ་དང་། ཐམས་ཅད་མཁྱེན་པའི་ཡེ་ཤེས་ཀྱི་སྣང་བ་ཐོབ་པས་ལྷག་པའི་བསམ་པ་ཡོངས་སུ་དག་པ་རྣམས་སུ་འགྱུར་བ་དང་། སེམས་དང་ཞིང་ཐ་བ་མེད་ལ་ཤེས་རབ་རྒྱས་པ་ཡོངས་སུ་བཟུང་བས་ཡིད་བདེ་བའི་ལྷག་པའི་བསམ་པ་རྣམས་སུ་འགྱུར་བ་དང་། འཇིག་རྟེན་གྱི་ཁམས་ཐམས་ཅད་རྒྱན་གྱིས་བརྒྱན་པ་རྣམ་པར་དག་པས་བཀོད་པ་ཆེན་པོ་ལ་སྤྱད་པའི་ལྷག་པའི་བསམ་པ་རྣམས་སུ་འགྱུར་བ་དང","(1Q) (65) become those who are insuperable and are of steadfast intent through the imperturbability of their great friendliness (Skt. maitrī); (66) become those who are of profound resolve (Skt. adhyāśaya) in that their practice lies in non-objectification (Skt. anupalambha, etc.) and they have the ineffable as their sphere of activity; (67) become those who are fully conscientious and are of agreeable intent through rejoicing in the impact (Skt.vega) of Dharma; (68) become those of broad resolve through performing acts of worship and veneration to all Buddhas; (69) become those whose resolve is diverse through their having created diverse wholesome potentialities (Skt. kuśala-mūla); (70) become those who are of good resolve through the purity of their moral adornment; (71) become those of virtuous intent through their rejection of the faults of falsehood and anger; (72) become those who are of pure resolve through obtaining the radiance of omniscient cognition (Skt. sarvajña-jñāna); (73) become those who are of cheerful resolve through embracing extensive wisdom and having thoughts which are pure and devoid of harshness; (74) become those who have the resolve to take part in the grand display through the purity of their adornment of all world-systems (Skt. lokadhatu);"
1a16ed3634f4428cab6c4c62df3536d8," 
༼༡ཪ༽ ཉན་ཐོས་དང་། རང་སངས་རྒྱས་ཀྱི་སེམས་ཡིད་ལ་བགྱི་བ་དང་བྲལ་བས་ཚུལ་ཁྲིམས་ཡོངས་སུ་དག་པ་རྣམས་སུ་འགྱུར་བ་དང་། བརྩམས་པ་ཐམས་ཅད་ཉམས་སུ་ལོན་པས་ཡི་དམ་ལ་བརྟན་པ་རྣམས་སུ་འགྱུར་བ་དང་། སེམས་ཅན་ཐམས་ཅད་དགེ་བའི་ཆོས་རྗེས་སུ་སྤྱོད་པའི་སྔོན་དུ་འགྲོ་བ་རྣམས་སུ་འགྱུར་བ་དང་། བྱང་ཆུབ་སེམས་དཔའ་ཐམས་ཅད་ཀྱི་བསླབ་པ་རྣམས་དང་། ཕ་རོལ་ཏུ་ཕྱིན་པ་རྣམས་ལ་ཡོངས་སུ་མི་འཇིགས་པ་རྣམས་སུ་འགྱུར་བ་དང་། སངས་རྒྱས་ཀྱི་ཆོས་ཐམས་ཅད་ལ་ཕྱིར་མི་ལྡོག་པ་རྣམས་སུ་འགྱུར་བ་དང་། བདུད་དང་མུ་སྟེགས་ཅན་གཞན་དང་། ཕས་ཀྱི་རྒོལ་བ་ཐམས་ཅད་ཀྱིས་ཟིལ་གྱིས་མི་ནོན་པ་རྣམས་སུ་འགྱུར་བ་དང་། ཡིད་ལ་བྱེད་པ་རྣམས་སངས་རྒྱས་ཀྱི་ཆོས་རྣམས་ལ་གཞོག་པས་ཆོས་ཐམས་ཅད་ལ་མོས་པ་རྣམས་སུ་འགྱུར་བ་དང་། སངས་རྒྱས་ཐམས་ཅད་ལ་ཕར་འདུ་ཤེས་པ་རྣམས་སུ་འགྱུར་བ་དང་། ཆོས་ཐམས་ཅད་ལ་སྣང་བ་སྐྱེས་པས་སངས་རྒྱས་ཐམས་ཅད་ཀྱིས༦༨བྱིན་གྱིས་བརླབས་པ་རྣམས་སུ་འགྱུར་བ་དང་།སངས་རྒྱས་ཀྱི་ཆོས་ཐམས་ཅད་མངོན་དུ་གྱུར་པས་ཤེས་པ་སྒྲིབ་པ་མེད་པ་རྣམས་སུ་འགྱུར་བ་དང","(1R) (75) become those who are pure in morality (Skt. śīla) by being free of the habits of thought of śrāvakas and pratyekabuddhas; (76) become those who are firm in their vows through perseverence in all undertakings; (77) become those who lead all beings in the pursuit of wholesome dharmas; (78) become those who are fearless in the pursuit of the rules of training and the perfections (Skt. pāramitā) of all bodhisattvas; (79) become those who are unable to regress (Skt. avinivartanīya/avaivartika) in relation to all Buddhadharmas; (80) become those who are invincible to all Maras, other sectarians (Skt. tīrthika) and rival teachers; (81) become those who apply themselves to all dharmas by focussing their concentration (Skt. manasikāra) on the Buddhadharmas; (82) become those who have an apperception (Skt. saṃjña) of all the Buddhas as their father; (83) become those who are empowered (Skt. adhiṣṭhita) by all the Buddhas through the radiance engendered in all dharmas; (84) become those whose cognition is unobscured (Skt. anāvaraṇa-jñāna) through the immediate manifestation of all Buddha-dharmas;"
8cc08852a5784a6581bb6228ae28414e," 
༼༡ས༽ ཆོས་ཐམས་ཅད་ལ་རློམ་སེམས་མེད་པས་སྒྱུ་མའི་སྐྱེས་བུ་ལྟ་བུ༦༩རྣམས་སུ་འགྱུར་བ་དང་། མ་སྐྱེས་མ་འོངས་ཤིང་འགྲོ་བ་མེད་པའི་ཆོས་དང་ལྡན་པས་སྤྲུལ་པ་ལྟ་བུ་རྣམས་སུ་འགྱུར་བ་དང་། དུས་གསུམ་ལ་རྟོག་པས་རྨི་ལམ་ལྟ་བུ་རྣམས་སུ་འགྱུར་བ་དང་། འཇིག་རྟེན་གྱི་ཁམས་ཐམས་ཅད་དུ་རང་གི་ལུས་ཡང་དག་པར་སྟོན་པས་གཟུགས་བརྙན་ལྟ་བུ་རྣམས་སུ་འགྱུར་བ་དང་། འཕོ་བ་མེད་ཅིང་མི་གནས་ལ་རྟེན་པ་མེད་པའི་ཆོས་ཅན་པས་བྲག་ཅ༧༠ལྟ་བུ་རྣམས་སུ་འགྱུར་བ་དང་། འཆི་འཕོ༧༡དང་སྐྱེ་བ་ཐམས་ཅད་ལ་གྲིབ་མ་ལྟ་བུ་རྣམས་སུ་འགྱུར་བ་དང་། དངོས་པོའི་འདུ་ཤེས་སྤངས་པས་དངོས་པོ་མེད་པར་ཤེས་པ་ལ་གནས་པ་རྣམས་སུ་འགྱུར་བ་དང་། གཉིས་ལ་ཀུན་ཏུ་སྤྱོད་པ་མེད་པས་མཚན་ཉིད་མེད་པའི་ཆོས་ལ་གཞོལ་བ་རྣམས་སུ་འགྱུར་བ་དང་། བྱང་ཆུབ་ཀྱི་སེམས་ཚད་མེད་པས་ཆོས་ཀྱི་དབྱིངས་ཀྱི་མཐས༧༢གཏུགས་པ་རྣམས་སུ་འགྱུར་བ་དང་། སེམས་ཀྱི་རྒྱུད་མི་གཡོ་བས་འཇིག་རྟེན་གྱི་ཁམས་ཐམས་ཅད་དུ་མི་གཡོ་བ་རྣམས་སུ་འགྱུར་བ་དང་། སངས་རྒྱས་ཀྱི་ཞིང་ཐམས་ཅད་ལ་མི་ཆགས་པའི་སྤྱོད་ཡུལ་དང་ལྡན་པ་རྣམས་སུ་འགྱུར་བ་དང","(1S) (85) become those who are like an illusory person in their lack of conceit or misconception (Skt. manyanā) with regard to all dharmas; (86) become those who are like phantoms in having dharmas which are unproduced, do not come into existence and do not pass away; (87) become those who are dreamlike in their understanding of the three times; (88) become those who are like reflections in manifesting their own bodies in all world-systems (Skt. lokadhātu); (89) become like echoes in possessing the dharma which neither passes on nor abides, yet is unlocalised; (90) become those who are like shadows in all their deaths and births; (91) become those who abide in the cognition of non-existence by eliminating the apperception of existents (Skt. bhāva-saṃjñā?); (92) become those who apply themselves to the dharma of marklessness (Skt. alakṣaṇa) by the habitual absence of duality; (93) become those whose aspiration to awakening (Skt. bodhicitta) is so measureless that the dharma-realm (Skt. dharma-dhātu) is their ultimate end; (94) become those who are unshakeable in all world-systems through the unshakeability of their mental processes; (95) become those whose sphere of activity is unattached in all Buddha-fields;"
7221b87a98d8405d8fef382d8c5dcd6a," 
༼༡ཊ༽ ཆོས་ཐམས་ཅད་ཀྱི་ཚིག་རབ་ཏུ་དབྱེ་བ་ལ་མཁས་པས་གཟུངས་ཀྱི་སྒོར༧༣ཞུགས་པ་རྣམས་སུ་འགྱུར་བ་དང་། སངས་རྒྱས་ཀྱི་ཆོས་ཐམས་ཅད་ཀྱི་སྣོད་དུ་གྱུར་བས་ཆོས་ཀྱི་སྣོད་རྣམས་སུ་འགྱུར་བ་དང་། སངས་རྒྱས་ཀྱི་གཟི་བརྗིད་ཀྱིས་བརྟན་པས་དེ་བཞིན་གཤེགས་པ་ཐམས་ཅད་ཀྱིས་བྱིན་གྱིས་བརླབས་པ་རྣམས་སུ་འགྱུར་བ་དང་། ཁྱུ་མཆོག་དང་སེང་གེའི་༧༤སྒྲ་སྒྲོགས༧༥པས་བག་ཚ་བ་མེད་པ་རྣམས་སུ་འགྱུར་བ་དང་། འཇིག་རྟེན་པ༧༦ཐམས་ཅད་ལ་ཡང་དག་པར་དགའ་བར་བྱེད་པས་འཇིགས་པ་མེད་པ་རྣམས་སུ་འགྱུར་བ་དང་། སངས་རྒྱས་ཐམས་ཅད་དང་མཉམ་པས་རྨོངས་པ་མེད་པ་རྣམས་སུ་འགྱུར་བ་དང་། ཆོས་ཐམས་ཅད་ལ༧༧གཞན་གྱི་དྲིང་མི་འཇོག་ཅིང་ཐེ་ཚོམ་དང་བྲལ་བས་དེ་བཞིན་ཉིད་རབ་ཏུ་རྟོགས་པ་རྣམས་སུ་འགྱུར་བ་དང་། དྲིས་པ་ཐམས་ཅད་ལུང་བསྟན་པ་ལ་སྲིད་པ་དང་དུས་གསུམ་སྟོན་ནུས་པ་རྣམས་སུ་འགྱུར་བ་དང་། སྙིང་རྗེ་ཆེན་པོ་ཐོབ་པས་ཕན་པ་འདོད་པ་རྣམས་སུ་འགྱུར་བ་དང་། ཆོས་སྟོན་པ་ལ་ངལ་བ་མེད་པ་རྣམས་སུ་འགྱུར་བ་དང",(1T) (96) become those who have entered the gate of dhāraṇī through proficiency in the analysis of all terms pertaining to the Dharma; (97) become those who are vessels of the Dharma through being vessels of all Buddhadharmas; (98) become those who are empowered by all the Tathagatas in that they are steadfast by virtue of the majesty of the Buddha; (99) become those who are fearless in that they utter the roar of the bull and the lion; (100) become those who are unafraid through delighting all those in the world; (101) become those who are undeluded by being similar to all Buddhas; (102) become those who understand true reality (Skt. tathatā) in that they are free of doubt and unable to be led astray by others as far as all dharmas are concerned; (103) become those who are capable of answering all questions and are able to teach throughout the three times; (104) become those who desire the welfare of others through obtaining great compassion (Skt. karuṇā); (105) become indefatigable in teaching the Dharma;
b2ae87305bbf4516b6470cc24ac34711," 
༼༡ཨཱུ༽ སེམས་ཅན་ཐམས་ཅད་ཡོངས་སུ་མི་གཏོང་བ་ལ་གནས་པ་རྣམས་སུ་འགྱུར་བ་དང་། སྒྱུ་མེད་པས་གཡོ་མེད་པ་རྣམས་སུ་འགྱུར་བ་དང་། འཇིག་རྟེན་ཐམས་ཅད་ཀྱི་སྒྲོན་མར་གྱུར་པས་དྲང་པོ་རྣམས་སུ་འགྱུར་བ་དང་། ཁམས་གསུམ་ཐམས་ཅད་ན་ཚད་མེད་པ་རྣམས་སུ་འགྱུར་བ་དང་། ཐ་སྙད་ཙམ་དུ་རྣམ་པར་དཔྱོད༧༨པས་ཉོན་མོངས་པ་མེད་པ་ལ་གནས་པ་རྣམས་སུ་འགྱུར་བ་དང་། གཞི་མེད་པ་ལ་དགའ་བས་མ་འདྲེས་པར་གནས་པ་རྣམས་སུ་འགྱུར་བ་དང་། རྣམ་པར་མི་རྟོག་པའི་ཆོས་ཅན་པས་ཡང་དག་པའི་མཐའ་ལ་གནས་པ་རྣམས་སུ་འགྱུར་བ་དང་། ཐེག་པ་ཆེན་པོ་ལ་སེམས་ཅན་ཐམས་ཅད་གཞོག་པས་ཐམས་ཅད་མཁྱེན་པའི་གཏམ་ཡང་དག་པར་སྟོན་པ་རྣམས་སུ་འགྱུར་བ་དང་། འཇིགས་ཤིང་སྤུ་ཟིང་ཞེས་བྱེད་པ་ཐམས་ཅད་དང་བྲལ་བས་མི་འཇིགས་པ་ཐོབ་པ་རྣམས་སུ་འགྱུར་བ་དང་། མདོ་སྡེའི་ཆོས་ཀྱི་རྣམ་གྲངས་ཐམས་ཅད་ལ་དེ་བཞིན་གཤེགས་པའི་དགོངས་ཏེ་གསུངས་པ་ལ་མཁས་པ་རྣམས་སུ་འགྱུར་བ་དང་། འཁོར་ཐམས་ཅད་ཀྱི་ནང་དུ་ཉེ་བར་འགྲོ་བས་བཞིན༧༩ཀུན་ཏུ་སྟོན་པ་རྣམས་སུ་འགྱུར་བ་དང","(1U) (106) become those who persist in not forsaking all beings; (107) become those who are unshakeable through guilelessness; (108) become those who are honest in being lamps for all worlds; (109) become those who are unlimited in all the Triple World; (l10) become those who dwell in peace through the examination of mere conventional expression; (111) become those who dwell in an unsullied state through joy in the absence of attachment; (112) become those who dwell in perfect truth (Skt. bhūta-koṭi) through being characterised by non-discrimination; (l13) become those who teach the discourses of the Omniscient One by establishing all beings in the Mahayana; (l14) become those who have attained fearlessness through being free of all fear and terror; (115) become those who are expert in the allusive utterances (Skt. saṃdhābhāṣa, etc.) of the Tathagatas in all the discourses on Dharma in the siitras; (116) become those who show their faces everywhere by entering into all assemblies;"
400b3c52f0b04fad81f6655329fbb45b," 
༼༡V༽ ཐེག་པ་ཆེན་པོ་ལ་འཇིག་རྟེན་པ༨༠ཐམས་ཅད་ཀྱིས་མཆོད་ཅིང་ཐམས་ཅད་མཁྱེན་པ་ལྟར་བསོད་ནམས་ཀྱི་བདག་པོ་རྣམས་སུ་འགྱུར་བ་དང་། འཇིག་རྟེན་པ་ཐམས་ཅད་ཀྱི་སྦྱིན་གནས་སུ་གྱུར་པས་ཡོན་ཏན་ཟད་མི་ཤེས་པ་རྣམས་སུ་འགྱུར་བ་དང་། དེ་བཞིན་གཤེགས་པའི་ཞབས་ཀྱི་དྲུང་དུ་དགའ་བ་དང་དད་པ༨༡ཆེན་པོ་རབ་ཏུ་རྙེད་པ་རྣམས་སུ་འགྱུར་བ་དང་། སངས་རྒྱས་ཀྱི་ཆོས་ཐམས་ཅད་ཡོངས་སུ་དྲི་བ་ལ་དགེ་བའི་སྤོབས་པ་ཅན་རྣམས་སུ་འགྱུར་བ་དང་། འཁོར་གྱི་ནང་དུ་འཇིགས་ཤིང་བག་ཚ་བ་སྤངས་པས་ཡིད་སྤ་མི་འགོང་བ་རྣམས་སུ་འགྱུར་བ་དང་། ཕས་ཀྱི་རྒོལ་བ་ཐམས་ཅད་ཚར་གཅོད་པས་སྨྲ་བའི་སྟག་ལྟ་བུ་རྣམས་སུ་འགྱུར་བ་དང་། ཕ་རོལ་གྱི་ཕྱོགས་ཐམས་ཅད་འཇོམས༨༢པས་དམ་བཅས་པ་མ་ཉམས་པ་རྣམས་སུ་འགྱུར་བ་དང་། སངས་རྒྱས་ཐམས་ཅད་ཀྱིས་གནང་བས་ཆོས་ཀྱི་འབེལ༨༣བའི་གཏམ་གཏན་ལ་འབེབས་པའི་ཕྱིར་སེང་གེའི༨༤སྒྲ་སྒྲོག་ཅིང་སེང་གེའི༨༥ཁྲི་ལ་འདུག་པ་མང་བ་རྣམས་སུ་འགྱུར་བ་དང་། ཡང་དག་པར་བརྗོད་པ་ལ་འཇུག་པ་ཐམས་ཅད་རབ་ཏུ་རྟོགས༨༦པས་འཇིག་རྟེན་རྒྱང་ཕན༨༧པ་ཐམས་ཅད་མ་བསྟན་པ་རྣམས་སུ་འགྱུར་བ་དང་། སངས་རྒྱས་སུ་འགྱུར་བའི་རྒྱུ་ལ་གནས་པས་དམ་པའི་ཆོས་སྨྲ་བ་རྣམས་སུ་འགྱུར་བ་དང་། དེ་བཞིན་གཤེགས་པའི་ཞམ་རིང༨༨བགྱིད་པས་ཆོས་འདོད་པ་རྣམས་སུ་འགྱུར་བ་དང་། དགེ་བའི་བཤེས་གཉེན་ལ་བསྙེན་བཀུར་བགྱིད་པས༨༩མི་སྐྱོ་བ་རྣམས་སུ་འགྱུར་བ་དང་། ཕྱོགས་བཅུར་རྣམ་པར་རྒྱུ་བས་གནས་མ་མཆིས་པ་རྣམས་སུ་འགྱུར་བ་དང་། སེམས་ཅན་ཐམས་ཅད་ཡོངས་སུ་སྨིན་པར་བགྱིད་པས༩༠སྨོན་ལམ་འདེབས་པ་རྣམས་སུ་འགྱུར་བ་དང","(1V) (117) become those who, in the Mahāyāna, are worshipped by all the inhabitants of the world, and who are lords of merit like the Omniscient One; (118) become those who, being worthy of the offerings of all the inhabitants of the world, possess inexhaustible good qualities; (119) become those who experience great joy and faith at the feet of the Tathagata; (120) become those who have the inspired eloquence (Skt. pratibhāna) which makes them good at asking questions about all the Buddha-dharmas; (121) become those who, by eliminating fear and anxiety in assemblies, are not fainthearted; (122) become those who are like roaring tigers in overthrowing all rival teachers; (123) become those who, in defeating all rival sects, do not violate their pledge; (124) become those who with the sanction of all the Buddhas frequently utter the Lion Roar and occupy the Lion Throne with a view to the demonstration and elegant discussion of the Dharma; (125) become those who through being aware of all entering into communication are not taught by any of the materialists; (126) become those who are preachers of the True Dharma by being established in the causes of Buddhahood; (127) become those who aspire to the Dharma by attending upon the Tathagata; (128) become those who are indefatigable in doing honour to good friends (Skt. kalyāṇā-mitra); (129) become those who in wandering throughout the ten quarters have no abode; (130) become those who take on vows (Skt. praṇidhāna), in bringing all beings to maturity;"
dfd0fc36da7a4ae08e024d8a96323e81," 
༼༡ཝ༽ རིན་པོ་ཆེའི་མཆོག་ལ་ངལ་སོས་པར་བགྱིད་པ་ལ་མཁས་པས་ཆོས་ཀྱི་རྒྱ་མཚོར་ཞུགས་པ་རྣམས་སུ་འགྱུར་བ་དང་། འཇིག་རྟེན་གྱི་ཁམས་ཐམས་ཅད་རྣམ་པ་སྣ་ཚོགས་ཀྱིས་བརྒྱན་པས་འཇིག་རྟེན་གྱི་ཁམས་ཐམས་ཅད་ལས༩༡མི་གཡོ་བ་རྣམས་སུ་འགྱུར་བ་དང་། སངས་རྒྱས་ཀྱི་ཆོ་འཕྲུལ་གྱིས་རྣམ་པར༩༢རོལ་པ་སྤྱོད་པས་ཆོ་འཕྲུལ་ཆེན་པོ་མྱོང་བ་རྣམས་སུ་འགྱུར་བ་དང་། སངས་རྒྱས་བལྟ་བ་སེམས་ཀྱི་སྐད་ཅིག་གཅིག་ལ་རག་ལས་པ་རྣམས་སུ་འགྱུར་བ་དང","(1W) (131) become those who, in their skill in giving repose in the most excellent of jewels, have plunged into the sea of Dharma; (132) become those who, through adorning all the world-systems in various ways, are not to be shaken from any world-systems; (133) become those who enjoy great wonder-working power through their playful employment of the wonderworking power of a Buddha ; (134) become those who need only one instant of thought for a vision of the Buddhas;"
18d81e04dc9b4596bb161d2739ce6505," 
༼༡྾༽ ཆོས་ལ་གུས་པ་རྙེད་པས་ཡེ་ཤེས་ཀྱིས་བསྐོར་བ་རྣམས་སུ་འགྱུར་བ་དང་། ཆོས་ཀྱི་སྐུ་དང་འདྲ་བར་རྟོགས་པས་ནམ་མཁའ་ལྟ་བུ་རྣམས་སུ་འགྱུར་བ་དང་། སངས་རྒྱས་ཀྱི་གདུང་མི་ཆད་པར་བགྱིད་པས་བྱང་ཆུབ་སེམས་དཔའ་རྣམས༩༣ཡང་དག་པར་འཛིན་དུ་འཇུག་པ་རྣམས་སུ་འགྱུར་བ་དང་། བྱང་ཆུབ་སེམས་དཔའི་སྤྱོད་པ་ཐམས་ཅད་རྒྱུན་མི་གཅོད་པ་རྣམས་སུ་འགྱུར་བ་དང་། ལེགས་པར་གནས་ཤིང་མྱུར་བའི་ཅད་ཤེས་པས་གོ་ཆ༩༤ཆེན་པོ་བགོས་པ་རྣམས་སུ་འགྱུར་བ་དང་། དེ་བཞིན་གཤེགས་པ༩༥སྟོབས་བཅུའི་ས་ལ་ཐམས་ཅད་མཁྱེན་པ་ཉིད་དུ་དབང་བསྐུར་བས་དབང་བསྐུར་བ་རྣམས་སུ་འགྱུར་བ་དང་། བགྲང་བའི་ཚུལ་གྱིས༩༦ཆོ་ག་ཤེས་པས་འདུ་ཤེས་ཀྱི་རྣམ་པ་ཐམས་ཅད་རབ་ཏུ་རྟོགས་པ་རྣམས་སུ་འགྱུར་བ་དང་། གྲངས་ཀྱི་རྣམ་པ་ཐམས་ཅད་ཉེ་བར་རྟོགས་པས་འཇིག་པ་དང་ཆགས༩༧པ་ཐམས་ཅད་ལ་མཁས་པ་རྣམས་སུ་འགྱུར་བ་དང་། གཏོང་བ་ཐམས་ཅད་ལ་ནན་ཏན་བགྱིད་པས་མི་གནས་ཤིང་ལེན་པ་མ་མཆིས་པ་རྣམས་སུ་འགྱུར་བ་དང་། འགྱོང་པ་མེད་པའི་སྦྱིན་བདག་ཆེན་པོར་གྱུར་པས་གཏོང་བ་ལ་མཁས་པ་རྣམས་སུ་འགྱུར་བ་དང","(1X) (135) become those who, through having respect for the Dharma, are filled with cognition; (136) become those who resemble space in their understanding of it as? similar to the Body of Dharma (Skt. dharma-kāya); (137) become those who, in ensuring that the lineage of the Buddha remains unbroken, are inspirers of bodhisattvas; (138) become those who never interrupt any of the practices of a bodhisattva; (139) become those who, being well-formed, swift, and thoroughbred, are armed with the great armour; (140) become those who are consecrated, through consecration in orrmiscience on the level (Skt. bhūmi) of a Tathagata, One with Ten Powers; (141) become those who, by knowing the method by means of computation, understand all things subject to apperception; (142) become those who, through the investigation of all modes of calculation, are familiar with all dissolution and formation; (143) become those who, through the practice of complete liberality, are neither fixated nor grasping; (144) become those who, being great masters of giving (Skt. dāna-pati) without regrets, are skilled in liberality;"
daa7446ef6574cdaae873da11ae87eb8," 
༼༡ཡ༽ སྲིད་པའི་འགྲོ་བ་ཐམས་ཅད་ཀྱི་སྐྱེ་བའི་གནས་རྣམས་དོན་དུ་མི་གཉེར་བ་རྣམས་སུ་འགྱུར་བ་དང་། འཇིག་རྟེན་གྱི་ཁམས་གཞན་ན་བཞུགས་པའི་སངས་རྒྱས་བཅོམ་ལྡན་འདས་རྣམས་ཀྱི་སངས་རྒྱས་ཀྱི་ཞིང་དག་མཐོང་ཞིང་ཆོས་ཀྱང་ཉན་ལ་། དེ་ཡང་འཛིན་ཅིང་མི་བསྐྱུད༩༨ལ་ལྔ་མངོན་པར་ཤེས་པའང་མ་ལགས༩༩། དྲུག་མངོན་པར་ཤེས་པའང་མ་ལགས་ཤིང་། བྱང་ཆུབ་སེམས་དཔའ་དེ་རྣམས་འཇིག་རྟེན་གྱི་ཁམས་དེ༡༠༠ནས་ཤི་འཕོས་ཏེ་སངས་རྒྱས་ཀྱི་ཞིང་དེ་དག་ན་གནས་པའང་མ་ལགས་ལ་། བྱང་ཆུབ་སེམས་དཔའ་དེ་རྣམས་འཇིག་རྟེན་གྱི་ཁམས་འདི་ཉིད་ན་གནས་བཞིན་དུ་སངས་རྒྱས་རྣམས་ཀྱང་མཐོང་ལ་ཆོས་ཀྱང་ཉན་ཅིང་། དེ་ཐམས་ཅད་ཀྱང་ཀུན་ཏུ་འཛིན༡༠༡ཏེ་། ཇི་ལྟར་བདག་ད་ལྟར་བཅོམ་ལྡན་འདས་ཀྱི་སྤྱན་སྔ་ན་མཆིས་པ་བཞིན་དུ་ཐེ་ཚོམ་དང་། ནེམ་ནུར་མ་མཆིས་པ་དེ་བཞིན་དུ་། བྱང་ཆུབ་སེམས་དཔའ་དེ་རྣམས་ཀྱང་ཐ་ན་རྨི་ལམ་ནའང་སངས་རྒྱས་མཐོང་ཞིང་། ཆོས་ཉན་པ་དང་མི་འབྲལ་བ་རྣམས་སུ་འགྱུར་བའི་ཏིང་ངེ་འཛིན་གང་ལགས་། བཟང་སྐྱོང་གིས་ཞུས་པའི་ཏིང་ངེ་འཛིན་གྱི་ལེའུ་སྟེ་དང་པོའོ","(1Y) (145) become those who do not aspire to opportunities for rebirth in any of the states of being; (146) become those who see the Buddha-fields of Buddhas and Lords resident in other world-systems, and hear the Dharma, retaining it and not forgetting it, yet it is not due to the operation of the five extraordinary faculties (Skt. abhijñā), nor due to the operation of the six extraordinary faculties, nor are those bodhisattvas in those Buddha-fields after having passed away from this world-system, but those bodhisattvas, while staying in this very world-system, see the Buddhas and hear the Dharma, and retain it all, that is, just as 146 am free of any doubt or uncertainty as I stand in the Lord's presence now, so too those bodhisattvas become those who are never deprived of the sight of the Buddhas or the hearing of the Dharma, even in their dreams--what is the samadhi which produces all these qualities and abilities?  ""Chapter One of the Samadhi Enquired of by Bhadrapāla"""
5730663be224421aa7c123ee74eae5ca," 
༼༢ཨཱ༽ དེ་སྐད་ཅེས་གསོལ་པ་དང་། བཅོམ་ལྡན་འདས་ཀྱིས་བྱང་ཆུབ་སེམས་དཔའ་སེམས་དཔའ་ཆེན་པོ་བཟང་སྐྱོང་ལ་འདི་སྐད་ཅེས་བཀའ་སྩལ་ཏོ་༎ བཟང་སྐྱོང་། ལེགས་སོ་༎ ལེགས་སོ་༎ ཡང༡༠༢བཟང་སྐྱོང་། ཁྱོད་སྐྱེ་བོ་མང་པོ་ལ་ཕན་པ་དང་། སྐྱེ་བོ་མེད་པོ་ལ་བདེ་བ་དང་། འཇིག་རྟེན་ལ་སྙིང་བརྩེ་བ་དང་། སྐྱེ་བོ་ཕལ་པོ་ཆེ་དང་། ལྷ་དང་མི་རྣམས་ཀྱི་དོན་དང་ཕན་པ་དང་བདེ་པའི་ཕྱིར་ཞུགས་ཤིང་། བཟང་སྐྱོང་། ཁྱོད་དེ་ལྟར་དེ་བཞིན་གཤེགས་པ་ལ་དོན་འདི་འདྲི༡༠༣བར་སེམས་པ་ལེགས་སོ་༎ བཟང་སྐྱོང་། ཁྱོད་ནི་སྔོན་གྱི་རྒྱལ་བ་ལ་བྱ་བ་བྱས་ཤིང་དགེ་བའི་རྩ་བ་བསྐྱེད་པ་། སངས་རྒྱས་བྱེ་བ་ཁྲག་ཁྲིག་བརྒྱ་སྟོང་མང་པོ་ལ་བསྙེན་བཀུར་བྱས་པ་། ཆོས་དོན་དུ་གཉེར་བ་། ཆོས་འདོད་པ་། མི་དམིགས་པར༡༠༤ཚངས་པར་སྤྱོད་པ་། བྱང་ཆུབ་སེམས་དཔའ་རྣམས༡༠༥ཡང་དག་པར་སློང༡༠༦པར་བྱེད་པ་། བྱང་ཆུབ་སེམས་དཔའ་རྣམས་ཡང་དག་པར་དགའ་བར་བྱེད་པ་། བྱང་ཆུབ་སེམས་དཔའ་རྣམས་ལ་སྟོན་པ་། བྱང་ཆུབ་སེམས་དཔའ་རྣམས་ལ་ཡང་དག་པར་འཛིན་དུ་འཇུག་པ་། བྱང་ཆུབ་སེམས་དཔའ་རྣམས་ལ་ཡང་དག་པར་གཟེངས༡༠༧བསྟོད༡༠༨པ་། བྱང་ཆུབ་སེམས་དཔའ་རྣམས་ལ་ལུང་འབོག༡༠༩པ་། བྱང་ཆུབ་སེམས་དཔའ་རྣམས་ལ་སྒྲུབ་པར་བྱེད་པ་། བྱང་ཆུབ་སེམས་དཔའ་རྣམས་ལ་ཕན་པར་འདོད་པ་། སྙིང་རྗེ་ཆེ་བ་། སེམས་ཅན་ཐམས་ཅད་ལ་སེམས་མཉམ་པ་། སེམས་ཀྱི་དབང་ཐམས་ཅད་ཀྱི་དམ་པའི་ཕ་རོལ་ཏུ་སོན་པ་། སངས་རྒྱས་མཐོང་བ་། སྨོན་ལམ་རྒྱ་ཆེ་བ་། སྤྱོད་ཡུལ་ཟབ་པ་། ཐམས་ཅད་མཁྱེན་པ་སེམས་པ་། བྱང་ཆུབ་ཡང་དག་པར་འཛིན་པ་། དེ་བཞིན་གཤེགས་པའི་གདུང་སྟོན་པ་། བྱང་ཆུབ་ཀྱི་སེམས་རྡོ་རྗེ་ལྟ་བུ་དང་མཉམ་ཞིང་མཚུངས་པ་། སེམས་ཅན་ཐམས་ཅད་ཀྱི་བསམ་པ་ཀུན་ཏུ་སྤྱོད་པ་ལ་མཁས་པ་། སངས་རྒྱས་ཐམས་ཅད་དང་མངོན་སུམ་དུ་གནས་པ་སྟེ་། བཟང་སྐྱོང་། ཁྱོད་ཀྱི༡༡༠ཡོན་ཏན་བརྗོད་ན་ལྟ་མཐར་མི༡༡༡ཕྱིན་ཏོ","(2A) When this was said, the Lord said to the bodhisattva and mahāsattva Bhadrapāla:  'Well done, Bhadrapāla, well done! You, Bhadrapāla, have set out for the benefit of many beings, for the happiness of many beings, out of compassion for the world, for the welfare, the benefit, and the happiness of the great body of beings, of devas and of humankind, and you have done well, Bhadrapāla, in deciding to question the Tathāgata in such a way on this matter.'  'You, Bhadrapāla, have done your duty and created wholesome potentialities (Skt. kuśala-mūla) under former Jinas; you have worshipped many hundred thousand koṭinayutas of Buddhas; you aspire to the Dharma; you desire the Dharma; you lead the holy life in non-objectification;  you arouse bodhisattvas, delight bodhisattvas, teach bodhisattvas, inspire bodhisattvas, fill bodhisattvas with enthusiasm, instruct bodhisattvas, bring bodhisattvas to fulfihnent; you desire the welfare of bodhisattvas,  you have great compassion (Skt. karuṇā), you have equanimity towards all beings, possess the excellent perfection of complete mastery of the mind; possess the vision of the Buddhas, are great in vows, have the profound as your sphere of activity, aspire to omniscience (Skt. sarvajñatā), uphold awakening, teach the lineage of the Tathāgata, possess an aspiration to awakening (Skt. bodhicitta) like, similar, and comparable to vajra; are expert in the intent and behaviour of all beings, dwell in the presence of all Buddhas--Bhadrapāla, if one were to recount your good qualities, one would never come to an end.'"
25062328ce814bab9dd193a4fe40cf70," 
༼༢བ༽ བཟང་སྐྱོང་། ད་ལྟར་གྱི་སངས་རྒྱས་མངོན་སུམ་དུ་བཞུགས་པ་ཞེས་བྱ་བའི་ཏིང་ངེ་འཛིན་ཡོད་དེ་། ཏིང་ངེ་འཛིན་དེ་བཟུང་ཞིང་མ་བརྗོད་ལ་རྣ་བླགས་ཏེ་ཉན་ཅིང་སེམས་མི་གཡེང་བ་རྙེད་ན་། ཡོན་ཏན་གྱི་ཁྱད་པར་དེ་དག་རྙེད་པ་མི་དཀའ་བར་འགྱུར་རོ་༎ དེ་ནས་བྱང་ཆུབ་སེམས་དཔའ་སེམས་དཔའ་ཆེན་པོ་བཟང་སྐྱོང་གིས་བཅོམ་ལྡན་འདས་ལ་འདི་སྐད་ཅེས་གསོལ་ཏོ་༎ བཙུན་པ་བཅོམ་ལྡན་འདས་། དེ་བས་ན་དེ་བཞིན་གཤེགས་པས་ཏིང་ངེ་འཛིན་དེ་བཤད་པར་གསོལ་། དེ་ནི་སྐྱེ་བོ་མང་པོ་ལ་སྨན་པ་དང་། སྐྱེ་བོ་མང་པོ་ལ་བདེ་བ་དང་། འཇིག་རྟེན་ལ་སྙིང་བརྩེ་བ་དང་། སྐྱེ་བོ་ཕལ་པོ་ཆེ་དང་། ལྷ་དང་མིའི་དོན་དང་། སྨན་པ་དང་བདེ་བར་འགྱུར་ཞིང་། མ་འོངས་པའི་བྱང་ཆུབ་སེམས་དཔའ་སེམས་དཔའ་ཆེན་པོ་རྣམས་ལའང་སྣང་བ་ཆེན་པོ་བགྱིས་པར་འགྱུར་རོ་༎ དེ་ནས་བཅོམ་ལྡན་འདས་ཀྱིས་བྱང་ཆུབ་སེམས་དཔའ་སེམས་དཔའ་ཆེན་པོ་བཟང་སྐྱོང་ལ་འདི་སྐད་ཅེས་བཀའ་སྩལ་ཏོ་༎ བཟང་སྐྱོང་། དེའི་ཕྱིར་ལེགས་པར་རབ་ཏུ་ཉོན་ལ་ཡིད་ལ་ཟུངས་ཤིག་དང་ངས་ཁྱོད་ལ་བཤད་བྱའོ༡༡","(2B) 'Bhadrapāla, there is a samādhi called ""Direct Encounter with the Buddhas of the Present""; if one preserves that samādhi without forgetting it, if one listens to it attentively and succeeds in being mentally undistracted, then those excellent qualities will not be difficult to obtain.'  Then the bodhisattva and mahāsattva Bhadrapāla said to the Lord:  'Reverend Lord, would the Tathāgata therefore please expound that samādhi, which would be for the benefit of many beings, for the happiness of many beings, out of compassion for the world, and for the welfare, the benefit, and the happiness of the great body of beings, of devas and of humankind; and which would shed a great light for future bodhisattvas and mahāsattvas.'  Then the Lord said to the bodhisattva and mahāsattva Bhadrapāla: 'In that case,  Bhadrapāla, listen well and consider it carefully, and I shall expound it to you.'"
e1e83a6218ac499fb941500ccc7eb701," 
༼༢ཅ༽ བཅོམ་ལྡན་འདས་། དེ་བཞིན་ནོ་༎ ཞེས་གསོལ་ཏེ་བྱང་ཆུབ་སེམས་དཔའ་སེམས་དཔའ་ཆེན་པོ་བཟང་སྐྱོང་དང་། ལྷ་དང་། མི་དང་། ལྷ་མ་ཡིན་དང་། དྲི་ཟར་བཅས་པའི་འཇིག་རྟེན་བཅོམ་ལྡན་འདས་ཀྱི༡༡༣ལྟར་ཉན་པ་དང་། བཅོམ་ལྡན་འདས་ཀྱིས་དེ་ལ་འདི་སྐད་ཅེས་བཀའ་སྩལ་ཏོ་༎ བཟང་སྐྱོང་། ཆོས་གཅིག་ལ་ཀུན་ཏུ་བསྟོན་། ངེས་པར་བསྟེན་ཅིང་བསྒོམས༡༡༤ལ་ལན་མང་དུ་བྱས་། ལམ་དུ་བྱས་། གཞིར་བྱས་། ཡང་དག་པར་བསླངས༡༡༥། ལེགས་པར་བྱང་བར༡༡༦བྱས་། ཤིན་ཏུ་ཡོངས་སུ་སྦྱངས་། ཤིན་ཏུ་མཉམ་པར་བཞག་། ཤིན་ཏུ་ཡང་དག་པར་བརྩམས་ན་། ཡོན་ཏན་ཐམས་ཅད་ཁྱད་པར་དུ་འཕགས་པར་འགྱུར་རོ་༎ ཆོས་གཅིག་པོ་གང་ཞེ་ན་། འདི་ལྟ་སྟེ་། ད་ལྟར་གྱི་སངས་རྒྱས་མངོན་སུམ་དུ་བཞུགས༡༡༧པ་ཞེས་བྱ་བའི་ཏིང་ངེ་འཛིན་ཏེ་། མང་དུ་ཐོས་པ་སྔོན་དུ་འགྲོ་བའི་ཆོས་རྣམས་ཡོངས་སུ་རྫོགས་པར་འགྱུར་རོ","(2C) Saying: 'So be it, Lord,' the bodhisattva and mahāsattva Bhadrapāla and the world with its devas, humans, asuras and gandharvas listened to the Lord, and the Lord then said:  'Bhadrapāla, if one dharma is practised, cultivated, developed, frequently rehearsed, mastered, actively pursued, made to arise, made familiar, fully purified, fully concentrated on, and fully undertaken, then one will become distinguished by all good qualities.  What is the the one dharma? Namely, the samādhi called ""Direct Encounter with the Buddhas of the Present"", which brings to fulfilment the dharrnas of which the first is great learning (Skt. bāhuśrutya)."
146d1151bcf14a84ac110ce4d6a8f892," 
༼༢ཌ༽ བཟང་སྐྱོང་། དེ་ལ་ད་ལྟར་གྱི་སངས་རྒྱས་མངོན་སུམ་དུ་བཞུགས་པ་ཞེས་བྱ་བའི་ཏིང་ངེ་འཛིན་དེ་གང་ཞེ་ན་། འདི་ལྟ་སྟེ་། སངས་རྒྱས་ལ་དམིགས་པའི་སེམས་ཡིད་ལ་བྱེད་པ་། སེམས་མི་གཡེང་བ་། དྲན་པ་ཉེ་བར་གནས་པ་དང༡༡༨ཤེས་རབ་ཐོབ་པ་། བརྩོན་འགྲུས་མི་གཏོང་བ་། དགེ་བའི་བཤེས་གཉེན་རྣམས་ལ་བསྙེན་བཀུར་བྱེད་པ་། སྟོང་པ་ཉིད་ལ༡༡༩ཀུན་ཏུ་སྟེན་པ་། སྒོམ་པ་། མང་དུ་བྱེད་པ་། སྒྲིབ་པ་རྣམས་སྤོང་བ་། རྨུགས་པ་དང་གཉིད་རྣམ་པར་སྤོང་བ་། གཏམ་ཡོངས་སུ་སྤོང་བ་། སྡིག་པའི་གྲོགས་པོ་རྣམས་རྣམ་པར་སྤོང་བ་། དགེ་བའི་བཤེས་གཉེན་རྣམས་ལ་ངེས་པར་སྟེན་པ་། དབང་པོ་རྣམས་མི་གཡེང་བ་། ཟས་ཀྱི་ཚེད་ཤེས་པ་། ནམ་གྱི་ཆ་སྟོད་དང་། ཆ་སྨད་ལ་མི་ཉལ་བའི་བརྩོན་འགྲུས་དང་ལྡན་པ་། གོས་དང་། ཟས་དང་། མལ་སྟན་དང་། ན་བའི་གསོས་སྨན་དང་། ཡོ་བྱད་རྣམས་ལ་མི་ཆགས་པ་། དགོན་པ་ལ་གནས་པ་མི་གཏོང་བ་། ལུས་ལ་ཆེད་ཆེར༡༢༠མི་བྱེད་པ་། སྲོག་ལ་མི་ལྟ་བ་། ལུས་གཏོང་པ་། སེམས་ཅན་ལ་ཕན་འདོགས་པ","(2D)1 'Bhadrapāla, what then is the samādhi called ""Direct Encounter with the Buddhas of the Present""? Namely,  (1) concentration (Skt. manasikāra) on thoughts which have the Buddha as their object; (2) absence of mental distraction; (3) obtaining mindful engagement and wisdom; (4) not renouncing vigour (Skt. vīrya); (5) attending on good friends (Skt. kalyāṇa-mitra); (6) practising, cultivating, and rehearsing emptiness (Skt. Sūnyatā); (7) elimination of the obscurations (Skt. āvaraṇa); (8) elimination of torpor and drowsiness; (9) avoidance of talk;  (10) shunning bad friends; (11) keeping company with good friends; (12) undistracted faculties; (13) moderation in eating; (14) having the vigour not to sleep during the first or the last watch of the night; (15) absence of attachment to robes, food, beds and seats, medicine to cure the sick, and personal belongings; (16) not giving up living in the forest; (17) not attaching any importance to one's person; (18) disregarding one's own life; (19) self-sacrifice; (20) being of service to beings;"
c8abf95a59094542ad3199e276e4a4c5," 
༼༢E༽ གཉེན་རྣམས་ཡོངས་སུ་སྤོང་བ་། སྐྱེས་པའི་ས་རིང་དུ་བྱེད་པ་། བྱམས་པ་ལ་ཀུན་ཏུ་སྟེན༡༢༡པ་། སྙིང་རྗེ་ཐོབ་པ་། དགའ་བ་ལ་གནས་པ་། བཏང་སྙོམས་སྒོམ་པ་། ཉེ་བའི་ཉོན་མོངས་པ་རྣམས་ཡོངས་སུ་གཏོང༡༢༢པ་། བསམ་གཏན་རྣམས་སྒྲུབ་ཅིང་དེ་དག་གི་རོ་མྱོང་བར་མི་བྱེད་པ་། གཟུགས་ཀྱི་འདུ་ཤེས་རྣམ་པར་འཇིག་པ་། མི་སྡུག་པའི་འདུ་ཤེས་རྙེད་པ་། དྲན་པ་མི་གཡེང་བ་། ཕུང་པོ་རྣམས་ཡོངས་སུ་མི་འཛིན་པ་། ཁམས་རྣམས་ལ་རློམ་སེམས་མེད་པ་། སྐྱེ་མཆེད་རྣམས་ལ་མངོན་པར་མི་ཆགས་པ་། རིགས་སྨྲ་བས་སྙེམས་པར་མི་བྱེད་པ་། ང་རྒྱལ་ཚར་གཅོད་པ་། གཞན་གྱི༡༢༣རྙེད་པ་ལ་ཕྲག་དོག་མེད་པ་། སེམས་ཅན་ལ་ཕན་པའི་གཞིར་གྱུར་པ་། སེམས་ཅན་ཐམས་ཅད་ལ་སེམས་མཉམ་པ་། སེམས་ཅན་ཐམས་ཅད་མི་གཏོང་བ་། སེམས་ཅན་ཐམས་ཅད་ཡོངས་སུ་གྲོལ་བར་བྱེད་པ",(2E) (21) renouncing kin; (22) keeping away from one's birthplace; (23) practising friendliness (Skt. maitrī); (24) obtaining compassion; (25) abiding in sympathetic joy (Skt. muditā); (26) developing disinterestedness (Skt. upekṣā); (27) elimination of the secondary defilements (Skt. upakleśa); (28) perfection of the trances (Skt. dhyāna) without indulgence in them; (29) meditational deconstruction (Skt. vibhāvanā) of the apperception (Skt. saṃjñā) of form; (30) acquiring the apperception of repulsiveness; (31) unwavering mindfulness (Skt. smṛti);  (32) not grasping the aggregates (Skt. skandha); (33) absence of misconception (Skt. manyanā) with regard to the elements (Skt. dhātu); (34) being unattached to the sense-fields (Skt. āyatana); (35) not boasting of one's high birth; (36) eradication of pride; (37) being without envy of the possessions of others; (38) being a basis for the welfare of beings; (39) equanimity towards all beings; (40) not forsaking all beings; (41) emancipating all beings;
32c65a208bdd493f845dfd96b7b6b4ce," 
༼༢F༽ སེམས་ཅན་ཐམས་ཅད་ལ་བདག་ཏུ་འདུ་ཤེས་པ་། སེམས་ཅན་ཐམས་ཅད་ལ་མར་འདུ་ཤེས་པ་། ཕར་འདུ་ཤེས་པ་། བུར་འདུ་ཤེས་པ་། གཉེན་དུ་འདུ་ཤེས་པ་། སེམས་ཅན་ཐམས་ཅད་ལ་ཉོན་མོངས་པ་མེད་པར་འདུ་ཤེས་པ་། དངོས་པོ་ཐམས་ཅད་ཡོངས་སུ་མི་འཛིན་པ་། ཚུལ་ཁྲིམས་མཆོག་ཏུ་མི་འཛིན་པ་། ཏིང་ངེ་འཛིན་ལ་ངེས་པར་སྟེན་པ་། མང་དུ་ཐོས་པ་འདོད་ཅིང་དེས་ཀྱང་རློམ་སེམས་སུ་མི་བྱེད་པ་། ཚུལ་ཁྲིམས་ཀྱི་ཕུང་པོ་ལ་སྐྱོན་མེད་པ་། ཏིང་ངེ་འཛིན་གྱི་ཕུང་པོ་ལ་གཡོ་བ་མེད་པ་། ཆོས་རྣམས་ལ་ཐེ་ཚོམ་མེད་པ་། སངས་རྒྱས་དང་འཐུན༡༢༤པ་། ཆོས་མི་སྤོང་བ་། དགེ་འདུན་མི་འབྱེད་པ་། ཕྲ་མའི་ཚིག་སྤོང་བ་། འཕགས་པ་རྣམས་ཀྱི་དྲུང་དུ་ཉེ་བར་འགྲོ་ཞིང་དེ་དག་ལ་བསྙེན་བཀུར་བྱེད་པ་། བྱིས་པ་རྣམས་རྣམ་པར་སྤོང་བ་། འཇིག་རྟེན་པའི་གཏམ་ལ་མངོན་པར་མི་དགའ་ཞིང་མི་འདོད་ལ་རིང་དུ་བྱེད་པ་། འཇིག་རྟེན་ལས་འདས་པའི་གཏམ་ལ་མངོན་པར་དགའ་ཞིང་འདོད་ལ་འདུན་ཅིང་སྟེན་པ་། གཏམ་རྒྱུད་མ་ཡིན་པ་རྣམ་པར༡༢༥སྤོང་བ","(2F) (42) apperception of all beings as onese1f; (43) apperception of all beings as one's mother; (44) apperception of them as one's father; (45) apperception of them as one's son; (46) apperception of them as one's kin; (47) perception of all beings as undefiled (Skt. niḥkleṣa);  (48) not grasping at any existing things (Skt. bhāva? vastu?); (49) absence of undue attachment to morality (Skt. sīla); (50) cultivation of samādhi; (51) desiring great learning (Skt. bāhu-śrutya) yet not being made conceited by it; (52) flawlessness in the constituent of morality (Skt. sīla-skandha);  (53) immovability in the constituent of samādhi; (54) not doubting the dharmas; (55) being in harmony with the Buddha; (56) not rejecting the Dharma; (57) not causing schism in the Sangha; (58) avoiding slanderous talk; (59) entering the presence of the Holy Ones (Skt. arya) and attending upon them; (60) shunning fools; (61) not enjoying, taking no pleasure in, and avoiding worldy (Skt. laukika) talk; (62) enjoying, taking pleasure in, liking, and employing talk which transcends the world (Skt. lokottara); (63) eliminating meaningless babble;"
26dab144a4ba41b28f6225d942ebe441," 
༼༢ག༽ དགའ་བར་བྱེད་པའི་ཆོས་དྲུག་ལ་སྟེན༡༢༦པ་། སྙན་པ་རྣམས་སྨྲ་བ་། སྒྲིབ་པ་ལྔ་སྤོང་བ་། རྣམ་པར་གྲོལ་བའི་སྐྱེ་མཆེད་ལྔ་ལ་སྟེན༡༢༧པ་། ཕུང་པོ་ལྔ་ཡོངས་སུ་ཤེས་པ་། མི་དགེ་བ་བཅུའི་ལས་ཀྱི་ལམ་རྣམ་པར་སྤོང་བ་། དགེ་བ་བཅུའི་ལས་ཀྱི་ལམ་སྒོམ་པ་། སྟོབས་བཅུ་སྒྲུབ་པ་། ཀུན་ནས་མནར་སེམས་ཀྱི་དངོས་པོ་དགུ་རྣམ་པར་སྦྱོང་བ་། འདུ་ཤེས་དགུ་རྣམ་པར་འཇིག་པ་། ལེ་ལོའི་དངོས་པོ་བརྒྱད་རྣམ་པར་སྤོང་བ་། བརྩམས༡༢༨པའི་དངོས་པོ་བརྒྱད་ལ་ངེས་པར་སྟེན༡༢༩པ་། ཟིལ་གྱིས་གནོན་པའི་སྐྱེ་མཆེད་བརྒྱད་ལ་ཀུན་ཏུ་སྟེན༡༣༠པ་། རྣམ་པར་གྲོལ་བ་བརྒྱད་སྒོམ་པ་། སྐྱེས་བུ་ཆེན་པོའི་རྣམ་པར་རྟོག་པ་བརྒྱད་ཐོབ་པ་། འཕགས་པའི་ལམ་ཡན་ལག་བརྒྱད་པ་དང་འཐུན༡༣༡པ་། བསམ་གཏན་ལ་མི་ཆགས་པ་། ཐོས་པས་རློམ་སེམས་མི་བྱེད་པ་། ང་རྒྱལ་བཅོམ་པ་། ཆོས་ཉན་པར་འདོད་པ་། ཆོས་འདོད་པ་། ཆོས་དོན་དུ་གཉེར་བ་། ཆོས་ལ་འདུན་པ་། ཆོས་ལ་ཕྱོགས་པ་། ཆོས་ལ་འབབ་པ་། ཆོས་ལ་གཞོལ་བ་། ཆོས་ལ་བརྩོན་པ",(2G) (64) practice of the six dharmas of agreeability; (65) pleasant speech; (66) elimination of the five obscurations (Skt. āvaraṇa); (67) practice of the five stages of emancipation (Skt. vimokṣāyatana); (68) comprehension of the five aggregates; (69) rejection of the ten unwholesome modes of action; (70) development of the ten wholesome modes of action; (71) perfection of the ten powers; (72) removal of the nine bases of ill-will (Skt. āghāta-vastu); (73) meditational cultivation (Skt. vibhāvanā) of the nine apperceptions;  (74) elimination of the eight bases of sloth; (75) cultivation of the eight bases of exertion; (76) practice of the eight stages of sovereignty; (77) development of the eight emancipations (Skt. vimokṣā); (78) acquisition of the eight reflections of the Great Man (Skt. mahāpuruṣa); (79) harmony with the holy eightfold path;  (80) non-attachment to trance; (81) absence of conceit in learning; (82) conquest of pride; (83) desire to hear the Dharma; (84) desire for the Dharma; (85) aspiration to the Dharma; (86) longing for the Dharma; (87) being bent upon the Dharma; (88) being intent upon the Dharma; (89) being inclined to the Dharma; (90) applying oneself to the Dharma;
9f673e6e669c4438bda8d8f764afdd1e," 
༼༢H༽ བདག་ཏུ་འདུ་ཤེས་པས་རློམ་སེམས་སུ་མི་བྱེད་པ་། སེམས་ཅན་དུ་འདུ་ཤེས་པ་སྤོང་བ་། སྲོག་ཏུ་འདུ་ཤེས་པ་མི་དམིགས་པ་། གང་ཟག་ཏུ་འདུ་ཤེས་པ་ཡོངས་སུ་སྤོང་བ་། ཕུང་པོར་འདུ་ཤེས་པ་རྣམ་པར༡༣༢སེལ་བ་། དངོས་པོར་འདུ་ཤེས་པ་ལ་མི་གནས་པ་། མྱ་ངན་ལས་འདའ་བ་མི་འདོད་པ་། ཕུང་པོ་རྣམས་མི་འདོད་པ་། འཁོར་བ་ལ་མི་བཟད༡༣༣པའི་འཇིགས་པར་འདུ་ཤེས་པ་། ཕུང་པོ་རྣམས་ལ་གཤེད་མར་འདུ་ཤེས་པ་། ཁམས་རྣམས་ལ་སྤྲུལ་གདུག་པར་འདུ་ཤེས་པ་། སྐྱེ་མཆེད་རྣམས་ལ་གྲོང་སྟོང་བར་འདུ་ཤེས་པ་། ཁམས་གསུམ་ལ་མི་བདེ་བར་འདུ་ཤེས་པ་། མྱ་ངན་ལས་འདས་པ་ལ་ཕན་ཡོན་དུ་ལྟ་བ་། འདོད་པ་རྣམས་ལ་མཆིལ་མའི་ཐལ་བ་ལྟར་སྤོང་བར་འདུ་ཤེས་པ་། ཟས་ལ་མི་འཐུན༡༣༤པར་འདུ་ཤེས་པ་། མངོན་པར་འབྱུང་བ་ལ་གཞོལ་བ་། ཁྱིམ་ན་གནས་པ་ལ་མངོན་པར་མི་དགའ་བ་། བུ་དང་བུ་མོ་རྣམས་ལ་དགྲར་འདུ་ཤེས་པ་། ཆུང་མ་ལ་སྲིན༡༣༥མོར་འདུ་ཤེས་པ",(2H) (91) freedom from conceit due to the apperception of self; (92) rejection of the apperception of a being (Skt. sattva-saṃjñā); (93) not objectifying the apperception of a life; (94) elimination of the apperception of a person; (95) removal of the apperception of aggregates; (96) not abiding in the apperception of existents;  (97) not desiring Nirvāṇa; (98) not desiring the aggregates; (99) apperception of transmigration (Skt. saṃsāra) as a dreadful horror; (100) apperception of the aggregates as executioners; (101) apperception of the elements as poisonous snakes; (102) apperception of the sense-fields (Skt. āyatana) as an empty village; (103) apperception of the Triple World as misery;  (104) seeing Nirvāṇa as a blessing; (105) apperception of desires as something to be got rid of like a lump of phlegm; (106) apperception of food as disagreeable; (107) being intent on retiring from the world; (108) taking no pleasure in the household life; (109) perception of sons and daughters as one's enemies; (110) apperception of one's wife as a demoness;
bcf23e19ebbe4e95878511188f39c3eb," 
༼༢ཨཱི༽ སངས་རྒྱས་ཀྱི་བསྟན༡༣༦པ་ལ་མི་ཕྱེད་པར་དད་པ་། སེམས་ཅན་ཐམས་ཅད་དང་མི་འཐུན་པ་མེད་པ་། འཇིག་རྟེན་གྱི་ཁམས་ཐམས་ཅད་དུ་གནས་པ་མེད་པ་། སངས་རྒྱས་ཐམས་ཅད་མངོན་སུམ་དུ་གྱུར་པ་། ལེགས་པར་བསྙེན་པར་རྫོགས་ཤིང་ཚངས་པ་ལེགས་པར་སྤྱད་པ་། ལུས་ཐམས་ཅད་རྟོགས་པ་། མོས་པ༡༣༧ཡོངས་སུ་དག་པ་། ལྷག་པའི་བསམ་པ༡༣༨དགེ་བ་། སེམས་ལས་སུ་རུང་བ་། མི་རིགས་པ་ལ་བརྩོན་པ་རྣམས་རྣམ་པར་སྤོང་བ་། རིགས་པར་བརྩོན་པ་རྣམས་ལ་བརྩོན༡༣༩པ་། མཚན་མ་ཐམས་ཅད་རྣམ་པར་སེལ་བ་། དུས་གསུམ་མཉམ་པ་། སངས་རྒྱས་ཐམས་ཅད་རྗེས་སུ་དྲན་པ་། དགེ་བའི་རྩ་བ་ཐམས་ཅད་སྐྱེད་པ་། སངས་རྒྱས་ཐམས་ཅད་ཀྱིས༡༤༠བྱིན་གྱིས་བརླབས་པ་། ཏིང་ངེ་འཛིན་ཐམས་ཅད་ལ་དབང་བ་། སངས་རྒྱས་ཀྱི་སྐུའི་མཚན་ལ༡༤༡མངོན་པར་མི་ཆགས་པ་། ཆོས་ཐམས་ཅད་ལ་མཉམ་པ་། འཇིག་རྟེན་དང་མི་རྩོད་པ་། བྱ་བ་རྣམས་ལ་མི་འཐུན་པ་མེད་པ་། རྟེན་ཅིང་འབྲེལ་བར་འབྱུང་བ་རྟོགས་པ་། ངེས་པར་འབྱུང་བའི་ལམ་དེ་བཞིན་གཤེགས་པའི་ས་ལ་བཟོད་པ་ཐོབ་པ",(2I) (111) unbroken faith in the Buddha's teaching; (112) absence of antagonism towards all beings; (113) being of no fixed abode in all world-systems; (114) being face to face with all Buddhas; (115) being properly ordained and leading the holy life (Skt. brahma-carya) well;  (116) understanding all bodies; 10 (117) purity of conviction (Skt. adhimukti); (118) virtuous resolve; (119) mental flexibility; (120) renunciation of improper endeavours; (121) engagement in proper endeavours; (122) removal of all signs (Skt. nimitta); (123) sameness of attitude towards the three times; (124) calling to mind all the Buddhas; (125) generation of all wholesome potentialities; (126) empowerment (Skt. adhiṣṭhāna) by all the Buddhas; (127) mastery of all samādhis;  (128) non-attachment to the Buddha's bodily marks; (129) sameness of attitude toward all dharmas; (130) not disputing with the world; (131) not being averse to one's duties; (132) comprehension of conditioned production (Skt. pratītya-samutpāda); (133) acquisition of patient acceptance (Skt. kṣānti) of the stage of the Tathāgata on the road to deliverance;
49e78ecaf643456a98abfb8fee5e9059," 
༼༢J༽ ཆོས་ཀྱི་དབྱིངས་ལ་འཇུག་པ་། ནམ་མཁའི་ཁམས་ཡོངས་སུ་ཤེས་པ་། སེམས་ཅན་གྱི་ཁམས་ལ་མངོན་པར་མི་ཆགས་པ་། མི་སྐྱེ་བ་། མི་འགག་པ་། གནས་པ་མེད་པ་། མྱ་ངན་ལས་འདས་པའི་དབྱིངས་མངོན་སུམ་དུ་གྱུར་པ་། ཤེས་རབ་ཀྱི་མིག་རྣམ་པར་སྦྱོང་བ་། ཆོས་ཐམས་ཅད་ལ་གཉིས་སུ་མེད་པ་། བྱང་ཆུབ་ཀྱི་སེམས་ལ་མཐའ་དང་དབུང༡༤༢མེད་པ་། སེམས་ཀྱི་རྒྱུད་གཅིག་ཏུ་གྱུར་པ་། སངས་རྒྱས་ཐམས་ཅད་དང་ཐོགས་པ་མེད་པའི་ཡེ་ཤེས་ལ་འཇུག་པ་། ཡེ་ཤེས་ལ་སྒྲིབ་པ་མེད་པ་། བྱང་ཆུབ་ཀྱི་ཕྱིར་སེམས་ཡོངས་སུ་སྨིན་པ་། སངས་རྒྱས་ཀྱི་ཡེ་ཤེས་གཞན་ལ་རག་མ་ལས༡༤༣པ་། དགེ་བའི་བཤེས་གཉེན་རྣམས་ལ་སྟོན་པར་འདུ་ཤེས་པ་། བྱང་ཆུབ་སེམས་དཔའ་རྣམས་ལ་མི་འབྱེད་པ་། བདུད་ཀྱི་ལས་རྣམས་རྣམ་པར་སྤོང་བ་། འགྲོ་བ་ཐམས་ཅད་སྤྲུལ་པ་དང་མཚུངས་པ་། དེ་བཞིན་གཤེགས་པ་བལྟ་བ་ལ་མིག་ཡོར་དང་མཚུངས་པ་། བྱང་ཆུབ་ཀྱི་སེམས་ཡོངས་སུ་ཚོལ༡༤༤བ་། ཕ་རོལ་ཏུ་ཕྱིན་པ་རྣམས་ལ་སེམས་མཉམ་པ་། དེ་བཞིན་གཤེགས་པ་རྣམས་བལྟ་བ་ལ་ཡང་དག་པའི་མཐའ་དང་མཉམ་པ་། སངས་རྒྱས་ཐམས་ཅད་ལ་ཡོན་ཏན་གྱི་ཆོས་ཐམས་ཅད་མཉམ་པ་འདི་ནི་། བཟང་སྐྱོང་། ད་ལྟར་གྱི་སངས་རྒྱས་མངོན་སུམ་དུ་བཞུགས་པ་ཞེས་བྱ་བའི་ཏིང་ངེ་འཛིན་ཅེས་བྱའོ་༎ བཟང་སྐྱོང་གིས་ཞུས་པའི་ཏིང་ངེ་འཛིན་གྱི་ལེའུ་སྟེ་གཉིས་པའ","(2J) (134) entrance to the dharma-realm (Skt. dharma-dhātu); (135) comprehension of the element of space (Skt. ākāśa-dhātu); (136) absence of fixation with regard to the realm of beings (Skt. sattva-dhātu), and seeing it as without production, cessation or duration;  (137) direct realisation of the realm of Nirvāṇa; (138) purification of the eye of wisdom; (139) realisation of the non-duality of all dharmas; (140) aspiration to awakening which has no boundaries and no centre; (141) focussing of the mind (Skt. cetasa ekotībhāva?); (142) entrance into unobstructed cognition with? all the Buddhas; (143) cognition free of the obscurations; (144) ripeness of the mind for awakening; (145) independent cognition of a Buddha;  (146) apperception of good friends as the Teacher; (147) not causing schisms among bodhisattvas; (148) rejection of the deeds of Mara; (149) seeing the similarity of all the world to an apparition; (150) seeing the similarity of the vision of the Tathāgatas to a reflection; (151) striving for the aspiration to awakening; (152) equanimity towards the perfections (Skt. pāramitā); (153) seeing the sameness of the vision of the Tathāgatas and perfect truth (Skt. bhūta-koṭi); (154) seeing the sameness for all Buddhas of all virtuous qualities--this, Bhadrapāla, is the samādhi called ""Direct Encounter with the Buddhas of the Present"".'  Chapter Two of the Samadhi Enquired of by Bhadrapāla"
e621ec2a6c034c61a7bd38e44eb8a50d," 
༼༣ཨཱ༽ བཟང་སྐྱོང་། ཆོས་དེ་རྣམས་ནི་ཏིང་ངེ་འཛིན༡༤༥ཡོངས་སུ་སྐྱེད་པར་འགྱུར་ཏེ་། བཟང་སྐྱོང་། དེ་ལ་ཏིང་ངེ་འཛིན་གང་ཆོས་དེ་རྣམས་ཀྱིས༡༤༦ཡོངས་སུ་སྐྱེད་པར་འགྱུར་བའི་ཏིང་ངེ་འཛིན་དེ་གང་ཞེ་ན་། འདི་ལྟ་སྟེ་། ད་ལྟར་གྱི་སངས་རྒྱས་མངོན་སུམ་དུ་བཞུགས་པ་ཞེས་བྱ་བའི་ཏིང་ངེ་འཛིན་ཏོ་༎ བཟང་སྐྱོང་། ད་ལྟར་གྱི་སངས་རྒྱས་མངོན་སུམ་དུ་བཞུགས་པ་ཞེས་བྱ་བའི་ཏིང་ངེ་འཛིན་དེ་ཡང་གང་ཞེ་ན་། བཟང་སྐྱོང་། དེ་ལ་དགེ་སློང་ངམ་། དགེ་སློང་མ་འམ༡༤༧། དགེ་བསྙེན་ནམ་། དགེ་བསྙེན་མ་ཚུལ་ཁྲིམས་ཡོངས་སུ་རྫོགས་པར་སྤྱོད་པར་འགྱུར༡༤༨ལ་། དེས་གཅིག་པུ་དབེན་པར་སོང་སྟེ་འདུག་ནས་འདི་སྙམ་དུ་། བཅོམ་ལྡན་འདས་དེ་བཞིན་གཤེགས་པ་དགྲ་བཅོམ་པ་ཡང་དག་པར་རྫོགས་པའི་སངས་རྒྱས་ཚེ་དཔག༡༤༩མེད་དེ་ཕྱོགས་གང་རོལ་ན་གནས་ཏེ་འཚོ་ཞིང་གཞེས་ལ་ཆོས་ཀྱང་སྟོན་ཅིང་བཞུགས༡༥༠། སྙམ་དུ་སེམས་བསྐྱེད་པར་བྱའོ་༎ དེས་ཇི་སྐད་དུ་ཐོས་པའི་རྣམ་པས་སངས་རྒྱས་ཀྱི་ཞིང་འདི་ནས་ནུབ་ཕྱོགས་ལོགས་སུ་སངས་རྒྱས་ཀྱི་ཞིང་བྱེ་བ་ཕྲག་འབུམ་འདས་པ་ན་འཇིག་རྟེན་གྱི་ཁམས་བདེ་བ་ཅན་ན་བཅོམ་ལྡན་འདས་དེ་བཞིན་གཤེགས་པ་དགྲ་བཅོམ་པ༡༥༡ཡང་དག་པར༡༥༢རྫོགས་པའི་སངས་རྒྱས་ཚེ་དཔག་མེད་དེ་ད་ལྟར་བྱང་ཆུབ་སེམས་དཔའི་ཚོགས་ཀྱིས་ཡོངས་སུ་བསྐོར་ཅིང་མདུན༡༥༣དུ་བདར་ཏེ་བཞུགས་སོ་༎ འཚོའོ་༎ གཞེས་སོ་༎ ཆོས་ཀྱང་སྟོན་ཏོ་། སྙམ་དུ་ཡིད་ལ་བྱེད་དེ༡༥༤། དེས་ཀྱང་སེམས་མ་གཡེངས་པས་དེ་བཞིན་གཤེགས་པ་ཡིད་ལ་བྱེད་དོ","(3A)'Bhadrapāla, since those dharmas will produce samādhi, what then, Bhadrapāla, is the samādhi which is produced by those dharmas? It is the samādhi called ""Direct Encounter with the Buddhas of the Present.'""  'And what, Bhadrapāla, is the samādhi called ""Direct Encounter with the Buddhas of the Present""? In this regard, Bhadrapāla, any bhikṣus or bhikṣuṇīs, upāsakas or upāsikās who observe morality perfectly should go alone to a secluded spot, sit down, and think: ""In which quarter does the Lord, the Tathāgata, Arhat and Perfectly Awakened One Amitāyus live, dwell, reside, and teach the Dharma?""  In accordance with what they have learned they concentrate on the thought: ""That Lord, the Tathāgata, Arhat and Perfectly Awakened One Amitāyus now resides, lives, dwells and teaches the Dharma, surrounded and attended on by a host of bodhisattvas, in the world-system of Sukhāvatī, one hundred thousand kotis of Buddha-fields to the west of this Buddha-field;"" and they concentrate their thoughts on the Tathāgata with undistracted minds.'"
e9ecba12e5064c048ccf6cd39b4bece4," 
༼༣བ༽ བཟང་སྐྱོང་། འདི་ལྟ་སྟེ་དཔེར་ན་སྐྱེས་པའམ་བུད་མེད་གང་ལ་ལ་ཞིག་ཉལ་བའི་རྨི་ལམ་དུ་གཟུགས་ཀྱི་རྣམ་པ་མཐོང་སྟེ་། དངུལ་ལམ་། གསེར་རམ་། མཛའ་བཤེས་སམ་། ཉེ་དུའམ་། སྣག་གི་གཉེན་མཚམས་སམ་། མཛའ་བོ་འམ༡༥༥། ཡིད་དུ་འོང་བ་དང་། སྡུག་པ་དང་། མི་འཐུན༡༥༦པ་མེད་པ་དག་མཐོང་ལ་། དེ་རྨི་ལམ་ན་དེ་དག་དང་ལྷན་ཅིག་ཏུ་རྩེ་ཞིང་དགའ་ལ་དགའ་དགུར༡༥༧སྤྱོད་ཅིང་སྨྲ་༡༥༨ཀུན་ཏུ་སྨྲ་བར་རྨིས་པ་ལས་དེ༡༥༩སད་ནས་ཇི་ལྟར་མཐོང་བ་དང་། ཐོས་པ་དང་། བྱེ་བྲག་ཕྱེད་པ་དང་། རྣམ་པར་ཤེས་པ་དང་། སྨྲས་པ་དང་། ཀུན་ཏུ་སྨྲས་པ་དེ་ཐམས་ཅད་གཞན་དག༡༦༠ལའང་བརྗོད༡༦༡ཅིང་། དེ་རྨི་ལམ་གྱི་མཚན་མ་རྗེས་སུ་དྲན་པས་མཆི་མ་ཀློག་པར་བྱེད་པ་དེ་བཞིན་དུ་། བཟང་སྐྱོང་། བྱང་ཆུབ་སེམས་དཔའ༡༦༢ཁྱིམ་པའམ་རབ་ཏུ་བྱུང་བ་ཡང་རུང་གཅིག་པུ༡༦༣དབེན་པར་སོང་སྟེ་། འདུག་ལ་། དེ་བཞིན་གཤེགས་པ་དགྲ་བཅོམ་པ་ཡང་དག་པར་རྫོགས་པའི་སངས་རྒྱས་ཚེ་དཔག་མེད་ཇི་སྐད་དུ་ཐོས་པའི་རྣམ་པས་ཡིད་ལ་བྱས་ཏེ་ཚུལ་ཁྲིམས་ཀྱི་ཕུང་པོ་ལ་སྐྱོན་མེད་ཅིང་། དྲན་པ་གཡེང་བ་མེད་པར་ཉིན་ཞག་གཅིག་གམ་། གཉིས་སམ་། གསུམ་མམ༡༦༤། བཞི་འམ་། ལྔ་འམ་། དྲུག་གམ་། ཉིན་ཞག་བདུན་དུ་ཡིད་ལ་བྱའོ་༎ དེ་གལ་ཏེ་ཉིན་ཞག་བདུན་དུ་སེམས་མི་གཡེང་བར་དེ་བཞིན་གཤེགས་པ་ཚེ་དཔག་མེད་ཡིད་ལ་བྱེད་ན༡༦༥། དེ་ཉིན་ཞག་བདུན་ཡོངས་སུ་ཚང༡༦༦སྟེ་། འདས་ནས་བཅོམ་ལྡན་འདས་དེ་བཞིན་གཤེགས་པ་ཚེ་དཔག་མེད་མཐོང་ངོ་༎ དེ་གལ་ཏེ་ཉིན་མོ་བཅོམ་ལྡན་འདས་དེ་མ༡༦༧མཐོང་ན་། དེ་ཉལ་བའི་རྨི་ལམ་དུ་བཅོམ་ལྡན་འདས་དེ་བཞིན་གཤེགས་པ་ཚེ་དཔག་མེད་དེའི་ཞལ་སྟོན་ཏོ","(3B) 'For example, Bhadrapāla, some men or women in dreams while sleeping see various material forms, see silver, gold, friends, kinfolk, maternal relations, or companions that are pleasing, dear, and not disagreeable to them, and in those dreams they dream of playing, dallying, and amusing themselves with them, of speaking and conversing with them. When they wake up they relate to others all those things and people that they saw, heard, thought, were conscious of, spoke and conversed with; and they shed tears at recalling the things which appeared (Skt. nimitta) in their dreams. In the same way, Bhadrapāla, bodhisattvas, whether they be householders or renunciants, go alone to a secluded spot and sit down, and in accordance with what they have learned they concentrate their thoughts on the Tathāgata, Arhat and Perfectly Awakened One Amitāyus; flawless in the constituent of morality and unwavering in mindfulness they should concentrate their thoughts on him for one day and one night, or for two, or three, or four, or five, or six, or seven days and nights.  If they concentrate their thoughts with undistracted minds on the Tathāgata Amitāyus for seven days and nights, then, when a full seven days and nights have elapsed, they see the Lord and Tathāgata Amitāyus.  Should they not see that Lord during the daytime, then the Lord and Tathāgata Amitāyus will show his face to them in a dream while they are sleeping.'"
ffb5671c566b4d7bbacc658c3e960d69," 
༼༣ཅ༽ བཟང་སྐྱོང་། འདི་ལྟ་སྟེ་དཔེར་ན་བུད་མེད་དམ་སྐྱེས་པ་ཉལ་བའི་རྨི་ལམ་ན་བདག་ཉིད་ཁྱིམ་ན་འདུག་པར་ཡང་མི་ཤེས་། ཕྱོགས་ན་འདུག་པར་ཡང་མི་ཤེས་ཤིང་། དེའི་མིག་གི་དབང་པོ་ལ་རྩིག༡༦༨པས་སྒྲིབ་པར་ཡང་མི་བྱེད་། མུན་པ་དང་རབ་རིབ་ཏུ་ཡང་མི་བྱེད་པ་དེ་བཞིན་དུ་། བཟང་སྐྱོང་། བྱང་ཆུབ་སེམས་དཔའ་སེམས་དཔའ་ཆེན་པོ་དེ་ཡང་ཇི་ལྟར་འཇིག་རྟེན་གྱི་བར་དག་གིས་སྒྲིབ་པར་ཡང་མི་བྱེད་། རིའི་རྒྱལ་པོ་རི་རབ་དང་། རིའི་རྒྱལ་པོ་ཁོར་ཡུག་དང་། ཁོར་ཡུག་ཆེན་པོ་དང་། དེ་བཞིན་དུ་གཞན་ཡང་རི་ནག་པོ་རྣམས་ཀྱིས་མིག་གི་དབང་པོ་ལ་སྒྲིབ་པར་མི་བྱེད་པ་དེ་ལྟ་དེ་ལྟར་སེམས་བསྐྱེད་དེ་། བྱང་ཆུབ་སེམས་དཔའ་དེ་ལྷའི་མིག་ཐོབ་པས་དེ་བཞིན་གཤེགས་པ་མཐོང་བའང་མ་ཡིན་། ལྷའི་རྣ་བའི་ཁམས་ཐོབ་པས་། དམ་པའི་ཆོས་ཉན་པའང་མ་ཡིན་། རྫུ་འཕྲུལ་གྱི་སྟོབས་ཐོབ་པས་། འཇིག་རྟེན་གྱི་ཁམས་དེར་སྐད་ཅིག་ཏུ་འགྲོ་བའང་མ་ཡིན་གྱི་། བཟང་སྐྱོང་། བྱང་ཆུབ་སེམས་དཔའ་དེ་འཇིག་རྟེན་གྱི་ཁམས་འདི་ཉིད་ན་གནས་བཞིན་དུ་། བཅོམ་ལྡན་འདས་དེ་བཞིན་གཤེགས་པ་ཚེ་དཔག་ཏུ་མེད་དེ་མཐོང་ཞིང་བདག་ཉིད་འཇིག་རྟེན་གྱི་ཁམས་དེ་ན་འདུག་པ་སྙམ་དུ་ཤེས་ལ་ཆོས་ཀྱང་ཉན་ཏོ་༎ འཆད་པ་ཐོས་ནས་ཀྱང་ཆོས་དེ་དག་ཀུན་འཛིན་ཏོ་༎ ཀུན་ཆུབ་པར་བྱེད་དོ་༎ འཛིན་པར་བྱེད་དོ་༎ བཅོམ་ལྡན་འདས་དེ་བཞིན་གཤེགས་པ་དགྲ་བཅོམ་པ་ཡང་དག་པར་རྫོགས་པའི་སངས་རྒྱས་ཚེ་དཔག་མེད་དེ༡༦༩ལ་བཀུར་སྟིར་བྱེད་དོ་༎ བླ་མར་བྱེད་དོ་༎ རི་མོར་བྱེད་དོ་༎ མཆོད་པར་བྱེད་དོ་༎ བྱང་ཆུབ་སེམས་དཔའ་དེའི་ཏིང་ངེ་འཛིན་དེ་ལས་ལངས་ནས་ཀྱང་ཇི་སྐད་དུ་ཐོས་པ་དང་། ཇི་ལྟར་བཟུང་བ་དང་། ཇི་ལྟར་ཀུན་ཆུབ་པར་བྱས༡༧༠པའི་ཆོས་དེ་དག་གཞན་དག༡༧༡ལ་ཡང་རྒྱ་ཆེར་ཡང་དག་པར་འཆད་དོ","(3C) 'For example, Bhadrapāla, women or men in dreams while sleeping neither know if they are at home nor know if they are elsewhere, and their faculty of sightis not obstructed by walls, nor is it darkened or obscured. In the same way, Bhadrapāla, those bodhisattvas and mahāsattvas too conceive a thought in such a way that the spaces between worlds do not obstruct them, that Sumeru, King of Mountains, the Cakravāḍa;la and the Greater Cakravāḍa, Kings of Mountains, and similarly the Black Mountains do not obstruct their faculty of sight; those bodhisattvas do not see the Tathāgata through obtaining divine vision, do not hear the True Dharma through obtaining the divine faculty of hearing, and do not travel instantaneously to that world-system through obtaining magic power, but while remammg in this very world-system, Bhadrapāla, those bodhisattvas see that Lord and Tathāgata Amitāyus, perceive themselves as being in that world-system, and also hear the Dharma.  And they retain, master, and preserve those dharmas after hearing them expounded. They honour, revere, venerate and worship that Lord, the Tathāgata, Arhat and Perfectly Awakened One Amitāyus.  And on emerging from that samādhi the bodhisattvas expound at length to others those dharmas, just as they have heard, retained, and mastered them.'"
2d5516950b3a4e71878189df9a9238e3," 
༼༣ཌ༽ བམ་པོ་གཉིས་པ་༎ བཟང་སྐྱོང་། འདི་ལྟ་སྟེ་དཔེར་ན་སྐྱེས་བུ་ཞིག་རྒྱལ་པོའི་ཁབ་ཀྱི་གྲོང་ཁྱེར་ཆེན་པོ་ན་འདུག་པ་ལས་ཡངས་པ་ཅན་གྱི་གྲོང་ཁྱེར་ན་སྨད་འཚོང༡༧༢མ་ཡིད་བཟང༡༧༣ཞེས༡༧༤བྱ་བ་ཞིག་ཡོད་པར་ཐོས་སོ་༎ སྐྱེས་བུ་གཉིས་པས་ནི་སྨད་འཚོང༡༧༥མ་ཨ་མྲ་སྐྱོང་ཞེས་བྱ་བ་ཞིག་ཡོད་པར་ཐོས་སོ་༎ སྐྱེས་བུ་གསུམ་པས་ནི་སྔོན་གྱི་སྨད་འཚོང་མ་ཨུ་ཏཔ༡༧༦ལའི་མདོག་ཅེས་བྱ་བ་ཡོད་པར་ཐོས་སོ་༎ དེ་རྣམས་ཀྱིས་དེ་དག་ཐོས་ནས་སོ་སོར་སོ་སོ་ལ་སེམས་ཆགས་པར་གྱུར་མོད་ཀྱི་། སྐྱེས་བུ་དེ་རྣམས་ཀྱིས་སྨད་འཚོང་མ་དེ་རྣམས་མཐོང་བ་ནི་མ་ཡིན་ཏེ་། མིང་དང་གཟུགས་དང་ཁ་དོག་ཙམ་ཞིག་ཐོས་པས་འདོད་ཆགས་ཀྱི་སེམས་སྐྱེད༡༧༧པར་གྱུར་ཏོ་༎ དེ་དག་ཕྱི་ཕྱིར་ཞིང་དེ་ཡིད་ལ་བྱེད་བཞིན་དུ་ཉལ་བ་དང་། རྨི་ལམ་དུའང་སྨད་འཚོང་མ་དེ་དག་གི་དྲུང་དུ་བདག་ཅག་དོང་བ་སྙམ་དུ་ཤེས་ཏེ་། ཇི་ལྟར་སྐྱེས་བུ་དེ་དག་རྒྱལ་པོའི་ཁབ་ཀྱི་གྲོང་ཁྱེར་ཆེན་པོ་ན་འཁོད་ཅིང་སྔོན་མ་ཉལ་བར་དེ་ལྟ་ད་ལྟར་འདོད་ཆགས་དང་ལྡན་པའི་སེམས་སྐྱེད་པ་དེ་བཞིན་དུ་སྐྱེས་བུ་དེ་དག་ཉལ་ནས་ཀྱང༡༧༨རྨི་ལམ་ན་སྨད་འཚོང་མ་དེ་དག་མཐོང་ཞིང་ཕན་ཚུན་སྤྲད་དེ་འཁྲིག་པའི་ཆོས་ལ་བསྟེན༡༧༩ནས་འཁྲིག་པ་ལ་དད་པ་དེ་དང་ཡང་བྲལ་བར་གྱུར་པར་ཡང༡༨༠རྨིས་སོ་༎ དེ་དག་སད་ནས་ཇི་ལྟར་མཐོང་བ་དང་། ཐོས་པ་དང་། ཤེས་པ་དང་། རྟོགས༡༨༡པའི་རྨི་ལམ་ན་མྱོང་བ་རྗེས་སུ་དྲན་ནས་བཟང་སྐྱོང་། ཁྱོད་གང་ན་བ་དེར་དོང་སྟེ་། ཕྱིན་ནས་ཁྱོད་ལ་དོན་དེ་དག་བརྗོད༡༨༢དོ་༎ ཁྱོད་ཀྱིས༡༨༣དོན་དེ་དག་ཐོས་ནས་ལུང་འདི་ཉིད་ཀྱིས༡༨༤ཅི་ནས་ཀྱང་དེ་དག་བླ་ན་མེད་པ་ཡང་དག་པར་རྫོགས་པའི་བྱང་ཆུབ་ལས་ཕྱིར་མི་ལྡོག་པར་འགྱུར་བ་དེ་ལྟ་དེ་ལྟར་ཆོས་བསྟན་ཏོ་༎ ངས་ཀྱང་སྐྱེས་བུ་དེ་དག་མ་འོངས་པའི་དུས་ན་དེ་བཞིན་གཤེགས་པ་དགྲ་བཅོམ་པ་ཡང་དག་པར་རྫོགས་པའི་སངས་རྒྱས་ལེགས་པར་སད་པ་ཞེས་བྱ་བ་རྣམས་སུ་འགྱུར་རོ་། ཞེས་ལུང་སྟོན་ཏོ་༎ སྐྱེས་བུ་དེ་དག་བཟོད་པ་རྙེད་ཀྱང་ད་དུང་སྔོན༡༨༥གྱི་མཚན་མ་དེ་དག་མཐོང་ཞིང་རྗེས་སུ་དྲན་ནོ","(3D) BAMPO TWO 'For example, Bhadrapāla, one man living in the great city of Rājagṛha heard that there was a courtesan in the city of vaiśālī called Sumanā; a second man heard that there was a courtesan called Āmrapālī; and a third man heard that there was a former courtesan called Utpalavarṇā.  Having heard of them they fell in love with them, each with each; without those men ever having seen those courtesans, but just through hearing of their names, appearance, and beauty, they came to have lustful thoughts.  While repeatedly thinking about them, they went to sleep, and in their dreams they perceived themselves as having visited those courtesans, so that, in accordance with the lustful thoughts which those men conceived while they were awake in the great city of Rajagrha, when they fell asleep those men dreamt in a dream that they saw those courtesans, consorted with them, indulged in sexual intercourse, and were relieved of their sexual desire.  On waking up they remembered what they had experienced in their dreams, as they had seen, heard, known and perceived it, Bhadrapāla, and coming to you they related those things to you. Having heard those things you taught the Dharma to them by means of this very teaching, so that they would become unable to regress from supreme and perfect awakening.  I too predicted that at a future time those men would become Tathāgatas, Arhats and Perfectly Awakened Ones under the name of *Suvibuddha.  Although those men have attained patient acceptance (Skt. kṣānti), they still see and recall those former appearances.'"
fce89f2b6f8c42399a7746058d424e1a," 
༼༣E༽ བཟང་སྐྱོང་། དེ་བཞིན་དུ་བྱང་ཆུབ་སེམས་དཔའ་ད་ལྟར་གྱི་སངས་རྒྱས་མངོན་སུམ་དུ་བཞུགས་པའི་ཏིང་ངེ་འཛིན་འདི་དང་ལྡན་པ་དེ་ནི་འཇིག་རྟེན་གྱི་ཁམས་འདི་ཉིད་ན་འདུག་བཞིན་དུ་བཅོམ་ལྡན་འདས་དེ་བཞིན་གཤེགས་པ་དགྲ་བཅོམ་པ་ཡང་དག་པར་རྫོགས་པའི་སངས་རྒྱས་ཚེ་དཔག་མེད་དེ་ཐོས་སོ་༎ དེས་དེ་བཞིན་གཤེགས་པ་དེའི་མཚན་དང་། གཟུགས་དང་། ཡོན་ཏན་ཙམ་ཞིག་ཐོས་ནས་སེམས་མི་གཡེང་བར་བཅོམ་ལྡན་འདས་དེ་བཞིན་གཤེགས་པ་དགྲ་བཅོམ་པ་ཡང་དག་པར་རྫོགས་པའི་སངས་རྒྱས་ཚེ༡༨༦དཔག་མེད་དེ་ཡང་དག་པར་རྗེས་སུ་དྲན་པར་བྱེད་དོ་༎ དེ་༡༨༧ཕྱི་ཕྱིར་ཞིང་ཡིད་ལ་བྱེད་པས་དེ་བཞིན་གཤེགས་པ་དེ་མཐོང་ངོ་༎ ད་ལྟར་གྱི་སངས་རྒྱས་མངོན་སུམ་དུ་བཞུགས་པའི་བྱང་ཆུབ་སེམས་དཔའི་ཏིང་ངེ་འཛིན་དེ༡༨༨ལ་གནས་ཏེ་། དེས་དེ་བཞིན་གཤེགས་པ་དེ་མཐོང་ནས་། བཅོམ་ལྡན་འདས་། ཆོས་གང་དང་ལྡན་ན་། བྱང་ཆུབ་སེམས་དཔའ་སེམས་དཔའ་ཆེན་པོ་འཇིག་རྟེན་གྱི་ཁམས་འདིར་སྐྱེ་བར་འགྱུར་། ཞེས་ཞུ་བ་ཞུའོ་༎ དེ་བཞིན་དུ་སངས་རྒྱས་ཀྱི་ཞིང་གང་དང་གང་དུ་སྐྱེ་བར་འདོད་པ་དེའི་ཚེ་དེ་བཞིན་གཤེགས་པ་ལ་ཞུའོ","(3E) 'In the same manner, Bhadrapāla, bodhisattvas who possessed this samādhi of Direct Encounter with the Buddhas of the Present heard of the Lord, the Tathāgata, Arhat and Perfectly Awakened One Amitāyus, while they were in this very world-system. Having simply heard of that Tathāgata's name, appearance, and qualities, with undistracted thoughts they called to mind the Lord, the Tathāgata, Arhat and Perfectly Awakened One Amitāyus. By repeatedly concentrating on him they saw that Tathāgata. Established in the bodhisattvas' samādhi of Direct Encounter with the Buddhas of the Present, when they saw that Tathāgata, they asked the question: ""Lord, what dharmas must bodhisattvas and mahāsattvas possess to be reborn in this world-system of yours?"" In this way whenever one wishes to be reborn in any Buddha-field, one asks the Tathāgataof that Buddha-field.'"
ff28cc847ea949d9b239395d666e6ce5," 
༼༣F༽ དེ་སྐད་ཞུས་ནས་བཅོམ་ལྡན་འདས་དེ་བཞིན་གཤེགས་པ་ཚེ༡༨༩དཔག་མེད་དེས་བྱང་ཆུབ་སེམས་དཔའ་དེ་ལ་འདི་སྐད་ཅེས་བཀའ་སྩལ་ཏོ་༎ རིགས་ཀྱི་བུ་། སངས་རྒྱས་རྗེས་སུ་དྲན་པ་ཀུན་ཏུ་བསྟེན་། ངེས་པར་བསྟེན་ཅིང་བསྒོམས་ལ་མང་དུ་བྱས་ན་། འཇིག་རྟེན་གྱི་ཁམས་འདིར་སྐྱེ་བར་བྱེད་དོ་༎ སངས་རྒྱས་རྗེས་སུ་དྲན་པ་ཀུན་ཏུ་བསྟེན་། ངེས་པར་བསྟེན་ཅིང་བསྒོམས་ལ་མང་དུ་བྱས་ན་། སངས་རྒྱས་ཀྱི་ཞིང་འདིར་སྐྱེ་བར་འགྱུར་རོ་༎ རིགས་ཀྱི་བུ་། དེ་ལ་སངས་རྒྱས་རྗེས་སུ་དྲན་པ་དེ་གང་ཞེ་ན་། འདི་ལྟ་སྟེ་། གང་དེ་བཞིན་གཤེགས་པ་ཡིད་ལ་བྱེད་པ་སྟེ་། འདི་ལྟར་དེ་ནི༡༩༠དེ་བཞིན་གཤེགས་པ་དགྲ་བཅོམ་པ་ཡང་དག་པར་རྫོགས་པའི་སངས་རྒྱས་རིག་པ་དང་ཞབས་སུ་ལྡན་པ་། བདེ་བར་གཤེགས་པ་། འཇིག་རྟེན་མཁྱེན་པ་། སྐྱེས་བུ་འདུལ་བའི་ཁ་ལོ་སྒྱུར་བ་བླ་ན་མེད་པ་། ལྷ་དང་མི་རྣམས་ཀྱི་སྟོན་པ་། སངས་རྒྱས་བཅོམ་ལྡན་འདས་སྐྱེས་བུ་ཆེན་པོའི་མཚན་སུམ་ཅུ༡༩༡རྩ་གཉིས་དང་། གསེར་གྱི་མདོག་ལྟ་བུའི་སྐུ་དང་ལྡན་པ་། གསེར་གྱི་གཟུགས་འཚེར་ཞིང་གསལ་ལ་ལེགས་པར་གནས་པ་དང་འདྲ་བ་རིན་པོ་ཆེའི་མཆོད་སྡོང་ལྟར་ཤིན་ཏུ་བརྒྱན༡༩༢པ་། ཉན་ཐོས་ཀྱི་དགེ་འདུན་གྱི་ནང་ན་ཆོས་ཀྱང་སྟོན་ཏེ་། ཅི་ནས་ཀྱང་ཆུད་མི་ཟ་བ་དེ་ལྟར་སྟོན་ཏོ་༎ ཅི་ཞིག་ཆུད་མི་ཟ་ཞེ་ན་། ས་ཆུད་མི་གཟོན་ཏོ༡༩༣༎ ཆུ་དང་། མེ་དང་། རླུང་དང་། འབྱུང་པོ་དང་། ལྷ་དང་། བྲམ་ཟེ་དང་། སྐྱེ་དགུའི༡༩༤བདག་པོ་ཆུད་མི་གཟོན་ཏོ་༎ གཟུགས་ཆུད་མི་གཟོན་ཏོ་༎ ཚོར་བ་དང་། འདུ་ཤེས་དང་། འདུ་བྱེད་དང་། རྣམ་པར་ཤེས་པ་ཆུད་མི་གཟོན་ཏོ་༎ དེ༡༩༥དེ་བཞིན་གཤེགས་པ་རློམ་སེམས་སུ་མི་བྱེད་། མི་དམིགས་། མངོན་པར་མི་ཆགས་། ཡང་དག་པར་མི་ཤེས་། མི་རྟོག་། རྣམ་པར་མི་རྟོག་། ཡང་དག་པར་རྗེས་སུ་མི་མཐོང་སྟེ་། གང་དེ་ལྟར་དེ་བཞིན་གཤེགས་པ་མི་དམིགས་པར་ཡིད་ལ་བྱེད་པས་སྟོང་པ་ཉིད་ཀྱི་ཏིང་ངེ་འཛིན་ཐོབ་པ་དེ་ནི་། སངས་རྒྱས་རྗེས་སུ་དྲན་པ་ཞེས་བྱ་སྟེ","(3F) 'Having been asked this question, the Lord and Tathāgata Amitāyus said to those bodhisattvas:  ""Sons of good family, if the calling to mind of the Buddha (Skt. buddhānusmṛti) is practised, cultivated, developed and rehearsed, then one is reborn in this world-system. If the calling to mind of the Buddha is practised, cultivated, developed and rehearsed, then one will be reborn in this Buddha field.  What then, sons of good family, is the calling to mind of the Buddha? It is when one concentrates on the Tathāgata in this way: 'He, the Tathāgata, Arhat and Perfectly Awakened One, the Accomplished in Knowledge and Conduct, the Sugata, the Knower of the World, the Leader of All Men Capable of Conversion, the Supreme One, the Teacher of Devas and Humankind, the Buddha and Lord,9 endowed with the thirty-two marks of the Great Man and a body with a colour like gold, resembling a bright, shining, and well-set golden image, and well adorned like a bejewelled pillar, teaches the Dhanna in the midst of an assembly of sravakas, that is, teaches to the effect that nothing perishes.  What does not perish? Earth does not perish. Water, fire, air, beings (Skt. bhūta), the devas, Brahmā and Prajapati do not perish. Fonn does not perish. Feelings, apperception, predispositions, and consciousness do not perish;'  and one does not misconceive, does not objectify (Skt. upalabhyate), does not fixate on, does not falsely perceive, does not falsely imagine, does not falsely discriminate, and does not review the Tathāgata: 12 when in this way one obtains the samādhi of emptiness by concentrating on the Tathāgata without objectification, that is known as the calling to mind of the Buddha.'"""
f111b7a79f734610a1ff64d97dce45eb," 
༼༣ག༽ བྱང་ཆུབ་སེམས་དཔའ་དེ་ཏིང་ངེ་འཛིན་དེ་བསྒོམས་ཤིང་ཏིང་ངེ་འཛིན་དེ་ལ་མཉམ་པར་བཞག༡༩༦ནས་ཏིང་ངེ་འཛིན་དེ་ལས་ལངས་ཏེ་བཟང་སྐྱོང་། ཁྱོད་གང་ན་བ་དེར་སོང་ནས་ཕྱིན་པ་དང་ཏིང་ངེ་འཛིན་དེ༡༩༧བརྗོད༡༩༨དོ་༎ བཟང་སྐྱོང་། དེ་ལ་ཁྱོད་ཀྱིས༡༩༩ཅི་ནས་ཀྱང་བྱང་ཆུབ་སེམས་དཔའ་དེ་བླ་ན་མེད་པ་ཡང་དག་པར་རྫོགས་པའི་བྱང་ཆུབ་ལས་ཕྱིར་མི་ལྡོག་པར་འགྱུར་བ་དེ་ལྟ་དེ་ལྟར་ཆོས་སྟོན་ཏོ་༎ དེ་ལ་ངས་ཀྱང་སྐྱེས་བུ་དེ་ནི་། མ་འོངས་པའི་དུས་ན་དེ་བཞིན་གཤེགས་པ་དགྲ་བཅོམ་པ་ཡང་དག་པར་རྫོགས་པའི་སངས་རྒྱས་སྤོབས་པ་རྙེད་པ་ཞེས་བྱ་བར་འགྱུར་རོ་༎ ཞེས་ལུང་སྟོན་ཏོ་༎ བཟང་སྐྱོང་། ཁྱོད་ཉིད་དང་། གནས་བརྟན་འོད་སྲུང་ཆེན་པོ་དང་། བྱང་ཆུབ་སེམས་དཔའ་དབང་པོ་བྱིན་དང་། བྱང་ཆུབ་སེམས་དཔའ་མཚམས་བཟང༢༠༠དང་། གཞན་ཡང་བྱང་ཆུབ་སེམས་དཔའ་གང་དག་གིས་ཏིང་ངེ་འཛིན་འདི་ཐོབ་པ་རྣམས་ཏིང་ངེ་འཛིན་འདི་ལ༢༠༡དབང་དུ་གྱུར་པ་ཡིན་ཏེ","(3G) 'After they developed that samādhi and concentrated themselves in that samādhi, those bodhisattvas, when they emerged from that samādhi, came to you, Bhadrapāla, and told you about that samādhi. Then, Bhadrapāla, you taught the Dharma so that those bodhisattvas became unable to regress from supreme and perfect awakening. Then I also predicted that at a future time those men would become Tathāgatas, Arhats and Perfectly Awakened Ones under the name of *Prāptapratibhāna.'  'Bhadrapāla, you yourself, the Elder Mahākāśyapa, the bodhisattva Indradatta, the bodhisattva Susīma and, moreover, the bodhisattvas who have obtained this samādhi, have gained mastery from this samādhi.'"
9bbcb76a6214456190c2b779b1a5cdfc," 
༼༣H༽ བཟང་སྐྱོང་། སྔོན་བྱུང་བ་འདས་པའི་དུས་ན་སྐྱེས་བུ་གཅིག་ཅིག་དགོན་པའི་མྱ་ངམ་ཞིག་ཏུ་སོང་བ་དང་། དེ་བཀྲེས་ཤིང་སྐོམས༢༠༢ནས་རྨུགས་པ་དང་། གཉིད་ཀྱིས་ནོན་ཏེ་། དེ༢༠༣ཉལ་བ་དང་། རྨི་ལམ་ན་བཟའ་བ་དང་། བཏུང་བ་མང་པོ་ཞིག་རྙེད་དོ་༎ རྙེད་ནས་ཀྱང་ཇི་ཙམ་ཆོག་པར་ཟོས་ཏེ་བཀྲེས་པ་དང་། སྐོམ་པ་དེ་དག་ཀྱང་མེད་པར་གྱུར་ཏོ་༎ དེ་སད་པ་དང་། ལུས་དང་ལྟོ་མ་རྒྱས་པར་གྱུར་ནས་། དེ་འདི་སྙམ་དུ་། འདི་ལྟ་སྟེ་རྨི་ལམ་དང་འདྲ་བ་དེ་ལྟ་བུའི་ཆོས་ཤིག་ཡོད་དོ་། སྙམ་སྟེ་། དེ་དེ་ལྟར་རྟོགས་པས་མི་སྐྱེ་བའི་ཆོས་ལ་བཟོད་པ་ཐོབ་པར་གྱུར་ཏོ་༎ བླ་ན་མེད་པ་ཡང་དག་པར་རྫོགས་པའི་བྱང་ཆུབ་ལས་ཀྱང༢༠༤ཕྱིར་མི་ལྡོག་པར་གྱུར་ཏོ་༎ བཟང་སྐྱོང་། དེ་བཞིན་དུ་བྱང་ཆུབ་སེམས་དཔའ་ཁྱིམ་པའམ་རབ་ཏུ་བྱུང་བའང་རུང་། ཕྱོགས་གང་དང་གང་ན་དེ་བཞིན་གཤེགས་པ་བཞུགས་པར་ཐོས་པའི་ཕྱོགས་དེ་དང་དེ་ལོགས་སུ་དེ་བཞིན་གཤེགས་པ་དེ་ཡིད་ལ་བྱས་ན་། དེས་སངས་རྒྱས་མཐོང་བ་ཐོབ་བོ་༎ དེས་དངོས་པོའི་འདུ་ཤེས་སུ་མི་བྱའི་། ནམ་མཁའི་འདུ་ཤེས་སུ་བྱ་སྟེ་། དེ་ནམ་མཁའི་འདུ་ཤེས་ལ་ཤིན་ཏུ་གནས་ཤིང་སངས་རྒྱས་ཀྱི་འདུ་ཤེས༢༠༥ཤིན་ཏུ་ཡིད་ལ་བྱས་པས་། དེ་བཞིན་གཤེགས་པ་བཻ་ḍū༢༠༦རྱའི་སྐུ་གཟུགས་ལྟ་བུ་བཟང་པོ་བྱང་ཆུབ་སེམས་དཔའ་དེས་མངོན་སུམ་དུ་མཐོང་བར་འགྱུར་ཏེ་། བྱང་ཆུབ་སེམས་དཔའ་དེས་དེ་བཞིན་གཤེགས་པ་དགྲ་བཅོམ་པ་ཡང་དག་པར་རྫོགས་པའི་སངས་རྒྱས་དེ་ལྟ་བུ་དེ་མཐོང་བར་འགྱུར་རོ","(3H) 'Bhadrapāla, fonnerly, in the past, a certain man travelled into a deserted wilderness, and having become hungry and thirsty was overcome by torpor and lethargy; he fell asleep, and in a dream obtained a great quantity of food and drink. On obtaining it he ate his fill, and his hunger and thirst vanished.  When he awoke, neither his body nor his belly had grown any larger, and so he thought: ""There exist certain dharmas which are so, that is, like a dream; understanding that to be so he obtained the patient acceptance of the fact that dharmas are not produced (Skt. anutpattika-dharma-kṣānti); and he also became unable to regress from supreme and perfect awakening.'  In the same manner, Bhadrapāla, if bodhisattvas, whether they are householders or renunciants, hear that a Tathāgata resides in such and such a quarter, and concentrate their thoughts on the Tathāgata in that quarter, they will obtain a vision of the Buddha. They should not entertain the apperception of an existing thing, but should entertain the apperception of empty space; being properly established in the apperception of empty space, by concentrating their thoughts on the apperception of a Buddha, those bodhisattvas will see the Tathāgata face to face, beautiful and resembling an image of beryl; those bodhisattvas will see such a Tathāgata, Arhat and Perfectly Awakened One.'"
cbdc2316e5eb4caa94d2c142511d0d00," 
༼༣ཨཱི༽ བཟང་སྐྱོང་། འདི་ལྟ་སྟེ་དཔེར་ན་སྐྱེས་བུ་ལ་ཞིག་རང་སྐྱེས་པའི་ཡུལ་ནས་ལྗོངས་ཀྱི་ཕྱོགས་གཞན་ཞིག་ཏུ་སོང་སྟེ་ཕྱིན་པ་དང་། རང་སྐྱེས་པའི་ཡུལ་དེ་རྗེས་སུ་དྲན་ནས་ཇི་ལྟར་མཐོང་བ་དང་། ཐོས་པ་དང་། ཤེས་པ་དང་། རྟོགས་པའི་ཆོས་རྣམས་ཡིད་ལ་བྱེད་པ་ལས་རྨུགས་པ་དང་། གཉིད་ཀྱིས་ནོན་ཏེ་། དེ་ཉལ་བ་དང་། རྨི་ལམ་ན་རང་སྐྱེས་པའི་ཡུལ་དུ་སོང་ནས་དེ་ན་བདག་ཉིད་འདུག་པ་སྙམ་དུ་ཤེས་ཤིང་། ཇི་ལྟར་སྔོན༢༠༧མཐོང་བ་དང་། ཐོས་པ་དང་། བྱེ་བྲག་ཕྱེད་པ་དང་། རྣམ་པར་ཤེས་པ་དེ་དག་ཀྱང་མཐོང་ངོ་༎ དེ་ན་འགྲོ་ཞིང་ལྡོག་པ་དག་ཀྱང་བྱེད་དོ་༎ དེ་སད་པ་དང་གཉེན་འདབ༢༠༨དང་། མཛའ་བཤེས་དང་། ཉེ་དུ་དང་། སྣག་གི་གཉེན༢༠༩མཚམས་རྣམས་ཀྱི་ནང་དུ་ང་ནི་འདི་ལྟར་སོང་སོང་ངོ་༎ ངས་ནི་འདི་དག་མཐོང་ངོ་༎ དེར་ངས་ནི་འདི་དག་མྱོང་ངོ་༎ ཞེས་དོན་དེ་དག་ཀྱང་རྗོད༢༡༠དོ་༎ བཟང་སྐྱོང་དེ་བཞིན་དུ་བྱང་ཆུབ་སེམས་དཔའ་སེམས་དཔའ་ཆེན་པོ་ཁྱིམ་པའམ་རབ་ཏུ་བྱུང་བ་ཡང་རུང་། ཕྱོགས་གང་དང་གང་ན་དེ་བཞིན་གཤེགས་པ་བཞུགས་པར༢༡༡ཐོས་པའི་ཕྱོགས་དང་དེ་ལོགས་སུ་དྲན་པ་དང་ལྡན་ཞིང་། སེམས་གཡེང་བ་མེད་པས་སངས་རྒྱས་མཐོང་བ་ཐོབ་པར་བྱ་བའི་ཕྱིར་དེ་བཞིན་གཤེགས་པ་དེ་ཡིད་ལ་བྱའོ་༎ དེ་ལྟར་བྱང་ཆུབ་སེམས་དཔའ་དེས་དེ་བཞིན་གཤེགས་པ་བཻ་ḍū༢༡༢རྱའི་སྐུ་གཟུགས་བཟང་པོར་གནས་པ་མཐོང་པར་འགྱུར་རོ","(3I) 'For example, Bhadrapāla, a certain man travelled from his native land to another country, and arriving there he called to mind his native land; while concentrating his thoughts on things as he used to see, hear, know, and perceive them he was overcome by torpor and lethargy, and fell asleep; in a dream he travelled to his native land and perceived himself to be there, and he saw those things just as he formerly used to see, hear, discern and be aware of them; he went both to and from that place. Waking up, he reported those things in the company of his relatives, friends, kinsfolk, and maternal relations, saying:  ""Thus did I go, these things I saw, these things I experienced in that place.'""  'In the same manner, Bhadrapāla, bodhisattvas, whether they are householders or renunciants, should, when they hear that a Tathāgata resides in such and such a quarter, concentrate on the Tathāgata in that quarter with mindfulness and undistracted thoughts, in order to obtain a vision of the Buddha. In that way those bodhisattvas will see the Tathāgata like a beautifully set up beryl image."
950176dacf8a4925a2bf0506a06c554c," 
༼༣J༽ བཟང་སྐྱོང་། འདི་ལྟ་སྟེ་དཔེར་ན་དགེ་སློང་མི་སྡུག་པ་སྒོམ་པ་ཞིག་གིས་མདུན་ན་རྣམ་པར་བམ་པའི་གཟུགས་རྣམས་མཐོང་ཞིང་། རྣམ་པར་སྔོས་པ་དང་། རྣམ་བར་རྣགས༢༡༣པ་དང་། རྣམ་པར་དམར་བ་དང་། རྣམ་པར་ཟོས་པ་དང་། ཤ་རྣམས་འཕགས༢༡༤པ་འམ་། ཤ་དང་ཁྲག་མེད་པ་འམ་། དཀར་པོ་འམ་། ཁ་དོག་དུང་དང་འདྲ་བ་འམ་། ཀེང་རུས་ཤིག་མདུན་དུ་མཐོང་ན་། རྣམ་པར་སྔོས་པ་ནས་ཀེང་རུས་ཀྱི་བར་དུ་དེ་དག་གང་ནས་ཀྱང་མ་འོངས་། གང་དུ་ཡང་མ་སོང་ངོ་༎ དེ་དག་སུས་ཀྱང་མ་བྱས་། སུས་ཀྱང་མ་བགགས་ཏེ་། བཟང་སྐྱོང་། འོན་ཀྱང་དགེ་སློང་དེའི་སེམས་རྩེ་གཅིག་པའི་དབང་གིས་མདུན༢༡༥ན་ཀེང་རུས་འདུག་པ་མཐོང་ངོ་༎ བཟང་སྐྱོང་། དེ་བཞིན་དུ་སངས་རྒྱས་ཀྱིས་ཡོངས་སུ་བཟུང་བའི་བྱང་ཆུབ་སེམས་དཔའ་ཏིང་ངེ་འཛིན་འདི་ལ་གནས་པ་རྣམས་ཕྱོགས་གང་དང་གང་ན་དེ་བཞིན་གཤེགས་པ་དགྲ་བཅོམ་པ་ཡང་དག་པར་རྫོགས་པའི་སངས་རྒྱས་བཞུགས་པའི་ཕྱོགས་དེ་དང་དེ་ལོགས་སུ་སངས་རྒྱས་མཐོང་བ་འཐོབ་པར་བྱ་བའི་ཕྱིར་ཡིད་ལ་བྱེད་དོ་༎ ཕྱོགས་དེ་དང་དེ་ལོགས་སུ་ཡིད་ལ་བྱས་པས་དེས་ཕྱོགས་དེ་དང་དེ་ལོགས་སུ་དེ་བཞིན་གཤེགས་པ་དགྲ་བཅོམ་པ་ཡང་དག་པར༢༡༦རྫོགས་པའི་སངས་རྒྱས་དེ་དག་མཐོང་ངོ་༎ དེ་ཅིའི་ཕྱིར་ཞེ་ན་། བཟང་སྐྱོང་། འདི་ལྟ་སྟེ་། སངས་རྒྱས་མཐོང་བ་འཐོབ་པར་འགྱུར་བ་འདི་ནི་ཏིང་ངེ་འཛིན་འདིའི་རྒྱུ་མཐུན་པ་ཡིན་ནོ་༎ ཏིང་ངེ་འཛིན་འདི་ལ་གནས་པའི་བྱང་ཆུབ་སེམས་དཔའ་ནི་སངས་རྒྱས་ཀྱི་མཐུ་དང་། རང་གིས༢༡༧དགེ་བའི་རྩ་བའི་སྟོབས་བསྐྱེད་པ་དང་། ཏིང་ངེ་འཛིན་ཐོབ་པའི་ཕྱིར་དང་། འདི་དག་གསུམ་ཚོགས་ཤིང་འདུས་པས་དེས༢༡༨དེ་བཞིན་གཤེགས་པ་རྣམས་མཐོང་ཞིང་སྣང་བར་འགྱུར་རོ","(3J) 'For example, Bhadrapāla, when a bhikṣu performing the meditation on the repulsive sees in front of him bloated corpses, when he sees in front of him corpses that have turned blue, that are putrefied, that are bloody, that are gnawed, that the flesh has peeled from, or that have no flesh or blood, or are white, or the colour of shells, or those that are skeletons, then those things-from the blue corpse to tJ1e skeleton--have not come from anywhere, nor have they gone anywhere. They are not made by anyone, nor are they made to cease by anyone, yet, Bhadrapāla, by that bhikṣu's mastery of mental focussing he sees the skeleton lying in front of him.'  'In the same manner, Bhadrapāla, whatever quarter Tathāgatas, Arhats and Perfectly Awakened Ones might dwell in, those bodhisattvas who are supported by the Buddha and established in this samādhi concentrate their minds on that quarter, in order to obtain a vision of the Buddhas. By concentrating their minds on that quarter they see the Tathāgatas, Arhats and Perfectly Awakened Ones in that quarter. Why is that? Namely, Bhadrapāla, this obtaining .Qf a vision of the Buddhas is the natural outcome of this samādhi. Bodhisattvas who are established in this samādhi see the Tathāgatas, and they appear to them, through the combination and concurrence of these three things: the might (Skt. anubhava) of the Buddha, the application of the force of their own wholesome potentialities, and the power which is the result of attaining samādhi.'"
4877941fb24c4a9e8bd95a05a2d5be1a," 
༼༣ཀ༽ བཟང་སྐྱོང་། འདི་ལྟ་སྟེ་དཔེར་ན་བུད་མེད་དམ་། སྐྱེས་པ་གང་ལ་ལ་མགོ་འཁྲུ་ཞིང་རྒྱན་འདོགས་པའི་རང་བཞིན་ཅན་ཞིག་ཡོད་ལ་། དེ་འབྲུ་མར་དང་བའི་སྣོད་དམ་། ཆུ་དང་བའི་སྣོད་དམ་། ཡོངས་སུ་ཕྱིས་པའི་མེ་ལོང་གི་དཀྱིལ་འཁོར་རམ་། མཐིང་བུས་བསྐུས་པའི་ས་ཕྱོགས་ལ་བདག་ཉིད་བལྟ་བར་བསམས༢༡༩ནས་དེས་དེར་བདག་ཉིད་ཀྱི་གཟུགས་མཐོང་ན་། བཟང་སྐྱོང་། དེ་ལ་ཇི་སྙམ་དུ་སེམས་། འབྲུ་མར་དང་པའི་སྣོད་དམ་། ཆུ་དང་བའི་སྣོད་དམ་། ཡོངས་སུ་ཕྱིས་པའི་མེ་ལོང་གི་དཀྱིལ་འཁོར་རམ་། མཐིང་བུས་བསྐུས༢༢༠པའི་སའི༢༢༡ཕྱོགས་དེ་ལ་གང་སྐྱེས་པའམ་། བུད་མེད་ཀྱི་གཟུགས་སྣང་བ་དེ་སྐྱེས་པའམ་། བུད་མེད་གང་ཡང་དེའི་ནང་དུ་སོང་བའམ་། དེའི་ནང་དུ་ཞུགས་པ་ཡོད་དམ་། བཟང་སྐྱོང་གིས་གསོལ་པ་། བཙུན་པ་བཅོམ་ལྡན་འདས་། དེ་ནི་། མ་མཆིས་མོད་ཀྱི་། བཙུན་པ་བཅོམ་ལྡན་འདས་། འབྲུ་མར་དང་། ཆབ་དེ་དང་ཞིང་རྙོག་པ་མ་མཆིས་པའམ་། མེ་ལོང་གི་དཀྱིལ་འཁོར་དེ་ལེགས་པར་ཡོངས་སུ་ཕྱིས་པའམ་། མཐིང་བུས་བསྐུས་པའི་ས་ཆེན་པོ་དེ་དག་པའི་སླད་དུ་གཟུགས་བརྙན་མདུན་ན་མཆིས་ཏེ་། ཆབ་དང་། འབྲུ་མར་དང་། མེ་ལོང་དང་། ས་ཆེན་པོ་དེ་ལས་སྐྱེས་པའམ་། བུད་མེད་ཀྱི་ལུས་དེ༢༢༢བྱུང༢༢༣བའང་མ་ལགས་། གང་ནས་ཀྱང་མ་མཆིས་། གང་དུའང་མ་མཆིས་། གང་ནས་ཀྱང་མ་སྐྱེས་། གང་དུའང་མ་འགགས་སོ","(3K) 'For example, Bhadrapāla, there are certain women or men with a natural bent for washing their hair and putting on jewellery, who might decide to look at themselves in a vessel of clear oil, or a vessel of clear water, or a wellpolished round mirror, or a patch of ground smeared with azurite. If they see therein their own forms, Bhadrapāla, what do you think? Does that appearance of the forms of the men or women in the vessel of clear oil, or vessel of clear water, or well-polished round mirror, or patch of ground smeared with azurite mean that there are men or women who have gone inside those things or entered them?'  Bhadrapāla said: 'No, Reverend Lord, it does not. Rather, Reverend Lord, because the oil and water are clear and undisturbed, or the round mirror is highly polished, or the patch of earth smeared with azurite is clean, the reflections stand forth; the bodies of the men or women have not arisen from the water, oil, mirror, or patch of earth, they have not come from anywhere nor gone anywhere, they have not been produced from anywhere, nor have they disappeared anywhere.'"
049ca334a8274e0fbe3e1ec9c1f0f212," 
༼༣ལ༽ བཅོམ་ལྡན་འདས་ཀྱིས་བཀའ་སྩལ་པ་། བཟང་སྐྱོང་། ལེགས་སོ་༎ ལེགས་སོ་༎ བཟང་སྐྱོང་། ཁྱོད་ཡང་ལེགས་སོ་༎ བཟང་སྐྱོང་། དེ་དེ་བཞིན་ནོ་། །ཇི་སྐད་སྨྲས་པ་བཞིན་ཏེ་། གཟུགས་རྣམས་ཤིན་ཏུ་ཡོངས་སུ་དག་པ་ལས་གཟུགས་བརྙན་རྣམས་སྣང་བར་འགྱུར་རོ་༎ དེ་བཞིན་དུ་བྱང་ཆུབ་སེམས་དཔའ་དེ་ཡང་ཏིང་ངེ་འཛིན་འདི་ཤིན་ཏུ་བསྒོམས༢༢༤པས་ཚེགས་ཆུང་དུས་དེ་བཞིན་གཤེགས་པ་དེ་རྣམས་བྱང་ཆུབ་སེམས་དཔའ་དེས་མཐོང་ངོ་༎ མཐོང་ནས་ཀྱང་ཞུ་བ་ཞུ་ཞིང་ཞུས་པ་ལུང་བསྟན་པས་ཡི༢༢༥རངས་པར་འགྱུར་རོ་༎ དེ་འདི་སྙམ་དུ་དེ་བཞིན་གཤེགས་པ་འདི་ག་ཞིག་ནས་བྱོན་ཏམ་། བདག་ག་ཞིག་ཏུ་སོན་ཏམ་སྙམ་པ་ལས་། དེས་དེ་བཞིན་གཤེགས་པ་དེ་གང་ནས་ཀྱང་མ་བྱོན་པར་རབ་ཏུ་ཤེས་སོ་༎ བདག་གི་ལུས་ཀྱང་གང་དུའང་མ་སོང་བར་རབ་ཏུ་འདུ་ཤེས་ནས་དེ་འདི་སྙམ་དུ་ཁམས་གསུམ་པ༢༢༦འདི་དག་ནི་། སེམས་ཙམ་མོ་༎ དེ་ཅིའི་ཕྱིར་ཞེ་ན་། འདི་ལྟར་བདག་ཇི་ལྟ་ཇི་ལྟར་རྣམ་པར་རྟོག༢༢༧པ་དེ་ལྟ་དེ་ལྟར་སྣང་ངོ","(3L) The Lord said: 'Well done, well done, Bhadrapāla! You have done well, Bhadrapāla. So it is, Bhadrapāla. As you have said, because the forms are good and clear the reflections appear.  In the same manner, when those bodhisattvas have cultivated this samādhi properly, those Tathāgatas are seen by the bodhisattvas with little difficulty. Having seen them they ask questions, and are delighted by the answering of those questions.  In thinking: ""Did these Tathāgatas come from anywhere? Did I go anywhere?"" they understand that the Tathāgatas did not come from anywhere. Having understood that their own bodies did not go anywhere either, they think: ""Whatever belongs to this Triple World is nothing but thought. Why is that? It is because however I imagine things, that is how they appear.""'"
dd73ddaceb17483fae1fe4f5840a427f," 
༼༣M༽ སེམས་དེ༢༢༨ནང་ནའང་མེད་། ཕྱི་རོལ་ནའང་མེད་། གཉི༢༢༩ག་མེད་པར་ཡང་མི་དམིགས་ཏེ་། གཞན་དུ་ན་དམིགས་པ་ལ་བརྟེན་ནས་སྐྱེའོ་༎ གང་རྟེན་ཅིང་འབྲེལ་པར་འབྱུང༢༣༠བ་དེ་ནི་དངོས་པོ་མེད་པའོ་༎ གང་དངོས་པོ་མེད་པ་དེ་ནི་མ་སྐྱེས་པའོ་༎ གང་མ་སྐྱེས་པ་དེ་ནི་དམིགས་སུ་མེད་པའོ་༎ གང་དམིགས་སུ་མེད་པ་དེ་ནི་། རང་བཞིན་སྟོང་པའོ་༎ གང་རང་བཞིན་སྟོང་པ་དེ་ནི་གདགས་སུ་མེད་པའོ་༎ གང་གདགས་སུ་མེད་པ་དེ་ནི་བལྟ་བའམ་། རྣམ་པར་ཤེས་པའམ་། ཆགས་པར་བྱ་བའམ་། བསྟན་པའམ་། ཆུད་གཟན་པར་བྱ་བའམ་། རབ་ཏུ་གཞག་པར་བྱ་མི་ནུས་སོ","(3M) '""That thought is not apprehended as being inside, nor as being outside, nor as neither of the two, on the contrary, it is produced on the basis of objectification.  That which is in this way produced conditionally (Skt. pratītya-samutpanna) has no substantial existence (Skt. abhāva). That which has no substantial existence is unborn. That which is unborn is not apprehensible as an object (Skt. anupalambha). That which is not apprehensible as an object is empty of essence (Skt. svabhāva-śūnya). That which is empty of essence is indefinable. That which is indefinable is unable to be seen, discerned, fixated upon, demonstrated, destroyed, or established.""'"
d33c025d5f9b42e5a5c03187599939bd," 
༼༣ཎ༽ཨཱཔཔEཨཱཪས་ཨཱིཎ་ཅཿཨཱིཎEསE་Oཎ","(3N)2 '""Thought creates the Buddha, thought itself sees him. Thought is the Buddha, thought the Tathāgata. Thought is my body, thought sees the Buddha. Thought cannot itself know thought, thought cannot itself see thought. Thought with false apperceptions is stupidity; thought without false apperceptions is Nirvāṇa. These dharmas lack anything enjoyable? They are all produced by thinking. Since thinking is empty, then whatever is thought is thus ultimately non-existent."" Bhadrapāla, such is the vision of the bodhisattvas established in the samādhi.'"
cd5e3d484d874fd49866b12a40994196," 
༼༣O༽ དེ་ནས་དེའི་ཚེ་བཅོམ་ལྡན་འདས་ཀྱིས་ཚིགས་སུ་བཅད༢༣༡པ་འདི་དག་གསུངས་སོ་༎ ། སེམས་ཀྱིས་སངས་རྒྱས་བྱེད་པ་སྟེ་༎ སེམས་ཉིད་ཀྱིས་ཀྱང་མཐོང་བའོ་༎ སེམས་ཉིད་ང་ཡི་སངས་རྒྱས་ཏེ་༎ སེམས་ཉིད་དེ་བཞིན་གཤེགས་པའོ་། ། སེམས་ཉིད་ང་ཡི་ལུས་ཡིན་ཏེ་༎ སངས་རྒྱས་སེམས་ཀྱིས་མཐོང་བའོ་༎ སེམས་ཉིད་ང་ཡི་བྱང་ཆུབ་སྟེ་༎ སེམས་ཉིད་རང་བཞིན་མེད་པའོ་། ། སེམས་ཀྱིས་སེམས་ནི་མི་ཤེས་ཤིང་༎ སེམས་ཀྱིས་སེམས་ནི་མི་མཐོང་ངོ་༎ སེམས་སུ་འདུ་ཤེས་མི་ཤེས་ཡིན་༎ སེམས་སུ་མི་ཤེས་མྱ་ངན་འདའ་། ། ཆོས་འདི་དག་ནི་སྙིང་པོ་མེད་༎ རློམ་སེམས་ལས་ནི་ཀུན་བྱུང་སྟེ་༎ སྟོང་པ་ཉིད་ལས་གང་རློམ་པའི་༎ རློམ་སེམས་དེ་འདིར་སྟོང་པ་ཡིན་༎ བཟང་སྐྱོང་གིས་ཞུས་པའི་ཏིང་ངེ་འཛིན་གྱི་ལེའུ་སྟེ་། གསུམ་པའོ","(3O) Then at that time the Lord uttered these verses:  1 ""'By thought is the Buddha produced; And by thought alone is he seen. The Buddha is only thought for me, Thought alone is the Tathāgata.  2 Thought alone is my body, And the Buddha is seen by thought.Thought alone is my awakening; Thought itself is without essence (Skt. svabhava).  3 Thought does not know thought, Thought does not see thought.The apperception of thought is ignorance, The non-apperception of thought is Nirvāṇa.  4 These dharmas are insubstantial, They all arise from (mis)conception.Whatever is conceived with regard to emptiness, That conception is here empty.""'  Chapter Three of the Samadhi Enquired of by Bhadrapāla CHAPTER FOUR"
