id,P000841,P000842,P000843
acfcaffd653b46aaa5d4816e1227d431,། རྒྱ་གར་སྐད་དུ་། ཨཱརྱ་བོ་དྷི་སཏབ༹་ཙརྱ་ནིར་དེ་ཤ་ནཱ་མ་མ་ཧཱ་ཡཱ་ན་སū་ཏྲ་། བོད་སྐད་དུ་། འཕགས་པ་བྱང་ཆུབ་སེམས་དཔའི་སྤྱོད་པ་བསྟན་པ་ཞེས་བྱ་བ་ཐེག་པ་ཆེན་པོའི་མདོ་།,寶授菩薩菩提行經,Bodhisattvacaryānirdeśa
f1433ab404674366ad4707f67287e1c7,སངས་རྒྱས་དང་བྱང་ཆུབ་སེམས་དཔའ་ཐམས་ཅད་ལ་ཕྱག་འཚལ་ལོ་༎,西天譯經三藏朝散大夫試光祿卿明教大師臣法賢奉 詔譯,
1312c14a613348ebba78a142370e5aa6,འདི་སྐད་བདག་གིས་ཐོས་པ་དུས་གཅིག་ན་། བཅོམ་ལྡན་འདས་ཡངས་པ་ཅན་ན་ཚལ་ཆེན་པོའི་ཁང་པ་བརྩེགས་པའི་གནས་ན་དགེ་སློང་སྟོང་ཐམ་པའི་དགེ་སློང་གི་དགེ་འདུན་ཆེན་པོ་ཐམས་ཅད་ཀྱང་དགྲ་བཅོམ་པ་། ཟག་པ་ཟད་པ་ཉོན་མོངས་པ་མེད་པ་། དབང་དང་ལྡན་པར་གྱུར་པ་། སེམས་ཤིན་ཏུ་རྣམ་པར་གྲོལ་བ་། ཤེས་རབ་ཤིན་ཏུ་རྣམ་པར་གྲོལ་བ་། ཅང་ཤེས་པ་། གླང་པོ་ཆེན་པོ་། བྱ་བ་བྱས་པ་། བྱེད་པ་བྱས་པ་། ཁུར་བོར་བ་། བདག་གི་དོན་རྗེས་སུ་ཐོབ་པ་། སྲིད་པར་ཀུན་ཏུ་སྦྱོར་བ་ཡོངས་སུ་ཟད་པ་། ཡང་དག་པའི་ཤེས་པས་སེམས་ཤིན་ཏུ་རྣམ་པར་གྲོལ་བ་། སེམས་ཐམས་ཅད་ཀྱི་དབང་གི་དམ་པའི་ཕ་རོལ་ཏུ་སོན་པ་། སྤྱོད་ལམ་ཞི་བ་དང་། དུལ་བ་དང་། རྣམ་པར་གྲོལ་བ་དང་། མ་བརྟགས་པ་དང་ལྡན་པ་ཤ་སྟག་ལ་འདི་ལྟ་སྟེ་། ཚེ་དང་ལྡན་པ་ཀུན་དགའ་བོ་གང་ཟག་གཅིག་ནི་མ་གཏོགས་ཏེ་། དེ་ཡང་བཅོམ་ལྡན་འདས་ཀྱིས་ཉམས་སུ་ལེན་པར་བཀའ་སྩལ་ཏེ་། ཚེ་འདི་ཉིད་ལ་ལུང་བསྟན་པ་དང་།,如是我聞。一時佛住廣嚴城大林樓閣中。與 大苾芻衆千二百五十人倶。皆是大阿羅漢。諸漏已盡無復煩惱。逮得己利盡諸有結。除諸重擔所作已辦。如大龍王。心善解脱慧善解脱。得深解脱心達正道。調伏諸根威儀詳審。唯一補特伽羅尊者阿難。受於佛記奉持法藏,"(The Lord stays in Vaiśālī in the Kūṭāgāraśālā with a thousand monks described with items from the catalogue generally used to describe them, evaṃ mayā śrutam ekasmin samaye bhagavān vaiśālyāṃ viharati sma mahāvane kūṭāgāraśālāyāṃ mahatā bhikṣusaṃghena sārdhaṃ bhikṣusahasraiḥ sarvaiḥ kṣīnāsravair niṣkleśair vaśībhūtaiḥ etc. Only Ānanda is not an arhat, ekapudgalaṃ sthāpayitvā yad utāyuṣmantam ānandam)."
e013d40e454e436b97d515c753e19d25,བྱང་ཆུབ་སེམས་དཔའ་སྟོང་ཐམ་པ་ཐམས་ཅད་ཀྱང་ཕྱིར་མི་ལྡོག་པ་། ཐམས་ཅད་ཀྱང་གཟུངས་ཐོབ་པ་། ཐམས་ཅད་ཀྱང་མཉམ་པ་ཉིད་ཀྱི་བཟོད་པ་དང་ལྡན་པ་། ཐམས་ཅད་ཀྱང་ཇི་སྐད་སྨྲས་པ་དེ་བཞིན་དུ་བྱེད་པའི་ས་ཐོབ་པ་། མཁས་པ་། དྲང་པོ་། དད་པ་དང་ལྡན་པ་། རྟོག་པ་མང་བ་། དང་བ་གཙོ་བོར་བྱེད་པ་། བཞིན་འཛུམ་པ་། ཁྲོ་གཉེར་མེད་པ་། གཡོ་མེད་པ་། སྒྲུབ་པ་དང ལྡན་པ་། ཆོས་ཐམས་ཅད་ཀྱི་རང་བཞིན་རྗེས་སུ་རྟོགས་པ་། ཆོས་བསྟན་པས་ཡོངས་སུ་མི་སྐྱོ་བ་། སངས་རྒྱས་ཀྱི་ཡེ་ཤེས་ཡང་དག་པར་སྐྱེས་པ་། ཡོངས་སུ་སྨིན་པར་བྱེད་པ་། ལྡེམ་པོ་དག་ལ་ཕྱིན་ཅི་མ་ལོག་པའི་བཟོད་པ་དང་ལྡན་པ་། ཡུལ་ཐམས་ཅད་ཕྱིན་ཅི་མ་ལོག་པའི་ས་དང་ལྡན་པ་། དུས་ཤེས་པ་། ཚོད་ཤེས་པ་། སྐབས་ཤེས་པ་། རན་པ་ཤེས་པ་། རྒོད་པ་མེད་པ་། ཁེངས་པ་མེད་པ་། སྤྱོད་ལམ་ཐ་མལ་པ་ཕུན་སུམ་ཚོགས་པ་། སྟོང་པ་ཉིད་ཀྱི་ཏིང་ངེ་འཛིན་ལ་མཁས་པ་། འབྱུང་བ་དང་འཇིག་པ་ཡོངས་སུ་སྤངས་པ་། སྨོན་པ་མེད་པའི་ཏིང་ངེ་འཛིན་དང་ལྡན་པ་། འཁོར་བ་ལ་ཡུན་རིང་དུ་སྤྱོད་པ་ལ་ཞུགས་པ་། མཚན་མ་མེད་པའི་ཏིང་ངེ་འཛིན་དང་ལྡན་པ་། སྤྲོས་པའི་རྣམ་པ་ཐམས་ཅད་ཀྱི་མཚན་མ་ལེགས་པར་བཟུང་བ་། སེམས་ཅན་ཡོངས་སུ་སྨིན་པར་བྱ་བ་ལ་མཁས་པ་། འདུ་ཤེས་ཐམས་ཅད་དང་བྲལ་བ་། ཉན་ཐོས་ཀྱི་ཐེག་པ་རྣམ་པར་གཞག་པ་ལ་མཁས་པ་། ཆོས་བསྟན་པ་ཡང་དག་པར་དབྱེ་བར་འཇུག་པར་བྱེད་པ་། རང་སངས་རྒྱས་ཀྱི་ཐེག་པ་སྟོན་པ་། ཉེ་བར་ཞི་བའི་བསྔགས་པ་བརྗོད་པ་། བྱང་ཆུབ་སེམས་དཔའ་ཡང་དག་པར་སློང་བ་། སྤྱོད་པ་ཇི་ལྟ་བ་བཞིན་དུ་ཞེ་འགྲས་པ་མེད་པར་སྟོན་པ་ཤ་སྟག་ལ་འདི་ལྟ་སྟེ་།,復有大菩薩衆一千人倶。皆得不退轉地總持法門平等法忍。是大智者。具大信重言行相應。斷諸疑惑面相圓滿。亦無顰蹙常大歡喜具大精進。是法王子。知法自性説法無倦。所説之法離諸戲論。化度衆生發起佛智。凡所導利功不唐棄。得大忍辱離諸顛倒境界之法。滿足十地善知三時。明了自性不生不滅。永斷纒縛威儀具足。證得空三摩地無相三摩地無願三摩地。雖出生死常行輪迴。不樂聲聞縁覺之行。唯以發起大菩提心應根説法。,"(Qualities of the thousand bodhisattvas present, bodhisattvasahasrair apy avaivartikair dhāraṇīpratilabdhaiḥ samatākṣāntipratilabdhair etc.)."
000185c5d9bb41718fd035da3fad3c55,བྱང་ཆུབ་སེམས་དཔའ་སེམས་དཔའ་ཆེན་པོ་བྱམས་པ་དང་། འཇམ་དཔལ་གཞོན་ནུར་གྱུར་པ་དང་། སྤོབས་པ་བརྩེགས་པ་དང་། ལག་ན་རིན་ཆེན་ལྡན་དང་། སྤོས་འོད་དང་། མཐའ་ཡས་སྣང་བའི་བློ་གྲོས་དང་། ངན་སོང་སྤོང་དང་། དོན་གྲུབ་སེམས་པ་དང་། ཡོན་ཏན་རྒྱལ་པོ་སྣང དང་། མྱ་ངན་གྱི་མུན་པ་ཐམས་ཅད་སེལ་བའི་བློ་གྲོས་དང་། མི་མཉམ་པ་ཐམས་ཅད་སྟོན་པ་དང་། དེའི་རང་བཞིན་དུ་མི་གནས་པ་དང་། བློ་མཐའ་ཡས་དང་། བརྩོན་འགྲུས་དང་། རྩལ་བརྟན་པོར་སེམས་པ་དང་། རིན་ཆེན་འབྱུང་གནས་དང་། བཀོད་པའི་རྒྱལ་པོ་དང ། རྣམ་པར་འཕྲུལ་པའི་རྒྱལ་པོ་དང་། འཁྲུལ་པ་མེད་པའི་མཐུ་རྩལ་དང་། ཁྱད་པར་བློ་གྲོས་དང་། ཀུན་ནས་མཛེས་དང་། སྒྲིབ་མེད་སྟོན་དང་། རྣམ་པར་རྩེ་དང་། གསེར་མཆོག་འོད་དཔལ་དང་། ཆོས་ཐམས་ཅད་ལ་རྟག་ཏུ་ལྟ་བའི་བློ་ལྡན་དང་། སྤྲོས་དྲི་མྱུར་སྦྱིན་མེ་ཏོག་ཀུན་ཏུ་རྒྱས་དང་། གཙོ་བོ་བརྩེགས་དང་། མྱ་ངན་མེད་པའི་དཔལ་དང་། ལྷུན་པོའི་ལྟོ་དང་། སྤྱན་རས་གཟིགས་དབང་ཕྱུག་དང་། སྤོས་ཀྱི་དབང་ཕྱུག་རྒྱལ་པོ་དང་། མཆོག་ཏུ་དགའ་བའི་རྒྱལ་པོ་དང་། བློ་མཐའ་ཡས་སྒྲུབ་པ་དང་། དམ་པའི་ཆོས་ཐམས་ཅད་མི་བརྗེད་པར་གནས་པ་དང་། བྱང་ཆུབ་སེམས་དཔའ་སེམས་དཔའ་ཆེན་པོ་སེང་གེ་ལྟར་སྒྲ་མངོན་པར་སྒྲོགས་པ་དང་། དེ་དག་དང་བྱང་ཆུབ་སེམས་དཔའ་སྟོང་ཕྲག་མང་པོ་གཞན་དག་དང ཡང་ཐབས་གཅིག་ཏུ་བཞུགས་སོ་༎,其名曰慈氏菩薩。妙吉祥菩薩。辯積菩薩。寶手菩薩。香光菩薩。無邊光菩薩。除蓋障菩薩。勝義心菩薩。得光王菩薩。斷一切憂暗菩薩。薩哩嚩尾沙摩那哩尸菩薩。内行菩薩。無邊意菩薩。具大精進歩意菩薩。寶海菩薩。裝嚴王菩薩。具大神通王菩薩。無差歩菩薩。勝意菩薩。普滿菩薩。阿那嚩囉拏那哩尸菩薩。常喜菩薩。上金光菩薩。觀一切法意菩薩。阿秫巘馱那羅拘酥彌多菩薩。首積菩薩。無憂吉祥菩薩。須彌藏菩薩。觀自在菩薩。香自在王菩薩。歡喜王菩薩。無邊慧藏菩薩。持一切妙法藏菩薩。師子吼音菩薩。如是等大菩薩摩訶薩。而爲上首,"(Names of thirty-five bodhisattvas, reconstructed as) 1) Maitreya, 2) Mañjuśrīkumārabhūta, 3) Pratibhānakūṭa, 4) Ratnapāṇi, 5) Gandhaprabha, 6) Anantaprabhāsamati, 7) Apāyajaha, 8) Siddhārthacintin, 9) Guṇarājaprabhāsa, 10) Sarvaśokāndhakārāpohamati, 11) Sarvaviṣamadarśin, 12) Tatsvabhāvapratiṣṭhita, 13) Anantamati, 14) Vīrya, 15) Vikramasādarśakacintin, 16) Ratnākara, 17) Vyūharāja, 18) Vikurvāṇarāja, 19) Avyabhicāraprabhāva, 20) Viśeṣamati, 21) Samantaprāsādika, 22) Anāvaraṇadarśin, 23) Vikrīḍamāna, 24) Suvarṇottamaprabhāśrī, 25) Sarvadharmanityadarśanadhīmat, 26) Āśugandhadānakusumita, 27) Jyeṣṭhakūṭa, 28) Aśokaśrī, 29) Merūdara, 30) Avalokiteśvara, 31) Gandheśvararāja, 32) Prāmodyarāja, 33) Anantamatipratipatti, 34) Sarvasaddharmāvismaraṇasthita, 35) Siṃhanādābhinādin."
53617653552a4a2e91b89b6195a8102a,དེ་ནས་བཅོམ་ལྡན་འདས་སྔ་དྲོའི་དུས་ཀྱི་ཚེ་ཤམ་ཐབས་དང་ཆོས་གོས་གསོལ་ཏེ་། ལྷུང་བཟེད་བསྣམས་ནས་དགེ་སློང་ཉིས་སྟོང་གིས་བསྐོར་ཅིང་མདུན་དུ་བདར་ཏེ་ཡངས་པའི་གྲོང་ཁྱེར་ཆེན་པོར་བསོད་སྙོམས་ལ་གཤེགས་ནས་། བཅོམ་ལྡན་འདས་ཀྱིས་ཞབས་སྒོའི་ཐེམ་པ་ལ་བཞག་མ་ཐག་ཏུ་སངས་རྒྱས་བཅོམ་ལྡན་འདས་རྣམས་གྲོང་ཁྱེར་དུ་གཤེགས་པ་ན་ངོ་མཚར་རྨད་དུ་བྱུང་བའི་ཆོས་རྣམས་འབྱུང་བར་འགྱུར་བ་གང་དག་ཡིན་པ་དེ་དག་བྱུང་སྟེ་། ལོང་བ་རྣམས་ནི་མཐོང་བར་གྱུར་། འོན་པ་རྣམས་ནི་ཐོས་པར་གྱུར་། སྨྱོན་པ་རྣམས་ནི་དྲན་པ་རྙེད་པར་གྱུར་ཏོ་༎ ལྷའི་མེ་ཏོག་གི་ཆར་ཡང་བབ་བོ་༎ སྣང བ་ཆེན་པོ་ཡང་བྱུང་ངོ་༎ སྲང་ཡང་དྲི་མ་མེད་པར་གྱུར་ཏོ་༎ ལྷའི་སིལ་སྙན་ཡིད་དུ་འོང་བ་དག་ཀྱང་མ་བརྡུངས་པར་གྲག་གོ་༎ མནར་མེད་པའི་སེམས་ཅན་དམྱལ་བ་ལ་ཐུག་པ་ནས་འོག་མིན་གྱི་གནས་མན་ཆད་ཀྱི་སེམས་ཅན་ཐམས་ཅད་ཀྱང་གཅིག་ཏུ་ངེས་པར་བདེ་བ་དང་ལྡན་པར་གྱུར་ཏོ་༎,爾時世尊食時著衣持鉢。與二千苾芻衆而共圍繞。入廣嚴城乞食。是時世尊入城門時。以大慈悲現神通力。放大光明照耀一切。變廣嚴城而爲瑠璃。令四衢道皆悉清淨。其有衆生蒙光所照。盲者得視。聾者得聽。瘖瘂之者皆悉能言。迷惑之者咸得正念。天花如雨降滿城中。天樂自嗚妙音清亮。下至阿鼻地獄。上至阿迦膩吒天。其中衆生唯受大樂。,(The arrival of the Lord to Vaiśālī is accompanied by miracles.)
73fb0ee18f0747248704ef05fd943d30,དེའི་ཚེ་ཡངས་པའི་གྲོང་ཁྱེར་ཆེན་པོ་ན་ལི་ཙ་བྱི་སེང་གེའི་བུ་རིན་ཆེན་བྱིན་ཞེས་བྱ་བ་སྐྱེས་ནས་ལོ་གསུམ་ལོན་པ་མ་མའི་པང་པ་ན་འདུག་པ་། ཁང་བཟངས་ཀྱིས་བརྒྱན་པའི་ཁང་བཟངས་ཀྱི་སྟེང་ན་འདུག་སྟེ་། ཁྱེའུ་རིན་ཆེན་བྱིན་གྱིས་རྨད་དུ་བྱུང་བའི་མཚན་མ་དག་མཐོང་ངོ་༎,是時廣嚴城星賀里蹉尾王。有子名曰寶授年始三歳。乳母抱持在於殿上。時彼寶授忽見光明希瑞之相。又聞城中種種異事。從其懷抱速下於地,"(The main character, the three years old boy (dāraka) Ratnadatta, is introduced. Sitting on the lap of his nurse he sees the miracles)"
fa54918489b04e20b9370ba90335a12c,དེ་ནས་ཁྱེའུ་རིན་ཆེན་བྱིན་གྱིས་རང་གི་མ་མ་ལ་ཚིགས་སུ་བཅད་དེ་སྨྲས་པ་།མ་མ་གང་གི་མཐུ་སྟོབས་ཀྱིས་༎ ཤིན་ཏུ་ཡ་མཚན་བྱུང་བ་སྣང་༎ཉི་མ་བྱེ་བ་རྣམས་ཀྱི་འོད་༎ ཟིལ་གནོན་སྣང་འདི་སུ་ཞིག་ཡིན་།༡།སྟོང་གསུམ་ས་གཞི་ཁྱབ་གྱུར་ནས་༎ ངན་འགྲོ་སྐེམས་པར་བྱེད་པ་ཡི་༎རྫུ་འཕྲུལ་སྣང་བ་གང་ཡིན་འདི་༎ མ་མ་བདག་ལ་མྱུར་དུ་སྨྲོས་།༢།དུས་མིན་མེ་ཏོག་ཆར་བ་ཡིས་༎ སངས་རྒྱས་ཞིན་མཚམས་མེད་པར་མཛེས་༎ཕྱོགས་རྣམས་བྱ་ཡི་ཚོགས་རྣམས་ཀྱིས་༎ སྐད་སྙན་པས་ནི་ཁྱབ་པར་གྱུར་།༣།སྲང་ཡང་མེ་ཏོག་རྣམས་ཀྱིས་ཁེབས་༎ མེ་ཏོག་གདུགས་ཀྱང་རྣམ་པར་བྲེས་༎སྐྱེས་པ་བུད་མེད་དགའ་རྣམས་ཀྱིས་༎ ཀུན་ནས་རབ་ཏུ་མཛེས་པར་འདུག་།༤།ལོང་བ་རྣམས་ཀྱིས་མིག་ཀྱང་ཐོབ་༎ སྐྱེ་བོ་འོན་རྣམས་སྒྲ་ཡང་ཐོས་༎བྱད་ངན་བྱད་གཟུགས་ཕུན་སུམ་ཚོགས་༎ མདོག་ངན་ཁ་དོག་ཕུན་སུམ་ཚོགས་།༥། གཡེངས་པ་རྣམས་ཀྱང་དྲན་པ་རྙེད་༎ ལྕེ་མེད་ཚིག་ནི་རྣམ་པར་དག་༎སེམས་ཅན་བྱམས་པའི་སེམས་མེད་པ་༎ བྱམས་པའི་སེམས་དང་ལྡན་པར་གྱུར་།༦།མ་མ་སེམས་ཅན་ཁྱད་པར་ཅན་༎ རྫུ་འཕྲུལ་གྲུབ་པ་མཐུ་ལྡན་པ་༎འཇིག་རྟེན་དག་ན་རྒྱུ་བ་འདི་༎ སུ་ཡིན་བདག་ལ་ཀུན་མྱུར་སྨྲོས་།༧། ,向乳母前端然而立説陀曰何人威徳力 現此希有相如倶胝日光 照耀三千界其中諸惡趣 一切得清淨如是之神通 母速爲我説天雨衆妙花 遍散於佛刹復成妙傘蓋 懸覆於空中十方有異鳥 翔鳴而萃集男女皆大喜 異常而嚴飾盲者復瞻見 聾者還聽聞瘖瘂者得語 迷惑得正念諸醜陋麁惡 變成妙色相一切不善人 皆發慈悲心何人行世間 發起神通力此爲最上事 母速爲我説,"(and he wonders, in seven verses, from where they arise.)"
556c81b35e314ed3a41373a1f9a38292,དེ་ནས་ཁྱེའུ་རིན་ཆེན་བྱིན་གྱི་མ་མས་ཁྱེའུ་རིན་ཆེན་བྱིན་ལ་ཚིགས་སུ་བཅད་དེ་སྨྲས་པ་། རྣམ་པར་དག་པ་སྤྱོད་མཆོག་ལྡན་༎ རྒྱལ་བ་དྲི་མེད་བློ་མི་དམན་༎བསམ་ཡས་མ་ལུས་ཡོངས་སུ་དག་༎ དབང་ལྡན་ཡོན་ཏན་རིན་ཆེན་འཕགས་།༡། འཇིག་རྟེན་མགོན་པོ་འཁྲས་ས་མིག་༎ དེ་བཞིན་གཤེགས་པ་རྩ་ལག་འདི་༎བློ་ལྡན་བསོད་སྙོམས་དོན་དུ་གཤེགས་༎ འཇིག་རྟེན་ཆོས་ལ་རྟེན་པ་མེད་།༢།འདི་ལ་སྡུག་དང་མི་སྡུག་སོགས་༎ འཇིག་རྟེན་པ་ཡི་རྟོག་མི་མངའ་༎པད་མ་ཆུ་ལས་སྐྱེས་པ་ལྟར་༎ མང་བདག་མི་གོས་སྤྱོད་པར་མཛད་།༣།བློ་གྲོས་ལྡན་པ་ཐེ་ཚོམ་གཅོད་། ། ཕན་མཛད་ཐུགས་རྗེར་ལྡན་པ་དེ་༎འགྲོ་བའི་སྡུག་བསྔལ་བསལ་བའི་ཕྱིར་༎ རྣམ་པར་འདྲེན་པ་འདིར་གཤེགས་སོ་།༤།བསྟོད་ཀྱང་དགྱེས་པར་མི་འགྱུར་ལ་༎ སྨད་ཀྱང་འཁྲུག་པར་མི་འགྱུར་ཏེ་༎ཁོང་ཁྲོ་རྗེས་སུ་ཆགས་པ་སྤངས་༎ ཆགས་མེད་རྒྱུ་བ་རླུང་དང་འདྲ་།༥།འདི་ནི་ཆོས་རྒྱལ་དམ་པ་སྟེ་༎ ཡེ་ཤེས་ཟབ་མོ་ཕུན་སུམ་ཚོགས་༎དོན་དམ་དོན་ལ་མཁས་པ་པོ་༎ འགྲོ་བའི་སློབ་དཔོན་གཤེགས་པ་ཡིན་།༦།དེ་ནི་དབུ་མ་སྟོན་པ་སྟེ་༎ ཡོད་མེད་འཛིན་ལས་རྣམ་པར་གྲོལ་༎ཆོས་ལམ་ལྡན་ཞིང་ཞི་བ་སྟེ་༎ བསྟེན་པ་ཐམས་ཅད་ཡོངས་སུ་སྤངས་།༧།ཡེ་ཤེས་ཕུང་པོ་བདག་མེད་བདག་༎ བསོད་ནམས་ཚོགས་རྣམས་བསགས་པ་ཡི་༎བདེ་གཤེགས་འཇིག་རྟེན་འདྲེན་པ་པོ་༎ མཐའ་ཡས་གཟུགས་ཅན་དེང་གཤེགས་སོ་།༨།དབུ་སྐྲ་གཡས་སུ་འཁྱིལ་བར་གནས་༎ འཇམ་ཞིང་མདོག་སྣུམ་ལྕང་ལོ་ཅན་༎གནག་ཅིང་འཛིངས་པ་མེད་རྣམས་ཀྱིས་༎ དེ་ཡི་དབུ་ནི་རྣམ་པར་མཛེས་།༩།གཙུག་ཏོར་གཡས་སུ་འཁྱིལ་བ་སྟེ་༎ དབུ་སྐྲ་འཁྱིལ་ཅིང་ལེགས་པར་གནས་༎རི་རབ་རྩེ་མོ་འདྲ་བར་ནི་༎ དེ་ཡི་དབྱིབས་ནི་མཛེས་པ་ཡིན་།༡༠།དེ་ཡི་སྨིན་མཚམས་མཛོད་སྤུ་མཛེས་༎ འཇམ་ཞིང་གཡས་སུ་འཁྱིལ་བ་སྟེ་༎འོད་ནི་ཤེལ་དག་ཟླ་བ་ཡི་༎ འོད་ཟེར་དྲ་བ་མང་བས་ལྷག་།༡༡།དེ་ཡི་ཞལ་ནས་སྤྱན་མཛེས་པ་༎ མེ་ཏོག་ཨུཏ་པལ་སྔོན་པོ་འདྲ་༎བ་ཡི་རྫི་མ་ཡོངས་སུ་དག་༎ མི་དམར་མ་འཛིངས་ཞི་བར་གཟིགས་།༡༢།དཔལ་ལྡན་སེང་གེའི་འགྲམ་པ་འདྲ་༎ དེ་ནི་རྟག་ཏུ་ཞལ་ཡང་འཛུམ་༎སྒྲོས་ནི་བིམ་པ་བཞིན་དུ་དམར་༎ ཞལ་མཛེས་ལུས་ཅན་ཀུན་འདྲེན་པ་།༡༣།མཐུ་སྟོབས་ཆེན་པོ་ཕུན་སུམ་ཚོགས་༎ བསོད་ནམས་བརྒྱ་ཡི་སྟོབས་མངའ་བ་༎ཚེམས་ཀྱི་ཕྲེང་བ་སྤ་བའི་འོད་༎ སྙོམས་ཤིང་ཐགས་བཟང་ཡོངས་སུ་དག་།༡༤།དེ་ཡི་ཚེམས་ནི་ཤིན་ཏུ་དཀར་༎ ལྗགས་ནི་ཤིན་ཏུ་རིང་ཞིང་སྲབ་༎བདག་ཉིད་ཀྱི་ནི་ཞལ་གྱི་ངོས་༎ དེ་ཡིས་ཀུན་ཏུ་ཁྱབ་པར་གནས་།༡༥།དཔལ་ལྡན་དབུ་ནི་གདུགས་དང་འདྲ་༎ དེ་བཞིན་དེ་ནི་ཤངས་ཀྱང་མཐོ་༎མདོག་ནི་བཙོ་མའི་གསེར་དང་འདྲ་༎ དེ་ཡི་ཞལ་གྱི་དཔྲལ་བ་མཛེས་།༡༦།དེ་ཡི་ཞལ་གྱི་སྨིན་ཚུགས་ནི་༎ ཁ་དོག་མཐོན་མཐིང་ཤིན་ཏུ་སྡུག་༎ཞི་བའི་སྤྱན་ནི་མཛེས་པ་སྟེ་༎ སྙན་གྱི་དྲུང་དུ་ཐུག་པར་གནས་།༡༧།སྙན་ཤལ་རིང་ལ་རབ་ཏུ་འཕྱང་༎ ཞལ་མཛེས་སྟོན་གྱི་ཟླ་བས་ལྷག་༎ཞལ་རས་པད་མ་རྣམ་དག་འདྲ་༎ ཞལ་མདངས་དཀར་ལ་དང་ཞིང་གསལ་།༡༨།བརྟན་པོ་ཚངས་པའི་སྒྲ་སྐད་ལྡན་༎ དེ་གསུང་ཀ་ལ་པིང་ཀ་འདྲ་༎དེ་ཡི་གསུང་བཟང་ཡིད་དུ་འོང་༎ འཇམ་ཞིང་སེམས་ཅན་ཚིམ་པར་བྱེད་།༡༩།རྨ་བྱ་ངང་པ་མིའམ་ཅི་༎ ནེ་ཙོ་རི་སྐེགས་ཁུ་བྱུག་དང་༎འབྲུག་སྒྲ་ཁྲུང་ཁྲུང་ཀུ་ན་ལ་༎ ཤང་ཤང་ཏེའུ་དང་གླིང་བུ་དང་།༢༠། རྫ་རྔའི་སྒྲ་དང་གཞན་དག་ཀྱང་༎ སྒྲ་སྐད་སྙན་པ་ཅི་ཡང་རུང་༎དེ་དག་དེ་བཞིན་གཤེགས་པ་ཡི་༎ གསུང་གི་བཅུ་དྲུག་ཆར་མི་ཕོད་།༢༡།སྐུལ་མཛད་དེ་བཞིན་མཉེན་པ་སྟེ་༎ དེ་ནི་སྙན་ཅིང་འཇམ་པ་དང་༎ཡིད་འོང་དགའ་བྱེད་གསལ་བ་སྟེ་༎ སྐྱོན་དང་བྲལ་ཞིང་འཇིགས་པ་མེད་།༢༢།རེ་བ་རྣམས་ལ་ཆར་རྒྱུན་ལྟར་༎ སེམས་རྒྱུན་ཚིམ་པར་བྱེད་ལ་ཞི་༎མ་ཉམས་མ་འཁྲུལ་རབ་ཏུ་ཞི་༎ དེ་བཞིན་དག་ཅིང་བརྡ་ཕྲད་སླ་།༢༣། སྐལ་དང་ལྡན་ཅིང་སྙན་པར་ལྡན་༎ དོན་དང་ཡོན་ཏན་ཐམས་ཅད་ཚོགས་༎གསུང་གི་རྒྱན་རྣམས་ཕུན་སུམ་ཚོགས་༎ དེ་ཡི་གསུང་ནི་དགེ་སྐྱེད་པ་།༢༤།སེམས་ཅན་མོས་པ་ཐ་དད་དང་༎ དེ་བཞིན་ངེས་ཚིག་ཐ་དད་རྣམས་༎དེ་ཡི་གསུང་ལ་ངེས་པར་དད་༎ ཡིད་ཀྱང་རབ་ཏུ་དགའ་བར་འགྱུར་།༢༥།དེས་ནི་ཕྱོགས་བཅུའི་འཇིག་རྟེན་ཁམས་༎ གནས་པའི་སེམས་ཅན་གསུང་གིས་ཁྱབ་༎མགོན་པོ་དེ་ཡི་གསུང་ཚིག་ནི་༎ སེམས་ཅན་རྣམས་ལ་དོན་ཡོད་འཇུག་།༢༦།ཐུབ་པ་སྐྱེས་མཆོག་དེ་ཡི་ནི་༎ མགུར་ཡང་དུང་འདྲ་དཔུང་མགོ་ཟླུམ་༎དེ་ཡི་ཐལ་གོང་རྒྱས་པ་སྟེ་༎ དེ་ནི་བདུན་པོ་མཐོ་བ་མངའ་།༢༧།དེ་ཡི་ཕྱག་ཀྱང་རབ་ཏུ་རིང་༎ ལྤགས་པ་གསེར་མདོག་འདྲ་བ་སྟེ་༎གསེར་གྱི་སྡོང་པོ་བཞིན་དུ་མཐོ་༎ ཉ་གྲོ་ད་ལྟར་ཆུ་ཞེང་གབ་།༢༨།ཐུགས་ཀ་དཔལ་གྱི་བེའུས་བརྒྱན་༎ འཁོར་ལོའི་མཚན་ཅན་པད་མའི་ཕྱག་༎ཤིང་བལ་འདབ་ལྟར་རེག་ན་འཇམ་༎ དེ་ཡི་ཕྱག་གི་སོར་མོ་རིང་།༢༩།སྤུ་རྣམས་རེ་རེར་སྐྱེས་ཤིང་ཡར་ཕྱོགས་སྟུག་ལ་འཇམ་༎ བྲང་གི་ཕེལ་ཀ་ཆེ་ལ་རབ་རྒྱས་ལྟེ་བ་ཟབ་༎ཕྱལ་དབྱིབས་གཞུ་འདྲ་གླང་ཆེན་བཞིན་དུ་སྦུབས་སུ་ནུབ་༎ རྗེ་ངར་ཨེ་ནེ་ཡ་འདྲ་མདངས་དཀར་འདམ་བུའི་སྦུབས་།༣༠།ལོང་བུ་མི་མངོན་དེ་ཡི་རྟིང་པ་ལེགས་པར་གྲུབ་༎ དེ་བཞིན་དྲང་སྲོང་སོར་མོ་རིང་ཞིང་སེན་མོ་དམར་༎བདེ་བར་གཤེགས་ཀྱི་ཞབས་ཀྱི་ལོང་བུ་མི་མངོན་ཏེ་༎ འཁོར་ལོ་ལྕགས་ཀྱུ་བཀྲ་ཤིས་ལྡན་དང་དུང་གིས་སྤྲས་།༣༡།མགོན་པོ་དེ་ཡི་ཞབས་གཉིས་མཉམ་ཞིང་ལེགས་གནས་དང་༎ ཤིང་བལ་བཞིན་དུ་རེག་ན་འཇམ་ཞིང་བཟང་བ་དང་༎མེ་ཏོག་ཨུཏ་པལ་དམར་པོ་ལེགས་པར་སྐྱེས་པ་ཡི་༎ ཁ་དོག་འདྲ་བས་ས་གཞི་དག་ལ་གཤེགས་པར་མཛད་།༣༢།དེ་བཞིན་གཤེགས་པ་སེང་གེའི་སྒྲ་སྒྲོགས་བདེ་སྦྱིན་པ་༎ འགྲོ་བ་རྣམས་ཀྱི་གཙོ་བོ་དེ་ནི་འདིར་གཤེགས་ཏེ་༎ཡོང་གིས་འཇིགས་པ་མེད་པར་སེང་གེའི་སྒྲ་སྐད་ཀྱིས་༎ གཉིས་སུ་མེད་ཅིང་སྤྲོས་པ་མེད་པའི་ཆོས་ཀྱང་སྟོན་།༣༣།,爾時乳母答寶授童子。説伽陀曰功徳寶出現 清淨難思議清淨最上行 無垢無増減世尊爲眼目 視生如的親化行於世間 無親踈分別爲現乞食來 不住世間相不染世間法 如蓮花在水能斷衆生疑 慈悲常利物衆生所有苦 唯佛悉能除稱讃不生喜 譏謗亦不瞋無障復無礙 行世如清風來者世間師 最上大法王善解甚深法 明了第一義常説中道法 言離於取捨法句最寂靜 遠離一切處智積無我相 最上大福聚善逝世間解 來者無邊相佛身如須彌 高顯無倫匹亦如尼倶陀 上下皆相稱其色如眞金 晃耀而璨鑭清淨若玻 又如秋滿月頭頂圓如蓋 髮鬒而紺青髻相若螺紋 一一皆右旋面相如滿月 湛然而清淨眉間之白毫 右旋而宛轉兩目如青蓮 光瑩善觀察脣妙頻婆果 齒白正齊密舌相如蓮葉 長廣覆面門鼻高而修直 額廣而平正兩眉色紺青 延袤及於耳兩耳極端正 輪朶垂至肩如來梵音聲 清亮如頻伽美妙復柔軟 衆生聞者喜所有緊那羅 孔雀鵝鸚鵡鴝鵒拘枳羅 拘那羅鴛鴦母多命命 如是等音聲及彼諸天樂 一切美妙聲皆不及如來 於十六分中不及於一分 項細復圓滿兩臂而直 二手指纖長具輪螺等相 軟如兜羅綿甲妙赤銅色 胸臆廣平正臍輪而深密 陰藏若馬王藏覆而不現 乃至二足下其色如紅蓮 平滿復柔軟具千輻輪紋 及與鈎幢等如是諸相備 百福悉裝嚴具力大丈夫 一切世間師常作師子吼 説於不二法所出諸言辭 眞實無差忒愛語復柔順 衆生聞者喜覺悟諸衆生 應根而啓發有義利功徳 爲最上第一具如是裝嚴 名爲佛世尊十方世界中 凡聖無有比,"(The nurse then praises the Lord in thirty-three verses based on tathāgatasya paryāyanāmāni, the dvātriṃśanmahāpuruṣalakṣaṇāni, the aśītyanuvyañjanāni, and the ṣaṣṭyaṅgasvaranāmāni.)"
4496de8344d84af691f201522af0a6d8,དེ་ནས་ཁྱེའུ་རིན་ཆེན་བྱིན་གྱིས་བདག་གི་མ་མ་ལ་འདི་སྐད་ཅེས་སྨྲས་སོ་། མ་མ་བདག་སྐར་ཁུང་འདིར་ཞོག་ཤིག་དང་། དེ་བཞིན་གཤེགས་པ་བལྟའོ་། དེ་ནས་མ་མ་དེས་ཁྱེའུ་རིན་ཆེན་བྱིན་སྐར་ཁུང་དུ་བཞག་གོ་༎ དེ་ནས་བཅོམ་ལྡན་འདས་ཀྱིས་ཁྱེའུ་རིན་ཆེན་བྱིན་གྱི་སེམས་ཀྱི་ཡོངས་སུ་རྟོག་པ་ཐུགས་ཀྱིས་མཁྱེན་ནས་སྲང་དེ་ཁོ་ནར་གཤེགས་སོ་༎ ཁྱེའུ་རིན་ཆེན་བྱིན་གྱིས་ཀྱང་བཅོམ་ལྡན་འདས་གཤེགས་པ་མཐོང་ངོ་༎ མཐོང་ནས་ཀྱང་དེ་འདི་སྙམ་དུ་སེམས་ཏེ་། གང་དག་དེ་བཞིན་གཤེགས་པ་ཡོན་ཏན་ཐམས་ཅད་དང་ལྡན་པ་འདི་ལྟ་བུ་མཐོང་ནས་བྱང་ཆུབ་ཀྱི་སེམས་སྐྱེད་པར་མི་བྱེད་པ་དེ་དག་ནི་རྙེད་པ་ཉེས་པར་རྙེད་པའོ་སྙམ་མོ་༎ དེ་ནས་བཅོམ་ལྡན་འདས་ཁྱེའུ་རིན་ཆེན་བྱིན་གྱི་སྒོ་དྲུང་དུ་གཤེགས་སོ་༎ དེ་ནས་ཁྱེའུ་རིན་ཆེན་བྱིན་འདི་སྙམ་དུ་སེམས་ཏེ་། སེམས་ཅན་ཁྱད་པར་ཅན་འདི་ལྟ་བུ་ནི་བསྐལ་པ་བྱེ་བ་ཕྲག་འབུམ་དུ་ཡང་རྙེད་པར་དཀའ་བས་། ཁང་བཟངས་འདི་ལས་བདག་གིས་མཆོད་པར་བྱའོ་སྙམ་མོ་༎ དེ་ནས་དེའི་ཚེ་ཁྱེའུ་རིན་ཆེན་བྱིན་གྱིས་རིལ་གྱིས་གསེར་ལས་བྱས་པའི་པད་མ་འདབ་མ་འབུམ་དང་ལྡན་པ་བརྩེན་པ་ལག་མཐིལ་དུ་ཁྱེར་རོ་༎ དེ་ནས་ཁྱེའུ་རིན་ཆེན་བྱིན་གྱིས་ཁང་བཟངས་དེ་ལས་བདག་ཉིད་ཀྱིས་མཆོངས་སོ་༎ དེ་སངས་རྒྱས་ཀྱི་མཐུས་ནམ་མཁའ་བར་སྣང་ལ་འདུག་གོ་༎ དེ་ནས་ཁྱེའུ་རིན་ཆེན་བྱིན་གྱིས་རིལ་གྱིས་གསེར་ལས་བྱས་པའི་པད་མ་འདབ་མ་འབུམ་དང་ལྡན་པ་དེ་བཅོམ་ལྡན་འདས་ལ་ཕུལ་ལོ་༎ དེ་ཁྱེའུ་རིན་ཆེན་བྱིན་གྱི་ལག་ནས་བཏང་ནས་བཅོམ་ལྡན་འདས་ཀྱི་དབུའི་དྲང་ཐད་ཀྱི་སྟེང་གི་ནམ་མཁའ་བར་སྣང་ལ་པད་མའི་གདུགས་སུ་བྱས་ཏེ་རིན་པོ་ཆེའི་དྲ་བ་ཡང་བྲེས་སོ་༎,爾時寶授童子。得聞乳母説是伽陀讃歎佛已即白母言。云何令我得見於佛。  佛知其意速往宮門現身而立。  乳母指言斯即是。佛寶授童子。乃於殿上遙見世尊。擧手頂禮即作是念若有衆生覩見如來如是具足功徳之相。不發大菩提心者難得己利。  又復思惟。經於百千倶胝劫中難遇於佛。我今値遇甚爲希有  當捨此身而爲供養。是時童子。手持千葉金蓮。  即於殿上投身而下。時彼童子佛力所持住於空中。  捧以金蓮用獻於佛。是時金蓮離童子手。乃於佛上虚空之中。變成花蓋衆寶嚴飾殊妙第一,"(Ratnadatta sees the Lord and offers Him a lotus of gold:) Then the boy Ratnadatta told his nurse: “Put me in the window so that I can see the Tathāgata!” The nurse then put him in the window.  The Lord read the thoughts of Ratnadatta (ratnadattasya dārakasya cetasaiva cetaḥparivitarkam ājñāya), and went to that lane.  The boy Ratnadatta saw the Lord approaching, and he thought: “Those who do not produce the thought of awakening (bodhicitta) having seen the Tathāgata with all his qualities (guṇa), are indeed unlucky!”  Then the Lord went to the gate of Ratnadatta. Ratnadatta thought: “Such a remarkable being is difficult to find even in hundred thousand times ten millons of world aeons (śatasahasrakoṭikalpa).  I have to give an offering from this pavillion”, and he carried on the palm of his hand a lotus with a hundred thousand petals made of pure gold.  Then he jumped down from the pavillion, and by the power of the Buddha (buddhānubhāva) he sat down in the air.  Then the boy Ratnadatta offered the lotus, made of pure gold and with a hundred thousand petals, to the Lord; and as soon as it was out of the hands of the boy, the Lord made it into a lotus parasol in the space over his head and spread out a net of jewels."
ed015e371da9425a810b09d77c77ee6c,དེ་ནས་དེའི་ཚེ་ཁྱེའུ་རིན་ཆེན་བྱིན་གྱིས་ཚིགས་སུ་བཅད་པ་འདི་དག་སྨྲས་སོ་།,爾時寶授童子。即於空中向佛合掌。説伽陀曰,(Verses on the meaning (artha) of making an offering:) Then the boy Ratnadatta spoke the following verses:
0fed1bc2222044559b7bdd4615a6bf7e,སངས་རྒྱས་པདམ་འདི་ཕུལ་བ་༎ བདག་ནི་ཅི་ཡང་མི་འཚལ་ཏེ་༎དོན་རྣམས་ཐམས་ཅད་བཅད་སླད་དུ་༎ བདག་ནི་བྱང་ཆུབ་མཆོག་འཚལ་ལོ་།༡། ཇི་ལྟར་བྱང་ཆུབ་མ་སྐྱེས་ལ་༎ ཐོབ་པ་མ་མཆིས་བཤིག་མ་མཆིས་༎བླང་དུ་མ་མཆིས་དོར་མ་མཆིས་༎ དེ་ལྟར་བདག་གིས་མེ་ཏོག་དབུལ་།༢། བྱིས་པ་རྣམས་ཀྱིས་དོན་གང་བརྟགས་༎ བརྟགས་པ་དེ་ནི་དོན་མ་མཆིས་༎རྟོག་པ་ཐམས་ཅད་གཅད་སླད་དུ་༎ གང་ཟག་མཆོག་ལ་བདག་མཆོད་བགྱིད་།༣། དེ་ཕྱིར་མེ་ཏོག་ཕུལ་བ་འདི་༎ བདག་ལ་རྣམ་སྨིན་འབྲས་མ་གྱུར་༎དངོས་པོ་ཐམས་ཅད་གཅད་སླད་དུ་༎ པད་མ་འདི་ནི་བདག་གིས་ཕུལ་།༤། བདག་གི་སངས་རྒྱས་ཞིང་དུ་ནི་༎ རྒྱལ་མཆོག་ཐེག་པས་འགྲོ་མ་གཏོགས་༎ཉན་ཐོས་ཀྱི་ནི་མིང་ཡང་རུང་༎ རང་རྒྱལ་མིང་ཡང་འབྱུང་མ་གྱུར་།༥།,我所獻蓮花 不爲斷煩惱 及於一切法 唯爲佛菩提  如菩提不生 非有亦非無非取亦非捨 我從佛現化  非愚迷所著 相與無相等我離一切相 供養佛世尊  所獲諸功徳 亦離一切相  今奉獻此花 不願證二乘以彼第一乘 常轉於佛刹,"When I offer this lotus to the Lord I do not wish anything in particular. Rather, in taking away all meaning (sarvārthopacchedanāya), I seek the ultimate awakening (varabodhi) (1).  In accordance with the fact that in the unborn (anutpanna) awakening there is no attainment or loss, no accepting or giving away, I am giving this lotus (2).  As for the meaning (artha) constructed (kalpita) by ignorant people (bāla), this construct (kalpita) is at least not the meaning. Rather, I give this offering to the supreme person (varapudgala) to take away all constructions (sarvakalpacchedanāya) (3).  Thus this flower offering will give me no maturing fruit (vipākaphala). Rather, I give this offering to take away all substances (sarvavastucchedanāya) (4).  In my Buddha-land (buddhakṣetra) only the victorious supreme way (jinavarayāna) will be followed, the words śrāvaka and pratyekabuddha are even not mentioned (5)."
12f5afd81a8a4226811c3a567bdea537,དེ་ནས་ཚེ་དང་ལྡན་པ་མཽད་གལ་གྱི་བུ་ཆེན་པོས་ཁྱེའུ་རིན་ཆེན་བྱིན་ལ་ཚིགས་སུ་བཅད་དེ་སྨྲས་པ་།,爾時尊者大目乾連。侍佛之右。見是事已。即説伽陀。問寶授童子曰,(On the emptiness of any spiritual attainment:) Then the venerable Mahāmaudgalyāyana spoke the following verse to the boy Ratnadatta:
e86aca2b079d47b1b3204ad0dc330107,ཁྱོད་ནི་སྟོན་པ་འདི་འདྲ་ལ་༎ དད་པས་མཆོད་པ་བྱེད་མོད་ཀྱི་༎བློ་གྲོས་ཕྱིན་ཅི་ལོག་གྱུར་ན་༎ སངས་རྒྱས་སུ་ནི་ཇི་ལྟར་འགྱུར་།༡། དེ་ནས་ཁྱེའུ་རིན་ཆེན་བྱིན་གྱིས་ཚེ་དང་ལྡན་པ་མཽད་གལ་གྱི་བུ་ཆེན་པོ་ལ་ཚིགས་སུ་བཅད་དེ་སྨྲས་པ་། འདི་དག་ཐམས་ཅད་མ་སྐྱེས་ཏེ་༎ འདུས་བྱས་དག་ནི་གསོབ་དང་གསོག་༎དེ་འདྲ་བ་ཡི་ཆོས་རྣམས་ལ་༎ དངོས་པོར་འགྱུར་བ་ག་ལ་ཡོད་།༡། ཁྱོད་ནི་ཆོས་གོས་ངུར་སྨྲིག་བགོས་༎ དགྲ་བཅོམ་ཉིད་དུ་འཛིན་པར་བྱེད་༎རྣམ་ཤེས་འདི་དང་སྤྱོད་ཡུལ་ཡང་༎ སྟོང་པ་ཁོ་ན་མ་ཡིན་ནམ་།༢། དམིགས་པ་ལ་ནི་གནས་བཅས་པས་༎ སངས་རྒྱས་བྱེ་བ་མ་མཉེས་བྱས་༎བྱེ་བ་དེ་ཡང་ཞི་བར་མཐོང་༎ སུ་ཡང་མ་མཉེས་བྱས་པ་མེད་།༣། མཽད་གལ་བུ་ལ་ད་དུང་ཡང་༎ དམིགས་པ་འཇུག་པ་ཡོད་དམ་ཅི་༎ཁྱོད་ཀྱི་སེམས་ནི་གང་ཞིག་གིས་༎ ཡོན་ཡང་ཡོངས་སུ་སྦྱོང་བར་བྱེད་།༤།,如是釋迦佛 汝信重供養汝何心顛倒 云菩提不生  爾時寶授。答尊者大目乾連。説伽陀曰  諸法本不生 所施空無爲法性本如是 云何有所生  圓頂被袈裟 住於羅漢相如不能知空 佛智何能了  汝若有妄想 供養倶胝佛雖供如是佛 實爲非供養  尊者至於今 猶不斷妄想汝心當云何 無相稱有相,"Even if you have given an offering to this teacher with faith (śraddhā), how will you ever become a Buddha with such a perverted attitude (viparītamati) (1)?  Then the boy Ratnadatta spoke the following verses to the venerable Mahāmaudgalyāyana:  All these things are unborn (anutpanna), the composite things (saṃskṛta) are empty (tuccha) and worthless (rikta). So, among such things (dharma), where is something which really originates (vastuta utpadyate) (1)?  You are clad in the orange monk’s robes (kaṣāyacīvara), and hold on to the role of a holy man (arhattvaṃ gṛhṇāsi), but is not the consciousness of this role (tadvijñāna), as well as its object (gocara) viz. the role itself, only empty (śūnya) (2)?  The ten millons Buddhas are not pleased (āragita) by one based on conceptions (upalambha), but if one peacefully (śānta) regards them, there is not one of the ten millons who are not pleased (ārāgita) (3).  So how can Maudgalyāyana be the victim of such conceptions? You should rather purify your thoughts (citta) of preconceptions, whoever the person is making an offering (4)!"
d9b4f07c064d4a3fb5dcf2db01a8b16e,དེ་ནས་ཚེ་དང་ལྡན་པ་མཽད་གལ་གྱི་བུ་ཆེན་པོས་ཁྱེའུ་རིན་ཆེན་བྱིན་ལ་འདི་སྐད་ཅེས་སྨྲས་སོ་༎ ཁྱེའུ་ཅི་དེ་བཞིན་གཤེགས་པས་བླ་ན་མེད་པ་ཡང དག་པར་རྫོགས་པའི་བྱང ཆུབ་མངོན་པར་རྫོགས་པར་སངས་མ་རྒྱས་སམ་། ཆོས་ཀྱང མ་བསྟན་ཏམ་། ཁྱེའུ་རིན་ཆེན་བྱིན་གྱིས་སྨྲས་པ་། མཽད་གལ་གྱི་བུ་མཁས་པས་ནི་བྱང་ཆུབ་སྤྲོས་པར་མི་བྱའོ་༎ དེ་བཞིན་གཤེགས་པ་ཡང་རློམ་སེམས་སུ་མི་བྱའོ་༎ ཆོས་མི་སྐྱེའོ་སྙམ་དུ་བརྟག་པར་མི་བྱའོ་༎ ཆོས་ཐམས་ཅད་འདུས་བྱས་སོ་སྙམ་དུ་བརྟག་པར་མི་བྱའོ་༎ ཆོས་ཐམས་ཅད་འདུས་མ་བྱས་སོ་སྙམ་དུ་བརྟག་པར་མི་བྱའོ་༎ དེ་བཞིན་དུ་སྦྱར་ཏེ་ཆོས་ཐམས་ཅད་སྐྱེ་བ་དང་། མི་སྐྱེ་བ་དང་། དངོས་པོ་དང་། དངོས་པོ་མེད་པ་ཞེས་བྱ་བ་དང་། འཛིན་པ་དང་། གཏོང་བ་ཞེས་བྱ་བ་དང་། ཕྲད་པ་དང་བྲལ་བ་ཞེས་བྱ་བ་དང་། འགྲོ་བ་དང་། འོང་བ་དང་། གནས་པ་དང་། འཕོ་བ་དང་འདོད་ཆགས་ཀྱི་ཆོས་དང་། ཞེ་སྡང་གྱི་ཆོས་དང་། གཏི་མུག་གི་ཆོས་དང་། ཆོས་དང་། ཆོས་མ་ཡིན་པ་ཞེས་བརྟག་པར་མི་བྱའོ་༎ མ་རིག་པ་ལ་སོགས་པ་ནས་སོ་སོའི་སྐྱེ་བོའི་ཆོས་རྣམས་དང་། ཉན་ཐོས་ཀྱི་ཆོས་རྣམས་དང་། རང་སངས་རྒྱས་ཀྱི་ཆོས་རྣམས་དང་། སངས་རྒྱས་ཀྱི་ཆོས་རྣམས་དང་། ཀུན་ནས་ཉོན་མོངས་པའི་ཆོས་རྣམས་དང་། རྣམ་པར་བྱང་བའི་ཆོས་རྣམས་དང་། གཟུགས་ཅན་དང་། གཟུགས་ཅན་མ་ཡིན་པ་དང་། འདུ་ཤེས་དང་། འདུ་ཤེས་མེད་པ་དང་། མཚན་ཉིད་དང་། མཚན་ཉིད་མེད་པ་དང་། སྤྱོད་པ་ཡོངས་སུ་དག་པ་དང་། མཉམ་པ་ཉིད་དང་། མི་མཉམ་པ་ཉིད་དང་། ལུས་དང་། སེམས་དང་། ཆོས་ཐམས་ཅད་ཚུལ་བཞིན་དང་། ཚུལ་བཞིན་མ་ཡིན་པ་ཞེས་བྱ་བའི་བར་དུ་སྐྱེ་བར་འགྱུར་རོ་ཞེས་བརྟག་པར་མི་བྱའོ་༎ མཽད་གལ་གྱི་བུ་འདི་ཇི་སྙམ་དུ་སེམས་། དེ་བཞིན་གཤེགས་པ་བླ་ན་མེད་པ་ཡང དག་པར་རྫོགས་པའི་བྱང ཆུབ་མངོན་པར་རྫོགས་པར་འཚང་རྒྱའམ་། སྨྲས་པ་། དེ་ནི་མ་ཡིན་ནོ་༎ སྨྲས་པ་། ཅི་དེ་བཞིན་གཤེགས་པ་དེ་བཞིན་ཉིད་ལ་མ་གཏོགས་པ་དང་། བྱང་ཆུབ་དེ་བཞིན་ཉིད་ལ་མ་གཏོགས་པ་དང་། སོ་སོའི་སྐྱེ་བོ་དེ་བཞིན་ཉིད་ལ་མ་གཏོགས་པར་འདོད་དམ་། མཽད་གལ་གྱི་བུས་སྨྲས་པ་། དེ་ནི་མ་ཡིན་ནོ་༎ ཁྱེའུས་སྨྲས་པ་། མཽད་གལ་གྱི་བུ་ཁྱོད་སྤྲོས་པ་མེད་པ་ལ་སྤྲོས་པར་བྱེད་དམ་། མཽད་གལ་གྱི་བུས་སྨྲས་པ་། ཁོ་བོ་ནི་འཇིག་རྟེན་གྱི་ཀུན་རྫོབ་ཀྱི་སྒོ་ནས་སྟོན་ཏོ་༎ ཁྱེའུས་སྨྲས་པ་། མཽད་གལ་གྱི་བུ་འཇིག་རྟེན་ནི་བརྫུན་པ་སླུ་བ་སྒྱུ་མའི་རྣམ་པ་བྱིས་པ་འདྲིད་པར་བྱེད་པའོ་༎ མཽད་གལ་གྱི་བུས་སྨྲས་པ་། གལ་ཏེ་འཇིག་རྟེན་འདི་བརྫུན་པ་སླུ་བའི་ཆོས་ཅན་ཡིན་པ་དང་བསྟན་པ་འདི་ཡང་བརྫུན་པ་སླུ་བའི་ཆོས་ཅན་ཡིན་ན་ཁྱོད་ཅིའི་ཕྱིར་སྟོན་པར་བྱེད་། སྨྲས་པ་། མཽད་གལ་གྱི་བུ་ཆོས་ཐམས་ཅད་ནི་བསྟན་དུ་མེད་པ་སྟེ་། དེ་དག་ནི་བསྟན་པར་བྱ་བ་མ་ཡིན་། ཐོབ་པར་བྱ་བ་མ་ཡིན་། མངོན་སུམ་དུ་བྱ་བ་མ་ཡིན་། སྤང་བར་བྱ་བ་མ་ཡིན་། ཡོངས་སུ་ཤེས་པར་བྱ་བ་མ་ཡིན་། བསྒོམ་པར་བྱ་བ་མ་ཡིན་ནོ་༎ མཽད་གལ་གྱི་བུས་སྨྲས་པ་། འོ་ན་ཁྱོད་ཀྱིས་གང་གི་དོན་དུ་དེ་བཞིན་གཤེགས་པ་མཆོད་། ཁྱེའུས་སྨྲས་པ་། མཽད་གལ་གྱི་བུ་ཁྱོད་དེ་བཞིན་གཤེགས་པའམ་། སྦྱིན་པ་པོའམ་། སྦྱིན་པར་དམིགས་སམ་། དེ་ནས་ཚེ་དང་ལྡན་པ་མཽད་གལ་གྱི་བུ་ཅང་མི་སྨྲ་བར་གྱུར་ཏོ་༎ ཁྱེའུ་རིན་ཆེན་བྱིན་གྱིས་སྨྲས་པ་། མཽད་གལ་གྱི་བུ་བདག་གིས་དེ་ལས་བསམས་ནས་དེ་བཞིན་གཤེགས་པར་འགྱུར་བ་ཡོངས་སུ་སྤངས་ཏེ་། ཉན་ཐོས་ཀྱི་ཐེག་པ་ལ་སེམས་སྐྱེད་པར་བྱེད་པ་གང་དག་ཡིན་པ་དེ་དག་ནི་རྙེད་པ་ཉེས་པར་རྙེད་པའོ་ཞེས་དེ་སྐད་ཀྱི་ཚིག་སྨྲས་སོ་༎,爾時尊者大目乾連。復謂童子曰  如來不證無上正等正覺耶。亦不説法耶  寶授童子曰。夫大智者不住菩提相。不住如來相  諸法性    無爲法  本無有生若如是了知是即知法性。不驚不怖。捨離親疎無來無去。無行無相不住佛法。不住縁覺法。不住聲聞法。亦不住貪法。不住瞋法。不住癡法  乃至不住愚迷  衆生無明煩惱等法。亦復不住有色無色有想無想。有相無相。清淨不清淨。及身口意。平等不平等。一切諸法皆無所住  爾時尊者大目乾連又復問言。寶授童子。如來於阿耨多羅三藐三菩提莫有所證耶  童子言不也  若有所證即住如來相。住菩提相。住解脱相。若住是相即爲愚迷  大目乾連言。  童子我亦無相。汝謂有相  大目乾連又復告言。童子我前所問爲俗諦故  童子言。大目乾連。一切衆生愚迷虚妄。乃生諸根不能調適。  大目乾連言。若衆生具足虚妄者法亦虚妄。若虚妄者汝云何説。  童子言。大目乾連。説法無相是名説法  如是説者無有所至亦無所證。亦無所知亦無所見。  大目乾連言。童子若如是者。汝今何故供養如來。  童子言。大目乾連。汝若如是見如來相見施者相。  時大目乾連聞童子言已。默然而住  爾時童子又復告言。大目乾連。若復衆生見有是相者。不能解脱不得己利。遠離如來寂靜涅槃。必當發趣聲聞乘也,"(Dialogue between Ratnadatta and Mahāmaudgalyāyana on the ontological status of bodhi and tathāgata:) Then the venerable Mahāmaudgalyāyana addressed himself to the boy Ratnadatta:  But, my boy, has not the Tathāgata realized the incomparable perfectly complete awakening, does he not teach religion (kathaṃ dāraka tathāgato nānuttarāyāṃ samyaksambodhāv abhisaṃbuddho na dharmaṃ deśayati sma)?  Ratnadatta answered: the wise should not make awakening the object of discursive thoughts (na paṇḍitena bodhiḥ prapañcayitavyā) or construct the Tathāgata by his conceited thoughts (na ca tathāgato manyitavyaḥ),  he should not make construction as “moments of existence do not arise” (na dharmaṃ notpadyanta iti kalpayitavyam),  he should not make construction as “all moments of existence are composite” (na sarvadharmāḥ saṃskṛtā iti kalpayitavyam),  he should not make construction as “all moments of existence are non-composite” (na sarvadharmā asaṃskṛtā iti kalpayitavyam),  he should not make construction as “being born and unbornness (utpādānutpāda)”, “existent and non-existent (bhāvābhāva)”, “grasping and giving up (heyopadeya)”, “connection and disconnection (saṃyogaviyoga)”, “going and coming (gatyāgati)”, “remaining and changing existence (sthiticyuti)”, “states of desire, dislike or bewilderment (rāgadharmadveṣadharmamohadharma)”,  he should not make constructions like “truth or untruth” (na dharmādharma iti kalpayitavyam).̌  “Because of ignorance (avidyā) there is birth (upapatti) in the states of ordinary men, disciples, isolated buddhas (pṛthagjanadharmaśrāvakadharmapratyekabuddhadharmabuddhadharma), in impure and pure states (saṃkliṣṭadharmavyavadātadharma), in states of forms (rūpin), without form (ārūpya), with or without conceptual thinking (saṃjñyasaṃjñin), with or without essential character (lakṣaṇālakṣaṇa), of pure conduct (pariśuddhacaryā), where things are seen as universally equal or non-equal (samatāsamatā), in body (kāya), mind (citta), where all things are fundamentally understood or not fundamentally understood (sarvadharmayoniśo’yoniśaḥ)”, such constructions he should not make (iti na kalpayitavyam).  So what do you mean, Maudgalyāyana, has the Tathāgata realized the incomparable perfectly complete awakening (tat kiṃ manyase maudgalyāyana tathāgato nānuttarāyāṃ samyaksambodhāv abhisaṃbuddhaḥ)?  Maudgalyāyana answered: Well then, according to what you have said he cannot have (uvāca no hīdam).  Ratnadatta said: But can it be accepted that the Tathāgata is not included in things as they are, that awakening is not included in things as they are, that an ordinary being is not included in things as they are (uvāca kiṃ tu na tathāgatas tathatāntargato na bodhis tathatāntargatā na pṛthagjanas tathatāntargata iṣyante)?  Maudgalyāyana answered: No, it can also not be accepted that he is not included in things as they are (maudgalyāyana uvāca no hīdam).  Ratnadatta said: Maybe you foster discursive thinking about what is beyond discursive thought (ratnadatto dāraka uvāca tvaṃ maudgalyāyana niṣprapañcaṃ prapañcayasi)?  Maudgalyāyana answered: As for me, I teach by means of conventions understood by the world (maudgalyāyana uvaca ahaṃ tu lokasaṃvṛtyā deśayāmi).  The boy said: Maudgalyāyana, the world has the form of nothing but untruth, deception and illusion (mṛṣāmoṣamāyākāra), and it deceives only the foolish (bāla).  Maudgalyāyana said: If the world consists only of states of untruth and deception, then also this teaching of yours must be untruth and deception. So why do you then teach it (maudgalyāyana uvāca sacel loko mṛṣāmoṣadharmā ayaṃ ca nirdeśo ’pi mṛṣāmoṣadharmaṃ tvaṃ kasmād deśayasi)?  Ratnadatta said: Since all moments of existence cannot be definitely be pointed out, they cannot be demonstrated, or have a conclusion reached about them (uvāca sarve dharmā maudgalyāyanānidarśanā na te pratipādyāḥ prāpyāś ca).  Thus they can also not be realized, abandoned, fully known or cultivated in meditation (na sākṣātkartavyā na prahātavyā na parijñeyā na bhāvayitavāḥ).  Maudgalyāyana said: But for what reason do you make an offering to the Tathāgata (maudagalyāyana uvāca atha tvaṃ yadarthaṃ tathāgataṃ pūjayasi)?  The boy said: Maudgalyāyana, are you the Tathāgata? Are you the giver of the offering? Or are you one fostering all kinds of conceptions on giving (dāraka uvāca tvaṃ maudgalyāyana tathāgato vā dātā vā dānam vopalabhase)?  To this the venerable Maudgalyāyana had nothing to say (athāyuṣmān maudgalyāyanas tūṣṇīṃbabhūva).  The boy Ratnadatta said: Thinking in this way, Maudgalyāyana, I have completely given up becoming a Tathāgata – those fostering the attitude found in the way of diciples have in fact not attained much (ratnadatto dāraka uvāca mayā maudgalyāyana tataś cintayitvā tathāgato bhavituṃ parivarjitam. ye śrāvakayāne cittāny utpādayanti lābhā te durlabdhā iti)."
f14843489c2444399ed3e2cc78eeadad,མཽད་གལ་གྱི་བུས་སྨྲས་པ་།,爾時大目乾連。説伽陀曰,"(Being asked by Maudgalyāyana, verses by Ratnadatta on true and conventional learning, and the empty identity of saṃsāra and nirvāṇa:) Maudgalyāyana said:"
e56882b28c5d4eadb9b1f4d824b32b13,ཁྱོད་ནི་ན་ཚོད་ཤིན་ཏུ་གཞོན་༎ ཤེས་རབ་ཀྱིས་ནི་རྒྱ་མཙོ་བཞིན་༎ཁྱོད་ཀྱིས་ཇི་སྲིད་ཙམ་ཞིག་ནས་༎ ཆོས་འདི་དག་ལ་བསླབས་པར་གྱུར་།༡། ཁྱེའུ་རིན་ཆེན་བྱིན་གྱིས་སྨྲས་པ་། བསླབ་པ་ཐམས་ཅད་རྣམ་འཇིག་པ་༎ བསླབ་པ་གང་ཡིན་དེ་བསླབ་མིན་༎གང་ལ་བསླབ་པ་མེད་པ་དེ་༎ མཁས་པ་རྣམས་ཀྱི་བསླབ་པ་ཡིན་།༡། དོན་གང་ཁྱོད་ཀྱིས་བདག་དྲིས་པ་༎ སེམས་ཅན་འདུ་ཤེས་གནས་པ་སྟེ་༎འདིར་ནི་ཆོས་རྣམས་ཐམས་ཅད་ལ་༎ གང་ལའང་སྐྱེ་བ་མི་རྙེད་དོ་།༢། བྱིས་པ་རྣམས་ནི་བྱང་ཆུབ་དང་༎ འཁོར་བ་ཉིད་དུ་རྟོག་པར་བྱེད་༎འདིར་ནི་ད་དུང་བཙུན་པ་ཁྱོད་༎ བྱིས་པའི་ཆོས་ལ་འབྲང་ངམ་ཅི་།༣། རིང་པོའམ་ཡང ན་ཐུང་ངུ་ཞེས་༎ མཁས་པ་དག་ནི་རྟོག་མི་བྱེད་༎ཆོས་ཀུན་རྙིང་པོ་མེད་པར་ནི་༎ དེ་བཞིན་དེ་དག་ཁོང་དུ་ཆུད་།༤། བྱིས་པའམ་བྱིས་པའི་ཆོས་རྣམས་སམ་༎ སངས་རྒྱས་ཆོས་སམ་རྒྱལ་བའང་རུང་༎བློ་ལྡན་ཐ་དད་མི་འབྱེད་ཀྱིས་༎ སྟོང་པ་ཉིད་ལ་དེ་ལྟར་ལྟོས་།༥། དྲང་སྲོང་ཆེན་པོས་བྱང ཆུབ་ཐོབ་༎ དེ་ནི་མི་རིགས་བརྟགས་པ་ཡིན་༎ཆོས་འདི་ལ་ནི་སྐྱེ་མེད་ན་༎ མྱ་ངན་འདས་པ་ཇི་ལྟར་ཐོབ་།༦། ཆོས་རྣམས་མཐའ་ཡས་རབ་ཏུ་གསུངས་༎ སེམས་ཅན་གྲོལ་བའང་དངོས་པོ་མེད་༎མྱ་ངན་འདས་དང་འཁོར་བ་ལ་༎ ཐ་དད་དབྱེར་མེད་གཟུང བར་གྱིས་།༧། འདི་ལ་རྣམ་པ་ཐམས་ཅད་དུ་༎ བསྣན་དང་དབྲི་བ་ཅི་ཡང མེད་༎ཐ་དད་མེད་པའི་ཆོས་རྣམས་ལ་༎ མཁས་པ་རྣམས་ནི་རྨོངས་མི་འགྱུར་།༨། བྱིས་པ་རྣམས་ཀྱིས་ཐོབ་ཅིང་རྙེད་༎ བྱིས་པས་མྱ་ངན་འདས་པ་ཐོབ་༎འཁོར་བ་ལ་ནི་དེ་ཀུན་ཆགས་༎ རློམ་སེམས་བདུད་ཀྱི་འཆིང་བ་ཡིན་།༩། གང་གིས་བློ་ལ་ངས་ཐོབ་སྙམ་༎ དེས་ནི་ཅི་ཡང་ཐོབ་པ་མེད་༎དེ་ཡི་ཡང་སྲིད་འགྲོ་བ་ཡི་༎ མ་རིག་པ་ལའང་འཇུག་པར་འགྱུར་།༡༠། བྱང ཆུབ་སྙིང་པོར་འདུག་ནས་ནི་༎ མཐོང་བ་མེད་ཅིང་སྤངས་པའང་མེད་༎སངས་རྒྱས་རྣམས་ཀྱི་བྱང ཆུབ་འདི་༎ ཐ་སྙད་ཡིན་ཏེ་དོན་དུ་མིན་།༡༡། བྱང ཆུབ་དང་ནི་མྱ་ངན་འདས་༎ ཐ་སྙད་དག་གིས་བརྗོད་མི་ནུས་༎གང་དག་དེ་ལྟར་ཡང་དག་མཐོང་༎ དེ་དག་ཆོས་ཉིད་རྣམ་པར་ཤེས་།༡༢།,童子雖年幼 智慧如大海經於幾多時 學成無生法  爾時寶授童子答大目乾連説伽陀曰  所學即非學 一切學無性大智如是學 我學亦如是  汝之所問我 著於衆生相衆生本無相 諸法不可得  説有菩提相 愚迷非正見尊者今云何 猶住於諸見  智者於諸見 一切悉清淨佛法愚迷法 及彼種種法  如是觀皆空 是知諸法性  若住有無相 求證菩提者法本非有無 菩提云何得  説法無邊際 衆生亦如是不住差別相 斯即名涅槃  如是行輪迴 師資無所有此無相法中 智者不迷惑  愚迷言得證 彼皆住輪迴無明轉増長 是即爲魔著    安坐菩提場 爲示俗諦故諸佛之所證 非俗非寂靜  菩提不可説 遠離見非見若見如是實 彼能解妙法,"As for your age, you are very young, but you are like an ocean by your insight (prajñā)! How long have you been trained (śikṣita) in these teachings (dharma) (1)?  Ratnadatta said:  All my learning (śikṣā) has disappeared, because what is learning is really not learning: That in which there is no learning is the learning of the wise (1).  The topics (artha) on which you have asked me are all within the common concepts of any being (sattvasaṃjñā). In this teaching, however, no origination (utpāda) is found among any moments of existence anywhere (2).  The foolish (bāla) construct (kalpayanti) awakening (bodhi) and existence (saṃsāra), but how can you, the reverend monk (bhadanta), admit the teachings of the foolish (bāladharma) (3)?  The wise do not construct (na kalpayanti kuśalāḥ) questions like “How long?” “How short?”, since moments of existence have no age: this is the way one should understand them (4).̌  “Foolish (bāla)”, “teachings of the foolish (bāladharma)”, “teachings of the Buddha (buddhadharma)” or “The Victorious (jina)”, the wise (dhīmat) do not make such distinctions. You should rather see such things as part of emptiness (śūnyatā) (5).̌  “The great sage (maharṣi) attained Awakening (bodhi)”, this is an illogical construction (ayuktakalpanā): since there is no origination (utpāda) among the moments of existence, how can there be an extinction (nirvāṇa) to be obtained (6).  The moments of existence are endless (ananta), the Lord has said, and a liberated (vimukta) being is inexistent (abhāva). So do understand that there is no difference between existence and extinction (7)!  Among all these forms there is no increase or decrease, the wise are not deluded (na muhyante) by the moments of existence without distinctions (aprabhinna) (8).  The foolish believe they have attained and found, the foolish believe they have attained extinction (nirvāṇa): they are rather passionately attached to existence (saṃsārasārakta), conceited thinking (manyanā) is the snare of the Evil One (mārabandhana) which binds them (9).  One thinking “I have attained” has not attained anything, he has rather succumbed to the ignorance (avidyā) by which he goes to new rebirths (punarbhava) (10).  After one is placed on the seat of awakening (bodhimaṇḍa) there are no viewpoints (dṛṣṭi) and nothing more to get rid of. And this awakening (bodhi) of the Buddhas is only a conventional expression (vyavahāra) without meaning (anartha) (11).  It is impossible to express the awakening (bodhi) and extinction (saṃsāra) with conventional expressions (vyavahāra): Those viewing things this way discern (vijānanti) the true state of things (dharmatā) (12)."
c6623af21712455bb4c116e38ca812d3,དེ་ནས་བཅོམ་ལྡན་འདས་ལ་ཚེ་དང་ལྡན་པ་ཤཱ་རིའི་བུས་འདི་སྐད་ཅེས་གསོལ་ཏོ་༎ བཅོམ་ལྡན་འདས་ཁྱེའུ་རིན་ཆེན་བྱིན་གྱིས་ཡུན་ཇི་སྲིད་ཅིག་ནས་ཆོས་འདི་ལ་སྤྱད་ལགས་༎ བཅོམ་ལྡན་འདས་ཀྱིས་བཀའ་སྩལ་པ་། གང་གི་ཚེ་དེ་བཞིན་གཤེགས་པ་མར་མེ་མཛད་ཀྱིས་ང་མི་སྐྱེ་བའི་ཆོས་ལ་བཟོད་པ་ཐོབ་པར་འགྱུར་བ་ལུང་བསྟན་པ་དེའི་ཚེ་། འདི་མར་མེ་མཛད་ཀྱི་གསུང་རབ་ལ་སྟོང་པ་ཉིད་ལ་གནས་པའི་བྱང་ཆུབ་སེམས་དཔའ་རྣམས་ཀྱི་མཆོག་ཏུ་གྱུར་ཏོ་༎ གང་གི་ཚེ་ངས་བླ་ན་མེད་པ་ཡང་དག་པར་རྫོགས་པའི་བྱང་ཆུབ་ཏུ་དང པོ་སེམས་བསྐྱེད་པ་དེའི་ཚེ་འདིས་བཟོད་པ་ཐོབ་ནས་བསྐལ་པ་སུམ་འབུམ་ལོན་ནོ་༎ ཤཱ་རིའི་བུས་གསོལ་པ་། བཅོམ་ལྡན་འདས་ཁྱེའུ་རིན་ཆེན་བྱིན་བླ་ན་མེད་པ་ཡང་དག་པར་རྫོགས་པའི་བྱང་ཆུབ་མངོན་པར་རྫོགས་པར་སངས་མ་རྒྱས་པའི་རྒྱུ་ནི་གང་ལགས་། རྐྱེན་ནི་གང་ལགས་། བཅོམ་ལྡན་འདས་ཀྱིས་བཀའ་སྩལ་པ་། ཁྱོད་ཀྱིས་ཁྱེའུ་རིན་ཆེན་བྱིན་འདི་ཉིད་ལ་དྲིས་ཤིག་དང་འདི་ཉིད་ཁྱོད་ལ་སྟོན་པར་འགྱུར་རོ་༎,爾時尊者舍利弗白佛言  世尊。此寶授童子。從於何時於法修行  佛言 舍利弗。我初發阿耨多羅三藐三菩提心時。此寶授童子。已證無生法忍經三百千劫又舍利弗。我於往昔燃燈佛處得授記時。我初證得無生法忍。寶授童子。於彼法中爲大菩薩解空第一  舍利弗復白佛言。世尊。寶授菩薩。何因何縁經如是時不證阿耨多羅三藐三菩提  佛告舍利弗。汝將此義自問寶授菩薩必爲汝説。,"(The Lord relates Ratnadatta’s earlier lives:) Then the venerable Śāriputra asked the Lord:  How long, Lord, has the boy Ratnadatta practised this teaching?  The Lord said: At the time the Tathāgata Dīpaṃkara gave me the prophecy of awakening (vyākaraṇa), when I had reached the kind of tolerance that all moments of existence are unborn (anutpattikadharmakṣāntipratilabdha), at that time this boy was the greatest of the bodhisattvas established in emptiness (śūnyatāpratiṣṭhita), according to the words of Dīpaṃkara. And at the time I was one for the first time to produce the thought of incomparable perfect awakening (anuttarāyai samyaksaṃbodhaye prathamacittotpādika), at that time three hundred thousand kalpas had elapsed since this boy attained that tolerance (kṣāntipratilambha).  Śāriputra said: But Lord, what is the cause (hetu), what is the reason (pratyaya) why this boy Ratnadatta has not reached the incomparable perfect awakening?  The Lord said: Ask the boy himself, he will tell you."
3ee13ee8d33247138f325f5271cece3c,དེ་ནས་ཚེ་དང ལྡན་པ་ཤཱ་རིའི་བུས་ཁྱེའུ་རིན་ཆེན་བྱིན་ལ་འདི་སྐད་ཅེས་སྨྲས་སོ་༎ ཅིའི་ཕྱིར་ཁྱོད་བླ་ན་མེད་པ་ཡང་དག་པར་རྫོགས་པའི་བྱང་ཆུབ་མངོན་པར་རྫོགས་པར་སངས་མ་རྒྱས་། རིན་ཆེན་བྱིན་གྱིས་སྨྲས་པ་། བླ་ན་མེད་པ་ཡང་དག་པར་རྫོགས་པའི་བྱང་ཆུབ་མ་དམིགས་པས་ན་། དེའི་ཕྱིར་བདག་མངོན་པར་རྫོགས་པར་འཚང་མི་རྒྱའོ་༎ ཤཱ་རིའི་བུས་སྨྲས་པ་། འོ་ན་ཅི་དེ་བཞིན་གཤེགས་པ་འདི་མངོན་པར་རྫོགས་པར་སངས་རྒྱས་པ་ལས་ན་དམིགས་པ་ལ་སྤྱོད་དམ་། རིན་ཆེན་བྱིན་གྱིས་སྨྲས་པ་། གལ་ཏེ་དེ་བཞིན་གཤེགས་པ་མངོན་པར་རྫོགས་པར་སངས་རྒྱས་པར་འཛིན་ན་ནི་། དེའི་དམིགས་པར་འགྱུར་བ་ཞིག་ན་། ཆོས་གསུང་བ་ནི་མངོན་པར་རྫོགས་པར་འཚང་རྒྱ་བར་ཡང་མི་མཛད་ལ་སྤོང་བར་ཡང་མི་མཛད་དོ་༎ ཤཱ་རིའི་བུས་སྨྲས་པ་། ཁྱོད་ཆོས་བཞི་སྒྲུབ་པ་དང་ཡོངས་སུ་སྨིན་པ་མཉམ་པས་བཟོད་པ་གང་ལ་གནས་། ཁྱེའུ་རིན་ཆེན་བྱིན་གྱིས་སྨྲས་པ་། བདག་གིས་ནི་ཆོས་གཅིག་ཀྱང ཡོངས་སུ་གྲུབ་པར་ཡང་དག་པར་མི་མཐོང་ན་བཞི་ལྟ་ཅི་སྨོས་། འདི་ལ་ཡང དག་པར་འགྲུབ་པ་གང་ཞིག་ཡོད་དེ་། ཆོས་རྣམ་པར་རིག་པ་ཞེས་བྱ་བ་འདི་ནི་དམིགས་པའོ་༎ བྱང་ཆུབ་ཅེས་བྱ་བ་འདི་ནི་དམིགས་པའོ་༎ དེ་བཞིན་གཤེགས་པ་ཞེས་བྱ་བ་འདི་ནི་འཛིན་པའོ་༎ གྲོལ་བ་ཞེས་བྱ་བ་འདི་ནི་སྤྲོས་པའོ་༎,時舍利弗承佛聖旨。即伸問言寶授菩薩言。今云何不成佛耶。  寶授菩薩言。尊者。  阿耨多羅三藐三菩提不可得故。由是我不成佛。  舍利弗言。寶授菩薩。於意云何。如來成佛莫有相耶。  寶授菩薩言。如來若於菩提有所證者即是取相。若取相者即是妄想。  舍利弗言。寶授菩薩。汝從爾來住何忍何行。復以何法化度平等。  寶授菩薩言。我於一法而尚不住。何況有四。舍利弗。汝勿謂我有法説耶證菩提耶。是如來耶。得解脱耶。,"(Why Ratnadatta has not attained awakening:) Then the venerable Śāriputra addressed the boy Ratnadatta (athāyuṣmāñ śāriputro ratnadattaṃ dārakam āmantrayate sma):  Why have you then not reached the incomparable complete awakening (tvaṃ kasya hetor anuttarāyāṃ samyaksaṃbodhau nābhisaṃbuddhaḥ)?  Ratnadatta answered: I do not have any conceptions of an incomparable perfect awakening, that is why I do not wake up (ratnadatta uvāca anuttarasamyaksaṃbodher anupalambhāt tasmād nāham abhisaṃbuddhye).  Śāriputra said: But this Tathāgata, after his perfect awkening, does not behave according to such conceptions, does he (kiṃ tu tathāgato ’yam abhisaṃbuddhaḥ mopalambhe caret)?  Ratnadatta said: If the Tathāgata grasps at the idea of complete awakening (yadi tathāgato ’bhisaṃbodhiṃ gṛhṇīyāt?), he is one who is possessed of conceptions (upalambha), and so he does not wake up, he does not renounce (nābhisaṃbudhyeta na prajahyād), such is the teaching (iti dharmavacanāt?).  Śāriputra said: How far have you reached in progress in the four qualities (caturdharmapratipatti) and in tolerance (kṣānti) by means of maturing your sense of universal sameness (paripakvasamatayā)?  The boy Ratnadatta said: I do not see even one quality completed, so how can there be question of four (ratnadatto dāraka uvāca nāham ekaṃ dharmam api pariniṣpannaṃ samanupaśyāmi kaḥ punar vādaś caturaḥ)? But, now, what is accumulating religious progress (atra katamaḥ samudānayaḥ)? It is understanding that religious proclamation is only a conception (dharmavijñaptir ity ayam upalambhaḥ), awakening is only a conception (bodhir ity ayam upalambhaḥ), that the Tathāgata is only grasping for something inexistent (tathāgata ity ayam parigrahaḥ), that liberation is only a rhetorical figure (mokṣa ity ayaṃ prapañcaḥ)."
6b482de2bb8d44d3b526623177a613d8,ཤཱ་རིའི་བུས་སྨྲས་པ་། རིགས་ཀྱི་བུ་ཁྱོད་འདི་ལྟ་བུའི་ཆོས་རྣམས་ལ་སྤྱོད་ལ་རྫུས་ཏེ་སྐྱེ་བས་སངས་རྒྱས་རྣམས་མངོན་སུམ་དུ་གྱུར་པར་སྐྱེ་ཞིང་རྟག་ཏུ་རབ་ཏུ་འབྱུང་བ་འདི་ནི་ངོ་མཚར་ཏོ་༎,舍利弗言。  希有善男子。若能於法如是了知。汝向於佛宜可出家。,"(On the lack of meaning in becoming a monk:) Śāriputra said:  It is wonderful (āścarya), son of good family (kulaputra), in practising such teachings (dharma) you are born in the nearness of the Buddhas through miraculous birth (aupapāduka), and will always assume the life of a monk (sadā pravrajasi)."
3fd2d334d0e04a7aacd1f919d9529e13,དེ་ནས་དེའི་ཚེ་ཁྱེའུ་རིན་ཆེན་བྱིན་གྱིས་ཚིགས་སུ་བཅད་པ་འདི་དག་སྨྲས་སོ་༎,爾時寶授菩薩。説伽陀曰,Then the boy Ratnadatta spoke these verses:
dbf46b7e2b2f411d975c9678b2ed9731,སྐྱེ་དང་དེ་བཞིན་སྐྱེ་མེད་གཉིས་ནི་སྤྲོས་པ་སྟེ་༎ ཀུན་ཏུ་རྟོག་པའི་ས་དང་བདུད་ཀྱི་སྤྱོད་ཡུལ་ཡིན་༎ལུས་ལ་སོགས་པའི་ཆོས་འཛིན་རློམ་སེམས་འདོད་པ་ཡི་༎ ལྷ་དང་ལྷ་མིན་འགྲོ་བ་རྣམས་ནི་འདིར་བརླག་གོ་།༡། རྒྱལ་བས་བདུད་རྩི་འདུས་མ་བྱས་པ་བརྙེས་སྙམ་དུ་༎ དེ་ལྟར་གང་དག་བསམ་པ་རབ་ཏུ་འཇུག་བྱེད་པ་༎དེ་དག་སངས་རྒྱས་ལ་ནི་སྐུ་ངས་གསོལ་བར་བྱེད་༎ བརྙེས་ཀྱང་འདི་ལ་འདྲེན་པ་རྣམས་ཀྱིས་བརྙེས་པ་མེད་།༢། འདིར་ནི་སྐྱེ་བོ་མང་པོ་དག་༎ རབ་ཏུ་བྱུང་ནས་རབ་བྱུང་རློམ་༎སེམས་ཀྱི་དམིགས་པས་རྣམ་འཁྲུལ་ནས་༎ བསྟན་པ་ལ་ནི་སུན་འབྱིན་རྣམས་།༣། བདུད་རྩི་བདག་གིས་ཐོབ་པོ་ཞེས་༎ ཐོབ་པའི་ང་རྒྱལ་ཅན་དག་སྨྲ་༎སྐྱོབ་པ་ཤཱ་ཀྱ་སེང་གེ་ཡི་༎ བསྟན་པ་ལ་ནི་སྤྲོས་པ་མེད་།༤། སེམས་ཀྱི་རྣམ་པ་ཐམས་ཅད་དུ་༎ སེམས་ཀྱི་ངོ་བོ་ཉིད་མི་རྟོགས་༎དེ་བཞིན་རྣམ་འདྲེན་གསུངས་པ་ཡི་༎ ལྟ་བ་དེ་ནི་རང་བཞིན་མེད་།༥། སྤྱན་དག་རྒྱལ་བས་གསུངས་པ་ཡི་༎ ལྟ་བ་ལ་ནི་ལྟ་བ་མེད་༎དེ་ཕྱིར་ཤེས་རབ་ལྡན་པ་ནི་༎ བདག་ཉིད་གྲོལ་སྙམ་འཛིན་པ་མེད་།༦། མཚན་མར་འཛིན་པ་སྒོམ་པ་རྣམས་༎ བདག་ཏུ་དམིགས་པས་རྨོངས་པར་འགྱུར་༎མཁས་པ་མ་ཡིན་ཁ་ཅིག་ནི་༎ ཡང་དག་མ་ཡིན་སྟོང་པ་སྤོང་།༧། དངོས་པོ་རྨི་ལམ་སྒྱུ་མ་འདྲ་༎ རང གི་བློས་ནི་བརྟགས་ནས་ཀྱང་༎མི་མཁས་དེ་དག་དངོས་པོ་རྣམས་༎ གཞིག་ཕྱིར་མྱ་ངན་འདས་པ་སྨྲ་།༨། ལུས་ལ་ཡང་ནི་རྟེན་བཅས་ནས་༎ ཚུལ་ཁྲིམས་འདུ་ཤེས་རྣམ་པར་འཇིག་༎སེམས་ཀྱི་དམིགས་པ་དག་ལ་ཡང་༎ བསམ་གཏན་འདུ་ཤེས་རྣམ་པར་འཇིག་།༩། དེ་བཞིན་ཤེས་རབ་དམིགས་ནས་ཀྱང་༎ ས་བོན་འདུ་ཤེས་རྣམ་པར་རྨོངས་༎འཇིག་རྟེན་འཇིག་རྟེན་མཁས་རྣམས་ཀྱིས་༎ དེ་དག་ཆོས་ཀྱི་རྐུན་པོར་བརྗོད་།༡༠། འདི་འདྲ་བ་ཡི་ཆོས་རྣམས་ལ་༎ ཆོས་དབྱིངས་འོད་གསལ་ཉོན་མོངས་མེད་༎འོ་ན་རབ་ཏུ་བྱུང་བའི་དོན་༎ ཁྱོད་ཀྱིས་བདག་ལ་ཇི་སྐད་བརྗོད་།༡༡། ཆོས་རྣམས་ཐམས་ཅད་ཐ་དད་མེད་༎ འདི་དག་བྲག་ཆ་འདྲ་བ་ཡིན་༎མཁས་པ་དེ་དག་ནམ་དུ་ཡང་༎ འཕགས་པའི་སྤྱོད་ཡུལ་རྟོག་མི་བྱེད་།༡༢། གཞན་མིན་མཚན་ཉིད་དེ་བཞིན་ཉིད་༎ གཞན་དག་ཏུ་ནི་ཡོང་མི་འགྱུར་༎ཆོས་རྣམས་འགྱུར་བ་མེད་པ་ལ་༎ རབ་བྱུང་བརྟགས་པས་ཅི་ཞིག་བྱ་།༡༣།,  諸有出家者 多著出家相心妄想迷惑 稱謂有所得執見於事法 修行布施因欲求無爲果 所證即有爲    不了無相地 見有生不生得與無得相 謂得甘露味是人於佛法 乃名破法者7如來釋師子 説法寂無相  不住心非心 不住性無性若見如是説 是即見佛説  若見有相者 斯人眼非淨我見非解脱 智者不應行  我見即愚迷 執見有常相以自有相見 謂得於涅槃  不識夢幻性 及背空無相佛説如是人 是大無智慧  又復調諸根 持戒著禪定  起於妄想心 住相迷求果  此則法中賊 智者應當知以斯種種法 我出家何益  法界本湛然 諸法無分別譬如山響等 智者不見相  當住於如如 無別有性相若了如是法 何住出家相,"Birth (utpāda) and non-birth (utpāda), the two concepts are only discursive thinking (prapañca), the region of thought-constructions (saṃkalpabhūmi), the territory of the Evil One (māragocara): grasping for the moments of existence related to the body, etc. (kāyādidharmaparigraha) is only conceited thoughts (manyanā), in which gods of passion (kāmadeva) and pride (asura) are lost (1).  Some think: The Victorious (jina) has attained the unconditioned (asaṃskṛta) ambrosia (amṛta), but those who think like that, believe they have themselves clothed the Buddha; what they have attained is not what the leaders of religion (nāyaka) have attained (2).  Here many people, having become monks (pravrajya), are conceited by the fact that they are monks (pravrajyāṃ manyante), they are really bewildered (vibhramya) by mental conceptions (cittopalambha) and are corrupting the religious teachings (nirdeśadūṣaka) (3).  They say: I have attained the ambrosia, but they speak as someone attaining only conceitedness (māna). But in the teachings (nirdeśa) of our protector (trāyin), the lion of the Śākya clan, there is no discursive thinking (prapañca) (4).  They do not understand the real nature of thought (cittasvabhāva) in all the aspects of thought, and thus they do not understand that the viewpoint (dṛṣṭi) of our teacher (vināyaka) is without any real nature (niḥsvabhāva) (5).  Because the viewpoint (dṛṣṭi) proclaimed by the Victorious One (jina) with the pure eye of wisdom (viśuddhacakṣur), there is really no view (dṛṣṭir nāsti). And that is why the wise (prajñāvat) do not hold on to a view like “I am liberated” (nāhaṃ mukta iti grāhaḥ) (6).  Those who do meditation in grasping for distinguishing marks (nimittagrāhabhāvita) become bewildered (muhyante) by conceptions of themselves (ātmopalambha), thus some unwise people (akuśala) reject emptiness (śūnyatā) calling it inexistence (abhāva) (7).  Existent things (bhāva) are like a dream, an illusion (svapnamāyāsadṛśa). But having constructed (kalpayitvā) existence in their thoughts (matinā), these unwise people (akuśala) call it extinction (nirvāṇa), when things existent (bhāva) have disappeared (naṣṭa) (8).  Rather, when they base themselves on the body, their true concept of morality (śīlasaṃjñā) is destroyed (vinaṣṭa), and by mental conceptions (cittopalambha), their true concept of meditation (dhyānasaṃjñā) is destroyed (vinaṣṭa) (9);  and in the same way, by conceptions of what insight is (prajñopalambha), the concept of their true potentiality (bījasaṃjñā) is confused (vimūḍha). Because they really are only clever in the ways of the world (lokalaukikakuśala) such people should rather be called thiefs of religion (dharmacaura) (10).  In all these moments of existence (dharma) is found the undefiled light (asākliṣṭaprabhāsvara) of true reality (dharmadhātu), so what can you tell me of the meaning of assuming a monk’s life (pravrajyārtha) (11)?  All moments of existence are without difference (nānātva), they are like an echo (pratiśrutkā). The wise people never make thought-constructions (na kalpayanti) concerning the field of the saints (āryagocara) (12).  In the moments of existence (dharma), which have the essential character of not being anything else but what they are (ananyalakṣaṇa), being what they are (tathatā), not being in another way than they are (ananyathā), being without change (nirvikāra), what is the use of constructing the assuming of a monk’s life (pravrajyākalpanā) (13)?"
5eaaa659f1b84ebeb8c7784119898310,། དེ་ནས་འཇམ་དཔལ་གཞོན་ནུར་གྱུར་པས་ཁྱེའུ་རིན་ཆེན་བྱིན་ལ་འདི་སྐད་ཅེས་སྨྲས་སོ་༎ ཁྱེའུ་བྱང་ཆུབ་ཅེས་བྱ་བ་དེ་གང་གི་ཚིག་བླ་དགས་ཡིན་། རིན་ཆེན་བྱིན་གྱིས་སྨྲས་པ་། འཇམ་དཔལ་བྱང་ཆུབ་ནི་ཚིག་གི་བླ་དགས་མེད་པའོ་༎ འཇམ་དཔལ་གྱིས་སྨྲས་པ་། ཁྱོད་ཅི་ལས་བསམས་ཏེ་དེ་སྐད་སྨྲ་༎ རིན་ཆེན་བྱིན་གྱིས་སྨྲས་པ་། འཇམ་དཔལ་ཆོས་ཉིད་ནི་བསམ་དུ་མེད་པ་ཡིན་ན་། དེ་བདག་གིས་འདི་སྐད་བསམས་ཏེ་བསྟན་པར་བྱ་། འཇམ་དཔལ་གྱིས་སྨྲས་པ་། འདི་ལ་ལས་དང་པོ་པའི་བྱང ཆུབ་སེམས་དཔའ་ལ་ཇི་ལྟར་གདམས་ངག་བསྟན་པར་བྱ་། ཇི་ལྟར་རྗེས་སུ་བསྟན་པར་བྱ་། རིན་ཆེན་བྱིན་གྱིས་སྨྲས་པ་། འདི་སྐད་ཅེས་བྱ་བར་བྱ་སྟེ་། འདོད་ཆགས་མ་སྤངས ཤིག་། ཞེ་སྡང་མ་གཞིལ་ཅིག་། གཏི་མུག་མ་བསལ་ཅིག་། རང་གི་ལུས་ལས་གྱེན་དུ་མ་བསྐྱོད་ཅིག་། མི་དགེ་བ་སྤྱོད་ཅིག་། ལྟ་བ་ཚར་མ་བཅད་ཅིག་། ཀུན་ཏུ་སྦྱོར་བ་རྣམས་མ་སྟོན་ཅིག་། ཕུང་པོ་རྣམས་ཡོངས་སུ་ཟུང་ཤིག་། ཁམས་རྣམས་རིལ་པོར་གྱིས་ཤིག་། སྐྱེ་མཆེད་རྣམས་ལ་སྤྱོད་ཅིག་། བྱིས་པའི་ས་ལས་འདའ་བར་མ་བྱེད་ཅིག་། མི་དགེ་བ་ལ་རྟོགས་ཤིག་། དགེ་བ་སྤོངས་ཤིག་། སངས་རྒྱས་ཡིད་ལ་མ་བྱེད་ཅིག་། ཆོས་མ་སེམས་ཤིག་། དགེ་འདུན་ལ་མཆོད་པ་མ་བྱེད་ཅིག་། བསླབ་པ་དག་ཡང་དག་པར་མ་ལེན་ཅིག་། སྲིད་པ་ཉེ་བར་ཞི་བ་དོན་དུ་མ་གཉེར་ཅིག་། ཆུ་བོ་ལས་མ་རྒལ་ཅིག་ཅེས་གདམས་ངག་འདི་ལྟ་བུ་འདིས་ལས་དང་པོ་པའི་བྱང་ཆུབ་སེམས་དཔའ་ལ་གདམས་པར་བྱ་། རྗེས་སུ་བསྟན་པར་བྱའོ་༎ དེ་ཅིའི་ཕྱིར་ཞེ་ན་། ཆོས་རྣམས་ཀྱི་ཆོས་གནས་པ་འདི་ནི་གནས་པ་ཁོ་ན་ཡིན་པའི་ཕྱིར་རོ་༎ བྱིས་པ་དེ་དག་ནི་སྐྱེ་བའི་ཆོས་སུ་ལུང་སྟོན་པར་བྱེད་དོ་༎ འགག་པའི་ཆོས་སུ་ལུང་སྟོན་པར་བྱེད་དོ་༎ ཆོས་ཀྱི་དབྱིངས་འདི་ནི་རྣམ་པར་མི་རྟོག་པས་རབ་ཏུ་ཕྱེ་བ་ཡིན་ཏེ་། ཆོས་འདི་རྣམས་ཀྱི་རང བཞིན་དེ་ལྟར་རྗེས་སུ་རྟོགས་པ་གང་ཡིན་པ་དེ་ནི་བྱང་ཆུབ་བོ་ཞེས་དེ་ལྟར་གདམས་ན་། གལ་ཏེ་མི་སྐྲག་མི་དངང་ཞིང་དངང་བར་མི་འགྱུར་ན་། ཀྱེ་མ་བྱང་ཆུབ་སེམས་དཔའ་འདི་ནི་ཕྱིར་མི་ལྡོག་པ་སྟེ་། ཕྱིར་མི་ལྡོག་པའི་སའི་སྐལ་བ་ཅན་ཡིན་ནོ་སྙམ་དུ་ཤེས་པར་བྱ་སྟེ་། གདམས་ངག་འདིས་ཡང་དང་ཡང་དུ་ཡང་དག་པར་དགའ་བ་བསྐྱེད་པར་བྱའོ་༎,爾時妙吉祥菩薩告寶授菩薩言。  云何説爲菩提。  寶授菩薩言。離諸語言名爲菩提。  妙吉祥言。汝當云何作如是説。  寶授菩薩言。法本無言故作是説  妙吉祥言。爲初地菩薩。當何所説令云何學。  寶授菩薩言。當如是説。不斷貪慾瞋恚。不捨愚癡不斷煩惱。乃至五蘊六處等。又復於智慧愚癡不生疑惑。不心念佛不思惟法。不供養衆。亦不持戒。不於朋友而求寂靜。乃至諸難亦不越度。妙吉祥。當爲初地菩薩説如是法令如是學。  於意云何。亦復不應於是諸法而有住相。若住相者是爲住法。  彼即愚迷起生滅法。若於是法説無疑惑。即於法界知其性也。若能如是了法性者。是得名爲説菩提也。  妙吉祥。若有菩薩聞斯法已不驚不怖。當知是爲得不退轉  ,"(On the designation bodhi and the instruction of the bodhisattva in the beginning of his development:) Then the bodhisattva Mañjuśrīkumārabhūta spoke to the boy Ratnadatta:  Boy, of what is “awakening” a designation (bodhir iti dāraka kasyaitad adhivacanam)?  Ratnadatta said: Mañjuśrī, awakening is no designation (ratnadatta uvāca nāsti mañjuśrīr bodhir adhivacanam).  Mañjuśrī said: Thinking what (yataś cintayitvā) do you say so?  Ratnadatta said: Mañjuśrī, the nature of things is unthinkable (dharmatā mañjuśrīr acintyā), thinking thus I will teach about it (sā mayaivaṃ cintayitvā nirdeśyā).  Mañjuśrī said: But what kind of instruction will you teach, how will you instruct the bodhisattva in the beginning of his development (atra katham ādikarmikasya bodhisattvasyāvavādo nirdeśyaḥ katham anuśāsanīyaḥ)?  Ratnadatta said: One should speak like this – do not give up your passion (rāga), do not fight your aversion (dveṣa), do not clear away your bewilderment (moha), do not liberate (uccal-) yourself from your body (kāya), practise (car-) the bad things (akuśala), do not hold back (nigrah-) your views (dṛṣṭi), do not be conscious of the bonds to the worldly things (sāyojana), grasp for (parigrah-) the parts of the personality (skandha), amass (piṇḍīkṛ-) the spheres of sense-perception (dhātu), move about (car-) among the fields of sense-perception (āyatana), do not leave (atî-) the stage of fools (bālabhūmi), frequent (āgam-) the bad (akuśala), give up the good (kuśala), do not think of (manaskṛ-) the Buddha, do not reflect (cint-) on religious teachings (dharma), do not give offerings to (pūj-) the congregation of monks (sāgha), do not take the training (śikṣā) upon yourself (samādā-), do not seek (prārthaya-) the peacefulness of existence (bhavaśamana), do not cross over (uttṛ-) the river of existence (ogha). This kind of instructions one should teach and give to the bodhisattva in the beginning of his development (ādikarmika).  Why? Because this state of the moments of existence and nothing else is their true state (iyaṃ dharmāṇāṃ dharmasthitir shitir eva).  Foolish people (bāla) explain things (vyākṛ-) in accordance with moments of existence of arising (utpādadharma) and moments of existence of disappearance (nirodhadharma). But this sphere of all moments of existence distinguishes itself by being beyond thought-constructions (sa tu dharmadhātur nirvikalpaprabhāvitaḥ), and understanding the essential character of all these moments of existence in this way is awakening (ya eṣāṃ dharmāṇāṃ svabhāvasyaivamanubodhaḥ sā bodhir iti).  If he is taught in this way and does not become afraid, scared or terrified, then he is a bodhisattva not turning back in his development, one who has a part in the stage of never turning back (yady evam upadiṣṭo nottrasen na sātrasyen na sātrāsam āpadyeta sa vatāvaivartiko bodhisattvo ’vaivairtikabhūmibhāgīya iti jñātavyaḥ).  By means of this instruction one should carry on a pleasant conversation at length (anenāvavādena punaḥ punaḥ sāmodanīyam)."
9ca236225f754e139149cecdfb7d9784,དེའི་ཚེ་དམིགས་པ་ཅན་གྱི་དགེ་སློང་བརྒྱད་ཀྱིས་ཆོས་ཀྱི་རྣམ་གྲངས་འདི་མ་བསྟེན་པར་སྤངས་ནས་འཁོར་དེ་ནས་སོང་སྟེ་། ཁ་ནས་ཁྲག་དྲོན་པོ་བྱུང་ནས་ཤིའོ་༎ ཤི་ནས་སེམས་ཅན་དམྱལ་བ་ཆེན་པོ་ངུ་འབོད་དུ་སྐྱེས་སོ་༎ དེ་ནས་བཅོམ་ལྡན་འདས་ལ་འཇམ་དཔལ་གཞོན་ནུར་གྱུར་པས་འདི་སྐད་ཅེས་གསོལ་ཏོ་༎ བཅོམ་ལྡན་འདས་དགེ་སློང་དེ་དག་གིས་ཆོས་ཀྱི་རྣམ་གྲངས་འདི་ཐོས་པས་གནོད་པ་ཆེན་པོ་ཇི་ཙམ་དུ་གྱུར་པ་ལ་གཟིགས་། བཅོམ་ལྡན་འདས་ཀྱིས་བཀའ་སྩལ་པ་། འཇམ་དཔལ་ཁྱོད་དེ་སྐད་མ་ཟེར་ཅིག་། གལ་ཏེ་དགེ་སློང་འདི་དག་གིས་ཆོས་ཀྱི་རྣམ་གྲངས་འདི་མ་ཐོས་སུ་ཟིན་ན་། བསྐལ་པ་ས་ཡའི་བར་དུ་ནམས་ཀྱང་བཟང་འགྲོར་སྐྱེ་བར་ཡང་མི་འགྱུར་ན་སངས་རྒྱས་དང་ཕྲད་ཅིང་མཉེས་པར་བྱེད་པ་ལྟ་ཅི་སྨོས་། ད་ནི་དེ་དག་གིས་ཆོས་ཀྱི་རྣམ་གྲངས་འདི་སོམ་ཉི་དང་བཅས་པས་ཐོས་ནས་ད་གཟོད་ཁོ་ནར་སེམས་ཅན་དམྱལ་བ་ཆེན་པོ་ངུ་འབོད་ནས་ཤི་འཕོས་ཏེ་དགའ་ལྡན་གྱི་ལྷའི་རིས་སུ་སྐྱེའོ་༎ དེ་དག་བསྐལ་པ་དྲུག་ཅུ་རྩ་བརྒྱད་ཀྱི་བར་དུ་དེ་བཞིན་གཤེགས་པ་ཁྲག་ཁྲིག་ཕྲག་བཅུ་མཉེས་པར་བྱེད་པར་འགྱུར་ཏེ་། ཐམས་ཅད་དུ་རྫུས་ཏེ་སྐྱེ་ཞིང་འཁོར་ལོས་སྒྱུར་བའི་རྒྱལ་པོ་ཤ་སྟག་ཏུ་འགྱུར་ལ་། བསྐལ་པ་གཅིག་ལ་དེ་བཞིན་གཤེགས་པ་དགྲ་བཅོམ་པ་ཡང དག་པར་རྫོགས་པའི་སངས་རྒྱས་དྲི་མ་མེད་པའི་འོད་ཅེས་བྱ་བ་དག་ཏུ་འགྱུར་རོ་༎,爾時會中有八苾芻。忽聞説此無相正法心不愛樂。出於法會  吐血命終。皆墮阿鼻大地獄中  爾時妙吉祥菩薩白佛言。世尊。云何此八苾芻聞此正法乃有如是大惡相耶。  佛言。妙吉祥莫作是説。  然此苾芻經十千劫。不曾聞法不近善友。  是故今日聞此正法心不愛樂。妙吉祥。此八苾芻。當來之世於阿鼻獄中忽思正法。尋便命終生兜率陀天爲彼天子。  或生人間爲轉輪王。經六十八劫當得承事十那由他佛。  於彼劫後有佛出世。號無垢光如來應供正等正覺。彼無垢光佛。,"(Eight provoked monks:) At that time eight monks (bhikṣu), victims of their preconceptions (aupalambhika) did not approve of this kind of religious exposition (dharmaparyāya), and left, going away from that congreagation (parṣad).  But warm blood flowed out of their mouths and they died. Then they were born in the great hell (mahānaraka) Raurava.  Then Mañjuśrīkumārabhūta addressed the Lord: Lord, did you see the great harm that appeared when these monks had heard this exposition of religion?  The Lord said: Do not say that, Mañjuśrī.  If these monks had not heard this exposition of religion, they would never have been born in the good places of the universe (sugati) in a million kalpas (kalpanayuta), and so, how could they meet and please a Buddha?  Now they will, even though they heard this exposition of religion with doubt (sakāṅkṣā), be born in the Tuṣita heaven after they have died (cyutvā) in the great hell Raurava.  Then, in sixty-eight kalpas, they will please (ārāgayiṣyanti) ten times hundred thousand milloins of Tathāgatas, and they will by miraculous birth (aupapāduka) be born as universal kings (cakravartirāja).  And during one kalpa, they will be born as Tathāgatas, Arhats, Perfect Buddhas with the name Vimalaprabha."
2c6253315d4049bbb88eef3e4018448a,དེ་ནས་ལྷའི་བུ་དེ་དག་གིས་ལུང་བསྟན་པ་ལྷའི་རྣ་བའི་ཁམས་ཀྱིས་ཐོས་ནས་། དེ་དག་ལྷའི་བུ་བརྒྱད་ཁྲི་དང་ལྷན་ཅིག་ཏུ་བཅོམ་ལྡན་འདས་ག་ལ་བ་དེར་དོང་སྟེ་ལྷགས་ནས་ལྷའི་མེ་ཏོག་གིས་ཡངས་པའི་གྲོང་ཁྱེར་ཐམས་ཅད་དུ་གཏོར་ཏོ་༎ ཆོས་ཀྱི་རྣམ་གྲངས་འདི་ལ་ཡང་རྗེས་སུ་ཡི་རང་སྟེ་། བཅོམ་ལྡན་འདས་བདག་ཅག་རྗེས་སུ་ཡི་རང་ལགས་སོ་༎ དེ་བཞིན་གཤེགས་པ་རྣམས་ཀྱི་བྱང་ཆུབ་ཀྱི་ཚུལ་འཕེལ་བར་མཛད་དུ་གསོལ་ཞེས་ཀྱང གསོལ་ཏོ་༎ དེ་དག་རྗེས་སུ་ཡི་རང་བའི་མོད་ལ་བླ་ན་མེད་པ་ཡང་དག་པར་རྫོགས་པའི་བྱང་ཆུབ་ལས་ཕྱིར་མི་ལྡོག་པར་གྱུར་ཏོ་༎ ཡངས་པའི་གྲོང་ཁྱེར་ཆེན་པོའི་སྲོག་ཆགས་བརྒྱད་ཁྲི་བཞི་སྟོང་ཡང་བླ་ན་མེད་པ་ཡང དག་པར་རྫོགས་པའི་བྱང་ཆུབ་ལས་ཕྱིར་མི་ལྡོག་པར་གྱུར་ཏོ་༎ སྲོག་ཆགས་ཁྲི་ཉིས་སྟོང་ནི་ཆོས་རྣམས་ལ་ཆོས་ཀྱི་མིག་རྡུལ་མེད་ཅིང་དྲི་མ་དང བྲལ་བ་རྣམ་པར་དག་གོ་༎,如我今日住廣嚴城廣爲人天説法授記時彼天子。天耳遙聞説法授記。即與八萬天子同詣佛所。到佛所已散衆天花遍廣嚴城。供養瞻禮却坐一面。  白佛言。世尊。我等隨喜樂聞正法。願佛爲説菩提之行。  時無垢光如來。爲説正法便令發起大菩提心。彼諸天子纔發心已。應時皆於阿耨多羅三藐三菩提得不退轉。  是時廣嚴城中有八萬四千人。亦於阿耨多羅三藐三菩提得不退轉。  復有千二百人。遠塵離垢得法眼淨,"(Sons of gods praising the teaching:) Then those sons of gods (devaputra) heard those prophecies, and, with eighty thousand others went to the place where the Lord was staying, and sprinkled divine flowers (divyapuṣpa) all over the city of Vaiśālī.  All of them were overjoyed by this exposition of religion (dharmaparyāya), saying: Lord, we are so happy, and we pray that you will disseminate this way of awakening (bodhinaya) of the Tathāgatas.  In the moment of their happiness they became bodhisattvas never turning back (avaivartika) from the incomparable perfect awakening,  and eighty-four thousand beings in Vaiśālī became bodhisattvas never turning back (avaivartika) from the incomparable perfect awakening.  Twelve thousand developed a pure sight for the moments of existence, without impurities (virajo vigatamalaṃ dharmeṣu dharmacaṣkṣur viśuddham)."
687637bdc2484f5298908a875ab68a39,དེ་ནས་བཅོམ་ལྡན་འདས་ཀྱིས་འཇམ་དཔལ་གཞོན་ནུར་གྱུར་པ་ལ་བཀའ་སྩལ་པ་། འཇམ་དཔལ་བྱང ཆུབ་སེམས་དཔའ་གང གིས་བསྐལ་པ་འབུམ་གྱི་བར་དུ་ཐབས་ལ་མཁས་པ་མེད་པར་ཕ་རོལ་ཏུ་ཕྱིན་པ་དྲུག་ལ་སྤྱད་པ་བས་། གང་གིས་ཆོས་ཀྱི་རྣམ་གྲངས་འདི་སོམ་ཉི་དང་བཅས་པས་ཐོས་ན་། འདི་ནི་དེ་བས་ཆེས་བསོད་ནམས་མང་དུ་སྐྱེད་ན་གང་གིས་སོམ་ཉི་མེད་པར་ཐོས་པ་ལྟ་ཅི་སྨོས་། གང་གིས་ཡི་གེར་འདྲི་བ་དང་། ལུང་ནོད་པ་དང་། འཆང་བ་དང་། གཞན་དག་ལ་ཡང་རྒྱ་ཆེར་ཡང དག་པར་སྟོན་པ་ལྟ་ཅི་སྨོས་། འཇམ་དཔལ་དེ་ལྟ་བས་ན་དགྲ་བཅོམ་པ་ཉིད་ཐོབ་པར་འདོད་པས་ཀྱང་ཆོས་འདི་ལ་བསླབ་པར་བྱའོ་༎ རང་བྱང་ཆུབ་ཐོབ་པར་འདོད་པས་ཀྱང་ཆོས་འདི་ལ་བསླབ་པར་བྱའོ་༎ བླ་ན་མེད་པ་ཡང དག་པར་རྫོགས་པའི་བྱང་ཆུབ་མངོན་པར་རྫོགས་པར་འཚང་རྒྱ་བར་འདོད་པས་ཀྱང་ཆོས་འདི་ལ་བསླབ་པར་བྱའོ་༎,爾時世尊告妙吉祥言。假使菩薩於百千劫。  修行六波羅蜜無方便慧。不如暫時聞此正法。何以故。聞此正法功徳無量。  何況愛樂聽受。  乃至書寫受持讀誦爲他廣説。  妙吉祥。若復有人樂求阿羅漢果。及樂求辟支佛者於此法中不應修學。若樂求阿耨多羅三藐三菩提者當學此法,"(On the merit of the teaching:) Then the Lord addressed Mañjuśrīkumārabhūta:  Mañjuśrī, if you compare a bodhisattva who practises the six perfections (ṣaḍpāramitā) in a period of hundred thousand kalpas without expedient means (upāyakauśalya) with whoever hears this exposition of religion even with doubt (sakāṅkṣa), then the last mentioned has acquired more merit (puṇya) than the former.  So what shall we say about whoever hears it without doubt (akāṅkṣa)?  And what shall we say about whoever writes it down, whoever reads it, remembers it and teaches extensively to others?  Mañjuśrī, whoever wishes to attain the stage of a a saint (arhattva) should be trained in this teaching (dharma), whoever wishes to attain isolated awakening (pratyekabodhi) should be trained in this teaching, and whoever wishes to attain the incomparable complete awakening (anuttarasamyaksaṃbodhi) should be trained in this teaching."
58dbdb90c6f042c4b0492b6ed91dd010,དེ་ནས་ཁྱེའུ་རིན་ཆེན་བྱིན་གྱིས་རང་གི་མ་མ་ལ་འདི་སྐད་ཅེས་སྨྲས་སོ་༎ མ་མ་ཁོ་བོ་ལ་ཁ་ཟས་བྱིན་ཅིག་དང་། བཅོམ་ལྡན་འདས་ལ་ཞལ་ཟས་དབུལ་བར་བྱའོ་༎ དེ་ནས་ཁྱེའུ་རིན་ཆེན་བྱིན་གྱི་མ་མས་ཁར་བའི་སྣོད་ཟས་རོ་བརྒྱ་དང་ལྡན་པས་བཀང་སྟེ་། ཁྱེའུ་རིན་ཆེན་བྱིན་ལ་བྱིན་ནོ་༎ དེ་ནས་ཁྱེའུ་རིན་ཆེན་བྱིན་གྱིས་བཅོམ་ལྡན་འདས་ལ་འདི་སྐད་ཅེས་གསོལ་ཏོ་༎ བཅོམ་ལྡན་འདས་ཆོས་ཐམས་ཅད་མི་ཟད་པའི་བདེན་པ་གང་ལགས་པའི་བདེན་པ་དེས་ན་དགེ་སློང་གི་དགེ་འདུན་ཐམས་ཅད་ཚིམ་པར་མ་གྱུར་གྱི་བར་དུ་ཁར་བའི་སྣོད་འདི་ཡོངས་སུ་འགྲིབ་པར་མ་གྱུར་ཅིག་། དེ་ནས་ཁྱེའུ་རིན་ཆེན་བྱིན་གྱིས་བཅོམ་ལྡན་འདས་ཀྱི་ལྷུང་བཟེད་བཀང་ནས་དགེ་སློང་གི་དགེ་འདུན་ལ་སྨྲས་པ་། བཙུན་པ་རྣམས་བདག་ལ་ཐུགས་བརྩེ་བའི་སླད་དུ་གང་གིས་བདག་ལ་འབྲས་བུ་ཆེན་པོར་འགྱུར་བའི་བསོད་སྙོམས་འདི་བཞེས་ཏེ་། གང་ལུས་ཀྱིས་ཡོན་སྦྱོང་བར་མི་བྱེད་པ་དང་། སེམས་ཀྱིས་སྦྱོང་བར་མི་བྱེད་པ་དང་། གང་ལ་ཕུལ་ན་བསོད་ནམས་སུ་མི་འགྱུར་བ་དང་། རྣམ་པར་སྨིན་པར་མི་འགྱུར་བ་དང་། གང་ལུས་ཀྱི་ལས་དང་། ངག་གི་ལས་དང་། ཡིད་ཀྱི་ལས་དང་མི་ལྡན་པ་དང་། གང་འདུས་བྱས་ལ་མི་གནས་པ་དང་། གང་འདུས་མ་བྱས་ལ་མི་གནས་པ་དང་། གང་སོ་སོའི་སྐྱེ་བོའི་ཆོས་རྣམས་ཀྱིས་མ་གོས་པ་དང་། ཉན་ཐོས་ཀྱི་ཆོས་རྣམས་ལ་མི་རྟེན་པ་དང་། སངས་རྒྱས་ཀྱི་ཐེག་པ་ལ་ངེས་པར་མི་འབྱུང་བ་དང་། ངེས་པར་འབྱུང་བར་མི་འདོད་པ་དེས་བཞེས་ཤིག་། དེ་ནས་དགེ་སློང་གི་དགེ་འདུན་དེ་དག་གི་ནང་ནས་སུས་ཀྱང་སྣོད་དེ་མ་བླངས་སོ་༎ ཁྱེའུ་རིན་ཆེན་བྱིན་གྱིས་སྨྲས་པ་། བཙུན་པ་དག་བདག་ཀྱང་སྦྱིན་པར་འདོད་པ་ལགས་། ཁྱེད་ཀྱང་གསོལ་བར་བཞེད་པ་ལགས་ཏེ་། བདག་བཙུན་པ་རྣམས་ལས་ཅི་ཡང་རེ་བ་མ་མཆིས་ཀྱིས་བཞེས་ཤིག་། འཇམ་དཔལ་གྱི་ཚད་དང་མཉམ་པའི་བྱང་ཆུབ་སེམས་དཔའ་བྱེ་བ་ཕྲག་འབུམ་གྱི་སངས་རྒྱས་ཀྱི་ཞིང་གི་ཡོན་ཏན་བཀོད་པ་དེ་བས་ཀྱང་ཆེས་བྱེ་བ་ཕྲག་འབུམ་ལས་ལྷག་པའི་སངས་རྒྱས་ཀྱི་ཞིང་གི་ཡོན་ཏན་བཀོད་པ་བདག་གི་སངས་རྒྱས་ཀྱི་ཞིང་དུ་འགྱུར་བའི བདེན་པ་དང་བདེན་པའི་ཚིག་གང་ཡིན་པའི་བདེན་པ་དང་བདེན་པའི་ཚིག་དེས་ན་ཁར་བའི་སྣོད་འདི་ལས་ཁྱེད་ཐམས་ཅད་ཀྱི་ལྷུང་བཟེད་རྣམས་གང་བར་གྱུར་ཅིག་ཁར་བའི་སྣོད་འདི་ཡང་ཡོངས་སུ་ཟད་པར་མ་གྱུར་ཅིག་ཅེས་བྱས་སོ་༎ དེ་ནས་དགེ་སློང་གི་དགེ་འདུན་ཐམས་ཅད་ཀྱི་ལྷུང་བཟེད་དེ་དག་གང་བར་གྱུར་ཏོ་༎ དེ་ནས་ཁྱེའུ་རིན་ཆེན་བྱིན་གྱིས་ཡངས་པའི་གྲོང་ཁྱེར་གྱི་སྐྱེ་བོའི་ཚོགས་ཇི་སྙེད་ཡོད་པ་ཐམས་ཅད་ཁ་ཟས་རོ་བརྒྱ་དང་ལྡན་པ་དེས་ཚིམ་པར་བྱས་སོ་༎ བསོད་སྙོམས་དེ་ཡང་ཟད་པར་མ་གྱུར་ཏོ་༎,爾時寶授菩薩知佛世尊及苾芻衆未有食處。乃告乳母。可於宮中速取食來用施佛僧。於是乳母。  速取百味飮食盛滿一器。授與寶授菩薩。菩薩得食即於佛前發誓願言。  如來之所説一切法無盡。斯言眞實者此食亦無盡。乃至苾芻衆悉令得飽足  爾時寳授菩薩。即以飮食盛滿一鉢。奉獻佛已。告諸苾芻言。尊者慈愍我故各各受食。又復告言。我所施者。不以身施不以心施。離於三業不求福果。不住有爲法不住無爲法。亦不著世法。亦復不住聲聞縁覺及佛菩提。時彼苾芻衆無有一人伸鉢受食者。  寶授菩薩言。諸尊者當受此食。尊者樂乞我今樂施。我於尊者亦無所求。  時寶授菩薩復發願言。佛語眞實。如妙吉祥及百千倶胝菩薩。當來之世。於功徳裝嚴王佛刹。皆得成佛同一名號。  若眞實者。今此器中所有飮食。令諸苾芻所持之鉢悉皆充滿。此器中食願得無盡。  以願力故。諸苾芻衆各各鉢中自然食滿。時寶授菩薩。復以器中餘食。施廣嚴城中一切人民悉令飽滿。器中飮食猶尚不盡,"(Ratnadatta’s imperishable offering:) Then the boy Ratnadatta said to his nurse: Nurse, give me some food so that I can give an offering to the Lord!  Then the boy Ratnadatta’s nurse filled a bronze vessel with food of eight tastes and gave it to the boy Ratnadatta, and the boy Ratnadatta said to the Lord:  Lord, as long as the whole of this congregation of monks is not satisfied with the truth which is the truth of the imperishability of all moments of existence (sarvadharmākṣayatāsatya), there will be no decrease of what is in this bronze vessel!  Then, after filling the almsbowl of the Lord, the boy Ratnadatta said to the congregations of monks: Venerables, he who out of compassion (anukampām upādāya) for me will accept these alms (piṇḍapāta) which will bring me great fruit (bṛhatphala), he who will not purify the gift by his body (yo na dakṣiṇāṃ kāyena viśodhayati), who will not purify the gift with his thought (yo na cittena viśodhayati), when to whom it is given there is no merit (puṇya) or maturing result (vipāka), for whom there is no action (karman) by body, speech or mind, who does not cling to the unconditioned (saṃskṛta), who is not sullied by the qualities of the ordinary person (pṛthagjanadharmānupalipta), not dependent on the qualities of the disciple (śrāvakadharmānāśrita), he who has not started on the way of the Buddha (buddhayānāniryāta), who wishes not to start on the way of the Buddha, may he receive it! After this no one from the congregations of monks received the vessel.  Then the boy Ratnadatta said: As for me, I wish to give, and you wish to eat, and I have no expectations whatsoever (niṣpratikāṅkṣa) to the venerables, so accept!  The splendour of qualities of the buddha-fields (buddhakṣetraguṇavyūha) of a hundred thousand times ten million bodhisattvas of the greatness of Mañjuśrī, a hundred thousand times ten million times greater than this will be the qualities of my buddha-field!  By this truth (satya), by the truth in this word of truth (satyavacana), by this word of truth, may the almsbowls of all of you be filled from this bronze vessel, and may the bronze vessel never be exhausted (parikṣi-)!  Then the almsbowls of the monks in all those congregations were filled, and as many were the crowds of inhabitants in that city, all of them were satisfied by the boy Ratnadatta with food having eight tastes. But the alms were not consumed (na kṣīṇa)."
90de6e1c69a04fca828b05fde37ba8df,དེ་ནས་བཅོམ་ལྡན་འདས་ཀྱིས་ཁྱེའུ་རིན་ཆེན་བྱིན་ལ་འདི་སྐད་ཅེས་བཀའ་སྩལ་ཏོ་། རིན་ཆེན་བྱིན་ལྔ་པོ་འདི་དག་ནི་བྱང་ཆུབ་སེམས་དཔའི་ཡོན་ཡོངས་སུ་སྦྱོང་བ་སྟེ་། ལྔ་གང ཞེ་ན་། འདི་ལྟ་སྟེ་། ལུས་མི་དམིགས་པ་དང་། སེམས་མི་དམིགས་པ་དང ། སྦྱིན་པ་ལ་མངོན་པར་ཞེན་པ་མེད་པ་དང་། རྣམ་པར་སྨིན་པ་མི་འདོད་པ་དང་། ལེན་པ་པོ་རྣམས་ལ་རྣམ་པར་སྨིན་པ་མེད་པའོ་༎ རིན་ཆེན་བྱིན་བཞི་པོ་འདི་དག་ནི་བྱང ཆུབ་སེམས་དཔས་རྟག་ཏུ་མངོན་དུ་བྱ་བ་སྟེ་། བཞི་གང ཞེ་ན་། འདི་ལྟ་སྟེ་། སྟོང་པ་ཉིད་ཀྱི་ཏིང་ངེ་འཛིན་དང་། སངས་རྒྱས་རྗེས་སུ་དྲན་པ་དང ། སྙིང་རྗེ་ཆེན་པོ་དང་། བདག་གི་ལས་ཀྱི་རྣམ་པར་སྨིན་པའོ་༎,爾時世尊告寶授菩薩曰。  有五種寶。於菩薩行施能令清淨。何等爲五。一者行施無有希望。二者於施心無所著。三者所施不起於相。四者不見施之果報。五者不令受者有所還報。  佛言。復有四種寶行施。菩薩應常思念。何等爲四。一者常念空三摩地。二者常念於佛。三者常念大悲。四者常念於己不求果報。菩薩若如是行施是爲淨施,"(The admonition of the Lord to a bodhisattva:) Then the Lord spoke to the boy Ratnadatta:  These, Ratnadatta, are the five kinds of purification of a gift. What five? (atha bhagavān ratnadattaṃ dārakam āmantrayate sma, pañcemāni ratnadatta bodhisattvasya dakṣiṇāpariśodhanāni, pañca katamāni, tad yathā): He does not have conceptions of the body (kāyaṃ nopalabhate), he has no conceptions of the thoughts (cittam nopalabhate), he is not attached to the gift (dāne ’nabhiniviṣṭaḥ), he wishes no result (vipāke niḥspṛhaḥ), he wishes no result for the ones receiving the gift (pratigrāhakānām avipākaḥ).  And these four things, Ratnadatta, the bodhisattva should realize. What four? (catvāra ime ratnadatta nityā sākṣātkartavyāḥ, katamāś catvāraḥ, tad yathā): Concentration on emptiness (śūnyatāsamādhiḥ), recollection of the Buddha (buddhānusmṛtiḥ), absolute compassion (mahākaruṇā), maturation of own former actions (svakarmavipāka)."
26148843b8f642319216574adf11664d,དེ་ནས་བཅོམ་ལྡན་འདས་ཀྱིས་འཇམ་དཔལ་གཞོན་ནུར་གྱུར་པ་ལ་འདི་སྐད་ཅེས་བཀའ་སྩལ་ཏོ་༎ འཇམ་དཔལ་ཁྱེའུ་རིན་ཆེན་བྱིན་འདི་བསྐལ་པ་སུམ་ཅུ་ན་བླ་ན་མེད་པ་ཡང་དག་པར་རྫོགས་པའི་བྱང ཆུབ་མངོན་པར་རྫོགས་པར་འཚང་རྒྱ་བར་འགྱུར་ཏེ་། དེ་བཞིན་གཤེགས་པ་དགྲ་བཅོམ་པ་ཡང དག་པར་རྫོགས་པའི་སངས་རྒྱས་རིག་པ་དང ཞབས་སུ་ལྡན་པ་། བདེ་བར་གཤེགས་པ་། འཇིག་རྟེན་མཁྱེན་པ་། སྐྱེས་བུ་འདུལ་བའི་ཁ་ལོ་སྒྱུར་བ་བླ་ན་མེད་པ་། ལྷ་དང་མི་རྣམས་ཀྱི་སྟོན་པ་། སངས་རྒྱས་བཅོམ་ལྡན་འདས་སྟོབས་དང་གྲགས་པ་དོན་ཡོད་པ་ཞེས་བྱ་བར་འཇིག་རྟེན་དུ་འབྱུང་བར་གྱུར་རོ་༎ དེའི་འཁོར་དུ་འདུས་པ་ཡང་མཐའ་ཡས་པར་འགྱུར་ཏེ་། ཐམས་ཅད་ཀྱང་ཕྱིར་མི་ལྡོག་པའི་བྱང་ཆུབ་སེམས་དཔའ་ཤ་སྟག་གོ་། དེ་དག་ཀྱང་འོད་མཐའ་ཡས་པ་དང་། ཚེ་དཔག་ཏུ་མེད་པར་འགྱུར་རོ་༎,佛告妙吉祥言。此寶授菩薩。於當來世過三十劫。得成阿耨多羅三藐三菩提。號不空力稱如來應供正等正覺明行足善逝世間解無上士調御丈夫天人師佛世尊。出興於世。彼佛衆會有無邊菩薩。是諸菩薩皆住不退轉地。威力無邊壽亦無量,"(Prophecy of Ratnadatta given by the Lord: Ratnadatta will be a perfect Buddha in thirty kalpas with the name Amoghabalakīrti. The number of disciples will be immeasurable (ananta), they will all be avaivartika bodhisattvas, their lustre will be immeasurable, as well as their span of life.)"
38f7fe08b27b41d88c6430f7158936bd,དེ་ནས་བཅོམ་ལྡན་འདས་ལ་འཇམ་དཔལ་གཞོན་ནུར་གྱུར་པས་འདི་སྐད་ཅེས་གསོལ་ཏོ་༎ བཅོམ་ལྡན་འདས་ཆོས་ཀྱི་རྣམ་གྲངས་འདིའི་མིང་ཅི་ལགས་། འདི་ཇི་ལྟར་གཟུང་བར་བགྱི་། བཅོམ་ལྡན་འདས་ཀྱིས་བཀའ་སྩལ་པ་། བྱང ཆུབ་སེམས་དཔའི་སྤྱོད་པ་བསྟན་པ་ཞེས་བྱ་བར་ཟུང་ཤིག་། ཆོས་ཉིད་ཀྱི་སྐྱེ་བོ་ཞེས་བྱ་བར་ཟུང་ཤིག་༎,爾時妙吉祥菩薩白佛言。世尊。當何名此經。我等云何受持。佛言。此經名爲菩提行。亦名一切法爲首。如是受持,"(Mañjuśrī asks for the title of the exposition of religion, which is given as Bodhisattvacaryā, (as in the title above) and “The being from the real nature of the moments of existence” (dharmatājana).)"
ae49e8bbe671438a8d85b311afbe6621,དེ་ནས་བཅོམ་ལྡན་འདས་དགེ་སློང་གི་དགེ་འདུན་དང ཐབས་ཅིག་ཏུ་བསོད་སྙོམས་བཞེས་ནས་གཤེགས་སོ་༎,爾時世尊及大苾芻衆。受彼食已還歸本處,(The Lord leaves with his monks.)
03d97f28773b47df863ccc02692b5261,བཅོམ་ལྡན་འདས་ཀྱིས་དེ་སྐད་ཅེས་བཀའ་སྩལ་ནས་། བྱང་ཆུབ་སེམས་དཔའ་རིན་ཆེན་བྱིན་དང་། ཐམས་ཅད་དང་ལྡན་པའི་འཁོར་དེ་དང་། ལྷ་དང་། མི་དང ། ལྷ་མ་ཡིན་དང་། དྲི་ཟར་བཅས་པའི་འཇིག་རྟེན་ཡི་རངས་ཏེ་། བཅོམ་ལྡན་འདས་ཀྱིས་གསུངས་པ་ལ་མངོན་པར་བསྟོད་དོ་༎,佛説此經已。寶授菩薩并諸大衆。天人阿修羅乾闥婆等。聞佛所説皆大歡喜。,(Concluding paragraph on the joy of all hearing the sermon of the Lord.)
21b5595c0ead4c4295148ed8da9595cb,འཕགས་པ་བྱང ཆུབ་སེམས་དཔའི་སྤྱོད་པ་བསྟན་པ་ཞེས་བྱ་བ་ཐེག་པ་ཆེན་པོའི་མདོ་རྫོགས་སོ་༎ ༎ རྒྱ་གར་གྱི་མཁན་པོ་ཛི་ན་མི་ཏྲ་དང་། པྲཛཉཱ་བ༹རྨ་དང་། ཞུ་ཆེན་གྱི་ལོཙཚ་བ་པན་དེ་ཡེ་ཤེས་སྡེ་ལ་སོགས་པས་བསྒྱུར་ཅིང་ཞུས་ཏེ་གཏན་ལ་ཕབ་པའོ་༎,信受奉行寶授菩薩菩提行經,(Colophon)
