id,P000943,P000944,P000945
0c5304b08c3f48bab5c0173faed6fd44,༼པོṣཨདྷསཐཱཔནབ༹སྟུ༽ ཨུདདཱནམ༌ཨཤུདདྷཔོṣཨདྷཱད་བྷིཀṣཨུར་མཽདགལྱཱཡནེན་ནཱཤིཏḥཏཏḥ་ཤཱསྟྲཱངི་བི༹གརཧིཏབཱ༹་སṃགྷེན་པṛṣṭཨḥ་པོṣཨདྷḥ༡༎,༼པོṣཨདྷསཐཱཔནབ༹སྟུ༽གསོ་སྦྱོང་གཞག་པའི་གཞིའི་སྡོམ་ནི་། མ་དག་གསོ་སྦྱོང་དགེ་སློང་དང་།མོད་གལ༡གྱིས་ནི་ཉམས་པ་དང་།དེ་ནས་སྟོན་པས་སྨད་པ་དང་།དགེ་འདུན་གྱིས་བོར་གསོ་སྦྱོང་ངོ་།,.
820b67615dff4a29a6380fd438fe1fba,ཨེṣཨཱ་ཨུདདཱནགཱཐཱ་ཅṃཔཱཡཱṃ་པོṣཨདྷསūཏྲེ་བི༹སྟརེང ཏཅ་ཅ་པོṣཨདྷསūཏྲṃ་མདྷྱམཱགམེ་སṃགīཏནིཔཱཏེ་པṭཧྱཏེ་༎,སྡོམ་གྱི་ཚིགས་སུ་བཅད་པ་འདི་ནི་ཡུལ་ཙམ་པར་གསོ་སྦྱོང་གི་མདོ་རྒྱས་པར་གསུངས་ཏེ་། གསོ་སྦྱོང་གི་མདོ་དེ་ཡང་ལུང་བར་མ་ཡང་དག་པར་འགྲོ་བའི་ལེའུ་ལས་འབྱུང་ངོ་༎,. .
a06f64d2ef6b40f4b1e590d0da7eb54d,ཨུདདཱནམ་༎ཅོདནཱཏ་སྨཱརངཱཅ་ཅཻབ༹་ཨབ༹ཀཱཤོ་འབ༹ཅནīཡཏཱཨབ༹བཱ༹དཔྲསཐཱཔནṃ་པོṣཨདྷཤ་ཅ་པྲབཱ༹རངཱ་༎,སྡོམ་ནི་།གླེང་དང་དྲན་པ་ཉིད་དང་ནི་།སྐབས་དང་སྨྲར་ནི་མི་གཞུག་དང་།གདམས་པ་རབ་ཏུ་གཞག་པ་དང་།གསོ་སྦྱོང་དང་ནི་དགག་དབྱེའོ་།,.
faf85fc1644c417d92077d9b0a17a375,ཨུཀཏṃ་བྷགབ༹ཏཱ་སṃགྷསཐབི༹རེང་ཏབ༹་ཨརདྷམཱསṃ་པྲཱཏིམོཀṣཨསūཏྲོདདེཤ་ཨུདདེṣṭཨབ༹ྱ་ཨིཏི་།,བཅོམ་ལྡན་འདས་ཀྱིས་དགེ་འདུན་གྱི་གནས་བརྟན་གྱིས་ཟླ་བ་ཕྱེད་ཀྱི་སོ་སོར་ཐར་པའི་མདོ་གདོན་པ་གདོན་པར་བྱའོ་ཞེས་གསུངས་པས,.
fda3779f5f7a4c768a2d778cdf58c3a4,ཨུཔདྷིབཱ༹རིཀḥ་སṃགྷསཐབི༹རསྱ་པུརསྟཱཏ༌་སཐིཏབཱ༹་ཀཐཡཏི སཐབི༹ར་པྲཱཏིམོཀṣཨསūཏྲོདདེཤ༼མ༽ ཨུདདིཤེཏི་།,དགེ་སྐོས་ཀྱིས་དགེ་འདུན་གྱི་གནས་བརྟན་གྱི་མདུན་དུ་འདུག་སྟེ་སྨྲས་པ་། གནས་བརྟན་སོ་སོར་ཐར་པའི་མདོ་གདོན་པ་ཐོན་ཅིག་།,. .
99f7d020a4a94100aad63f3b2da6f44d,ས་ཀཐཡཏཡ་ཨཱཡུṣམན་ན་ཤུདདྷཱ་ཏཱབ༹ད་བྷིཀṣཨུཔརṣཨḥ ཀོ་འཏྲ་སཐབི༹རེངཱཔརིཤུདདྷོ་དṛṣṭཨḥ ཏབ༹མ་ཨེབ༹་ཏཱབ༹ཏ༌ ཀཐམ་ཨཧṃ་སཐབི༹རེང་དṛṣṭཨḥ དིབ༹ྱེན་ཅཀṣཨུṣཨཱ་། ཧནཏེདཱནīṃ་ནṣṭཨཱ༼ḥ༽ སྨཱ༼ḥ༽ ཡཏྲ་བྷིཀṣཨབོ༹་དིབ༹ྱེན་ཅཀṣཨུṣཨཱ་དṛṣṭབཱ༹་ཅོདཡནཏི་སྨཱརཡṃཏīཏཡ༢,དེས་སྨྲས་པ་། ཚེ་དང་ལྡན་པ་རེ་ཞིག་དགེ་སློང་གི་འཁོར་མ་དག་གོ་། འདི་ན་གནས་བརྟན་གྱིས་སུ་ཞིག་མ་དག་པར་གཟིགས་། རེ་ཞིག་ཁྱོད་ཉིད་ཡིན་ནོ་། གནས་བརྟན་གྱིས་བདག་ལ་ཇི་ལྟར་གཟིགས་། ལྷའི་མིག་གིས་སོ་། ད་འདིར་དགེ་སློང་རྣམས་ཀྱིས་ལྷའི་མིག་གིས་མཐོང་ནས་གླེང་བར་བྱེད་། དྲན་པར་བྱེད་པ་ནི་ཀྱི་ཧུད་བདག་མ་རུང་ངོ,. . . . . .
544ccc3073c34e91a9e9100f33c51dd1,ཨེཏཏ་པྲཀརངṃ་བྷིཀṣཨབོ༹་བྷགབ༹ཏ་ཨཱརོཅཡནཏི་།,སྙམ་པའི་སྐབས་དེ་དགེ་སློང་རྣམས་ཀྱིས་བཅོམ་ལྡན་འདས་ལ་གསོལ་པ་དང་།,.
e4269338e4ff43d694ffa5ae81fbb000,བྷགབཱ༹ན་ཨཱཧ་། ཨསṃབ༹ྱབ༹ཧཱརྱṃ་བྷིཀṣཨབོ༹་དིབ༹ྱṃ་ཅཀṣཨུḥ ཏསྨཱན་ན་བྷིཀṣཨུངཱ་དིབ༹ྱེན་ཅཀṣཨུṣཨཱ་དṛṣṭབཱ༹་བྷིཀṣཨུཤ་ཅོདཡིཏབ༹ྱ༼ḥ༽ སྨཱརཡིཏབ༹ྱḥ བྷིཀṣཨུར་དིབ༹ྱེན་ཅཀṣཨུṣཨཱ་དṛṣṭབཱ༹་བྷིཀṣཨུṃ་ཅོདཡཏི་སྨཱརཡཏི་སཱཏིསཱརོ་བྷབ༹ཏི་༎ ཡཐཱ་དིབ༹ྱེན་ཅཀṣཨུṣཨཱ་ཨེབ༹ṃ་དིབ༹ྱེན་ཤྲོཏྲེང་༎,བཅོམ་ལྡན་འདས་ཀྱིས་བཀའ་སྩལ་པ་། དགེ་སློང་དག་ལྷའི་མིག་ནི་ཐ་སྙད་དུ་བྱ་བ་མ་ཡིན་ཏེ་། དེ་ལྟ་བས་ན་དགེ་སློང་གིས་ལྷའི་མིག་གིས་བལྟས་ཏེ་དགེ་སློང་ལ་གླེང་བ་དང་དྲན་པར་མི་བྱའོ་། དགེ་སློང་གིས་ལྷའི་མིག་གིས་བལྟས་ཏེ་དགེ་སློང་ལ་གླེང་བ་དང་དྲན་པར་བྱེད་ན་འགལ་ཚབས་ཅན་དུ་འགྱུར་རོ་། ལྷའི་མིག་གིས་ཇི་ལྟ་བར་ལྷའི་རྣ་བས་ཀྱང་དེ་བཞིན་ནོ་།,. . . . .
6dcdb49ac5bb4f80a962f618eee3117c,པུནར་ཨཔཡ་ཨསཱབ༹་ཨུཔདྷིབཱ༹རིཀḥ་སṃགྷསཐབི༹རསྱ་པུརསྟཱཏ་༣སཐིཏབཱ༹་ཀཐཡཏི སཐབི༹ར་པྲཱཏིམོཀṣཨསūཏྲོདདེཤ་ཨུདདིཤེཏི,ཡང་དགེ་སྐོས་དེས་དགེ་འདུན་གྱི་གནས་བརྟན་གྱི་མདུན་དུ་འདུག་ནས་སྨྲས་པ་། གནས་བརྟན་སོ་སོར་ཐར་པའི་མདོ་གདོན་པ་ཐོན་ཅིག་།,. .
15d0a37a0000489782a64ccbfcbdcf58,ས་ཀཐཡཏི ཨཱཡུṣམནན་ཨཔརིཤུདདྷཱ་ཏཱབ༹ད་བྷིཀṣཨུཔརṣཨཏ༌ སཐབི༹ར་ཀོ་འཏྲཱཔརིཤུདདྷ༼ḥ༽ ཏབ༹མ་ཨེབ༹་ཏཱབ༹ཏ༌ སཐབི༹ར་ཀཐṃ་ནཱམ་ཏབ༹ཡཱ་སṃགྷམདྷྱེ་མམ་ཤིརསི་མུṣṭཨི་ནིཔཱཏིཏཱ ཨཧོ་བཏཱཧṃ་ཏབ༹ཡཱ་ཨེཀཱནཏེ་ཅོདིཏ༼ḥ༽ སྱཱམ་ཨིཏི ས་ཏūṣངīམ་ཨབ༹སཐིཏḥ,དེས་སྨྲས་པ་། ཚེ་དང་ལྡན་པ་རེ་ཞིག་དགེ་སློང་གི་འཁོར་མ་དག་གོ་། གནས་བརྟན་འདི་ན་མ་དག་པ་སུ་ཞིག་ལགས་། རེ་ཞིག་ཁྱོད་ཉིད་ཡིན་ནོ་། གནས་བརྟན་ཁྱོད་ཀྱིས་དགེ་འདུན་གྱི་དབུས་སུ་བདག་གི་མགོར་གཏུན་ཤིང་གིས་བརྡེག་པ་ཇི་ག་སྲིད་ལགས་སམ་། ཨེ་མའོ་ཀྱི་ཧུད་ཁོད་ཀྱིས་བདག་ལ་ལྐོག་ཏུ་གླེང་སོ་སོར་ཆོག་། དེ་ཅང་མི་སྨྲ་བར་འདུག་པའི་སྐབས་དེ,. . . . . .
7798f89f49f147b7ac9387c1ff271f5c,ཨེཏཏ་པྲཀརངṃ་བྷིཀṣཨབོ༹་བྷགབ༹ཏ་ཨཱརོཅཡནཏི,དགེ་སློང་རྣམས་ཀྱིས་བཅོམ་ལྡན་འདས་ལ་གསོལ་པ་དང་།,.
598708a6b63244eba500466f0b87a36c,བྷགབཱ༹ན་ཨཱཧ་། ཨེཀཱནཏེ་ཅོདཡིཏབ༹ྱོ་ན་སṃགྷམདྷྱེ སཅེད་ཨེཀཱནཏེ་ཅོདྱམཱནོ་ན་སྨརཏི་སྨཱརཡིཏབ༹ྱḥ་༤ སྨཱརིཏཤ་ཅེཏ་ཀོཔམ་ཨཱཔདྱཏེ ཨབ༹ཀཱཤḥ་༥ཀཱརཡིཏབ༹ྱḥ ཨབ༹ཀཱཤṃ་ཀཱརྱམཱངོ་འཉེནཱཉṃ་པྲཏིསརཏི་།,བཅོམ་ལྡན་འདས་ཀྱིས་བཀའ་སྩལ་པ་། ལྐོག་ཏུ་གླེང་བར་བྱ་སྟེ་དགེ་འདུན་གྱི་དབུས་སུ་ནི་མ་ཡིན་ནོ་། གལ་ཏེ་ལྐོག་ཏུ་གླེངས༢ན་མི་དྲན་ཞེས་ཟེར་ན་དྲན་པར་བྱའོ་། དྲན་པར་བྱས་པ་ལས་གལ་ཏེ་ཁྲོ་བར་བྱེད་ན སྐབས་འབྱེད་དུ་གཞུག་གོ་། སྐབས་འབྱེད་དུ་བཅུག་པ་ལས་གཞན་ནས་གཞན་ནས་གཞན་དུ་སྒྱུར་བར་བྱེད་ནས,. . . . . .
d2042b1683e74c078d8559bb3d7c76b3,བྷགབཱ༹ན་ཨཱཧ་། ཨབ༹ཅནīཡར༦ཀརྟབ༹ྱḥ ཨབ༹ཅནīཡར་༧ཀṛཏḥ ཏཐཱཔཡ་ཨཉེནཱཉṃ་པྲཏིསརཏི་།,བཅོམ་ལྡན་འདས་ཀྱིས་བཀའ་སྩལ་པ་། སྨྲར་མི་གཞུག་གོ་། སྨྲར་མ་བཅུག ཀྱང་དེ་བཞིན་དུ་གཞན་ནས་གཞན་དུ་བསྒྱུར་ནས,. . . .
5d7a6ff95c6d47758be03b53d579c024,བྷགབཱ༹ན་ཨཱཧ་། ཨབ༹བཱ༹དོ་འསྱ་སཐཱ༼པཡི༽ཏབ༹ྱḥ་པོṣཨདྷḥ་པྲབཱ༹རངཱ་ཅ་༎,བཅོམ་ལྡན་འདས་ཀྱིས་བཀའ་སྩལ་པ་། འདི་གདམས་ངག་དང་། གསོ་སྦྱོང་དང་། དགག་དབྱེ་གཞག་པར་བྱའོ་།,. .
371c5f6b028845f694a9e464e701bbc6,ཨེཀམ་ཨདྷཱརྨིཀṃ་པོṣཨདྷསཐཱཔནམ་ཨེཀṃ་དྷཱརྨིཀṃ་། དབེ༹་ཨདྷཱརྨིཀེ ༼དབེ༹་དྷཱརྨིཀེ༽ ཏརīངཡ་ཨདྷཱརྨིཀཱངི་ཏརīངི་དྷཱརྨིཀཱངི ཅཏབཱ༹རཡ་ཨདྷཱརྨིཀཱངི་ཅཏབཱ༹རི་དྷཱརྨིཀཱངི༨ པཉཅཱདྷཱརྨིཀཱངི་པཉཅ་དྷཱརྨིཀཱངི ṣཨḍ་ཨདྷཱརྨིཀཱངི་ṣཨḍ་དྷཱརྨིཀཱངི སཔཏཱདྷཱརྨིཀཱངི་སཔཏ་དྷཱརྨིཀཱངི་། ཨṣṭཨཱབ༹་ཨདྷཱརྨིཀཱངི་ཨṣṭཨཽ་དྷཱརྨིཀཱངི ནབཱ༹དྷཱརྨིཀཱངི་ནབ༹་དྷཱརྨིཀཱངི དཤཱདྷཱརྨིཀཱངི་དཤ་དྷཱརྨིཀཱངི་པོṣཨདྷསཐཱཔནཱནི,ཆོས་མ་ཡིན་པ་གཅིག་དང་ཆོས་ཀྱི་གཅིག་གི་གསོ་སྦྱོང་གཞག་པ་དང་། ཆོས་མ་ཡིན་པའི་གཉིས་དང་ཆོས་ཀྱི་གཉིས་དང ཆོས་མ་ཡིན་པའི་གསུམ་དང་ཆོས་ཀྱི་གསུམ་དང་། ཆོས་མ་ཡིན་པའི་བཞི་དང་ཆོས་ཀྱི་བཞི་དང་། ཆོས་མ་ཡིན་པའི་ལྔ་དང་ཆོས་ཀྱི་ལྔ་དང་། ཆོས་མ་ཡིན་པའི་དྲུག་དང་ཆོས་ཀྱི་དྲུག་དང་། ཆོས་མ་ཡིན་པའི་བདུན་དང་ཆོས་ཀྱི་བདུན་དང་། ཆོས་མ་ཡིན་པའི་བརྒྱད་དང་ཆོས་ཀྱི་བརྒྱད་དང་། ཆོས་མ་ཡིན་པའི་དགུ་དང་ཆོས་ཀྱི་དགུ་དང་། ཆོས་མ་ཡིན་པའི་བཅུ་དང་ཆོས་ཀྱི་བཅུའི་གསོ་སྦྱོང་གཞག་པའོ་།,. . . . . . . . . .
63fe57b9dfd343d2b3e3eef01c7017c2,ཨེཀམ་ཨདྷཱརྨིཀṃ་པོṣཨདྷསཐཱཔནམ་༩ཨེཀṃ་དྷཱརྨིཀ༼མ༽ ཨདྷཱརྨིཀṃ་ཀཏརཏ༌ ཨམūལཀེན་ཀṛཏེན་པོṣཨདྷṃ་སཐཱཔཡཏི་ཨདྷཱརྨིཀṃ་པོṣཨདྷསཐཱཔནམ༌་༎ དྷཱརྨིཀṃ་པོṣཨདྷསཐཱཔནṃ ༼ཀཏརཏ༽ སམūལཀེན་ཀṛཏེན་པོṣཨདྷṃ་སཐཱཔཡཏི་དྷཱརྨིཀṃ་པོṣཨདྷསཐཱཔནམ༌་༎ ཨིདམ་ཨེཀམ་ཨདྷཱརྨིཀṃ་པོṣཨདྷསཐཱཔནམ་ཨེཀṃ་དྷཱརྨིཀམ༌་༎,ཆོས་མ་ཡིན་པའི་གཅིག་དང་ཆོས་ཀྱི་གཅིག་གི་གསོ་སྦྱོང་གཞག་པ་གང་ཞེ་ན་། གཞི་མེད་པའི་བྱས་པས་གསོ་སྦྱོང་གཞག་པ་ནི་ཆོས་མ་ཡིན་པའི་གསོ་སྦྱོང་གཞག་པ་ཡིན་ནོ་།  གཞི་དང་བཅས་པའི་བྱས་པས་གསོ་སྦྱོང་གཞག་པ་ནི་ཆོས་ཀྱི་གསོ་སྦྱོང་གཞག་པ་ཡིན་ཏེ་། འདི་ནི་ཆོས་མ་ཡིན་པའི་གསོ་སྦྱོང་གཅིག་དང་། ཆོས་ཀྱི་གསོ་སྦྱོང་གཞག་པ་གཅིག་ཡིན་ནོ་།,. . . . .
fc2e3e936a98405886eec045d3f34e9f,དབེ༹་ཨདྷཱརྨིཀེ་པོṣཨདྷསཐཱཔནེ་དབེ༹་དྷཱརྨིཀེ་ཀཏམེ་། ཨམūལཀེནཱཀṛཏེན་ཨམūལཀེན་ཀṛཏེན་པོṣཨདྷṃ་སཐཱཔཡཏཡ་ཨདྷཱརྨིཀṃ་པོṣཨདྷསཐཱཔནམ༌ སམūལཀེནཱཀṛཏེན་སམūལཀེན་ཀṛཏེ་པོṣཨདྷṃ་སཐཱཔཡཏི་དྷཱརྨིཀṃ་པོṣཨདྷསཐཱཔནམ༌ ཨིམེ་དབེ༹་ཨདྷཱརྨིཀེ་པོṣཨདྷསཐཱཔནེ་དབེ༹་དྷཱརྨིཀེ་༎,ཆོས་མ་ཡིན་པའི་གཉིས་དང་ཆོས་ཀྱི་གཉིས་ཀྱི་གསོ་སྦྱོང་གཞག་པ་གང་ཞེ་ན་། གཞི་མེད་པའི་བྱས་པ་དང་གཞི་མེད་པའི་མ་བྱས་པས་གསོ་སྦྱོང་གཞག་པ་ནི་ཆོས་མ་ཡིན་པའི་གསོ་སྦྱོང་གཞག་པ་ཡིན་ནོ་། གཞི་དང་བཅས་པའི་བྱས་པ་དང་གཞི་དང་བཅས་པའི་མ་བྱས་པས་གསོ་སྦྱོང་གཞག་པ་ནི་ཆོས་ཀྱི་གསོ་སྦྱོང་གཟཧག་པ་ཡིན་ཏེ་། འདི་ནི་ཆོས་མ་ཡིན་པའི་གཉིས་དང་ཆོས་ཀྱི་གཉིས་ཀྱི་གསོ་སྦྱོང་གཞག་པ་ཡིན་ནོ་།,. . . .
16c10aa374484e8ebc0e5ad639e5eadf,ཏརīངཡ་ཨདྷཱརྨིཀཱངི་ཏརīངི་དྷཱརྨིཀཱངི་པོṣཨདྷསཐཱཔནཱནི་ཀཏམཱནི་། ཨམūལཀེན་ཀṛཏེན་ཨམūལཀེནཱཀṛཏེན་ཨམūལཀེན་ཀṛཏཱཀṛཏེན་པོṣཨདྷṃ་སཐཱཔཡཏི་ཨདྷཱརྨིཀṃ་པོṣཨདྷསཐཱཔནམ༌ སམūལཀེན་ཀṛཏེན་སམūལཀེནཱཀṛཏེན་སམūལཀེན་ཀṛཏཱཀṛཏེན་པོṣཨདྷṃ་སཐཱཔཡཏི་དྷཱརྨིཀṃ་པོṣཨདྷསཐཱཔནṃ ཨིམཱནི་ཏརīངཡ་ཨདྷཱརྨིཀཱངི་པོṣཨདྷསཐཱཔནཱནི་༡༠ཏརīངི་དྷཱརྨིཀཱངི,ཆོས་མ་ཡིན་པའི་གསུམ་དང་ཆོས་ཀྱི་གསུམ་གྱི་གསོ་སྦྱོང་གཞག་པ་གང་ཞེ་ན་། གཞི་མེད་པའི་བྱས་པ་དང་། གཞི་མེད་པའི་མ་བྱས་པ་དང་། གཞི་མེད་པའི་བྱས་པ་དང་། མ་བྱས་པས་གསོ་སྦྱོང་གཞག་པ་ནི་ཆོས་མ་ཡིན་པའི་གསོ་སྦྱོང་གཞག་པ་ཡིན་ནོ་། གཞི་དང་བཅས་པའི་བྱས་པ་དང་། གཞི་དང་བཅས་པའི་མ་བྱས་པ་དང་། གཞི་དང་བཅས་པའི་བྱས་པ་དང་མ་བྱས་པས་གསོ་སྦྱོང་གཞག་པ་ནི་ཆོས་ཀྱི་གསོ་སྦྱོང་གཞག་པ་ཡིན་ཏེ་། འདི་ནི་ཆོས་མ་ཡིན་པའི་༣གསུམ་དང་ཆོས་ཀྱི་གསུམ་གྱི་གསོ་སྦྱོང་གཞག་པ་ཡིན་ནོ་།,. . . .
5e52d5214c5a45fbab4a2b0350576495,ཅཏབཱ༹རཡ་ཨདྷཱརྨིཀཱངི་ཅཏབཱ༹རི་དྷཱརྨིཀཱངི་པོṣཨདྷསཐཱཔནཱནི་ཀཏམཱནི༡༡། ཨམūལིཀཡཱ༡༢ཤīལབི༹པཏཏྱཱ༡༣དṛṣṭཨིབི༹པཏཏྱཱ་ཨཱཅཱརབི༹པཏཏྱཱ་ཨཱཇīབ༹བི༹པཏཏྱཱ་པོṣཨདྷ‹ṃ›་སཐཱཔཡཏཡ་ཨདྷཱརྨིཀṃ་པོṣཨདྷསཐཱཔནṃ སམūལིཀཡཱ་ཤīལབི༹པཏཏྱཱ་དṛṣṭཨིབི༹པཏཏྱཱ་ཨཱཅཱརབི༹པཏཏྱཱ་ཨཱཇīབ༹བི༹པཏཏྱཱ་པོṣཨདྷṃ་སཐཱཔཡཏི་དྷཱརྨིཀṃ་པོṣཨདྷསཐཱཔནṃ ཨིམཱནི་ཅཏབཱ༹རཡ་ཨདྷཱརྨིཀཱངི་པོṣཨདྷསཐཱཔནཱནི་ཅཏབཱ༹རི་དྷཱརྨིཀཱངི,ཆོས་མ་ཡིན་པའི་བཞི་དང་ཆོས་ཀྱི་བཞིའི་གསོ་སྦྱོང་གཞག་པ་གང་ཞེ་ན་། གཞི་མེད་པའི་ཚུལ་ཁྲིམས་ཉམས་པ་དང་། ལྟ་བ་ཉམས་པ་དང་། སྤྱོད་པ་ཉམས་པ་དང་། འཚོ་བ་ཉམས་བས་གསོ་སྦྱོང་གཞག་པ་ནི་ཆོས་མ་ཡིན་པའི་གསོ་སྦྱོང་གཞག་པ་ཡིན་ནོ་། གཞི་དང་བཅས་པའི་ཚུལ་ཁྲིམས་ཉམས་པ་དང་། ལྟ་བ་ཉམས་པ་དང་། སྤྱོད་པ་ཉམས་པ་དང་། འཚོ་བ་ཉམས་པས་གསོ་སྦྱོང་གཞག་པ་ནི་ཆོས་ཀྱི་གསོ་སྦྱོང་གཞག་པ་ཡིན་ཏེ་། འདི་ནི་ཆོས་མ་ཡིན་པ་བཞི་དང་། ཆོས་ཀྱི་བཞིའི་གསོ་སྦྱོང་གཞག་པ་ཡིན་ནོ་།,. . . .
a1ff262de2f1498eb55f5fc0ee4b0bcb,པṃཅ༡༤ ཨདྷཱརྨིཀཱངི་པṃཅ་དྷཱརྨིཀཱངི་པོṣཨདྷསཐཱཔནཱནི་ཀཏམཱནི་། ཨམūལིཀཡཱ་པཱརཱཇིཀཡཱ་སṃགྷཱབ༹ཤེṣཨཡཱ༡༥པཱཡནཏིཀཡཱ་པྲཏིདེཤནིཀཡཱ་དུṣཀṛཏཡཱ་པོṣཨདྷṃ་སཐཱཔཡཏཡ་ཨདྷཱརྨིཀṃ་པོṣཨདྷསཐཱཔནṃ སམūལིཀཡཱ་པཱརཱཇིཀཡཱ་སṃགྷཱབ༹ཤེṣཨཡཱ་པཱཡནཏིཀཡཱ་པྲཏིདེཤནིཀཡཱ་དུṣཀṛཏཡཱ་པོṣཨདྷṃ་སཐཱཔཡཏི་དྷཱརྨིཀṃ་པོṣཨདྷསཐཱཔན༼མ༽ ༡༦ ཨིམཱནི་པṃཅཱདྷཱརྨིཀཱངི་པོṣཨདྷསཐཱཔནཱནི་པṃཅ་དྷཱརྨིཀཱངི,ཆོས་མ་ཡིན་པ་ལྔ་དང་ཆོས་ཀྱི་ལྔའི་གསོ་སྦྱོང་གཞག་པ་གང་ཞེ་ན་། གཞི་མེད་པའི་ཕས་ཕམ་པ་དང་། དགེ་འདུན་ལྷག་མ་དང་། ལྟུང་བྱེད་དང་། སོ་སོར་བཤགས་པ་དང་། ཉེས་བྱས་ཀྱིས་གསོ་སྦྱོང་གཞག་པ་ནི་ཆོས་མ་ཡིན་པའི་གསོ་སྦྱོང་གཞག་པ་ཡིན་ནོ་། གཞི་དང་བཅས་པའི་ཕས་ཕམ་པ་དང་། དགེ་འདུན་ལྷག་མ་དང་། ལྟུང་བྱེད་དང་། སོ་སོར་བཤགས་པ་དང་། ཉེས་བྱས་ཀྱིས་གསོ་སྦྱོང་གཞག་པ་ནི་ཆོས་ཀྱིས་གསོ་སྦྱོང་གཞག་པ་ཡིན་ཏེ་། འདི་ནི་ཆོས་མ་ཡིན་པའི་ལྔ་དང་ཆོས་ཀྱི་ལྔའི་གསོ་སྦྱོང་གཞག་པ་ཡིན་ནོ་།,. . . .
c5d15ffbdbf24d0eb5512f8445b3129b," 
ṣཨḍ་ཨདྷཱརྨིཀཱངི༡༧པོṣཨདྷསཐཱཔནཱནི་ṣཨḍ་དྷཱརྨིཀཱངི་པོṣཨདྷསཐཱཔནཱནི་ཀཏམཱནི ཨམūལཀེན་ཀṛཏེན་ཨམūལཀེནཱཀṛཏེན་ཨམūལཀེན་ཀṛཏཱཀṛཏེན་ཨམūལཀེན་ཀṛཏེན་སཱབ༹ཤེṣཨེང་ཨམūལཀེནཱཀṛཏེན་སཱབ༹ཤེṣཨེང་ཨམūལཀེན་ཀṛཏཱཀṛཏེན་སཱབ༹ཤེṣཨེང་པོṣཨདྷṃ་སཐཱཔཡཏཡ་ཨདྷཱརྨིཀṃ་པོṣཨདྷསཐཱཔནṃ སམūལཀེན་ཀṛཏེན་སམūལཀེནཱཀṛཏེན ༼སམūལཀེན༽ ཀṛཏཱཀṛཏེན་སམūལཀེན་ཀṛཏེན་སཱབ༹ཤེṣཨེང་སམūལཀེནཱཀṛཏེན་སཱབ༹ཤེṣཨེང་སམūལཀེན་ཀṛཏཱཀṛཏེན་སཱབ༹ཤེṣཨེང་པོṣཨདྷṃ་སཐཱཔཡཏི་དྷཱརྨིཀ་པོṣཨདྷསཐཱཔནṃ ཨིམཱནི་ṣཨḍ་ཨདྷཱརྨིཀཱངི༡༨པོṣཨདྷསཐཱཔནཱནི་ṣཨḍ་དྷཱརྨིཀཱངི",ཆོས་མ་ཡིན་པའི་དྲུག་དང་ཆོས་ཀྱི་དྲུག་གི་གསོ་སྦྱོང་གཞག་པ་གང་ཞེ་ན་། གཞི་མེད་པའི་བྱས་པ་དང་། གཞི་མེད་པའི་མ་བྱས་པ་དང་། གཞི་མེད་པའི་བྱས་པ་དང་། མ་བྱས་པ་དང་། གཞི་མེད་པའི་ལྷག་མ་དང་བཅས་པ་བྱས་པ་དང་། གཞི་མེད་པའི་ལྷག་མ་དང་བཅས་པ་མ་བྱས་པ་དང་། གཞི་མེད་པའི་ལྷག་མ་དང་བཅས་པ་བྱས་པ་དང་མ་བྱས་པས་གསོ་སྱོང་གཞག་པ་ནི་ཆོས་མ་ཡིན་པའི་གསོ་སྦྱོང་གཞག་པ་ཡིན་ནོ་། གཞི་དང་བཅས་པའི་བྱས་པ་དང་། གཞི་དང་བཅས་པའི་མ་བྱས་པ་དང་། གཞི་དང་བཅས་པའི་བྱས་པ་དང་། མ་བྱས་པ་དང་། གཞི་དང་བཅས་པའི་ལྷག་མ་དང་བཅས་པ་བྱས་པ་དང་། གཞི་དང་བཅས་པའི་ལྷག་མ་དང་བཅས་པ་མ་བྱས་པ་དང་། གཞི་དང་བཅས་པའི་ལྷག་མ་དང་བཅས་པ་བྱས་པ་དང་། མ་བྱས་པས་གསོ་སྦྱོང་གཞག་པ་ནི་ཆོས་ཀྱི་གསོ་སྦྱོང་གཞག་པ་སྟེ་། འདི་དག་ནི་ཆོས་མ་ཡིན་པའི་དྲུག་དང་ཆོས་ཀྱི་དྲུག་གི་གསོ་སྦྱོང་གཞག་པ་ཡིན་ནོ་།,. . . .
e28e63e077894554ac8dce09758f2de1," 
སཔཏ་ཨདྷཱརྨིཀཱངི་པོṣཨདྷསཐཱཔནཱནི་སཔཏ་དྷཱརྨིཀཱངི་པོṣཨདྷསཐཱཔནཱནི་ཀཏམཱནི ཨམūལིཀཡཱ་ཤīལབི༹པཏཏྱཱ་༡༩དṛṣṭཨིབི༹པཏཏྱཱ་ཨཱཅཱརབི༹པཏཏྱཱ་ཨཱཇīབ༹བི༹པཏཏྱཱ ༼ཨམūལཀེན༽ དṛṣṭཨེན་ཤྲུཏེན་པརིཤṃཀིཏེན་པོṣཨདྷṃ་སཐཱཔཡཏཡ་ཨདྷཱརྨིཀṃ་པོṣཨདྷསཐཱཔནṃ་། སམūལིཀཡཱ་ཤīལབི༹པཏཏྱཱ་དṛṣṭཨིབི༹པཏཏྱཱ་ཨཱཅཱརབི༹པཏཏྱཱ་ཨཱཇīབ༹བི༹པཏཏྱཱ་སམūལཀེན༢༠དṛṣṭཨེན་ཤྲུཏེན་པརིཤṃཀིཏེན་པོṣཨདྷṃ་སཐཱཔཡཏི་དྷཱརྨིཀṃ་པོṣཨདྷསཐཱཔནṃ ཨིཏīམཱནི་སཔཏཱདྷཱརྨིཀཱངི་སཔཏ་དྷཱརྨིཀཱངི་པོṣཨདྷསཐཱཔནཱནི",ཆོས་མ་ཡིན་པའི་བདུན་དང་ཆོས་ཀྱི་བདུན་གྱི་གསོ་སྦྱོང་གཞག་པ་གང་ཞེ་ན་། གཞི་མེད་པའི་ཚུལ་ཁྲིམས་ཉམས་པ་དང་། ལྟ་བ་ཉམས་པ་དང་། སྤྱོད་པ་ཉམས་པ་དང་། འཚོ་བ་ཉམས་པ་དང་། གཞི་མེད་པའི་མཐོང་བ་དང་། ཐོས་པ་དང་། དོགས་པས་གསོ་སྦྱོང་གཞག་པ་ནི་། ཆོས་མ་ཡིན་པའི་གསོ་སྦྱོང་གཞག་པ་ཡིན་ནོ་། གཞི་དང་བཅས་པའི་ཚུལ་ཁྲིམས་ཉམས་པ་དང་། ལྟ་ཉམས་པ་དང་། སྤྱོད་པ་ཉམས་པ་དང་། འཚོ་བ་ཉམས་པ་དང་། གཞི་དང་བཅས་པའི་མཐོང་བ་དང་། ཐོས་པ་དང་། དོགས་པས་གསོ་སྦྱོང་གཞག་པ་ནི་ཆོས་ཀྱི་གསོ་སྦྱོང་གཞག་པ་ཡིན་ཏེ་། འདི་དག་ནི་ཆོས་མ་ཡིན་པའི་བདུན་དང་ཆོས་ཀྱི་བདུན་གྱི་གསོ་སྦྱོང་གཞག་པ་ཡིན་ནོ་།,. . . .
9b0d79ae77ab431889f2f4ad75dedb1f," 
ཨṣṭཨཱབ༹་ཨདྷཱརྨིཀཱངི་ཨṣṭཨཽ་དྷཱརྨིཀཱངི་པོṣཨདྷསཐཱཔནཱནི་ཀཏམཱནི་། ཨམūལིཀཡཱ་པཱརཱཇིཀཡཱ་སṃགྷཱབ༹ཤེṣཨཡཱ་པཱཡནཏིཀཡཱ་པྲཏིདེཤནིཀཡཱ་དུṣཀṛཏཡཱ་ཨམūལཀེན་དṛṣṭཨེན་ཤྲུཏེན་པརིཤṃཀིཏེན་པོṣཨདྷṃ་སཐཱཔཡཏཡ་ཨདྷཱརྨིཀṃ་པོṣཨདྷསཐཱཔནṃ སམūལིཀཡཱ་པཱརཱཇིཀཡཱ་སṃགྷཱབ༹ཤེṣཨཡཱ་པཱཡནཏིཀཡཱ་པྲཏིདེཤནིཀཡཱ་དུṣཀṛཏཡཱ་སམūལཀེན་དṛṣṭཨེན་ཤྲུཏེན་པརིཤṃཀིཏེན་པོṣཨདྷṃ་སཐཱཔཡཏི་དྷཱརྨིཀṃ་པོṣཨདྷསཐཱཔནṃ་ཨིཏི  ཨིམཱཉ་ཨṣṭཨཱབ༹་ཨདྷཱརྨིཀཱངི་པོṣཨདྷསཐཱཔནཱནི་ཨṣṭཨཽ་དྷཱརྨིཀཱངི","ཆོས་མ་ཡིན་པའི་བརྒྱད་དང་། ཆོས་ཀྱི་བརྒྱད་ཀྱི་གསོ་སྦྱོང་གཞག་པ་གང་ཞེ་ན་། གཞི་མེད་པའི་ཕས་ཕམ་པ་དང་། དགེ་འདུན་ལྷག་མ་དང་། ལྟུང་བྱེད་དང་། སོ་སོར་བཤགས་པ་དང་། ཉེས་བྱས་དང་། གཞི་མེད་པའི་མཐོང་བ་དང་། ཐོས་པ་དང་། དོགས་པས་གསོ་སྦྱོང་གཞག་པ་ནི་ཆོས་མ་ཡིན་པའི་གསོ་སྦྱོང་གཞག་པ་ཡིན་ནོ་། གཞི་དང་བཅས་པའི་ཕས་ཕམ་པ་དང་། དགེ་འདུན་ལྷག་མ་དང་། ལྟུང་བྱེད་དང་། སོ་སོར་བཤགས་པ་དང་། ཉེས་བྱས་དང་། གཞི་དང་བཅས་པའི་མཐོང་བ་དང་། ཐོས་པ་དང་། དོགས་པས་གསོ་སྦྱོང་གཞག་པ་༤ནི་ཆོས་ཀྱི་གསོ་སྦྱོང་གཞག་པ ༼ས༢༤༧ཨཱ༣༽,་ལྷས་ཨིས་མོསཏ་ལིཀེལཡ་ཏོ་ཨགྲེཨེ་ཝིཐ་སྟོག་བུཏ་ཐེ་སཅྲིཔཏ་ཨིས་ཨུནྲེཨདབླེ་ཧེརེ ༼ལ༢༧༦ཨ༡༽ ཡིན་ཏེ་། འདི་དག་ནི་ཆོས་མ་ཡིན་པའི་བརྒྱད་དང་། ཆོས་ཀྱི་བརྒྱད་ཀྱི་གསོ་སྦྱོང་གཞག་པ་ཡིན་ནོ་།",. . . .
5a6d3b6f37bd44cd95e187aa7a17ed13," 
ནབཱ༹དྷཱརྨིཀཱངི་ནབ༹་དྷཱརྨིཀཱངི་པོṣཨདྷསཐཱཔནཱནི་ཀཏམཱནི ཨམūལཀེན་ཀṛཏེན་ཨམūལཀེནཱཀṛཏེན་ཨམūལཀེན་ཀṛཏཱཀṛཏེན་ཨམūལཀེན་ཀṛཏེན་སཱབ༹ཤེṣཨེང་ཨམūལཀེནཱཀṛཏེན་སཱབ༹ཤེṣཨེང་ཨམūལཀེན་ཀṛཏཱཀṛཏེན་སཱབ༹ཤེṣཨེང་། ཨམūལཀེན་ཀṛཏེན་ནིརབ༹ཤེṣཨེང་ཨམūལཀེནཱཀṛཏེན་ནིརབ༹ཤེṣཨེང་ཨམūལཀེན་ཀṛཏཱཀṛཏེན་ནིརབ༹ཤེṣཨེང་པོṣཨདྷṃ་སཐཱཔཡཏཡ་ཨདྷཱརྨིཀṃ་པོṣཨདྷསཐཱཔནṃ་། སམūལཀེན་ཀṛཏེན་སམūལཀེནཱཀṛཏེན་སམūལཀེན་ཀṛཏཱཀṛཏེན་སམūལཀེན་ཀṛཏེན་སཱབ༹ཤེṣཨེང་སམūལཀེནཱཀṛཏེན་སཱབ༹ཤེṣཨེང་སམūལཀེན་ཀṛཏཱཀṛཏེན་སཱབ༹ཤེṣཨེང་སམūལཀེན་ཀṛཏེན་ནིརབ༹ཤེṣཨེང ༼སམūལཀེནཱཀṛཏེན་ནིརབ༹ཤེṣཨེང༽ སམūལཀེན་ཀṛཏཱཀṛཏེན་ནིརབ༹ཤེṣཨེང་པོṣཨདྷṃ་སཐཱཔཡཏི་དྷཱརྨིཀṃ་༢༡པོṣཨདྷསཐཱཔནམ༌ ཨིམཱནི་ནབཱ༹དྷཱརྨིཀཱངི་པོṣཨདྷསཐཱཔནཱནི་ནབ༹་དྷཱརྨིཀཱངི",ཆོས་མ་ཡིན་པའི་དགུ་དང་ཆོས་ཀྱི་དགུའི་གསོ་སྦྱོང་གཞག་པ་གང་ཞེ་ན་། གཞི་མེད་པའི་བྱས་པ་དང་། གཞི་མེད་པའི་མ་བྱས་པ་དང་། གཞི་མེད་པའི་བྱས་པ་དང་མ་བྱས་པ་དང་། གཞི་མེད་པའི་ལྷག་མ་དང་བཅས་པ་བྱས་པ་དང་། གཞི་མེད་པའི་ལྷག་མ་དང་བཅས་པ་མ་བྱས་པ་དང་གཞི་མེད་པའི་ལྷག་མ་དང་བཅས་པ་བྱས་པ་དང་མ ༤་བྱས་པ་དང་། གཞི་མེད་པའི་ལྷག་མ་མེད་པ་བྱས་པ་དང་། གཞི་མེད་པའི་ལྷག་མ་མེད་པ་མ་བྱས་པ་དང་། གཞི་མེད་པའི་ལྷག་མ་མེད་པ་བྱས་པ་དང་མ་བྱས་པས་གསོ་སྦྱོང་གཞག་པ་ནི་ཆོས་མ་ཡིན་པའི་གསོ་སྦྱོང་གཞག་པ་ཡིན་ནོ་། གཞི་དང་བཅས་པའི་བྱས་པ་དང་། གཞི་དང་བཅས་པའི་མ་བྱས་པ་དང་། གཞི་དང་བཅས་པའི་བྱས་པ་དང་མ་བྱས་པ་དང་། གཞི་དང་བཅས་པའི་ལྷག་མ་དང་བཅས་པ་བྱས་པ་དང་། གཞི་དང་བཅས་པའི་ལྷག་མ་དང་བཅས་པ་མ་བྱས་པ་དང་། གཞི་དང་བཅས་པའི་ལྷག་མ་དང་བཅས་པ་བྱས་པ་དང་མ་བྱས་པ་དང་། ༦་གཞི་དང་བཅས་པའི་ལྷག་མ༤༣་མེད་པ་བྱས་པ་དང་། གཞི་དང་བཅས་པའི་ལྷག་མ་མེད་པ་མ་བྱས་པ་དང་། གཞི་དང་བཅས་པའི་ལྷག་མ་མེད་པ་བྱས་པ་དང་མ་བྱས་པས་གསོ་སྦྱོང་གཞག་པ་ནི་ཆོས་ཀྱི་གསོ་སྦྱོང་གཞག་པ་ཡིན་ཏེ་། འདི་དག་ནི་ཆོས་མ་ཡིན་པའི་དགུ་དང་ཆོས་ཀྱི་དགུའི་གསོ་སྦྱོང་གཞག་པ་ཡིན་ནོ་།,. . . .
82f2354b136a4dd89ce3176a921a2d23," 
དཤཱདྷཱརྨིཀཱངི་དཤ་དྷཱརྨིཀཱངི་པོṣཨདྷསཐཱཔནཱནི་ཀཏམཱནི པཱརཱཇིཀོ་ན་བྷབ༹ཏི པཱརཱཇིཀཀཐཱ་ན་བི༹པྲཀṛཏཱ་བྷབ༹ཏི ཤིཀṣཨཱ་ན་པྲཏྱཱཁྱཱཏཱ་བྷབ༹ཏི ཤིཀṣཨཱཔྲཏྱཱཁྱཱནཀཐཱ་ན་བི༹པྲཀṛཏཱ་བྷབ༹ཏི སṃགྷོ་ན་པྲཏྱཱཁྱཱཏོ་བྷབ༹ཏི སṃགྷཔྲཏྱཱཁྱཱནཀཐཱ་ན་བི༹པྲཀṛཏཱ་བྷབ༹ཏི ཤīལབི༹པནནོ ༼ན༽ བྷབ༹ཏི་ན་དṛṣṭཨིབི༹པནནḥ་ནཱཅཱརབི༹པནནོ་ནཱཇīབ༹བི༹པནནḥ ཀཐམ༢༢པཱརཱཇིཀོ་ན་བྷབ༹ཏི ཡཻར་ཨཱཀཱརཻར་ཡཻར་ལིṃགཻར་ཡཻར་ནིམིཏཏཻḥ་པཱརཱཇིཀཱ༼མ་ཨཱཔ༽ཏཏིམ་ཨཱཔདྱཏེ་ཏṃ་ཅ་བྷིཀṣཨུḥ་པཤྱཏི་ན་ཏཻར་ཨཱཀཱརཻར་ན་ཏཻར་ལིṃགཻར་ན་ཏཻར་ནིམིཏཏཻḥ་པཱརཱཇིཀཱམ་ཨཱཔཏཏིམ་ཨཱཔདྱམཱནམ་ས་ཅཱདṛṣṭབཱ༹་ཨཤྲུཏབཱ༹་ཨཔརིཤṃཀྱ་པོṣཨདྷṃ་སཐཱཔཡཏཡ ཨདྷཱརྨིཀṃ་པོṣཨདྷསཐཱཔནṃ ཨེབ༹ṃ་པཱརཱཇིཀོ་ན་བྷབ༹",ཆོས་མ་ཡིན་པའི་བཅུ་དང་ཆོས་ཀྱི་བཅུའི་གསོ་སྦྱོང་གཞག་པ་གང་ཞེ་ན་། ཕས་ཕམ་པ་མ་ཡིན་། ཕས་ཕམ་པའི་གཏམ་གྱི་གླེང་གཞི་མ་ཡིན་། བསླབ་པ་སྤོང་བ་མ་ཡིན་། བསླབ་པ་སྤོང་བའི་གཏམ་གྱི་གླེང་གཞི་མ་ཡིན་། དགེ་འདུན་སྤོང་པ་མ་ཡིན་། དགེ་འདུན་སྤོང་བའི་གཏམ་གྱི་གླེང་གཞི་མ་ཡིན་། ཚུལ་ཁྲིམས་ཉམས་པ་མ་ཡིན་། ལྟ་བ་ཉམས་པ་མ་ཡིན་། སྤྱོད་པ་ཉམས་པ་མ་ཡིན་། འཚོ་བ་ཉམས་པ་མ་ཡིན་ནོ་། ཕས་ཕམ་པ་མ་ཡིན་པ་ཇི་ལྟ་བུ་ཞེ་ན་། དགེ་སློང་གིས་རྣམ་པ་གང་དག་དང་། རྟགས་གང་དག་དང་། མཚན་མ་གང་དག་གིས་ཕས་ཕམ་པའི་ལྟུང་བ་འབྱུང་བར་འགྱུར་བའི་རྣམ་པ་དེ་དག་གིས་དེ་ལ་ཕས་ཕམ་པའི་ལྟུང་བ་བྱུང་བར་མ་མཐོང་ཞིང་། རྟགས་དེ་དག་གིས་མ་ཡིན་། མཚན་མ་དེ་དག་གིས་མ་ཡིན་ལ་། དེས་མ་མཐོང་བ་དང་། མ་ཐོས་པ་དང་། མི་དོགས ༣་པས༥༠་གསོ་སྦྱོང་གཞག་པ་ནི་། ཆོས་མ་ཡིན་པའི་གསོ་སྦྱོང་གཞག་པ་ཡིན་ཏེ་། དེ་ལྟ་བུ་ནི་ཕས་ཕམ་པ་མ་ཡིན་པའོ་།,. . . . . . . . . . . .
ec6fa43dc90747429ecb7f04d3f7aa9d," 
ཀཐṃ་པཱརཱཇིཀཀཐཱ་ན་བི༹པྲཀṛཏཱ་བྷབ༹ཏི ཡཐཱཔི་ཏཏ་སṃབཧུལཱ༢༣བྷིཀṣཨབ༹ḥ་སནནིṣཨངངཱ་བྷབ༹ནཏི་སནནིཔཏིཏཱ༼ḥ༽ སཱ་ཅ་ཀཐཱ་ན་ཏཇཇཱ་བྷབ༹ཏི་ན་ཏནམཡཱ་ན་བི༹པྲཀṛཏཱ ཏེ་ཅ་བྷིཀṣཨབ༹་ཨུཏཐཱཡཱསནེབྷྱོ་ནཱནཱ་བི༹པྲཀྲཱམན",ཕས་ཕམ་བའི་གཏམ་གྱི་གླེང་གཞི་མ་ཡིན་བ་ཇི་ལྟ་བུ་ཞེ་ན་། འདི་ལྟ་སྟེ་དགེ་སློང་རབ་ཏུ་མང་པོ་ཚོགས་ཤིང་འདུས་ལ གཏམ་སྨྲ་པ་དེ་ཡང་དེ་ལས་བྱུང་བ་མ་ཡིན་། དེ་གླེང་བའི་སྐབས་ལ་བབ་པ་མ་ཡིན་ཞིང དགེ་སློང་དེ་རྣམས་ཀྱང་སྟན་ལས་ལངས་ནས་སོ་སོར་དོང་བ་དང་།,. . . .
851f4a7c767842d2b69980c2723b8bd1," 
ས་ཅཱདṛṣṭབཱ༹་ཨཤྲུཏབཱ༹་ཨཔརིཤṃཀྱ་ཅ་པོṣཨདྷṃ་སཐཱཔཡཏཡ ཨདྷཱརྨིཀṃ་པོṣཨདྷསཐཱཔནṃ་། ཨེབ༹ṃ་ན་པཱརཱཇིཀཀཐཱ་བི༹པྲཀṛཏཱ་བྷབ༹ཏི",དེས་མ་མཐོང་བ་དང་། མ་ཐོས་པ་དང་། མི་དོགས་པས་གསོ་སྦྱོང་གཞག་པ་ནི ཆོས་མ་ཡིན་པའི་གསོ་སྦྱོང་གཞག་བ་ཡིན་ཏེ་། དེ་ལྟ་བུ་ནི་ཕས་ཕམ་པའི་གཏམ་གྱི་གླེང་གཞི་མ་ཡིན་པའོ་།,. . .
d6cb2313c6054efa82278d0e876a97d1," 
ཀཐṃ་ཤིཀṣཨཱ་ན་པྲཏྱཱཁྱཱཏཱ་བྷབ༹ཏི ཡཻར་ཨཱཀཱརཻར་ཡཻར་ལིṃགཻར་ཡཻར་ནིམིཏཏཻཤ་ཤིཀṣཨཱཔྲཏྱཱཁྱཱནṃ་ཀྲིཡཏེ་ཏṃ་ཅ་བྷིཀṣཨུḥ་པཤྱཏི་ན་ཏཻར་ཨཱཀཱརཻར་ན་ཏཻར་ལིṃགཻར་ན་ཏཻར་ནིམིཏཏཻḥ་ཤིཀṣཨཱཔྲཏྱཱཁྱཱནṃ་ཀུརབཱ༹ངṃ་ས་ཅཱདṛṣṭབཱ༹་ཨཤྲུཏབཱ༹་ཨཔརིཤṃཀྱ་པོṣཨདྷṃ་སཐཱཔཡཏཡ ཨདྷཱརྨིཀṃ་པོṣཨདྷསཐཱཔནṃ ཨེབ༹ṃ་ཤིཀṣཨཱ་པྲཏྱཱཁྱཱཏཱ་ན་བྷབ༹ཏི",བསླབ་པ་སྤོང་བ་མ་ཡིན་པ་ཇི་ལྟ་བུ་ཞེ་ན་། དགེ་སློང་གིས་རྣམ་པ་གང་དག་དང་། རྟགས་གང་དག་དང་། མཚན་མ་གང་དག་གིས་བསླབ་པ་སྤོང་བར་བྱེད་པའི་རྣམ་པ་དེ་དག་གིས་དེ་བསླབ་པ་སྤོང་བར་མ་མཐོང་ཞིང་རྟགས་དེ་དག་གིས་མ་ཡིན་། མཚན་མ་དེ་དག་གིས་མ་ཡིན་ལ་། དེས་མ་མཐོང་བ་དང་། མ་ཐོས་པ་དང་། མི་དོགས་པས་གསོ་སྦྱོང་གཞག་པ་ནི ཆོས་མ་ཡིན་བའི་གསོ་སྦྱོང་གཞག་པ་ཡིན་ཏེ་། དེ་ལྟ་བུ་ནི་བསླབ་པ་སྤོང་བ་མ་ཡིན་པའོ་།,. . . .
f1097151ea004c69a165b78bdea2b824," 
ཀཐ༼ṃ༽ ཤིཀṣཨཱཔྲཏྱཱཁྱཱནཀཐཱ་ན་བི༹པྲཀṛཏཱ་བྷབ༹ཏི་། ཡཐཱཔི་ཏཏ་སṃབཧུལཱ་བྷིཀṣཨབ༹ḥ་སནནིṣཨངངཱ་བྷབ༹ནཏི་སནནིཔཏིཏཱ༼ḥ༽ སཱ་ཅ་ཀཐཱ་ན་ཏཇཇཱ་བྷབ༹ཏི་ན་ཏནམཡཱ་ན་བི༹པྲཀṛཏཱ་བྷབ༹ཏི ཏེ་ཅ་བྷིཀṣཨབ༹ḥ་ཨུཏཐཱཡཱསནེབྷྱོ་ནཱནཱ་བི༹པྲཀྲཱམནཏི ས་ཅཱདṛṣṭབཱ༹་ཨཤྲུཏབཱ༹་ཨཔརིཤ༼ṃ༽ཀྱ་པོṣཨདྷṃ་སཐཱཔཡཏཡ ཨདྷཱརྨིཀṃ་པོṣཨདྷསཐཱཔནṃ ཨེབ༹ṃ་ཤིཀṣཨཱཔྲཏྱཱཁྱཱནཀཐཱ་ན་བི༹པྲཀṛཏཱ་བྷབ༹",བསླབ་པ་སྤོང་བའི་གཏམ་གྱི་གླེང་གཞི་མ་ཡིན་པ་ཇི་ལྟ་བུ་ཞེ་ན་། འདི་ལྟ་སྟེ་དགེ་སློང་རབ་ཏུ་མང་པོ་ཚོགས་ཤིང་འདུས་ལ གཏམ་སྨྲ་བ་དེ་ཡང་དེ་ལས་བྱུང་བ་མ་ཡིན་། དེ་གླེང་བའི་སྐབས་ལ་བབ་བ་མ་ཡིན་ཞིང དགེ་སློང་དེ་རྣམས་ཀྱང་སྟན་ལས་ལངས་ནས་སོ་སོར་དོང་བ་དང་། དེས་མ་མཐོང་བ་དང་། མ་ཐོས་པ་དང་། མི་དོགས་པར་གསོ་སྦྱོང་གཞག་པ་ནི ཆོས་མ་ཡིན་པའི་གསོ་སྦྱོང་གཞག་པ་ཡིན་ཏེ་། དེ་ལྟ་བུ་ནི་བསླབ་པ་སྤོང་བའི་གཏམ་གྱི་གླེང་གཞི་མ་ཡིན་པའོ་།,. . . . . . .
2323dfb82e734d2fb8ee56cb5a703ea5," 
ཀཐṃ་སṃགྷོ་ན་པྲཏྱཱཁྱཱཏོ་བྷབ༹ཏི ཡཻར་ཨཱཀཱརཻར་ཡཻར་ལིངགཻར་ཡཻར་ནིམིཏཏཻḥ་སṃགྷḥ་༢༤པྲཏྱཱཁྱཱཡཏེ་ཏṃ་ཅ་བྷིཀṣཨུḥ་པཤྱཏི་ན་ཏཻར་ཨཱཀཱརཻར་ན་ཏཻར་ལི༼ṃ༽གཻར་ན་ཏཻར་ནིམིཏཏཻḥ་སṃགྷཔྲཏྱཱཁྱཱནṃ་ཀུརབ༹ནཏṃ་ས་ཅཱདṛṣṭབཱ༹་ཨཤྲུཏབཱ༹་ཨཔརིཤṃཀྱ་པོṣཨདྷṃ་སཐཱཔཡཏཡ ཨདྷཱརྨིཀṃ་པོṣཨདྷསཐཱཔནṃ ཨེབ༹ṃ་སṃགྷོ་ན་པྲཏྱཱཁྱཱཏོ་བྷབ༹",དགེ་འདུན་སྤོང་བ་མ་ཡིན་པ་ཇི་ལྟ་བུ་ཞེ་ན་། དགེ་སློང་གིས་རྣམ་པ་གང་དག་དང་། རྟགས་གང་དག་དང་། མཚན་མ་གང་དག་གིས་དགེ་འདུན་སྤོང་བར་བྱེད་པའི་རྣམ་པ་དེ་དག་གིས་དགེ་འདུན་སྤོང་བར་བྱེད་པར༦༠་མ་མཐོང་ཞིང་། རྟགས་དེ་དག་གིས་མ་ཡིན་། མཚན་མ་དེ་དག་གིས་མ་ཡིན་ལ་། དེས་མ་མཐོང་བ་དང་། མ་ཐོས་པ་དང་། མི་དོགས་པས༦༡་གསོ་སྦྱོང་གཞག་པ་ནི ཆོས་མ་ཡིན་པའི་གསོ་སྦྱོང་གཞག་པ་ཡིན་ཏེ་། དེ་ལྟ་བུ་ནི་དགེ་འདུན་སྤོང་བ་མ་ཡིན་པའོ་།,. . . .
4faa65ae4e004354a33c3b05acd6ac3b," 
ཀཐṃ་སṃགྷཔྲཏྱཱཁྱཱནཀཐཱ་ན་བི༹པྲཀṛཏཱ་བྷབ༹ཏི ཡཐཱཔི་ཏཏ་སṃབཧུལཱ་བྷིཀṣཨབ༹ḥ་སནནིṣཨངངཱ་བྷབ༹ནཏི་སནནིཔཏིཏཱ༼ḥ༽ སཱ་ཅ་ཀཐཱ་ན་ཏཇཇཱ་བྷབ༹ཏི་ན་ཏནམཡཱ་ན་བི༹པྲཀṛཏཱ་བྷབ༹ཏི ཏེ་ཅ ༼བྷིཀṣཨབ༹ḥ༽ ཨུཏཐཱཡཱསནེབྷྱོ་ནཱ༼ནཱ༽ བི༹པྲཀྲཱམནཏི ས་ཅཱདṛṣṭབཱ༹་ཨཤྲུཏབཱ༹་ཨཔརིཤṃཀྱ་པོṣཨདྷṃ་སཐཱཔཡཏི ཨདྷཱརྨིཀṃ་པོṣཨདྷསཐཱཔནṃ ཨེབ༹ṃ་སṃགྷཔྲཏྱཱཁྱཱནཀཐཱ་ན་བི༹པྲཀṛཏཱ་བྷབ༹",དགེ་འདུན་སྤོང་བའི་གཏམ་གྱི་གླེང་གཞི་མ་ཡིན་བ་ཇི་ལྟ་བུ་ཞེ་ན་། འདི་ལྟ་སྟེ་དགེ་སློང་རབ་ཏུ་མང་པོ་ཚོགས་ཤིང་འདུས་ལ གཏམ་སྨྲ་བ་དེ་ཡན་དེ་ལས་བྱུང་བ་མ་ཡིན་ཏེ་། དེ་གླེང་བའི་སྐབས་ལ་བབ་པ་མ་ཡིན་ཞིང དགེ་སློང་དེ་རྣམས་ཀྱང་སྟན་ལས་ལངས་ནས་སོ་སོར་དོང་བ་དང་། དེས་མ་མཐོང་བ་དང་། མ་ཐོས་པ་དང་། མི་དོགས་པས་གསོ་སྦྱོང་གཞག་པ་ནི ཆོས་མ་ཡིན་པའི་གསོ་སྦྱོང་གཞག་པ་ཡིན་ཏེ་། དེ་ལྟ་བུ་ནི་དགེ་འདུན་སྤོང་བའི་གཏམ་གྱི་གླེང་གཞི་མ་ཡིན་པའོ་།,. . . . . . .
4b9ec88fca3f447b8df9929377e1213d," 
ཀཐṃ་ན་ཤīལབི༹པནནོ་བྷབ༹ཏི ཅཏུརྔཱṃ་པཱརཱཇིཀཱནཱམ་ཨཉཏམཱམ་ཨཱཔཏཏིམ་ཨཱཔནནོ་བྷབ༹ཏི ཏསྱ་ཅ་བྷིཀṣཨུར་ཨདṛṣṭབཱ༹་ཨཤྲུཏབཱ༹་ཨཔརིཤṃཀྱ་པོṣཨདྷṃ་སཐཱཔཡཏཡ ཨདྷཱརྨིཀṃ་པོṣཨདྷསཐཱཔནṃ ཨེབ༹ṃ་ན་ཤīལབི༹པནནོ་བྷབ༹",ཚུལ་ཁྲིམས་ཉམས་པ་མ་ཡིན་པ་ཇི་ལྟ་བུ་ཞེ་ན་། ཕས་ཕམ་པ་བཞི་རྣམས་ལས་གང་ཡང་རུང་བའི་ལྟུང་བ་མ་བྱུང་བར དགེ་སློང་དེ་ལ་མ་མཐོང་བ་དང་། མ་ཐོས་པ་དང་། མི་དོགས་པར་གསོ་སྦྱོང་གཞག་པ་ནི ཆོས་མ་ཡིན་པའི་གསོ་སྦྱོང་གཞག་པ་ཡིན་ཏེ་། དེ་ལྟ་བུ་ནི་ཚུལ་ཁྲིམས་ཉམས་པ་མ་ཡིན་པའོ་།,. . . . .
59cde4497b004c34bde5167734495cba," 
ཀཐṃ་ན་དṛṣṭཨིབི༹པནནོ་བྷབ༹ཏི དབཱ༹ṣཨṣṭཨེར་དṛṣṭཨིགཏཱནཱམ་ཨཉཏརཱཉཏརཱṃ་དṛṣṭཨིམ་ཨནབྷིནིབི༹ṣṭཨོ་བྷབ༹ཏི ཏསྱ་ཅ་བྷིཀṣཨུར་ཨདṛṣṭབཱ༹་ཨཤྲུཏབཱ༹་ཨཔརིཤṃཀྱ་པོṣཨདྷṃ་སཐཱཔཡཏཡ ཨདྷཱརྨིཀṃ་པོṣཨདྷསཐཱཔནṃ ཨེབ༹ṃ་ན་དṛṣṭཨིབི༹པནནོ་བྷབ༹",ལྟ་བ་ཉམས་པ་མ་ཡིན་པ་ཇི་ལྟ་བུ་ཞེ་ན་། ལྟ་བའི་རྣམ་པ་དྲུག་བཅུ་རྩ་གཉིས་ལས་གང་ཡང་རུང་བའི་ལྟ་བར་མངོན་པར་མ་ཞེན་པར དགེ་སློང་དེ་ལ་མ་མཐོང་བ་དང་། མ་ཐོས་བ་དང་། མི་དོགས་པར་གསོ་སྦྱོང་གཞག་པ་ནི ཆོས་མ་ཡིན་པའི་གསོ་སྦྱོང་གཞག་པ་ཡིན་ཏེ་། དེ་ལྟ་བུ་ནི་ལྟ་བ་ཉམས་པ་མ་ཡིན་པའོ་།,. . . . .
f30f6d92aa9f4303869ecc1e3b33c951," 
ཀཐམ་ནཱཅཱརབི༹པནནོ་བྷབ༹ཏི ཨཱནུལོམིཀཻḥ་ཤིཀṣཨཱནུཀūལཻར་བ༹ཅནཔཐཻར་ཨུཅྱམཱནḥ་སམྱཀ་པྲཏིཔདྱཏེ ཏསྱ་ཅ་བྷིཀṣཨུར་ཨདṛṣṭབཱ༹་ཨཤྲུཏབཱ༹་ཨཔརིཤṃཀྱ་པོṣཨདྷṃ་སཐཱཔཡཏཡ ཨདྷཱརྨིཀṃ་པོṣཨདྷསཐཱཔནṃ ཨེབ༹ṃ་ནཱཅཱརབི༹པནནོ་བྷབ༹",སྤྱོང་པ་ཉམས་པ་མ་ཡིན་པ་ཇི་ལྟ་བུ་ཞེ་ན་། བསླབ་པའི་གཞི་རྗེས་སུ་མཐུན་ཞིང་འཚམ་པའི་ཚིག་གི་ལམ་དག་གིས་སྨྲས་ན་ཡང་དག་པར་སྒྲུབ་པ དེ་ལ་དགེ་སློང་གིས་མ་མཐོང་བ་དང་། མ་ཐོས་པ་དང་། མི་དོགས་པར་གསོ་སྦྱོང་གཞག་པ་ནི ཆོས་མ་ཡིན་པའི་གསོ་སྦྱོང་གཞག་པ་ཡིན་ཏེ་། དེ་ལྟ་བུ་ནི་སྦྱོད་པ་ཉམས་པ་མ་ཡིན་པའོ་།,. . . . .
586797766bd74f8189d29ef80654f24b," 
ཀཐམ་ནཱཇīབ༹བི༹པནནོ་བྷབ༹ཏི ཨཱཇīབོ༹་འསྱ་པརིཤུདདྷོ་བྷབ༹ཏི ཏསྱ་ཅ་བྷིཀṣཨུར་ཨདṛṣṭབཱ༹་ཨཤྲུཏབཱ༹་ཨཔརིཤṃཀྱ་པོṣཨདྷṃ་སཐཱཔཡཏཡ ཨདྷཱརྨིཀṃ་པོṣཨདྷསཐཱཔནṃ ཨེབ༹ṃ་ནཱཇīབ༹བི༹པནནོ་བྷབ༹ཏི ཤུཀླཔཀṣཨེ་པཱརཱཇིཀོ་བྷབ༹ཏི པཱརཱཇིཀཀཐཱ་བི༹པྲཀṛཏཱ་བྷབ༹ཏི ཤིཀṣཨཱ་པྲཏྱཱཁྱཱཏཱ་བྷབ༹ཏི ཤིཀṣཨཱཔྲཏྱཱཁྱཱནཀཐཱ་བི༹པྲཀṛཏཱ་བྷབ༹ཏི སṃགྷཔྲཏྱཱཁྱཱཏོ་བྷབ༹ཏི སṃགྷཔྲཏྱཱཁྱཱནཀཐཱ་བི༹པྲཀṛཏཱ་བྷབ༹ཏི ཤīལབི༹པནནོ་བྷབ༹ཏི་དṛṣṭཨིབི༹པནནོ་ཨཱཅཱརབི༹པནན་ཨཱཇīབ༹བི༹པནནཤ",འཚོ་བ་ཉམས་པ་མ་ཡིན་པ་ཇི་ལྟ་བུ་ཞེ་ན་། དེའི་འཚོ་བ་ཡོངས་སུ་དག་པ་ཡིན་ན་། དེ་ལ་དགེ་སློང་གིས་མ་མཐོང་བ་དང་། མ་ཐོས་པ་དང་། མི་དོགས་པར་གསོ་སྦྱོང་གཞག་པ་ནི ཆོས་མ་ཡིན་པའི་གསོ་སྦྱོང་གཞག་པ་ཡིན་ཏེ་། དེ་ལྟ་བུ་ནི་འཚོ་བ་ཉམས་པ་མ་ཡིན་པའོ་། དཀར་པོའི་ཕྱོགས་ལ་ཕས་ཕམ་པ་ཡིན་པ་དང་། ཕས་ཕམ་པའི་གཏམ་གྱི་གླེང་གཞི་ཡིན་པ་དང་། བསླབ་པ་སྤོང་བ་ཡིན་པ་དང་། བསླབ་པ་སྤོང་བའི་གཏམ་གྱི་གླེང་གཞི་ཡིན་པ་དང་། དགེ་འདུན་སྤོང་བ་ཡིན་པ་དང་། དགེ་འདུན་སྤོང་བའི་གཏམ་གྱི་གླེང་གཞི་ཡིན་པ་དང་། ཚུལ་ཁྲིམས་ཉམས་པ་ཡིན་པ་དང་། ལྟ་བ་ཉམས་པ་ཡིན་པ་དང་། སྤྱོད་པ་ཉམས་པ་ཡིན་པ་དང་། འཚོ་བ་ཉམས་པ་ཡིན་ནོ་།,. . . . . . . . . . . .
5d1c92c590384a78aaf3837d4a53c411," 
ཀཐṃ་པཱརཱཇིཀོ་བྷབ༹ཏི ཡཻར་ཨཱཀཱརཻར་ཡཻར་ལིṃགཻར་ཡཻར་ནིམིཏཏཻḥ་པཱརཱཇིཀཱམ་ཨཱཔཏཏིམ་ཨཱཔདྱཏེ་ཏṃ་ཅ་བྷིཀṣཨུḥ་པཤྱཏི་ཏཻར་ཨཱཀཱརཻས་ཏཻར་ལིṃགཻས་ཏཻར་ནིམིཏཏཻḥ་པཱརཱཇིཀཱམ་ཨཱཔཏཏིམ་ཨཱཔདྱམཱནṃ་ས་དṛṣṭབཱ༹་ཤྲུཏབཱ༹་པརིཤṃཀྱ་པོṣཨདྷṃ་སཐཱཔཡཏི དྷཱརྨིཀṃ་པོṣཨདྷསཐཱཔནṃ ཨེབ༹ṃ་པཱརཱཇིཀོ་བྷབ༹",ཕས་ཕམ་པ་ཡིན་པ་ཇི་ལྟ་བུ་ཞེ་ན་། དགེ་སློང་གིས་རྣམ་པ་གང་དག་དང་། རྟགས་གང་དག་དང་། མཚན་མ་གང་དག་གིས་ཕས་ཕམ་པའི་ལྟུང་བ་བྱུང་བའི་རྣམ་པ་དེ་དག་དང་། རྟགས་དེ་དག་དང་། མཚན་མ་དེ་དག་གིས་དེ་ཕས་ཕམ་པའི་ལྟུང་བ་བྱུང་བར་མཐོང་ལ་། དེས་མཐོང་བ་དང་། ཐོས་བ༧༦་དང་། ༥་དོགས་པས་གསོ་སྦྱོང་གཞག་པ་ནི ཆོས་ཀྱི་གསོ་སྦྱོང་གཞག་པ་ཡིན་ཏེ་། དེ་ལྟ་བུ་ནི་ཕས་ཕམ་པ་ཡིན་ནོ་།,. . . .
f5d1f6f3d40b4381835cd5673adc8396," 
ཀཐṃ་པཱརཱཇིཀཀཐཱ་བི༹པྲཀṛཏཱ་བྷབ༹ཏི ཡཐཱཔི་ཏཏ་སṃབཧུལཱ་བྷིཀṣཨབ༹ḥ་སནནིṣཨངངཱ་བྷབ༹ནཏི་སནནིཔཏིཏཱḥ སཱ་ཅ་ཀཐཱ་ཏཇཇཱ་བྷབ༹ཏི་ཏནམཡཱ་བི༹པྲཀṛཏཱ ཏེ་ཅ་བྷིཀṣཨབ༹ḥ་ཏཐཱ་སནནིṣཨངངཱ་ཨེབ༹ ས་ཅ་དṛṣṭབཱ༹་ཤྲུཏབཱ༹་པརིཤṃཀྱ་པོṣཨདྷṃ་སཐཱཔཡཏི དྷཱརྨིཀṃ་པོṣཨདྷསཐཱཔནṃ ཨེབ༹ṃ་པཱརཱཇིཀཀཐཱ་བི༹པྲཀṛཏཱ་བྷབ༹",ཕས་ཕམ་པའི་གཏམ་གྱི་གླེང་གཞི་ཡིན་པ་ཇི་ལྟ་བུ་ཞེ་ན་། འདི་ལྟ་སྟེ་དགེ་སློང་རབ་ཏུ་མང་པོ་ཚོགས་ཤིང་འདུས་ལ གཏམ་སྨྲ་བ་དེ་ཡང་དེ་ལས་བྱུང་བ་ཡིན་། དེ་གླེང་བའི་སྐབས་ལ་བབ་པ་ཡིན་ཞིང དགེ་སློང་དེ་རྣམས་ཀྱང་དེ་བཞིན་དུ་འདུག་པ་བཞིན་ལ་། དེས་མཐོང་བ་དང་། ཐོས་པ་དང་། དོགས་པས་གསོ་སྦྱོང་གཞག་པ་ནི ཆོས་ཀྱི་གསོ་སྦྱོང་གཞག་པ་ཡིན་ཏེ་། དེ་ལྟ་བུ་ནི་ཕས་ཕམ་པའི་གཏམ་གྱི་གླེང་གཞི་ཡིན་ནོ་།,. . . . . . .
2d10e3e91a2e4071b02d5f5375ffc414," 
ཀཐṃ་ཤིཀṣཨཱ་པྲཏྱཱཁྱཱཏཱ་བྷབ༹ཏི ཡཻར་ཨཱཀཱརཻར་ཡཻར་ལིṃགཻར་ཡཻར་ནིམིཏཏཻḥ་ཤིཀṣཨཱཔྲཏྱཱཁྱཱནṃ་ཀྲིཡཏེ་ཏṃ་ཅ་བྷིཀṣཨུḥ་པཤྱཏི་ཏཻར་ཨཱཀཱརཻས་ཏཻར་ལིṃགཻས་ཏཻར་ནིམིཏཏཻḥ་ཤིཀṣཨཱཔྲཏྱཱཁྱཱནṃ་ཀུརབཱ༹ངṃ་ས་ཅ་དṛṣṭབཱ༹་ཤྲུཏབཱ༹་པརིཤṃཀྱ་པོṣཨདྷṃ་སཐཱཔཡཏི དྷཱརྨིཀṃ་པོṣཨདྷསཐཱཔནṃ ཨེབ༹ṃ་ཤིཀṣཨཱ་པྲཏྱཱཁྱཱཏཱ་བྷབ༹",བསླབ་པ་སྤོང་བ་ཡིན་བ་ཇི་ལྟ་བུ་ཞེ་ན་། དགེ་སློང་གིས་རྣམ་པ་གང་དག་དང་། རྟགས་གད་དག་དང་། མཚན་མ་གང་དག་གིས་བསླབ་པ་སྤོང་བར་བྱེད་པའི་རྣམ་པ་དེ་དག་དང་། རྟགས་དེ་དག་དང་། མཚན་མ་དེ་དག་གིས་དེ་བསླབ་བ་སྤོང་བར་བྱེད་པར་མཐོང་ལ་། དེས་མཐོང་བ་དང་། ཐོས་པ་དང་། དོགས་པས་གསོ་སྦྱོང་གཞག་པ་ནི ཆོས་ཀྱི་གསོ་སྦྱོང་གཞག་བ་ཡིན་ཏེ་། དེ་ལྟ་བུ་ནི་བསླབ་པ་སྤོང་བ་ཡིན་ནོ་།,. . . .
4e59c9aaa44f4ff68a4b05d8218d095c," 
ཀཐṃ་ཤིཀṣཨཱཔྲཏྱཱཁྱཱནཀཐཱ་བི༹པྲཀṛཏཱ་བྷབ༹ཏི ཡཐཱཔི་ཏཏ་སṃབཧུལཱ་བྷིཀṣཨབ༹ḥ་སནནིṣཨངངཱ་བྷབ༹ནཏི་སནནིཔཏིཏཱ༼ḥ༽ སཱ་ཅ་ཀཐཱ ༼ཏཇཇཱ༽༢༥བྷབ༹ཏི་ཏནམཡཱ་བི༹པྲཀṛཏཱ ༼བྷབ༹ཏི༽ ཏེ་ཅ་བྷིཀṣཨབ༹ḥ་ཏཐཱ་སནནིṣཨངངཱ་ཨེབ༹ ས་ཅ་དṛṣṭབཱ༹་ཤྲུཏབཱ༹་པརིཤṃཀྱ་པོṣཨདྷṃ་སཐཱཔཡཏི དྷཱརྨིཀṃ་པོṣཨདྷསཐཱཔནṃ ཨེབ༹ṃ་ཤིཀṣཨཱཔྲཏྱཱཁྱཱནཀཐཱ་བི༹པྲཀṛཏཱ་བྷབ༹",བསླབ་པ་སྤོང་བའི་གཏམ་གྱི་གླེང་གཞི་ཡིན་བ་ཇི་ལྟ་བུ་ཞེ་ན་། འདི་ལྟ་སྟེ་དགེ་སློང་རབ་ཏུ་མང་པོ་ཚོགས་ཤིང་འདུས་ལ གཏམ་སྨྲ་བ་དེ་ཡང་དེ་ལས་བྱུང་བ་ཡིན་ཏེ་། དེ་གླེང་བའི་སྐབས་ཡིན་ཞིང་། དགེ་སློང་དེ་རྣམས་ཀྱང་དེ་བཞིན་དུ་འདུག་བཞིན་ལ་། དེས་མཐོང་བ་དང་། ཐོས་པ་དང་། དོགས་པས་གསོ་སྦྱོང་གཞག་པ་ནི ཆོས་ཀྱི་གསོ་སྦྱོང་གཞག་པ་ཡིན་ཏེ་། དེ་ལྟ་བུ་ནི་བསླབ་པ་སྤོང་བའི་གཏམ་གྱི་གླེང་གཞི་ཡིན་ནོ་།,. . . . . . .
4133e20d30c7497d8df7e0d15cb314ba," 
ཀཐṃ་སṃགྷོ་པྲཏྱཱཁྱཱཏོ་བྷབ༹ཏི ཡཻར་ཨཱཀཱརཻར་ཡཻར་ལིṃགཻར་ཡཻར་ནིམིཏཏཻḥ་སṃགྷ༼ḥ༽ པྲཏྱཱཁྱཱཡཏེ་ཏṃ་ཅ་བྷིཀṣཨུḥ་པཤྱཏི་ཏཻར་ཨཱཀཱརཻས་ཏཻར་ལིṃགཻས་ཏཻར་ནིམིཏཏཻḥ་སṃགྷཔྲཏྱཱཁྱཱནṃ་ཀུརབཱ༹ངṃ་ས་ཅ་དṛṣṭབཱ༹་ཤྲུཏབཱ༹་པརིཤṃཀྱ་པོṣཨདྷṃ་སཐཱཔཡཏི དྷཱརྨིཀṃ་པོṣཨདྷསཐཱཔནṃ ཨེབ༹ṃ་སṃགྷཔྲཏྱཱཁྱཱཏོ་བྷབ༹",དགེ་འདུན་སྤོང་བ་ཡིན་པ་ཇི་ལྟ་བུ་ཞེ་ན་། དགེ་སློང་གིས་རྣམ་པ་གང་དག་དང་། རྟགས་གང་དག་དང་། མཚན་མ་གང་དག་གི་དགེ་འདུན་སྤོང་བར་བྱེད་པའི་རྣམ་པ་དེ་དག་དང་། རྟགས་དེ་དག་དང་། མཚན་མ་དེ་དག་གིས་དགེ་འདུན་སྤོང་བར་བྱེད་པར་མཐོང་ལ་། དེས་མཐོང་བ་དང་། ཐོས་པ་དང་། དོགས་པས་གསོ་སྦྱོང་གཞག་པ་ནི ཆོས་ཀྱི་གསོ་སྦྱོང་གཞག་པ་ཡིན་ཏེ་། དེ་ལྟ་བུ་ནི་དགེ་འདུན་སྤོང་བ་ཡིན་ནོ་།,. . . .
2b884a4d6b6c4bcfad3a6ec265d7d3e8," 
ཀཐṃ་སṃགྷཔྲཏྱཱཁྱཱནཀཐཱ་བི༹པྲཀṛཏཱ་བྷབ༹ཏི ཡཐཱཔི་ཏཏ་སṃབཧུལཱ་བྷིཀṣཨབ༹ḥ་སནནིṣཨངངཱ་བྷབ༹ནཏི་སནནིཔཏིཏཱ༼ḥ༽ སཱ་ཅ་ཀཐཱ་ཏཇཇཱ་བྷབ༹ཏི་ཏནམཡཱ་བི༹པྲཀṛཏཱ ཏེ་ཅ་བྷིཀṣཨབ༹ས་ཏཐཱ ༼སན༽ནིṣཨངངཱ་ཨེབ༹ ས་ཅ་དṛṣṭབཱ༹ ༼ཤྲུཏབཱ༹༽ པརིཤṃཀྱ་པོṣཨདྷṃ་སཐཱཔཡཏི དྷཱརྨིཀṃ་པོṣཨདྷསཐཱཔནṃ ཨེབ༹ṃ་སṃགྷཔྲཏྱཱཁྱཱནཀཐཱ་བི༹པྲཀṛཏཱ་བྷབ༹",དགེ་འདུན་སྤོང་བའི་གཏམ་གྱི་གླེང་གཞི་ཡིན་པ་ཇི་ལྟ་བུ་ཞེ་ན་། འདི་ལྟ་སྟེ་དགེ་སློང་རབ་ཏུ་མང་པོ་ཚོགས་ཤིང་འདུས་ལ གཏམ་སྨྲ་བ་དེ་ཡང་དེ་ལས་བྱུང་བ་ཡིན་། དེ་གླེང་བའི་སྐབས་ལ་བབ་པ་ཡིན་ཞིང་། དགེ་སློང་དེ་རྣམས་ཀྱང་དེ་བཞིན་དུ་འདུག་བཞིན་ལ་། དེས་མཐོང་བ་དང་། ཐོས་པ་དང་། དོགས་པས་གསོ་སྦྱོང་གཞག་པ་ནི ཆོས་ཀྱི་གསོ་སྦྱོང་གཞག་པ་ཡིན་ཏེ་། དེ་ལྟ་བུ་ནི་དགེ་འདུན་སྤོང་བའི་གཏམ་གྱི་གླེང་གཞི་ཡིན་ནོ་།,. . . . . . .
06b9b3ea3d1c44c8a0af81ceaea819ff," 
ཀཐṃ་ཤīལབི༹པནནོ་བྷབ༹ཏི་། ཅཏུརྔཱṃ་པཱརཱཇིཀཱནཱམ་ཨཉཏམཱཉཏམཱམ་ཨཱཔཏཏིམ་ཨཱཔནནོ་བྷབ༹ཏི ཏསྱ་བྷིཀṣཨུར་དṛṣṭབཱ༹་ཤྲུཏབཱ༹་པརིཤṃཀྱ་པོṣཨདྷṃ་སཐཱཔཡཏི དྷཱརྨིཀṃ་པོṣཨདྷསཐཱཔནṃ ཨེབ༹ṃ་ཤīལབི༹པནནོ་བྷབ༹ཏི",ཚུལ་ཁྲིམས་ཉམས་པ་ཡིན་པ་ཇི་ལྟ་བུ་ཞེ་ན་། ཕས་ཕམ་པ་བཞི་ལས་གང་ཡང་རུང་བའི་ལྟུང་བ་བྱུང་བར་གྱུར་ལ་། དེ་ལ་དགེ་སློང་གིས་མཐོང་བ་དང་། ཐོས་པ་དང་། དོགས་པས་གསོ་སྦྱོང་གཞག་པ་ནི ཆོས་ཀྱི་གསོ་སྦྱོང་གཞག་པ་ཡིན་ཏེ་། དེ་ལྟ་བུ་ནི་ཚུལ་ཁྲིམས་ཉམས་པ་ཡིན་ནོ་།,. . . . .
b4873ba9a59440d68cbe7207bcff0aeb," 
ཀཐṃ་དṛṣṭཨིབི༹པནནོ་བྷབ༹ཏི དབཱ༹ṣཨṣṭཨེར་དṛṣṭཨིགཏཱནཱམ་ཨཉཏརཱཉཏརཱṃ་དṛṣṭཨིམ་ཨབྷིནིབི༹ṣṭཨོ་བྷབ༹ཏི ཏསྱ་བྷིཀṣཨུར་དṛṣṭབཱ༹་ཤྲུཏབཱ༹་པརིཤṃཀྱ་པོṣཨདྷṃ་སཐཱཔཡཏི དྷཱརྨིཀṃ་པོṣཨདྷསཐཱཔནṃ ཨེབ༹ṃ་དṛṣṭཨིབི༹པནནོ་བྷབ༹",ལྟ་བ་ཉམས་པ་ཡིན་པ་ཇི་ལྟ་བུ་ཞེ་ན་། ལྟ་བའི་རྣམ་པ་དྲུག་ཅུ་རྩ་གཉིས་ལས་གང་ཡང་རུང་བའི་ལྟ་བར་མངོན་པར་ཞེན་པར་གྱུར་ལ་། དེ་ལ་དགེ་སློང་གིས་མཐོང་བ་དང་། ཐོས་པ་དང་། དོགས་པས་གསོ་སྦྱོང་གཞག་པ་ནི ཆོས་ཀྱི་གསོ་སྦྱོང་གཞག་པ་ཡིན་ཏེ་། དེ་ལྟ་བུ་ནི་ལྟ་བ་ཉམས་པ་ཡིན་ནོ་།,. . . . .
b7d8f2ae20ed488597dc9f4efcc8e105," 
ཀཐམ་ཨཱཅཱརབི༹པནནོ་བྷབ༹ཏི ཨཱནུལོམིཀཻḥ་ཤིཀṣཨཱནུཀūལཻར་བ༹ཅནཔཐཻར་ཨུཅྱམཱནོ་ན་སམྱཀ་པྲཏིཔདྱཏེ་། ཏསྱ་བྷིཀṣཨུར་དṛṣṭབཱ༹་ཤྲུཏབཱ༹་པརིཤ༼ṃ༽ཀྱ་པོṣཨདྷṃ་སཐཱཔཡཏི དྷཱརྨིཀṃ་པོṣཨདྷསཐཱཔནṃ ཨེབ༹མ་ཨཱཅཱརབི༹པནནོ་བྷབ༹",སྤྱོད་པ་ཉམས་པ་ཡིན་པ་ཇི་ལྟ་བུ་ཡིན་ཞེ་ན་། བསླབ་པའི་རྗེས་སུ་མཐུན་ཞིང་འཚམ་པའི་ཚིག་གི་ལམ་དག་གིས་སྨྲས་ན་ཡང་དག་པ་མི་སྒུབ་པ དེ་ལ་དགེ་སློང་གིས་མཐོང་བ་དང་། ཐོས་པ་དང་། དོགས་པས་གསོ་སྦྱོང་གཞག་པ་ནི ཆོས་ཀྱི་གསོ་སྦྱོང་གཞག་པ་ཡིན་ཏེ་། དེ་ལྟ་བུ་ནི་སྤྱོད་པ་ཉམས་པ་ཡིན་ནོ་།,. . . . .
f5c6218d32a94a8b8080552d713106bb," 
ཀཐམ་ཨཱཇīབ༹བི༹པནནོ་བྷབ༹ཏི ཨཱཇīབོ༹་འསྱཱཔརིཤུདདྷོ་བྷབ༹ཏི ཏསྱ་ཅ་བྷིཀṣཨུར་དṛṣṭབཱ༹་ཤྲུཏབཱ༹་པརིཤ༼ṃ༽ཀྱ་པོṣཨདྷṃ་སཐཱཔཡཏི དྷཱརྨིཀṃ་པོṣཨདྷསཐཱཔནṃ ཨེབ༹མ་ཨཱཇīབ༹བི༹པནནོ་བྷབ༹ཏི ཨིམཱནི་དཤཱདྷཱརྨིཀཱངི་དཤ་དྷཱརྨིཀཱངི་པོṣཨདྷསཐཱཔནཱནི",འཚོ་བ་ཉམས་པ་ཡིན་པ་ཇི་ལྟ་བུ་ཞེ་ན་། དེའི་འཚོ་བ་མ་དག་པར་གྱུར་ལ་། དེ་ལ་དགེ་སློང་གིས་མཐོང་བ་དང་། ཐོས་པ་དང་། དོགས་པས་གསོ་སྦྱོང་གཞག་པ་ནི ཆོས་ཀྱི་གསོ་སྦྱོང་གཞག་པ་ཡིན་ཏེ་། དེ་ལྟ་བུ་ནི་འཚོ་བ་ཉམས་པ་ཡིན་ཏེ་། འདི་དག་ནི་ཆོས་མ་ཡིན་པའི་བཅུ་དང་ཆོས་ཀྱི་བཅུའི་གསོ་སྦྱོང་གཞག་པ་ཡིན་ནོ་།,. . . . . .
412d8558432442a98c98703a808cda8e," 
ཡཐཱ་པོṣཨདྷསཐཱཔནམ་ཨེབ༹ṃ་པྲབཱ༹རངཱསཐཱཔནམ༌",གསོ་སྦྱོང་གཞག་པ་ཇི་ལྟ་བ་བཞིན་དུ་དགག་དབྱེ་གཞག་པ་ཡང་དེ་བཞིན་ནོ་།,.
39fed6ff86a44b4689cd06ab2a7a5e6f," 
པṃཅེམེ་བྷིཀṣཨབ༹ḥ་སṃགྷཱḥ༢༦ ཀཏམེ་པṃཅ་། ཨལཇཇིསṃགྷḥ་ཨེḍཨ༼མū༽ཀསṃགྷḥ་གངསṃགྷḥ་སṃབ༹ṛཏསṃགྷḥ་པརམཱརཐསṃགྷཤ་ཅ",དགེ་སློང་དག་དགེ་འདུན་ནི་ལྔ་པོ་འདི་དག་ཡིན་ཏེ་། ལྔ་གང་ཞེ་ན་། ངོ་ཚ་མེད་པའི་དགེ་འདུན་དང་། ལུག་ལྟར་ལྐུགས་པའི་དགེ་འདུན་དང་། ཚོགས་ཀྱི་དགེ་འདུན་དང་། ཀུན་རྗོབ་ཀྱི་དགེ་འདུན་དང་། དོན་དམ་པའི་དགེ་འདུན་ནོ་།,. . .
128cd95cf902426d9fbf5085392223fe," 
ཨལཇཇིསṃགྷḥ་༢༧ཀཏམḥ ཡཏྲ་སརབེ༹་བྷིཀṣཨབོ༹་དུ༼ḥ༽ཤīལཱḥ་པཱཔདྷརྨཱ",ངོ་ཚ་མེད་པའི་དགེ་འདུན་གང་ཞེ་ན་། གང་ན་དགེ་སློང་ཐམས་ཅད་ཚུལ་ཁྲིམས་འཆལ་ཞིང་སྡིག་པའི་ཆོས་དང་ལྡན་པའོ་།,. .
cf00288e184f41f1b94a28a3ce1a88f0," 
ཨེḍཨམūཀསṃགྷḥ༢༨ཀཏམḥ ཡཏྲ་ན་སūཏྲདྷརོ་ན་བི༹ནཡདྷརོ་ན་མཱཏṛཀཱདྷ",ལུག་ལྟར་ལྐུགས་པའི་དགེ་འདུན་གང་ཞེ་ན་། གང་ན་མདོ་སྡེ་འཛིན་པ་མ་ཡིན་། འདུལ་བ་འཛིན་པ་མ་ཡིན་། མ་མོ་འཞིན་པ་མ་ཡིན་པའོ་།,. .
e9374de18b4d4c309ec394deab802ea1," 
གངསṃགྷḥ༢༩ཀཏམḥ ཡཏྲ་གངསṃབནདྷེན་ཀརྨཱངི་ཀྲིཡན",ཚོགས་ཀྱི་དགེ་འདུན་གང་ཞེ་ན་། གང་ན་ཚོགས་དང་འབྲེལ༥བས་ལས་རྣམས་བྱེད་པའོ་།,. .
b5747a9d36634626aa4437683a0b5859," 
སṃབ༹ṛཏིསṃགྷḥ༣༠ཀཏམḥ སརབེ༹་པṛཐགཇནཀལྱཱངཀ",ཀུན་རྫོབ་ཀྱི་དགེ་འདུན་གང་ཞེ་ན་། སོ་སོའི་སྐྱེ་བོ་དགེ་བ་དང་ལྡན་པ་ཐམས་ཅད་དོ་།,. .
878923b3710c48948423103868347346," 
པརམཱརཐསṃགྷḥ༣༡ཀཏམḥ ཤཻཀṣཨཱཤཻཀṣཨཱ་ཨṣṭཨཽ་མཧཱཔུརུṣཨཔུདགལ",དོན་དམ་པའི་དགེ་འདུན་གང་ཞེ་ན་། སློབ་པ་དང་མི་སློབ་པའི་སྐྱེས་བུ་གང་ཟག་བརྒྱད་དོ་།,. .
3434e28d8257414d81dd50bc2b5f46d3," 
ཏཏྲ་ཡེ་པūརབ༹ཀཱས་ཏྲཡḥ་སṃགྷཱḥ་ཨལཇཇིནḥ་སṃགྷḥ་ཨེḍཨམūཀḥ་སṃགྷḥ་གངསṃགྷཤ་ཅ་ལབྷྱམ་ཨེབྷིར་ཨདྷརྨེང་ཀརྨངཱ་ཀརྟ",དེ་ལ་དགེ་འདུན་གོང་མ་གསུམ་པོ་ངོ་ཚ་མེད་པའི་དགེ་འདུན་དང་། ལུག་ལྟར་ལྐུགས་པའི་དགེ་འདུན་དང་། ཚོགས་ཀྱི་དགེ་འདུན་གང་དག་ཡིན་པ་འདི་དག་གིས་ནི་ཆོས་མ་ཡིན་པའི་ལས་བྱེད་པ་འཐོབ་བོ་།,.
d2318e16995943f7b376e5b718c993f7," 
ཡོ་འྱṃ་སṃབ༹ṛཏིསṃགྷḥ་ལབྷྱམ་ཨནེན་དྷརྨསṃཇཉིནཱ་ཨདྷརྨེང་ཀརྨངཱ་ཀརྟ",ཀུན་རྫོབ་ཀྱི་དགེ་འདུན་གང་ཡིན་པ་འདིས་ནི་ཆོས་ཀྱི་ལས་དང་ཆོས་མ་ཡིན་པའི་ལས་བྱེད་པ་འཐོབ་བོ་།,.
a71c0c250e1545288b5a553bc95015a8," 
ཡས་ཏབ༹་ཨཡṃ་པརམཱརཐསṃགྷ་ན་ལབྷྱམ་ཨནེན་ཨདྷརྨེང་ཀརྨངཱ་ཀརྟུམ༌",དོན་དམ་པའི་དགེ་འདུན་གང་ཡིན་པ་འདིས་ནི་ཆོས་མ་ཡིན་པའི་ལས་བྱེད་པ་མི་འཐོབ་བོ་།,.
0133c42e616f466183a80bd8d2ea2ab3," 
པོṣཨདྷསཐཱཔནབ༹སྟུ་སམཱཔཏḥ",གསོ་སྦྱོང་གཞག་པའི་གཞི་རྫོགས་སྟོ་༎ ༎,.
