id,P000910,P000911,P000912,P000913
13058a7b70a94f7482d9804d5417ec4b,Pravāraṇāvastu,དགག་དབྱེའི་གཞིའི་བསྡུས་པའི་སྡོམ་ལ་།དགག་དབྱེ ༼༢༢༡བ༦༽ ཆོས་མིན་དགེ་སློང་དང་༎ཟློས་དང་དབྱར་དང་ཕྱི་མའོ་༎,(1044c11)根本説一切有部毘奈耶隨意事(12)一卷(13)大唐三藏義淨奉　　制譯,"པྲབཱ༹རངཱཔིངḍཨཨུདདཱན༔་ཅོནཏེནཙ་ཨོཕ༹་ཐེ་Vཨསྟུ་ཋིས་Vཨསྟུ་དེསཅྲིབེས་ཐེ་ཨིནཏྲོདུཅཏིཨོན་ཨོཕ༹་ཐེ་པྲབཱ༹རང་ཅེརེམོཉ,་ཨནད་ཐེ་རུལེས་ཕོ༹ར་ཨིཏ་ཋེ་པྲབཱ༹རང་ཨིས་ཐེ་ཅེརེམོཉ་པེརཕོ༹རྨེད་བཡ་ཐེ་མོནཀས་ཨཏ་ཐེ་ཨེནད་ཨོཕ༹་ཐེ་རཻཉ་སེཨསོན"
3722de8870de4eacb6fb62413e3abaf2,,སྡོམ་ལ་།དགག་དབྱེ་རྗེས་སུ་གནང་པ་དང་༎དགག་དབྱེ་བྱེད་པ་བསྒོ་བ་དང་༎ཆོས་དང་ཆོས་མིན་གཏོགས་པ་དང་༎ནད་པ་གསོ་བའི་ལས་རྣམས་སོ་༎,No Chinese,"ཨཱུདདཱན ༢.་བཅཀགྲོཨུནད་ཕོ༹ར་ཐེ་ཨེསྟབླིཤམེནཏ་ཨོཕ༹་ཐེ་པྲབཱ༹རངཱཀརྨ་ཨཱ་གྲོཨུཔ་ཨོཕ༹་མོནཀས་ཨོནཅེ,་དུརིང་ཐེ་རཻཉ་སེཨསོན,་ཀེཔཏ་ཨ་བོ༹ཝ་ཨོཕ༹་སིལེནཅེ་ཨཱས་ཨོནེ་ཨོཕ༹་ཐེམ་རེལཏེད་ཐིས་ཏོ་ཐེ་བུདདྷ,་ཧེ་སཻད་ཐཏ་ཐིས་ཝས་ཨ་པྲཅཏིཅེ་ཨོཕ༹་ཐེ་ཊīརཐིཀས,་ཨནད་ཧེ་བནནེད་ཨིཏ་ཋེན་ཐེ་བུདདྷ་ཨེསྟབླིཤེད་ཐེ་པྲབཱ༹རངཱ,་ཨནད་མདེ་རུལེས་ཕོ༹ར་ཐེ་ཅེརེམོཉ་པངླུང་པ ༡༣."
b9e70bb181ed450589b8c759d0133756,    ,སངས་རྒྱས་བཅོམ་ལྡན་འདས་མཉན་ཡོད་ན ༼༧༽ རྒྱལ་བུ་རྒྱལ་བྱེད་ཀྱི་ཚལ་མགོན་མེད་ཟས་སྦྱིན་གྱི་ཀུན་དགའ་ར་བར་དབྱར་བཞུགས་པར་དམ་བཞེས་སོ་༎ དེའི་ཚེ་དགེ་སློང་རབ་ཏུ་མང་པོ་དག་ལྗོངས་ཤིག་ཏུ་ཁྲིམས་སུ་བཅའ་བ་འདི་ལྟ་བུ་དག་བྱས་ནས་དབྱར་གནས་པར་དམ་བཅས་ཏེ་། ཚེ་དང་ལྡན་པ་དག་བདག་ཅག་གི་ནང ༼༢༢༢ཨ༡༽ ན་དགེ་སློང་གང་གིས་ཀྱང་དབྱར་གྱི་ནང་ལོགས་སུ་དགེ་སློང་ལ་ཚུལ་ཁྲིམས་ཉམས་ཤེའམ་། ལྟ་བ་ཉམས་ཤེའམ་། སྤྱོད་པ་ཉམས་ཤེའམ་། འཚོ་བ་ཉམས་ཞེས་གླེང་བར་མི་བྱ་དྲན་པར་མི་བྱའོ་༎ བདག་ཅག་གི་ནང་ན་གང་གིས་ཆུ་རའི་བུམ་པ་འམ་། ༼༢༽ ཁྲུས་ཀྱི་བུམ་པ་སྟོང་པ་སྐམ་པོ་ཆུ་མེད་པར་མཐོང་ན་། གལ་ཏེ་གཅིག་པུས་ནུས་པར་གྱུར་ན་གཅིག་པུ་དེས་བཀང་ལ་གནས་ཇི་ལྟབ་བཞིན་དུ་གཞག་པར་བྱའོ་༎ གལ་ཏེ་གཅིག་པུས་མི་ནུས་པར་གྱུར་ན་དགེ་སློང་ཅིག་ཤོས་ལ་ལག་བརྡའི་སྒྲ་བྱས་ཏེ་ལག་རུབ་ཀྱིས་གནས ༼༣༽ ཇི་ལྟ་བ་བཞིན་དུ་བཞག་ནས་གཅིག་ལ་གཅིག་མི་སྨྲ་བར་ཁ་རོག་སྟེ་འགྲོ་བར་བྱའོ་ཞེས་དེ་ལྟ་བུའི་ཁྲིམས་སུ་བཅའ་བདག་བྱས་ནས་ལྗོངས་སུ་དབྱར་གནས་པར་དམ་བཅས་སོ་༎ དེ་ནས་དགེ་སློང་རབ་ཏུ་མང་པོ་དབྱར་ཟླ་བ་གསུམ་འདས་ན་ཆོས་གོས་བྱས་པ་དང་ལྡན་། ཆོས ༼༤༽ གོས་ཟིན་པ་དང་ལྡན་ནས་ལྷུང་བཟེད་དང་ཆོས་གོས་ཐོགས་ཏེ་། ཕན་ཚུན་མི་སྨྲ་བར་མཉན་ཡོད་ག་ལ་བ་དེ་ལོགས་སུ་རྒྱུ་ཞིང་དོང་སྟེ་། རིམ་གྱིས་རྒྱུ་ཞིང་དོང་བ་དང་། མཉན་ཡོང་དུ་ཕྱིན་ཏོ་༎ དེ་ནས་དགེ་སློང་རབ་ཏུ་མང་པོས་ལྷུང་བཟེད་དང་ཆོས་གོས་མཁོས་སུ་ཕབ་སྟེ་། ༼༥༽ རྐང་པ་གཉིས་བཀྲུས་ནས་། བཅོམ་ལྡན་འདས་གང་ན་བ་དེར་དོང་སྟེ་ཕྱིན་ནས་། བཅོམ་ལྡན་འདས་ཀྱི་ཞབས་གཉིས་ལ་མ་གོ་བོས་ཕྱག་བྱས་ཏེ་ཕྱོགས་གཅིག་ཏུ་འཁོད་དོ་༎,(14)爾時薄伽梵在室羅筏城逝多林給孤獨園。(15)三月雨安居。時有衆多苾芻。於餘處安居。各(16)共立制。作如是言。諸具壽。我等安居三月。不(17)應言諸破戒。破見。破軌儀。非正命等。若見有(18)厠草闕。及君持無水。應即添著并安舊處。若(19)獨自不能爲者。應以手喚伴共作。  制已各還(20)舊處。如是不語。經三月滿已。補洗衣服訖。著(21)衣持鉢。從安居處。漸已遊行。往室羅筏城。  到(22)已各置衣鉢。洗足已。至世尊所。頭面禮足。在(23)一面坐。,. . .
89a7c23939984fc89a39a9c2fa14e442,    ,ཆོས་ཉིད་ཀྱིས་སངས་རྒྱས་བཅོམ་ལྡན་འདས་རྣམས་ནི་གློ་བུར་དུ་ལྷགས་པའི་དགེ་སློང་རྣམས་ལ་སོ་སོར ༼༦༽ ཡང་དག་པར་དགའ་བར་མཛད་པ་འདིས་སོ་སོར་ཡང་དག་པར་དགའ་བར་མཛད་དེ་། དགེ་སློང་དག་ཁྱེད་གང་ནས་འདིར་འོངས་། ཁྱེད་གང་དུ་དབྱར་གནས་པར་དམ་བཅས་ཞེས་བྱ་བ་སྟེ་། སངས་རྒྱས་བཅོམ་ལྡན་འདས་ཀྱིས་གློ་བུར་དུ་འོངས་པའི་དགེ་སློང་རྣམས་ལ་དགེ་སློང ༼༧༽ དག་ཁྱེད་གང་ནས་འདིར་འོངས་། ཁྱེད་གང་དུ་དབྱར་གནས་པར་དམ་བཅས་ཞེས་སོ་སོར་ཡང་དག་པར་དགའ་བར་མཛད་པ་དང་། བཙུན་པ་བདག་ཅག་ལྗོངས་ཤིག་ནས་དག་ཟོད་འདིར་མཆིས་ཏེ་། བདག་ཅག་ལྗོངས་ཤིག་ཏུ་དབྱར་གནས་པར་དམ་བཅས་ལགས་སོ་༎  ༼༢༢༢བ༡༽ དགེ་སློང་དག་ཁྱེད་ཅག་ལྗོངས་སུ་བདེ་བ་ལ་རེག་པར་དབྱར་གནས་པར་དམ་བཅས་སམ་། ཁྱེད་ཅག་བསོད་སྙོམས་ཀྱིས་བྲེལ་བར་མ་གྱུར་མོད་། བཙུན་པ་མེད་དེ་། བདག་ཅག་ལྗོངས་ཤིག་ཏུ་བདེ་བ་ལ་རེག་པར་དབྱར་གནས་པར་དམ་བཅས་ཏེ་། བདག་ཅག་བསོད ༼༢༽ སྙོམས་ཀྱིས་ཀྱང་བྲེལ་བ་མ་མཆིས་ལགས་སོ་༎ དགེ་སློང་དག་ཁྱེད་ཅག་ཇི་ལྟ་བུ་ཞིག་ཏུ་ལྗོངས་སུ་བདེ་བ་ལ་རེག་པར་དབྱར་གནས་པར་དམ་བཅས་། བསོད་སྙོམས་ཀྱིས་ཀྱང་བྲེལ་བར་མ་གྱུར་། བཙུན་པ་འདི་ལ་བདག་ཅག་དགེ་སློང་རབ་ཏུ་མང་པོས་ལྗོངས་ཤིག ༼༣༽ ཏུ་ཁྲིམས་སུ་བཅའ་བ་འདི་ལྟ་བུ་དག་བགྱིས་ནས་དབྱར་གནས་པར་དམ་བཅས་ཏེ་། ཚེ་དང་ལྡན་པ་དག་བདག་ཅག་གིས་ནང་ན་དགེ་སློང་གང་གིས་ཀྱང་དབྱར་གྱི་ནང་ལོགས་སུ་དགེ་སློང་ལ་ཚུལ་ཁྲིམས་ཉམས་ཤེའམ་། ལྟ་བ་ཉམས་ཤེའམ་། སྤྱོད་པ་ཉམས་ཤེའམ་། ༼༤༽ འཚོ་བ་ཉམས་ཞེས་གླེང་བར་མི་བྱ་། དྲན་པར་མི་བྱའོ་༎ བདག་ཅག་གི་ནང་ན་གང་གིས་ཆུ་རའི་བུམ་པའམ་། ཁྲུས་ཀྱི་བུམ་པ་སྟོང་པ་སྐམ་པོ་ཆུ་མེད་པར་མཐོང་ན་། གལ་ཏེ་གཅིག་པུས་ནུས་པར་གྱུར་ན་གཅིག་བུ་དེས་བཀང་ལ་གནས་ཇི་ལྟ་བ་བཞིན་དུ་གཞག་པར ༼༥༽ བྱའོ༎ གལ་ཏེ་གཅིག་པུས་མི་ནུས་པར་གྱུར་ན་དགེ་སློང་ཅིག་ཤོས་ལ་ལག་བརྡའི་སྒྲ་བྱས་ཏེ་། ལག་རུབ་ཀྱིས་གནས་ཇི་ལྟ་བ་བཞིན་དུ་བཞག་ནས་གཅིག་ལ་གཅིག་མི་སྨྲ་བར་ཁ་རོག་སྟེ་འགྲོ་བར་བྱའོ་ཞེས་བཙུན་པ་བདག་ཅག་གིས་ཁྲིམས་སུ་བཅའ་བ་དེ་ལྟ་བུ་དག ༼༦༽ བགྱིས་ནས་ལྗོངས་ཤིག་ཏུང་བྱར་གནས་པར་དམ་བཅས་ཏེ་། བཙུན་པ་དེ་ལྟར་ན་བདག་ཅག་ལྗོངས་ཤིག་ཏུ་བདེ་བ་ལ་རེག་པར་དབྱར་གནས་པར་དམ་བཅས་ཤིང་བསོད་སྙོམས་ཀྱིས་ཀྱང་བྲེལ་བར་མ་གྱུར་ལགས་སོ་༎ སྐྱེས་བུ་གཏི་མུག་ཁྱེད་ཅག་གནས་མལ་ན་དགྲ ༼༧༽ དང་ལྷན་ཅིག་གནས་པས་བདེ་བ་ལ་རེག་པར་དབྱར་གནས་པར་དམ་བཅས་སྙམ་སེམས་སམ་། སྐྱེས་བུ་གཏི་མུག་དག་འདི་ལྟ་སྟེ་མི་སྨྲ་བ་ནི་མུ་སྟེགས་ཅན་གྱི་རྒྱལ་མཚན་ཡིན་ནོ་༎ དེ་ལྟ་བས་ན་དགེ་སློང་གིས་མི་སྨྲ་བར་དམ་བཅའ་བར་མི་བྱའོ་༎ དགེ་སློང་གིས་མི ༼༢༢༣ཨ༡༽ སྨྲ་བར་དམ་འཆའ་ན་འགལ་ཚབས་ཅན་དུ་འགྱུར་རོ་༎,諸佛常法客苾芻來。先加慰問。汝從(24)何來。道路安樂耶。何處安居。白言。我等於禪(25)那鉢多安居。纔從彼來。於彼安居。甚得安穩(26)和合。亦不以乞食爲苦。  但縁我等衆多苾芻。(27)於彼安居三月之内。各共立制。於安居中不(28)相共語。乃至如上立制法中具説。得安樂住。(29)不以乞食爲患。  佛告諸苾芻曰。汝等愚癡。無(1045a1)一智人。汝等云何作此非法制。令不共語耶。(2)猶如怨家共住食怨家食。此甚爲苦。云何乃(3)言得安樂住。是外道法。是愚癡法。非出要法。(4)佛言。汝等苾芻。自今已後。作唖默法者。得越(5)法罪。,. . .
33eb42ed203a44ee85a67f513b136569,,འོན་ཀྱང་དབྱར་གནས་པར་དམ་བཅས་པའི་དགེ་སློང་གིས་དགེ་འདུན་ལ་མཐོང་བ་དང་། ཐོས་པ་དང་དོགས་པའི་གནས་གསུམ་གྱིས་དགག་དབྱེ་བྱའོ་༎,若苾芻安居竟。佛言。應請三事見聞疑。(6)作隨意事。,.
282efd2b7d0f425d84608af8f86276fc,  ,བཅོམ་ལྡན་འདས་ཀྱིས་དབྱར་གནས་པར་དམ ༼༢༽ བཅས་པའི་དགེ་སློང་གིས་དགེ་འདུན་ལ་མཐོང་བ་དང་། ཐོས་པ་དང་། དོགས་པའི་གནས་གསུམ་གྱིས་དགག་དབྱེ་བྱའོ་ཞེས་གསུངས་པ་དགེ་སློང་རྣམས་ཀྱིས་དགག་དབྱེ་ཇི་ལྟཪ་བྱ་བ་མ་ཤེས་ནས་། བཅོམ་ལྡན་འདས་ཀྱིས་བཀའ་སྩལ་པ་། ཉི་མ་བདུན་ནམ་བརྒྱད་ན ༼༣༽ དགག་དབྱེ་བྱེད་པར་འགྱུར་ན་ཉི་མ་འདི་སྙེད་ཅིག་ན་དགེ་འདུན་གྱི་དགག་དབྱེ་མཛད་པར་འགྱུར་རོ་ཞེས་སྤྱོད་ཡུལ་གྱི་གྲོང་ཁྱེར་དུ་གོ་བར་བྱའོ་༎ གནས་འཆའ་བའི་དགེ་སློང་རྣམས་ཀྱིས་མཆོད་རྟེན་དང་མཆོད་རྟེན་གྱི་འཁོར་ས་རྣམས་སུ་མཆོད་པར་བྱ་བའི་ལས་ལ་ལྷག་པར ༼༤༽ བརྩོན་པར་བྱ་སྟེ་། དྲི་གཙང་ཁང་བྱི་དོར་བྱ་། བརྒྱན་པར་བྱའོ་༎ གནས་པ་དང་གཉུག་མར་གནས་པའི་དགེ་སློང་རྣམས་ཀྱིས་གཙུག་ལག་ཁང་ཕྱག་དར་བྱ་། ཆག་ཆག་བྱ་། བ་ལང་གི་ལྕིབ་སར་པའི་བྱུག་པས་བྱུག་པར་བྱའོ་༎ དགེ་འདུན་ལ་རྙེད་པ་སྣུམ་བག ༼༥༽ ཅན་དག་དབུལ་བར་བྱའོ་༎ དགེ་སློང་མདོ་སྡེ་འཛིན་པ་དང་། འདུལ་བ་འཛིན་པ་དང་། མ་མོ་འཛིན་པ་རྣམས་ཀྱིས་མཚན་མོ་ཐོག་ཐག་ཆོས་བཤད་པར་བྱའོ་༎,既令苾芻作三事見聞疑。時諸苾(7)芻不知云何作。佛言。去隨意七八日前。諸舊。(8)住苾芻。應於隨近村坊之處。普皆遍告所有(9)老少苾芻。及未近圓者。於供養事咸共修營。  (10)至八月十四日。應須佛殿所制底邊作諸供(11)養。燒香懸幡。一切嚴飾。並皆應作。若鄔波馱(12)耶。阿遮利耶。諸有門徒皆令共辦。并及掃灑。(13)瞿摩塗地。供養僧伽。上美飮食。并行酥等。諸(14)供養物。隨時施設。諸苾芻等應相慰問。我等(15)安居。甚爲安樂。十四日夜。令持經者通夜誦(16)經。,ཅོཨུརསེ་ཨོཕ༹་ཐེ་པྲབཱ༹རངཱ .
47d2ad5dc0d04dedbcfe0eb8d79fb227,,གལ་ཏེ་སྐྱ་རེངས་མ་ཤར་བར་དགག་དབྱེ་བྱ་མི་ནུས་པར་ཤེས་ན་དུས་ཤེས་པར་བྱ་སྟེ་ཅི་བདེར་བྱའོ་༎,明日知時。作隨意事。勿過明相。,.
c47d668db28046bd8f36cbdbdb724be5,tataḥ paścāt pravārako bhikṣuḥ saṃmantavyaḥ. pañcabhir dharmaiḥ samanvāgataḥ pravārako bhikṣur asaṃmato na saṃmantavyaḥ. saṃmataś cāvakāśayitavyaḥ. katamaiḥ pañcabhiḥ. chandād gacchati dveṣān mohād bhayād gacchati pravāraṇāṃ cāpravāraṇāṃ na jānāti. ebhiḥ pañcabhir dharmaiḥ (148) samanvāgataḥ pravārako bhikṣur asaṃmato na saṃmantavyaḥ. saṃmataś cāvakāśayitavyaḥ. pañcabhis tu dharmaiḥ samanvāgataḥ pravārako bhikṣur asaṃmataḥ saṃmantavyaḥ. saṃmataś ca nāvakāśayitavyaḥ. katamaiḥ pañcabhiḥ. na chandād gacchati na dveṣān na mohād na bhayād gacchati pravāraṇāṃ cāpravāraṇāṃ jānāti. ebhiḥ pañcabhir dharmaiḥ samanvāgataḥ pravārako bhikṣur asaṃmataḥ saṃmantavyaḥ. saṃmataś ca nāvakāśayitavyaḥ.  evaṃ ca punaḥ saṃmantavyaḥ. śayanāsanaprajñaptiṃ kṛtvā pūrvavad yāvad utsāhayitavyaḥ. utsahase tvam evaṃnāmā saṃghasya pravāraṇāṃ pravārayitum iti. saced utsahate tena vaktavyam utsahe.,དེ་ནས ༼༦༽ དགག་དབྱེ་བྱེད་པའི་དགེ་སློང་གཅིག་གམ་། གཉིས་སམ་། མང་པོ་བསྐོ་བར་བྱ་སྟེ་། ཆོས་ལྔ་དང་ལྡན་པའི་དགེ་སློང་དགག་དབྱེ་བྱེད་པར་མ་བསྐོས་པ་ནི་བསྐོ་བར་མི་བྱའོ་༎ བསྐོས་པ་ནི་དབྱུང་བར་བྱའོ་༎ ལྔ་གང་ཞེ་ན་། འདུན་པས་འགྲོ་བ་དང་། ཞེ་སྡང་གིས ༼༧༽ འགྲོ་བ་དང་། གཏི་མུག་གིས་འགྲོ་བ་དང་། འཇིགས་པས་འགྲོ་བ་དང་། དགག་དབྱེ་དང་དགག་དབྱེ་མ་ཡིན་པ་མི་ཤེས་པ་སྟེ་། ཆོས་འདི་ལྔ་དང་ལྡན་པའི་དགེ་སློང་དགག་དབྱེ་བྱེད་པར་མ་བསྐོ་བར་མི་བྱའོ་༎ བསྐོས་པ་ནི་དབྱུང་བར་བྱའོ་༎ ཆོས་ལྔ ༼༢༢༣བ༡༽ དང་ལྡན་པའི་དགེ་སློང་ནི་དགག་དབྱེ་བྱེད་ཆོས་ལྔ་དང་ལྡན་པའི་དགེ་སློང་དགག་དབྱེ་བྱེད་པར་མ་བསྐོས་པ་ནི་བསྐོ་བར་མི་བྱའོ་༎ བསྐོས་པ་ནི་དབྱུང་བར་བྱའོ་༎ ལྔ་གང་ཞེ་ན་། འདུན་པས་འགྲོ་བ་དང་། ཞེ་སྡང་གིས ༼༢༽ འགྲོ་བ་དང་། གཏི་མུག་གིས་འགྲོ་བ་དང་། འཇིགས་པས་འགྲོ་བ་དང་། དགག་དབྱེ་དང་དགག་དབྱེ་མ་ཡིན་པ་མི་ཤེས་པ་སྟེ་། ཆོས་འདི་ལྔ་དང་ལྡན་པའི་དགེ་སློང་དགག་དབྱེ་བྱེད་པར་མ་བསྐོ་བར་མི་བྱའོ་༎ བསྐོས་པ་ནི་དབྱུང་བར་བྱའོ་༎ བསྐོ་བ་ནི་འདི་ལྟར་བྱ་སྟེ་། གནས་མལ་བཤམ་པ་བྱས་ལ་གངḍī་བརྡུངས་ཏེ་། དགེ་སློང་རྣམས ༼༣༽ ལ་དྲིས་པའི་ཚིག་གིས་ཡང་དག་པར་བསྒོ་ལ་། དགེ་འདུན་ཐམས་ཅད་འདུག་ཅིང་མཐུན་པར་གྱུར་པ་དང་། རེ་ཞིག་དང་པོར་སྤྲོ་བར་བྱ་སྟེ་། མིང་འདི་ཞེས་བྱ་བ་ཁྱོད་དབྱར་གནས་པའི་དགེ་འདུན་ལ་དགག་དབྱེ་བྱེད་པར་སྤྲོའམ་། དེས་སྤྲོའོ་ཞེས་བརྗོད་པར་བྱའོ་༎,既至明日(17)應差五徳。爲衆作隨意者。或一二多。須具五(18)徳人。若先不和能令和合。先和合者極令樂(19)住。云何爲五。謂不愛。不恚。不怖不癡。善能(20)分別隨意等事。若翻斯五。即不應差。既具五(21)徳。應如是差。  敷座席。鳴揵椎。集僧伽。作前(22)方便。問衆許已。應勸奬。汝某甲。頗能爲夏坐(23)僧伽。以三事見聞疑。爲隨意不。彼答言能。,. .
cee03a8eb6254d428f494343437f044e,tataḥ paścād ekena bhikṣuṇā jñaptiṃ kṛtvā karma kartavyam. śṛṇotu bhadantāḥ saṃghaḥ. ayam evaṃnāmā pravārako bhikṣur utsahate saṃghasya pravāraṇāṃ pravārayitum. sacet saṃghasya prāptakālaṃ kṣametānujānīyāt saṃgho yat saṃgha evaṃnāmānaṃ pravārakaṃ saṃmanyeta. evaṃnāmā pravārako bhikṣuḥ saṃghasya pravāraṇāṃ pravārayitum. eṣā jñaptiḥ.,དེའི ༼༤༽ འོག་ཏུ་དགེ་སློང་གཅིག་གིས་གསོལ་བ་བྱས་ནས་ལས་བྱ་སྟེ་། དགེ་འདུན་བཙུན་པ་རྣམས་གསན་དུ་གསོལ་། མིང་འདི་ཞེས་བགྱིས་འདི་དབྱར་གནས་པའི་དགེ་འདུན་ལ་དགག་དབྱེ་བགྱིད་པར་སྤྲོ་ན་། གལ་ཏེ་དགེ་འདུན་གྱི་དུས་ལ་བ་བ་ཅིང་བཟོད་ན་དགེ་འདུན ༼༥༽ གྱིས་གནང་བར་མཛོད་ཅིག་དང་དགེ་འདུན་གྱིས་དགེ་སློང་མིང་འདི་ཞེས་བགྱི་བ་འདི་དགག་དབྱེ་བགྱིད་པར་བསྐོས་ཏེ་། དགག་དབྱི་བགྱིད་པའི་དགེ་སློང་མིང་འདི་ཞེས་བགྱི་བ་འདི་དབྱར་གནས་པའི་དགེ་འདུན་ལ་དགག་དབྱེ་བགྱིད་པར་འགྱུར་རོ་༎ འདི་ནི་གསོལ་བའོ་༎,次(24)一苾芻應先作白。方爲羯磨(25)大徳僧伽聽。此某甲苾芻。今爲夏坐僧伽。作(26)隨意苾芻。若僧伽時至聽者。僧伽聽許僧伽(27)今差某甲。爲隨意苾芻。某甲當爲夏坐僧伽(28)作隨意苾芻。白如是,.
a76f8dd552024b1d8aa609832a152862,evaṃ ca karma kartavyam. śṛṇotu bhadantāḥ saṃghaḥ. evaṃnāmā pravārako (149) bhikṣur utsahate saṃghasya pravāraṇāṃ pravārayitum. tat saṃgha evaṃnāmānaṃ pravārakaṃ bhikṣuṃ saṃmanyeta. ayam evaṃnāmā pravārako bhikṣuḥ saṃghasya pravāraṇāṃ pravārayiṣyati. yeṣām āyuṣmatāṃ kṣamata evaṃnāmānaṃ pravārakaṃ bhikṣuṃ saṃmantuṃ yad evaṃnāmā pravārako bhikṣuḥ saṃghasya pravāraṇāṃ pravārayiṣyati te tūṣṇīm. na kṣamate bhāṣantām.  saṃmataḥ saṃghenaivaṃnāmā pravārako bhikṣuḥ. ayam evaṃnāmā pravārako bhikṣuḥ saṃghasya pravāraṇāṃ pravārayiṣyati. kṣāntam anujñātaṃ saṃghena. yasmāt tūṣṇīm evam etad dhārayāmi.,༼༦༽ ལས་ནི་འདི་ལྟར་བྱ་སྟེ་། དགེ་འདུན་བཙུན་པ་རྣམས་གསན་དུ་གསོལ་། དགེ་སློང་མིང་འདི་ཞེས་བགྱི་བ་འདི་དབྱར་གནས་པའི་དགེ་འདུན་ལ་དགག་དབྱེ་བགྱིད་པར་སྤྲོ་སྟེ་། དེའི་སླད་དུ་དགེ་འདུན་གྱིས་དགེ་སློང་མིང་འདི་ཞེས་བགྱི་བ་དགག་དབྱེ་བགྱིད་པར་བསྐོ་ན་། དགེ་སློང ༼༧༽ མིཨིང་འདི་ཞེས་བགྱི་བ་འདི་དབྱར་གནས་པའི་དགེ་འདུན་ལ་དགག་དབྱེ་བགྱིང་པར་བསྐོ་བར་ཚེ་དང་ལྡན་པ་གང་དག་བཟོད་པ་དེ་དག་ནི་ཅང་མ་གསུང་ཤིག་། གང་དག་མི་བཟོད་པ་དེ་དག་ནི་གསུང་ཤིག་། དགེ་འདུན་གྱིས་བཟོད་ཅིང་གནང་ནས་། དགེ་འདུན་གྱིས་དགེ་སློང ༼༢༢༤ཨ༡༽ མིང་འདི་ཞེས་བགྱི་བ་འདི་དགེ་འདུན་ལ་དགག་དབྱེ་བགྱིད་པར་བསྐོས་ལགས་ཏེ་། འདི་ལྟར་ཅང་མི་གསུང་བས་དེ་དེ་བཞིན་དུ་འཛིན་ཏོ་༎,(29)大徳僧伽聽。此某甲苾芻。今爲夏坐僧伽。作(1045b1)隨意苾芻。僧伽今差某甲。爲隨意苾芻。某甲(2)當爲夏坐僧伽作隨意苾芻。若諸具壽。聽某(3)甲爲隨意苾芻某甲。當爲夏坐僧伽作隨意(4)苾芻者默然。若不許者説。  僧伽已許某甲當(5)爲夏坐僧伽作隨意苾芻竟僧伽已聽許。由(6)其默然故。我今如是持。,. .
bdfb442911694070afb6d1fd15daee40,,ངས་དགག་དབྱེ་བྱེད་པའི་དགེ་སློང་གི་ཀུན་ཏུ་སྤྱོད་པའི་ཆོས་བཅའ་བར་བྱ་སྟེ་། དགག་དབྱེ་བྱེད་པའི་དགེ་སློང་གིས ༼༢༽ དགེ་འདུན་གྱི་ཆེད་དུ་འཇག་མ་དག་ཉེ་བར་གཞག་པར་བྱ་སྟེ་། དེའི་འོག་ཏུ་བྲིམ་པར་བྱའོ་༎ གལ་ཏེ་གཅིག་པུ་ཞིག་ཡིན་ན་། དེས་རྒན་རིམས་ཀྱི་མཐའ་ནས་བཟུང་སྟེ་གཞོན་རིམས་ཀྱི་མཐའ་ནས་བྲིམ་པར་བྱའོ་༎ གཅིག་གིས་ནི་དབུས་ནས་སོ་༎ གཅིག་གིས་ནི་གཞོན་རིམས་ཀྱི་མཐའི་བར་དུ་བྲིམ་པར་བྱའོ་༎ ཇི་སྟེ་གནིས་ཡོད་ན་གཅིག་གིས་རྒན་རིམས་ཀྱི ༼༣༽ མཐའ་ནས་བྲིམ་པར་བྱའོ་༎ ཅིག་ཤོས་ཀྱིས་ནི་གཞོན་རིམས་ཀྱི་མཐའ་ནས་སོ་༎ འོན་ཏེ་མང་པོ་ཞིག་ཡོད་ན་གཅིག་གིས་ནི་རྒན་རིམས་ཀྱི་མཐའ་ནས་བྲིམ་པར་བྱའོ་༎ གཅིག་གིས་ནི་དབུས་ནས་སོ་༎ གཅིག་གིས་ནི་གཞོན་རིམས་ཀྱི་མཐའ་ནས་སོ་༎,世尊告曰。汝諸苾芻。(7)我今當制作隨意苾芻所有行法。汝等諦聽。(8)我今當説。受隨意苾芻應行生茅與諸苾芻(9)爲座。若一人作受隨意者。應從上座而爲隨(10)意。乃至下坐。若二人者。一從上坐受隨意。一(11)從半向下。至於行末。若差三人。從三處起。准(12)事可知。,.
ff4b5aa950d549ce864df5332a572853,,དེའི་འོག་ཏུ ༼༤༽ དགེ་འདུན་གྱི་གནས་བརྟན་གྱིས་གསོལ་བ་འབའ་ཞིག་གིས་ལས་བྱ་སྟེ་། དགེ་འདུན་བཙུན་པ་རྣམས་གསན་དུ་གསོལ་། དེང་དགེ་འདུན་གྱི་དགག་དབྱེ་བཅོ་ལྔ་པ་ལགས་ཏེ་། གལ་ཏེ་དགེ་འདུན་གྱི་དུས་ལ་བ་བཅིང་བཟོད་ན་། དགེ་འདུན་གྱིས་གནང་བར་མཛོད་ཅིག་དང་། ༼༥༽ དེང་དགེ་འདུན་གྱི་དགག་དབྱེ་མཛད་དོ་༎ འདི་ནི་གསོལ་བའོ་༎,諸苾芻等並居茅座。蹲踞而住。上座(13)應爲單白。大徳僧伽聽。今僧伽十五日作隨(14)意事。若僧伽時至聽者。僧伽應許。僧伽今作(15)隨意。白如是。,.
a4854d1c878b40478fe3c78e750b296a,... samanvāharāyuṣmann adya saṃghasya pravāraṇā pāñcadaśikā. mamāpy evaṃnāmno bhikṣoḥ pravāraṇā pāñcadaśikā. so ’ham evaṃnāmā bhikṣur bhadantā tribhiḥ sthānaiḥ pravārayāmi dṛṣṭena śrutena pariśaṅkayā. avavadantu mām āyuṣmaṃtaḥ. anuśāsantu mām āyuṣmantaḥ. anukaṃpakā anukaṃpakā anukaṃpām upādāya. jānaṃ paśyann āpattiṃ yathādharmaṃ yathāvinayaṃ pratikariṣye. evaṃ dvir apy evaṃ trir api. ... (extant text from SHT 4473r1).,དེ་ནས་དགག་དབྱེ་བྱེད་པའི་དགེ་སློང་གིས་དགེ་འདུན་གྱི་གནས་བརྟན་གྱི་མདུན་དུ་འགྲེང་བར་བྱ་སྟེ་། དགེ་འདུན་གྱི་གནས་བརྟན་གྱིས་འདི་སྐད་ཅེས་། དགེ་འདུན་བཙུན་པ་རྣམས་གསན་དུ་གསོལ་། ༼༦༽ དེང་དགེ་འདུན་གྱི་དགག་དབྱེ་བཅོ་ལྔ་པ་ལགས་ཏེ་། བདག་དགེ་སློང་མིང་འདི་ཞེས་བགྱི་བའི་དགག་དབྱེ་ཡང་བཅོ་ལྔ་པ་ལགས་ན་། བདག་དགེ་སློང་མིང་འདི་ཞེས་བགྱི་བ་དགེ་འདུན་བཙུན་པ་རྣམས་ལ་མཐོང་བ་དང་། ཐོས་པ་དང་། དོགས་པའི་གནས་གསུམ་གྱིས་དགག ༼༧༽ དབྱེ་བགྱིད་ཀྱིས་། ཚེ་དང་ལྡན་པ་རྣམས་ཀྱིས་ས་དག་ལ་གདམས་སུ་གསོལ་། ཚེ་དང་ལྡན་པ་རྣམས་ཀྱིས་བདག་ལ་རྗེས་སུ་བསྟན་དུ་གསོལ་། ཚེ་དང་ལྡན་པ་རྣམས་ཀྱིས་བདག་རྗེས་སུ་གཟུང་དུ་གསོལ་། ཚེ་དང་ལྡན་པ་རྣམས་ཀྱིས་ཐུགས་བརྩེ་བ་ཉེ་བར་བཟུང་སྟེ་། བདག ༼༢༢༤བ༡༽ ལ་ཐུགས་བརྩེ་བར་མཛད་དུ་གསོལ་། ལྟུང་བ་ཤེས་ཤིང་མཐོང་ན་ཆོས་བཞིན་འདུལ་བ་བཞིན་སླར་བགྱིའོ་ཞེས་དེ་ལྟར་ལན་གཉིས་། དེ་ལྟར་ལན་གསུམ་དུ་བརྗོད་པར་བྱའོ་༎ དེ་བཞིན་དུ་དགེ་འདུན་གསར་བུའི་བར་གྱིས་དགག་དབྱེ་བྱའོ་༎,其受隨意苾芻。應向上座前。蹲(16)踞而住(17)爾時上座。及餘下坐。應敷生茅。顛倒横布。即(18)移身近前。雙足倶&T050460;。手屈少許。當前執之。作(19)如是説。具壽存念。今僧伽十五日作隨意。我(20)苾芻某甲。亦十五日作隨意。我苾芻某甲。對(21)僧伽向大徳。以三事見聞疑。作隨意事(22)大徳僧伽。應攝受教示我。應饒益哀愍我。是(23)能愍者。願哀愍故。若知見罪。我當如律而爲(24)説悔。第二第三亦如是説。受隨意苾芻。應言(25)奧箄迦。彼答云娑度。如是次第。乃至下座。亦(26)如是説。,.
e8b5f9ab8b414146b58dd9a362bdc8ea,/// pravāravakena pravārayitavyaṃ ///,དེའི་འོག་ཏུ་དགག་དབྱེ་བྱེད ༼༢༽ པའི་དགེ་སློང་རྣམས་ཀྱིས་དགག་དབྱེ་བྱ་སྟེ་། གལ་ཏེ་དགག་དབྱེ་བྱེད་པའི་དགེ་སློང་གཉིས་ཡོད་ན་གཅིག་ལ་གཅིག་དགག་དབྱེ་བྱའོ་༎ ཇི་སྟེ་གཅིག་པུ་ཞིག་ཡིན་ན་དགེ་སློང་ཞིག་གི་མདུན་དུ་དགག་དབྱེ་བྱའོ་༎,其隨意人。應更互相向作隨意事。亦(27)應三説。若受隨意苾芻。或二或三或四。乃至(28)多人。自相對作。若一人應對已作隨意人。而(29)爲隨意。作法准知。,.
bf92c8d25d254a5d80150e3cc140d5d9,/// pravārayitavyaḥ tataḥ paścād bhikṣuṇyaḥ pravārayanti ///,དེའི་འོག་ཏུ་དགེ་སློང་མ་རྣམས་དང་། དགེ་སློབ་མ ༼༣༽ རྣམས་དང་། དགེ་ཚུལ་ཕ་དང་། དགེ་ཚུལ་མ་རྣམས་དགག་དབྱེ་བྱེད་དུ་གཞུག་གོ་༎,苾芻既了。次喚苾芻尼衆。(1045c1)令一一入衆中。對隨意苾芻。如大苾芻法。作(2)隨意事。次喚式叉摩拏求寂男求寂女。皆須(3)如次。一一對五徳苾芻。同前作法。,.
467d50c6cbb4447c8e599e428fd82d01,/// ka sarvair vaktavyaṃ sādhu pravārayitaṃ ///,དེའི་འོག་ཏུ་དགག་དབྱེ་བྱེད་པའི་དགེ་སློང་གིས་རྒན་རིམས་ཀྱི་མདུན་དུ་འདུག་སྟེ་། དགེ་འདུན་གྱིས་དགག་དབྱེ་མཛད་ལགས་སོ་ཞེས་བརྗོད་པར་བྱའོ་༎ ཐམས་ཅད་ཀྱིས་དགག་དབྱེ ༼༤༽ ལེགས་པར་མཛད་ཟིན་ཏོ་༎ དགག་དབྱེ་ཤིན་ཏུ་ལེགས་པར་མཛད་ཟིན་ཏོ་ཞེས་བརྗོད་པར་བྱའོ་༎ གལ་ཏེ་དེ་སྐད་ཅེས་སྨྲས་ན་ལེགས་། ཇི་སྟེ་དེ་སྐད་མ་སྨྲས་ན་འགལ་ཚབས་ཅན་དུ་འགྱུར་རོ་༎,其受隨意(4)苾芻。應向上座前立。作如是白言。大徳諸妹。(5)二部僧伽。已作隨意竟。二部僧伽。並應唱(6)言善哉已作隨意。極善已作順意。唱者善。如(7)不唱者。得惡作罪。,.
e5fa9207628041f9a8c24afcf67cc0f9,/// sitvā | + tuṃ labhyaṃ bhadaṃta evaṃ ///,དེའི་འོག་ཏུ་དགག་དབྱེ་བྱེད་པའི་དགེ་སློང་གིས་ཁབ་བམ་། གྲི་ཡང ༼༥༽ རུང་ཁྱེར་ལ་རྒན་རིམས་ཀྱི་མདུན་དུ་འདུག་སྟེ་། བཙུན་པ་དག་དོངས་པོ་འདི་ཙམ་གྱིས་ཀྱང་དབྱར་གནས་པའི་དགེ་འདུན་ལ་དགག་དབྱེ་མཛད་པར་ཆུད་དོ་ཞེས་བརྗོད་པར་བྱའོ་༎ ཐམས་ཅད་ཀྱིས་ལེགས་པར་ཆུད་དོ་༎ ཤིན་ཏུ་ལེགས་པར་ཆུད་དོ་ཞེས་བརྗོད་པར ༼༦༽ བྱའོ༎ དེ་ན་གང་ཅུང་ཟད་ཅི་རྙེད་པ་ནི་དགེ་འདུན་གྱིས་བགོ་བར་བྱའོ་༎,受隨意苾芻。應持小刀子。(8)或持針線。或持諸雜沙門資具。在上座前立。(9)作如是言。大徳。此等諸物。頗得與安居竟(10)人。作隨意施不。若於此處。更獲諸餘利物。和(11)合僧伽應合分不。擧衆同時答云合分。若異(12)此者。隨意苾芻。及餘大衆。皆得越法罪,.
27a65070cdce419f9997d97e08e03ddb,āyuṣmān upāli buddhaṃ bhagavantaṃ pṛcchati. kati bhadaṃta pravāraṇākarmāni. catvāry upālin. adharmeṇa kurvanti vyagrāḥ. adharmeṇa samagrāḥ. dharmeṇa vyagrāḥ. dharmeṇa samagrāḥ.,སངས་རྒྱས་བཅོམ་ལྡན་འདས་ལ་ཚེ་དང་ལྡན་པ་ཉེ་བ་འཁོར་གྱིས་ཞུས་པ་། བཙུན་པ་དགག་དབྱེའི་ལས་དུ་མཆིས་། ཉེ་བ་འཁོར་བཞི་ཡོད་དེ་། ཆོས་མ་ཡིན་པས་མི་མཐུན་པར་དགག་དབྱེ ༼༧༽ བྱེད་པ་དང་། ཆོས་མ་ཡིན་པས་མཐུན་པ་དང་། ཆོས་ཀྱིས་མི་མཐུན་པ་དང་། ཆོས་ཀྱིས་མཐུན་པའོ་༎,(13)具壽鄔波離白佛言。世尊。有幾種作隨意。佛(14)言。有四種。一非法別衆。二非法和合。三如法(15)不和合。四如法和合。,ཋེ་ཏྭོ་པྲེམིསསེས་ཕོ༹ར་པྲབཱ༹རངཱ
8be0037425f84c908afddecadfbf2455,tatraikaṃ dhārmikaṃ pravāraṇākarma yad idaṃ dharmeṇa pravārayaṃti samagrāḥ.,ཉེ་བ་འཁོར་དེ་ལ་དགག་དབྱེའི་ལས་ཆོས་དང་མཐུན་པ་ནི་གཅིག་ཡིན་ཏེ་། འདི་ལྟ་སྟེ་ཆོས་ཀྱིས་མཐུན་པར་དགག་དབྱེ་བྱེད་པའོ་༎,佛言。鄔波離。於此四(16)中。如法和合。是爲其善。由是法和合故。,.
b7c3fa365ce54d33957b4e1d3197761e,atha bhagavāṃs tad eva pravāraṇāyāṃ pañcadaśyāṃ purastād bhikṣusaṃghasya prajñapta evāsane niṣaṇṇaḥ. niṣadya bhagavān bhikṣūn āmantrayate sma. nirgacchanti bhikṣavo rātriḥ. kuruta bhikṣavaḥ pravāraṇām. athānyatamo bhikṣur utthāyāsanād ekāṃsam uttarāsaṅgaṃ kṛtvā yena bhagavāṃs tenāñjaliṃ praṇamya bhagavantam idam avocat. anyatamasmiṃ bhadaṃtāvāse bhikṣur ābādhiko duḥkhito bāḍhaglānaḥ. tasyāsmābhiḥ kathaṃ pratipattavyam. bhagavān āha. pravāraṇāsyānayitavyā. uktaṃ bhagavatā pravāraṇāsyānayitavyeti bhikṣavo na jānate katham ānayitavyeti. bhagavān āha. ekasyaikena dvayor ekena saṃbahulānāṃ yāvatāṃ vā śaknoti saṃghamadhye nāmāni parikīrtayitum.,དེ་ནས་བཅོམ་ལྡན་འདས ༼༢༢༥ཨ༡༽ དགག་དབྱེ་བཅོ་ལྔ་པ་དེ་ཉིད་ལ་དགེ་སློང་གི་དགེ་འདུན་གྱི་གུང་ལ་གདན་བཤམས་པ་ཉིད་ལ་བཞུགས་སོ་༎ དེ་ནས་བཅོམ་ལྡན་འདས་ཀྱིས་དགེ་སློང་རྣམས་ལ་བཀའ་སྩལ་པ་། དགེ་སློང་དག་ནམ་ན་ངས་སུ་ཉེའི་དགག་དབྱེ་གྱིས་ཤིག་། དེ་ནས་དགེ ༼༢༽ སློང་གཞན་ཞིག་སྟན་ལས་ལངས་ཏེ་བླ་གོས་ཕྲག་པ་གཅིག་ཏུ་གཟར་ནས་། བཅོམ་ལྔན་འདས་གལ་བ་དེ་ལོགས་སུ་ཐལ་མོ་སྦྱར་བ་བཏུད་དེ་། བཅོམ་ལྡན་འདས་ལ་འདི་སྐད་ཅེས་གསོལ་ཏོ་༎ བཙུན་པ་གནས་ཞིག་ན་དགེ་སློང་བྲོ་འཚལ་བ་། སྡུག་བསྔལ་བ་། བྲོ ༼༣༽ ཚབས་ཆེ་བ་ཞིག་མཆིས་ན་དེ་ལ་བདག་གིས་ཇི་ལྟར་བསྒྲུབ་པར་བགྱི་། བཅོམ་ལྡན་འདས་ཀྱིས་བཀའ་སྩལ་པ་། དགག་དབྱེ་བླང་བར་བྱའོ་༎ བཅོམ་ལྡན་འདས་ཀྱིས་དགག་དབྱེ་བླང་བར་བྱའོ་ཞེས་གསུངས་པ་དགེ་སློང་རྣམས་ཀྱིས་དགག་དབྱེ་ཇི་ལྟར་བླང་བ་མ་ཤེས་ནས་། ༼༤༽ བཅོམ་ལྡན་འདས་ཀྱིས་བཀའ་སྩལ་པ་། གཅིག་གིས་གཅིག་གིའམ་། གཅིག་གིས་གཉིས་ཀྱིའམ་མང་པོའི་ཡང་རུང་ཇི་ཙམ་མིང་སྒྲོགས་ནུས་ཀྱི་བར་དུ་བླང་བར་བྱའོ་༎,於十(17)五日。作隨意時。世尊即於僧伽中。就座而坐。(18)佛告諸苾芻。夜分已過。何不隨意。時有苾芻。(19)於其衆中。從座而起。正衣一邊。合掌頂禮已。(20)白言。於某房有舊住苾芻。身嬰重病。極爲困(21)苦。其病苾芻不能赴集。不知云何。佛言。應取(22)隨意欲來。諸苾芻不知云何取欲來。佛言。或(23)一人取一人欲。或二或三。乃至衆多。,པྲབཱ༹རངཱ་ཨོཕ༹་ཨ་སིཅཀ་མོནཀ
6737e4a04de14ad7ada29b9dbeb2369c,pravāraṇādāyakasyāhaṃ bhikṣava bhikṣor āsamudācārikān dharmān prajñapayiṣyāmi. pravāraṇādāyakena bhikṣuṇaikāṃsam uttarāsaṅgaṃ kṛtvā upānahāv avamucya yathāvṛddhikayā sāmīcīṃ kṛtvotkuṭukena niṣadyāñjaliṃ praṇamyedaṃ syād vacanīyam. samanvāharāyuṣmann adya saṃghasya pravāraṇā pāñcadaśikā. mamāpy evaṃnāmno bhikṣoḥ pravāraṇā pāñcadaśikā. so ’ham evaṃnāmā bhikṣuḥ pariśuddham antarāyikair dharmair ātmānaṃ vadāmi. pravāraṇāyāṃ me pāriśuddhim ārocayāmy. ārocitāṃ ca pravedayāmi. evaṃ dvir apy evaṃ trir api.,ངས་དགག་དབྱེ་འབུལ་བའི་དགེ་སློང་གིས་ཀུན་ཏུ་སྤྱོད་པའི་ཆོས་བཅའ་བར་བྱ་སྟེ་། དགག་དབྱེ ༼༥༽ འབུལ་བའི་དགེ་སློང་གིས་བླ་གོས་ཕྲག་པ་གཅིག་ཏུ་གཟར་ནས་མཆིལ་ལྟམ་ཕུད་དེ་། རྒན་རིམས་བཞིན་དུ་འདུད་པ་དང་བཅས་པས་ཙོག་པུར་འདུག་སྟེ་ཐ་ལ་མོ་སྦྱོར་ལ་ཚིག་འདི་སྐད་ཅེས་། ཚེ་དང་ལྡན་པ་དག་དགོངས་སུ་གསོལ་། དེང་དགེ་འདུན་གྱི་དགག་དབྱེ་བཅོ་ལྔ་པ ༼༦༽ ལགས་ན་། བདག་དགེ་སློང་མིང་འདི་ཞེས་བགྱི་བའི་ཡང་དགག་དབྱེ་བཅོ་ལྔ་པ་ལགས་ཏེ་། བདག་དགེ་སློང་མིང་འདི་ཞེས་བགྱི་བས་དགེ་འདུན་བཙུན་པ་རྣམས་ལ་མཐོང་བ་དང་། ཐོས་པ་དང་། དོགས་པའི་གནས་གསུམ་གྱིས་དགག་དབྱེ་བརྗོད་དོ་༎ བརྗོད་པ་ཡང་རིག་པར ༼༧༽ བགྱིད་དོ་ཞེས་དེ་ལྟར་ལན་གཉིས་། དེ་ལྟར་ལན་གསུམ་དུ་བརྗོད་པར་བྱའོ་༎,不知云(24)何取來。佛言。應到病苾芻邊蹲踞合掌具威(25)儀已如長淨法與其欲。作如是説。具壽存念。(26)今僧伽十五日。作隨意。我苾芻某甲。亦十五(27)日作隨意。我苾芻某甲。自陳無諸障法。爲病(28)患因縁故。彼如法僧事。我今與欲。此所陳事。(29)當爲我説。第二第三亦如是説。,.
ece8618b6d8a49db8940ec259b7c3b87,pravāraṇādāyako bhikṣuḥ sacet kāyavijñaptyā pravāraṇāṃ dadāti dattā pravāraṇā vaktavyā. vāgvijñaptyā dadāti dattā pravāraṇā vaktavyā. kāyavijñaptyā ca vāgvijñaptyā ca dadāti dattā pravāraṇā vaktavyā. na kāyavijñaptyā na vāgvijñaptyā dadāti sarvasaṃghena vā tatra gantavyaṃ sa vā bhikṣuḥ saṃghamadhye ’vatārayitavyaḥ. na sarvasaṃghas tatra gacchati taṃ ca bhikṣuṃ saṃghe nāvatārayiṣyanti vyagrāḥ kurvanti sātisārā bhavanti. pravāraṇādāyako bhikṣur yathāprajñaptān āsamudācārikān dharmān na samādāya vartate sātisāro bhavati.,དགག་དབྱེ་འབུལ་བའི་དགེ་སློང་གིས་གལ་ཏེ་ལུས་ཀྱི་རྣམ་པར་རིག་བྱེད་ཀྱིས་དགག་དབྱེ་ཕུལ་ན་དགག་དབྱེ་ཕུལ་བ་ཞེས་བྱའོ་༎ ངག་གི་རྣམ་པར་རིག་བྱེད་ཀྱིས་འབུལ་ན་དགག་དབྱེ་ཕུལ་བ ༼༢༢༥བ༡༽ ཞེས་བྱའོ་༎ ལུས་ཀྱི་རྣམ་པར་རིག་བྱེད་དང་། རག་གི་རྣམ་པར་རིག་བྱེད་ཀྱིས་འབུལ་མི་ནུས་ན་དགེ་འདུན་ཐམས་ཅད་དེར་དོང་བར་བྱའོ་༎ ཡང་ན་དགེ་སློང་དེ་དགེ་འདུན་གྱིས་ནང་དུ་བླང་བར་བྱའོ་༎ དགེ་འདུན་ཐམས་ཅད་དེར་མ་དོང་ངམ་། དགེ་སློང་དེ་དགེ་འདུན་གྱིས ༼༢༽ ནང་དུ་མ་བླངས་ཏེ་། མ་ཚོགས་པར་དགག་དབྱེ་བྱེད་ན་འགལ་ཚབས་ཅན་དུ་འགྱུར་རོ་༎ དགེ་སློང་དགག་དབྱེ་འབུལ་པས་ཀུན་ཏུ་སྤྱོད་པའི་ཆོས་ཇི་ལྟར་བཅས་པ་བཞིན་ཡང་དག་པར་བླངས་ཏེ་འཇུག་པར་མི་བྱེད་ན་འགལ་ཚགས་ཅན་དུ་འགྱུར་རོ་༎,若能如是與(1046a1)欲者善。若不能語。以身表業。亦成與欲。若不(2)能語。復不能以身表者。一切僧伽。並皆應往(3)就病人所。若病人不來。衆不往彼作隨意者。(4)作法不成。得越法罪,.
c7501320267d4f46bb56c71066b80683,pravāraṇāgrāhakasyāhaṃ bhikṣava bhikṣor āsamudācārikān dharmān prajñapayiṣyāmi. pravāraṇāgrāhakena bhikṣuṇā pravāraṇāṃ gṛhītvā na dhāvitavyaṃ na dravitavyaṃ na laṅghayitavyaṃ na parikhā laṅghayitavyā na pariṣaṇḍā laṅghayitavyā noparivihāyasā sthātavyaṃ na bahiḥsīmāṃ gantavyaṃ naikena pādena dvau niśreṇapadakāv abhiruhitavyau naikena pādena dvau sopānakaḍevarāv abhiruhitavyau na svapitavyaṃ na samāpattavyam. svapiti samāpadyate dvābhyāṃ kāraṇābhyāṃ garhyo bhavati yac cālajjitvena yac ca vaitarikatvena.,ངས་དགག་དབྱེ ༼༣༽ ལེན་པའི་དགེ་སློང་གི་ཀུན་ཏུ་སྤྱོད་པའི་ཆོས་བཅའ་བར་བྱ་སྟེ་། དགག་དབྱེ་ལེན་པའི་དགེ་སློང་གིས་དགག་དབྱེ་བླངས་ནས་བརྒྱུག་པར་མི་བྱ་། མགྱོགས་པར་མི་བྱ་། མཆོང་པར་མི་བྱ་། ཕྱི་རོལ་དུ་མཆོང་བར་མི་བྱ་། འོབས་ལ་མཆོང་པར་མི་བྱ་། བང་རིམ་ལ་མཆོང་པར ༼༤༽ མི་བྱ་། སྟེང་གི་ནམ་མཁའ་ལ་འདུག་པར་མི་བྱ་། མཚམས་ཀྱི་ཕྱི་རོལ་དུ་འགྲོ་བར་མི་བྱ་། གོམ་པ་གཅིག་གིས་སྐས་ཀྱི་གདང་བུ་གཉིས་ལ་འཇོག་པར་མི་བྱ་། གོམ་པ་གཅིག་གིས་སྐས་ཀྱི་རིམ་པ་གཉིས་ལ་གཟེག་པར་མི་བྱ་། གཉིད་ལོག་པར་མི་བྱ་། སྙོམས་པར ༼༥༽ འཇུག་པར་མི་བྱའོ་༎ གཉིད་ལོག་གམ་། སྙོམས་པར་ཞུགས་ན་རྒྱུ་གཉིས་ཀྱིས་སྨད་པར་འགྱུར་ཏེ་། ངོ་ཚ་མེད་པ་གང་ཡིན་པ་དང་། ཁྱད་དུ་བསད་པ་གང་ཡིན་པའོ་༎,(5)佛言。我今爲受隨意欲苾芻。所有行法。今當(6)説之。其受欲苾芻。不得急走等。乃至如長淨(7)法中廣説。,.
a4d48d15b1714187a45ea04512406c96,"yadā saṃghasthaviraḥ kathayaty anāgamanāyāyuṣmantaś chandaṃ ca pāriśuddhiṃ cārocayata, ārocitāṃ ca pravedayateti, tenāntarikasya bhikṣoḥ purataḥ sthitvā vaktavyam. samanvāharāyuṣmann amuṣminn āvāse bhikṣur ābādhiko duḥkhito bāḍhaglānaḥ. adya saṃghasya pravāraṇā pāñcadaśikā. (69r = GMB 6.1054)  tasyāpi bhikṣoḥ pravāraṇā pāñcadaśikā. so ’yam evaṃnāmā bhikṣus (152) tribhiḥ sthānaiḥ pravārayati dṛṣṭena śrutena pariśaṅkayā. pravāraṇe ’sya chandaṃ ca pravāraṇāṃ cārocayāmi. ārocitāṃ ca pravedayāmi. pravāraṇāgrāhako bhikṣur āsamudācārikān dharmān na samādāya vartate sātisāro bhavati.",གང་གི་ཚེ་དགེ་འདུན་གྱི་གནས་བརྟན་གྱིས་ཚེ་དང་ལྡན་པ་དག་མ་ལྷགས་པ་རྣམས་ཀྱི་འདུན་པ་དང་ཡོངས ༼༦༽ སུ་དག་པ་བརྗོད་ཅིག་། བརྗོད་པ་ཡང་རིག་པར་གྱིས་ཤིག་ཅེས་སྨྲས་པ་ན་། དེས་དགེ་སློང་དྲུང་ན་འདུག་པའི་འདུན་དུ་འདུག་སྟེ་། ཚེ་དང་ལྡན་པ་དགོངས་སུ་གསོལ་། གནས་ག་གེ་མོ་ཞིག་ན་དགེ་སློང་བྲོ་འཚལ་བ་། སྡུག་བསྔལ་བ་། བྲོ་ཚབས་ཆེ་བཞིག་གནས་ཏེ་། དེང ༼༧༽ དགེ་འདུན་གྱི་དགག་དབྱེ་བཅོ་ལྔ་པ་ལགས་ལ་། དགེ་སློང་དེའི་ཡང་དགག་དབྱེ་བཅོ་ལྔ་པ་ལགས་ཏེ་། དགེ་སློང་མིང་འདི་ཞེས་བགྱི་བ་དེ་དགེ་འདུན་བཙུན་པ་རྣམས་ལ་མཐོང་བ་དང་། ཐོས་པ་དང་། དོགས་པའི་གནས་གསུམ་གྱིས་དགག་དབྱེ་བགྱིད་དེ་། དགག་དབྱེ་བརྗོད ༼༢༢༦ཨ༡༽ དོ༎ བརྗོད་པ་ཡང་རིག་པར་བགྱིད་དོ་ཞེས་སྨྲོས་ཤིག་། དགག་དབྱེ་ལེན་པའི་དགེ་སློང་གིས་ཀུན་ཏུ་སྤྱོད་པའི་ཆོས་ཇི་ལྟར་བཅ་པ་བཞིན་ཡང་དག་པར་བླངས་ཏེ་འཇུག་པར་མི་བྱེད་ན་འགལ་ཚབས་ཅན་དུ་འགྱུར་རོ་༎,其持欲淨苾芻。既入衆中。或上座(8)邊説。此若不能。比座邊説亦得。應如是説。具(9)壽存念。於某處房。苾芻某甲。身嬰病苦。今僧(10)伽十五日作隨意。彼苾芻某甲。亦十五日作(11)隨意。彼苾芻某甲。自陳無諸障法。爲病患因(12)縁。如法僧事與欲。彼所陳事。我今具説如上(13)所説。若不依者。得越法罪。  ,. .
955764eeb6304ce29c7379bbec403022,āyuṣmān upālī buddhaṃ bhagavantaṃ pṛcchati. pravāraṇāgrāhakas tāvad bhadanta bhikṣuḥ pravāraṇāṃ gṛhītvā tatraivocchidya kālaṃ kuryāt. ānītā pravāraṇā vaktavyā anānītā. anānītopālin. punar apy ānayitavyā. pravāraṇāgrāhakas tāvad bhadanta bhikṣuḥ pravāraṇāṃ gṛhītvā saṃghamadhye prāptaḥ kālaṃ kuryāt. ānītā pravāraṇā vaktavyā anānītā. anānītopālin. punar apy ānayitavyā.,སངས་རྒྱས་བཅོམ་ལྡན་འདས ༼༢༽ ལ་ཚེ་དང་ལྡན་པ་ཉེ་བ་འཁོར་གྱིས་ཞུས་པ་། བཙུན་པ་རེ་ཞིག་དགག་དབྱེ་ལེན་པའི་དགེ་སློང་གིས་དགག་དབྱེ་བླངས་ནས་དེ་ཉིད་དུ་གུམ་ན་དགག་དབྱེ་བླངས་པ་ཞེས་བགྱིའམ་། མ་བླངས་པ་ཞིས་བགྱི་། ཉེ་བ་འཁོར་མ་བླངས་བ་ཞེས་བྱ་སྟེ་། ཡང་བླང་བར་བྱའོ་༎,.,.
1c8b4bcfb35e4041825f8d687135116b,āgārikatvaṃ pratijānāti. śramaṇoddeśakatvaṃ ṣaṇḍhakatvaṃ paṇḍakatvaṃ bhikṣuṇīdūṣakatvaṃ mātṛghātakatvaṃ pitṛghātakatvam arhadghātakatvaṃ saṃghabhedakatvaṃ tathāgatasyāntike duṣṭacittarudhirotpādakatvaṃ tīrthikatvaṃ tīrthikāvakrāntakatvaṃ steyāsaṃvāsikatvaṃ nānāsaṃvāsikatvam asaṃvāsikatvaṃ pratijānāti. ānītā pravāraṇā vaktavyā anānītā | anānītā upāliṃ | punar apy ānayitavyā.,༼༣༽ ཁྱིམ་པ་ཉིད་དུ་དབྱར་གྱིས་འཆེ་འམ་། དགེ་སྦྱོང་ཉིད་དུ་གཡར་གྱིས་འཆེ་འམ་། མ་ནིང་ཉིད་དམ་། ཟ་མ་ཉིད་དམ་། དགེ་སློང་མ་སུན་ཕྱུང་བ་ཉིད་དམ་། མ་བསད་པ་ཉིད་དམ་། ཕ་བསད་པ་ཉིད་དམ་། དགྲ་བཅོམ་པ་བསད་པ་ཉིད་དམ་། དགེ་འདུན་གྱི ༼༤༽ དབྱེན་བྱས་པ་ཉིད་དམ་། དེ་བཞིན་གཤེགས་པ་ལ་ངན་སེམས་ཀྱིས་ཁྲག་འབྱིན་པ་ཉིད་དམ་། མུ་སྟེགས་ཅན་ཉིད་དམ་། མུ་སྟེགས་ཅན་ཞུགས་པ་ཉིད་དམ་། རྐུ་ཐམས་སུ་གནས་པ་ཉིད་དམ་། ཐ་དད་དུ་གནས་པ་ཉིད་དམ་། གནས་པར་མི་བགྱི་བ་ཉིད་དུ་གཡར་གྱིས ༼༥༽ འཆེབས་དགག་དབྱེ་བླངས་པ་ཞེས་བགྱིའམ་། མ་བླངས་པ་ཞེས་བགྱི་། ཉེ་བ་འཁོར་མ་བླངས་པ་ཞེས་བྱ་སྟེ་། ཡང་བླང་བར་བྱའོ་༎ ཤུལ་ཀར་གུམ་ན་དགག་དབྱེ་བླངས་པ་ཞེས་བགྱིའམ་། མ་བླངས་པ་ཞེས་བགྱི་། ཉེ་བ་འཁོར་མ་བླངས་པ་ཞེས་བྱ་བས་ཡང་བླང ༼༦༽ བར་བྱ་སྟེ་། སྔར་གསོ་སྦྱོང་གི་གཞི་ལས་ཇི་སྐད་འབྱུང་བ་དེ་བཞིན་དུ་རྒྱས་པར་བརྗོད་པར་བྱའོ་༎,... 具壽鄔波離白佛(14)言。大徳。若受隨意欲已。忽至中路身死。得成(15)善持欲不。佛言。不成。應更取欲。具如褒灑陀(16)中廣説,.
b209cf443321484b82a520b3f9467e73,"āyuṣmān upālī buddhaṃ bhagavantaṃ pṛcchati | yasmin bhadantāvāse eko bhikṣuḥ prativasati, tena tad eva pravāraṇāyāṃ pañcadaśyāṃ kathaṃ pratipattavyam. tenopālin bhikṣuṇā vihāraḥ sektavyaḥ saṃmārjitavyaḥ sukumārī gomayakārṣy anupradātavyā. siṃhāsanaṃ prajñapayitavyam*. āsanaprajñaptiḥ kartavyā. dharmaśravaṇaṃ dātavyam.",སངས་རྒྱས་བཅོམ་ལྡན་འདས་ལ་ཚེ་དང་ལྡན་པ་ཉེ་བ་འཁོར་གྱིས་ཞུས་པ་། བཙུན་པ་གནས་གང་ཞིག་ན་དགེ་སློང་གཅིག་པུ་ཞིག་གནས་པ་དེས་དགག་དབྱེ་བཅོ་ལྔ་པ་དེ་ཉིད ༼༧༽ ལ་ཇི་ལྟར་བསྒྲུབ་པར་བགྱི་། ཉེ་བ་འཁོར་དགེ་སློང་དེས་དགག་དབྱེ་བཅོ་ལྔ་པ་དེ་ཉིད་ལ་གཙུག་ལག་ཁང་ཕྱག་དར་བྱ་། ཆག་ཆག་བྱ་། བའི་ལྕི་བ་སར་པའི་བྱུག་པར་བྱུག་པར་བྱའོ་༎ སེང་གེའི་ཁྲི་བཤམ་པར་བྱའོ་༎ སྟན་དག་གདིང་བར་བྱའོ་༎ ཇི་ཙམ་ནུས་ཀྱི ༼༢༢༦བ༡༽ བར་དུ་ཆོས་བསྒྲག་པར་བྱའོ་༎,(17)具壽鄔波離白佛言。大徳。若有住處。唯一苾(18)芻獨住。此欲如何作隨意事。佛言。應於住處(19)灑掃清淨瞿摩塗已。應敷座席。作衆事訖。隨(20)其力分。自誦少多經已。應於高逈處四望。看(21)有苾芻來。,ཋྲེཨེ་ཀིནདས་ཨོཕ༹་པྲབཱ༹རངཱ་ཨཅཅོརྡིང་ཏོ་ཐེ་ནུམབེར་ཨོཕ༹་ཐེ་པརྟིཅིཔནཙ
69f2eb5d5e7246ee9786abeff1e32c3b,tataḥ paścād uccatarake deśe caturdiśaṃ prekṣitavyam.,དེའི་འོག་ཏུ་ས་ཕྱོགས་མཐོན་པོ་ཞིག་ཏུ་འདུག་ལ་ཕྱོགས་བཞིར་བལྟ་བར་བྱའོ་༎,.,.
3af697e6e92e4913b13cb8e9fbdcac05,"sacet pariśuddhāḥ samānadṛṣṭayo bhikṣava āgacchanti, ta idaṃ syur vaktavyās. tvaritatvaritaṃ tāvad āyuṣmanta āgacchatādya saṃghasya pravāraṇā pāñcadaśikā. mamāpy evaṃnāmno bhikṣoḥ pravāraṇā pāñcadaśikā. so ’ham evaṃnāmā bhikṣur adya bhadantānāṃ purataḥ pravārayāmi tribhiḥ sthānair dṛṣṭena śrutena pariśaṅkayā. evaṃ dvir apy evaṃ trir api.",དེར་གལ་ཏེ་དགེ་སློང་ཡོངས་སུ་དག་པ་ལྟ་བ་མཐུན་པ་དག་ཅིག་འོང་ན་། དེ་དག་ལ་ཚེ་དང་ལྡན་པ་དག་མྱུར་བ་མྱུར་བར་ཚུར་སྤྱོན་། དེང་དགེ་འདུན་གྱི་དགག་དབྱེ ༼༢༽ བཅོ་ལྔ་པ་ལགས་ཀྱིས་ཁྱེད་དང་ལྷན་ཅིག་འཁོད་ལ་དགག་དབྱེ་བྱའོ་ཞེས་སྨྲོས་ཤིག་།,知是清淨。若二三人。即應相喚速(22)來。共爲隨意。然即於彼客苾芻所。對首法作(23)如是言。具壽存念。今十五日。是隨意日。我苾(24)芻某甲。亦十五日且爲守持隨意。若於後時。(25)遇和合衆。當共彼和合衆如是法隨意。第二(26)第三亦如是説。若其衆多無智愚癡之人。足(27)衆數爲隨意者。不成隨意。應待有善苾芻來。(28)共爲隨意。,.
38023931b7a246009de396084965a268,"sacet saṃpadyata ity evaṃ kuśalam. no cet saṃpadyate, tena bhikṣuṇā svāsana āsadya cittam ity evam utpādayitavyaṃ vāg bhāṣitavyā. adya saṃghasya pravāraṇā pāṃcadaśikā. mamāpy evaṃnāmno bhikṣoḥ pravāraṇā pāṃcadaśikā. so ’ham evaṃnāmā bhikṣur adya tāvad pravāraṇām adhitiṣṭhāmi. pravārayiṣye dṛṣṭena śrutena pariśaṅkayā. evaṃ dvir apy evaṃ trir api |",གལ་ཏེ་དེ་ལྟར་གྲུབ་ན་ལེགས་། ཅི་སྟེ་དེ་ལྟར་མ་གྲུབ་ན་དགེ་སློང་དེས་རང་གི་སྟན་ལ་འདུག་ལ་སེམས་འདི་ལྟར་བསྐྱེད་ཅིང་ཚིག་ཏུ་བརྗོད་དེ་། དེང་དགེ་འདུན་གྱི་དགག་དབྱེ་བཅོ་ལྔ་པ ༼༣༽ ལགས་ལ་། དགེ་སློང་མིང་འདི་ཞེས་བགྱི་བའི་དགག་དབྱེ་ཡང་བཅོ་ལྔ་པ་ལགས་ན་། བདག་དགེ་སློང་མིང་འདི་ཞེས་བགྱི་བའི་དགག་དབྱེ་བྱིན་གྱིས་བརླབ་པོ་༎ གང་གི་ཚེ་དགེ་འདུན་ཚོགས་པ་རྙེད་པ་དེའི་ཚེ་དགེ་འདུ་ན་ཚེ་དགེ་འདུ་ན་ཚོགས་པ་དང་ལྷན་ཅིག་དགག་དབྱེ་བགྱིའོ་ཞེས་ལན ༼༤༽ གཉིས་ལན་གསུམ་དུ་བྱིན་གྱིས་བརླབ་པར་བྱའོ་༎,若無。應居本座。作心念隨意。如是(29)心念口言。今十五日是隨意日。我苾芻某甲。(1046b1)亦十五日。爲心念隨意。若於後1有時如法(2)衆。共爲隨意。如是三説。,.
e530b73109d04ee2a428d316d1f274ed,"yatra dvau bhikṣū prativasatas tatra eṣa evānupūrvī ānyonyam ārocayitavyam*. yatra trayo bhikṣavaḥ prativasanti, tatrāpy ānupūrvyānyonyam ārocayitavyam. yatra catvāro bhikṣavaḥ prativasanti, tair jñaptiṃ kṛtvā pravārayitavyam. no tu pravārako bhikṣuḥ saṃmantavyaḥ.",གང་ན་དགེ་སློང་གཉིས་གནས་པ་དེར་ཡང་གོ་རིམས་ནི་འདི་ཉིད་ཀྱིས་གཅིག་ལ་གཅིག་བརྗོད་པར་བྱའོ་༎ གང་ན་དགེ་སློང་གསུམ་གནས་པ་དེར་ཡང་གོ་རིམས་ནི་འདི་ཉིད་ཀྱིས་ཕན་ཚུན་བརྗོད་པར་བྱའོ་༎ གང་ན་དགེ ༼༥༽ སློང་བཞི་གནས་པར་ནི་དེ་དག་གིས་གསོལ་བ་བྱས་ལ་དགག་དབྱེ་བྱའོ་༎ དགག་དབྱེ་བྱེད་པའི་དགེ་སློང་ནི་བསྐོ་བར་མི་བྱའོ་༎,若有一二三苾芻共(3)住者。亦應如前作對首法。作其隨意。若有四(4)人僧伽。作隨意者。咸作對首隨意。不差五徳(5)爲隨意事。,.
a0728932599a47aa8aa3d71fc0663701,"yatra paṃca bhikṣavaḥ prativasanti, tair jñaptiṃ kṛtvā pravārayitavyaṃ. pravārako bhikṣuḥ saṃmantavyaḥ. no tu glānasya pravāraṇā (69v = GBM 6.1053) grahītavyā.",གང་ན་དགེ་སློང་ལྔ་གནས་པར་ནི་དེ་དག་གིས་གསོལ་བ་བྱས་ལ་དགག་དབྱེ་བྱའོ་༎ དགག་དབྱེ་བྱེད་པའི་དགེ་སློང་བསྐོ་བར་བྱའོ་༎ ནད ༼༦༽ པའི་དགག་དབྱེ་ནི་བླང་བར་མི་བྱའོ་༎,若滿五人。方爲衆法。即應作白。爲(6)隨意事。設有病人。應將入衆。不應取欲。,.
602d6af7763447e0b26d779c9d47ec7a,"yatra ṣaḍ vottare vā bhikṣavaḥ prativasanti, tair jñaptiṃ kṛtvā pravārayitavyam. pravārako bhikṣuḥ saṃmantavyaḥ. glānasya pravāraṇā grahītavyā.",གང་ན་དགེ་སློང་དྲུག་གམ་ལྷག་པ་དག་གནས་པར་ནི་དེ་དག་གིས་གསོལ་བ་བྱས་ལ་དགག་དབྱེ་བྱའོ་༎ དགག་དབྱེ་བྱེད་པའི་དགེ་སློང་བསྐོ་བར་བྱའོ་༎ ནད་བའི་དགག་དབྱེ་ཡང་བླང་བར་བྱའོ་༎ ༎,如有(7)六人。或復過斯。咸作單白。爲隨意事。作隨意(8)時。若有病人。應令取欲。,.
c4cb0f53d93e4b14a77947ed549d4f7e,antaroddānam* ||adhārmikaṃ sthāpanīyam ekavācā pravāraṇā |kasminn ekā hi kā vācā kriyā upagate hi ca || ||,བར་སྡོམ་ལ་། གནས་པར་དམ་ནི ༼༧༽ བཅའ་བ་ལ་༎ཆོས་མ་ཡིན་པ་གཞག་པ་དང་༎ཚིག་གཅིག་པ་ཡི་དགག་དབྱེ་དང་༎གང་ཕྱིར་ཚིག་གཅིག་བྱ་བའོ་༎,.,ཨཱནཏརོདདཱན ༣.་ཋེ་རིགྷཏ་མོམེནཏ་ཕོ༹ར་པྲབཱ༹རངཱསཐཱཔནཱ
c05b24f57a1e4120887b447103f88e60,ekaṃ dhārmikaṃ pravāraṇāsthāpanam ekam adhārmikam. trīṇī vā dhārmikāni pravāraṇāsthāpanāny ekam adhārmikam. pañca vā dhārmikāṇi pravāraṇāsthāpanāny ekam adhārmikam.,དགག་དབྱེ་གཞག་པ་ཆོས་དང་མཐུན་པ་གཅིག་དང་ཆོས་དང་མི་མཐུན་པ་གཅིག་དང་། དགག་དབྱེ་གཞག་པ་ཆོས་དང་མཐུན་པ་གསུམ་དང་། ༼༢༢༧ཨ༡༽ ཆོས་དང་མི་མཐུན་པ་གཅིག་དང་། དགག་དབྱེ་གཞག་པ་ཆོས་དང་མཐུན་པ་ལྔ་དང་ཆོས་དང་མི་མཐུན་པ་གཅིག་གོ་༎,或有一如法止住隨(9)意。一是非法。三是法。一非法。五是法。一非(10)法。,.
1349b8139d194a6c9013df67bb0d87d7,ekaṃ dhārmikaṃ pravāraṇāsthāpanam ekam adhārmikaṃ katamat*.,དགག་དབྱེ་གཞག་པ་ཆོས་དང་མཐུན་པ་གཅིག་དང་ཆོས་དང་མི་མཐུན་པ་གཅིག་གང་ཞེ་ན་།,云何一如法止住隨意。一是非法。,.
fe18d81d9b914b78bc230391727988da,ekavācikāyāṃ pravāraṇāyām vāci bhāṣyamāṇāyāṃ aparyavasitāyāṃ pravāraṇāṃ sthāpayati dhārmikaṃ pravāraṇāsthāpanam.,དགག་དབྱེ་ལན་གཅིག་བཟླས་པ་ལ ༼༢༽ བརྗོད་པ་མ་རྫོགས་པར་དགག་དབྱེ་འཇོག་པ་ནི་དགག་དབྱེ་འཇོག་པ་ཆོས་དང་མཐུན་པ་ཡིན་ནོ་༎,但一説(11)已。即便止住。是名非法。,.
fcf072a49eda436c8ff2bbb86b25efe6,vāci bhāṣitāyāṃ paryavasitāyāṃ pravāraṇāṃ sthāpayaty adhārmikaṃ pravāraṇāsthāpanam.,བརྗོད་པ་རྫོགས་ནས་དགག་དབྱེ་འཇོག་པ་ནི་ཆོས་དང་མི་མཐུན་པ་སྟེ་།,若具足説。是名如法(12)隨意。,.
03178728ec3b42449906630074f75bb0,itīma ekaṃ dhārmikaṃ pravāraṇāsthāpanam ekam adhārmikaṃ |,འདི་ནི་དགག་དབྱེ་གཞག་པའི་ཆོས་དང་མཐུན་པ་གཅིག་དང་ཆོས་དང་མི་མཐུན་པ་གཅིག་ཡིན ༼༣༽ ནོ༎,.,.
0a1dc78f4fe0423f9c7824b3995ca6ac,trīṇī vā dhārmikāni pravāraṇāsthāpanāni ekam adhārmikaṃ katamat*.,དགག་དབྱེ་གཞག་པ་ཆོས་དང་མཐུན་པ་གསུམ་དང་ཆོས་དང་མི་མཐུན་པའི་གཅིག་གང་ཞེ་ན་།,云何三是法。一是非法。,.
522fafe38b0c44cc895b4a86a9e432c8,dvivācikāyāṃ pravāraṇāyāṃ prathamāyāṃ vāci bhāṣyamāṇāyām aparyavasitāyāyāṃ pravāraṇāṃ sthāpayati dhārmikaṃ pravāraṇāsthāpanam.,དགག་དབྱེ་ལན་གཉིས་བཟླས་པ་ལ་བཟླས་པ་དང་པོ་བརྗོད་པ་མ་རྫོགས་པར་དགག་དབྱེ་འཇོག་པ་ནི་དགག་དབྱེ་འཇོག་པ་ཆོས་དང་མཐུན་པ་ཡིན་ནོ་༎,三遍説隨意已(13)止住。是名法。,.
2eef5bf4b7424fb381a4e0d07fab4693,prathamāyāṃ vāci bhāṣitāyāṃ paryavasitāyāṃ pravāraṇāṃ sthāpayaty dhārmikaṃ pravāraṇāsthāpanam.,བརྗོད་པ ༼༤༽ རྫོགས་ནས་འཇོག་པ་ཡང་དགག་དབྱེ་འཇོག་པ་ཆོས་དང་མཐུན་པ་ཡིན་ནོ་༎,一遍説已。即便止住。是名非(14)法。,.
d40f0c0de8b648f19923fbc47dc81dd2,dvitīyāyāṃ vāci bhāṣyamāṇāyāṃ aparyavasitāyāyāṃ pravāraṇāṃ sthāpayati dhārmikaṃ pravāraṇāsthāpanam.,བཟླས་པ་གཉིས་བརྗོད་པ་མ་རྫོགས་པར་དགག་དབྱེ་འཇོག་པ་ཡང་དགག་དབྱེ་འཇོག་པ་ཆོས་དང་མཐུན་པ་ཡིན་ནོ་༎,.,.
7df4309d124540d8b4410396a656e082,dvitīyāyāṃ vāci bhāṣitāyāṃ paryavasitāyāṃ pravāraṇāṃ sthāpayaty adhārmikaṃ pravāraṇāsthāpanam.,བརྗོད་པ་རྫོགས་ནས་དགག་དབྱེ་འཇོག་པ་ནི་དགག་དབྱེ་འཇོག་པ ༼༥༽ ཆོས་དང་མི་མཐུན་པ་སྟེ་།,Cf. I.6.3.2.1,.
8e8d3278d9ec4913a7265e74d09b136e,itīmāni trīṇi dhārmikāṇi pravāraṇāsthāpanāny ekam adhārmikam.,དེ་ལྟར་དེ་དག་ནི་དགག་དབྱེ་འཇོག་པ་ཆོས་དང་མཐུན་པ་གསུམ་དང་ཆོས་དང་མི་མཐུན་པ་གཅིག་ཡིན་ནོ་༎,.,.
c35503e83ad74d1badb8f7b0934680fa,pañca vā dhārmikāṇi pravāraṇāsthāpanāny ekam adhārmikaṃ katamat*.,དགག་དབྱེ་འཇོག་པ་ཆོས་དང་མཐུན་པ་ལྔ་དང་ཆོས་དང་མི་མཐུན་པ་གཅིག་གང་ཞེ་ན་།,云何五是法。一非法。,.
3a8896a1534d44bbbe9e7052e8b6ca4f,trivācikāyāṃ pravāraṇāyāṃ prathamāyāṃ vāci bhāṣyamāṇāyām aparyavasitāyāṃ pravāraṇāṃ sthāpayati dhārmikaṃ pravāraṇāsthāpanam.,དགག་དབྱེ་ལན་གསུམ་བཟླས་པ་ལ་བཟླས་པ ༼༦༽ དང་པོ་བརྗོད་པ་མ་རྫོགས་པར་དགག་དབྱེ་འཇོག་པ་ནི་དགག་དབྱེ་འཇོག་པ་ཆོས་དང་མཐུན་པ་ཡིན་ནོ་༎,於中一是如法。合(15)三遍説隨意。,.
fd02669692904752a7f518706d87e5ad,prathamāyāṃ vāci bhāṣitāyāṃ paryavasitāyāṃ pravāraṇāṃ sthāpayati dhārmikaṃ pravāraṇāsthāpanam.,བརྗོད་པ་རྫོགས་ནས་དགག་དབྱེ་འཇོག་པ་ཡང་དགག་དབྱེ་འཇོག་པ་ཆོས་དང་མཐུན་པ་ཡིན་ནོ་༎ བརྗོད་པ་རྫོགས་ནས་དགག་དབྱེ་འཇོག་པ་ཡང་དགག་དབྱེ་འཇོག་པ་ཆོས་དང་མཐུན་པ་ཡིན་ནོ་༎,Cf. I.6.3.2.1,.
eb4b74548c1543fa9565b9bc767e7e68,dvitīyāyāṃ vāci bhāṣyamāṇāyām aparyavasitāyāṃ pravāraṇāṃ sthāpayati dhārmikaṃ pravāraṇāsthāpanaṃ |,བཟླས་པ་གཉིས་པ་བརྗོད་པ་མ་རྫོགས་པར་དགག་དབྱེ་འཇོག་པ་ཡང ༼༧༽ དགག་དབྱེ་འཇོག་པ་ཆོས་དང་མཐུན་པ་ཡིན་ནོ་༎,Cf. I.6.3.2.1,.
6346221446ac4008a03f0e23a1b4999a,dvitīyāyāṃ vāci bhāṣitāyāṃ paryavasitāyāṃ pravāraṇāṃ sthāpayati dhārmikaṃ pravāraṇāsthāpanam.,བརྗོད་པ་རྫོགས་ནས་དགག་དབྱེ་འཇོག་པ་ཡང་དགག་དབྱེ་འཇོག་པ་ཆོས་དང་མཐུན་པ་ཡིན་ནོ་༎,Cf. I.6.3.2.1,.
aa8f07665be54550bd66c516ca50bf05,tṛtīyāyāṃ vāci bhāṣyamāṇāyām aparyavasitāyāṃ pravāraṇāṃ sthāpayati dhārmikaṃ pravāraṇāsthāpanam.,བཟླས་པ་གསུམ་པ་བརྗོད་པ་མ་རྫོགས་པར་དགག་དབྱེ་འཇོག་པ་ཡང་དགག་དབྱེ་འཇོག་པ་ཆོས་དང་མཐུན་པ་ཡིན་ནོ་༎,Cf. I.6.3.2.1,.
9064489dbb704638b7fe4bba1e026154,tṛtīyāyāṃ vāci bhāṣitāyāṃ paryavasitāyāṃ pravāraṇāṃ sthāpayaty adhārmikaṃ pravāraṇāsthāpanaṃ.,༼༢༢༧བ༡༽ བརྗོད་པ་རྫོགས་ནས་དགག་དབྱེ་འཇོག་པ་ནི་དགག་དབྱེ་འཇོག་པ་ཆོས་དང་མི་མཐུན་པ་སྟེ་།,即一遍説。而便止住。是名非法(16)止住隨意。,.
4f146039e53d43a79f8d5f3bcaae46d4,itīmāni pañca dhārmikāṇi pravāraṇāsthāpanāny ekam adhārmikam.,དེ་ལྟར་ན་དགག་དབྱེ་གཞག་པ་ཆོས་དང་མཐུན་པ་ལྔ་དང་ཆོས་དང་མི་མཐུན་པ་གཅིག་ཡིན་ནོ་༎,.,.
4b0f49dc4b884dee8cbecdc2e95758e4,"asty ekavācikā pravāraṇā, dvivācikā pravāraṇā, trivācikā pravāraṇā, gaṇapravāraṇā. kasminn arthe ekavācikā pravāraṇā.",དགག་དབྱེ་ལན་གཅིག་བཟླས་པ་ཡོད་། དགག་དབྱེ་ལན་གཉིས་བཟླས་པ ༼༢༽ ཡོན་། དགག་དབྱེ་ལན་གསུམ་བཟླས་པ་ཡོད་། ཚོགས་ཀྱི་དགག་དབྱེ་ཡོད་དོ་༎ དོན་གང་ལ་དགག་དབྱེ་ལན་གཅིག་བཟླས་པ་ཡིན་ཞེ་ན་༎ ༎,或有一説成隨意。或有二説三説(17)隨意。或時大衆一時都説。,Vཨརིཨོཨུས་ཕོ༹རམས་ཨོཕ༹་ཐེ་ཅེརེམོཉ་ཨིན་ཨཅཅོརྡནཅེ་ཝིཐ་ཐེ་ནུམབེརས་ཨོཕ༹་རེཔེཏིཏིཨོན་ཨིན་ཐེ་རེཅིཏཏིཨོན་ཨོཕ༹་ཐེ་པྲབཱ༹རངཱ་ཕོ༹རྨུལ
e747d2ae464946eaae908496b931fb67,antaroddānam ||arśā ca varṣā ca rājā madhuraṃ dharmaṃ viniścayaṃ |saṃgho ’ntarāyapatitaḥ ayaṃ saṃgṛhīto gaṇaḥ || ||,བར་སྡོམ་ལ་།གཞང་འབྲུམ་ཆར་དང་རྒྱལ་པོ་དང་༎སྙན་དང་ཆོས་ནི་རྣམ་ངེས་དང་༎དགེ་འདུན་བར་ཆད་བྱེད ༼༣༽ གཏོགས་པ་༎ཡང་དག་བསྡུས་པའི་ཚོགས་ཡིན་ནོ་༎,No Chinese,ཨཱནཏརོདདཱན ༤
759f8a1ed4e544c6833ef2ca7bd052c7,yathāpi tat tad eva pravāraṇāyāṃ pañcadaśyāṃ sambahulā bhikṣavaḥ ...,འདི་ལྟར་ཡང་དགག་དབྱེ་བཅོ་ལྔ་པ་དེ་ཉིད་ལ་དགེ་སློང་གཞང་འབྲུམ་གྱིས་ཐེབས་པ་རབ་ཏུ་མང་པོ་འདུག་ཅིང་མཐུན་པར་གྱུར་པ་དང་།,此依何義。一説隨(18)意。若十五日。衆多苾芻。集在一處。欲爲隨(19)意。然於衆中。多患痔病。,.
844ee78136114739a7852645d8bc16f4,tatra pravārakasya bhikṣor evaṃ bhavati. adya saṃghasya pravāraṇā pāṃcadaśikā | ime ca saṃbahulā bhikṣavaḥ ...,དེ་ལ་དགག་དབྱེ་བྱེད་པའི་དགེ་སློང་འདི་སྙམ་དུ་སེམས་ཏེ་། དེང་དགེ ༼༤༽ འདུན་གྱི་དགག་དབྱེ་བཅོ་ལྔ་པ་ཡིན་ལ་། དགེ་སློང་རབ་ཏུ་མང་པོ་འདུག་ཅིང་མཐུན་པར་གྱུར་པ་འདི་དག་ཀྱང་གཞང་འབྲུམ་གྱིས་ཐེབས་པ་ཡིན་ཏེ་།,No Chinese,.
2bc2ec0395e6476f96a274a98fa46a24,"ahaṃ cet trivācikayā pravāraṇayā pravārayeyaṃ, ... yanv aham ekavācikayā pravāraṇayā pravārayeyam. sa ekavācikayā pravāraṇayā pravārayati | asminn arthe ekavācikā (70r) pravāraṇā.",གལ་ཏེ་བདག་གིས་དགག་དབྱེ་ལན་གསུམ་བཟླས་པས་དགག་དབྱེ་བྱས་ན་། ཚེ་དང་ལྡན་པ་འདི་དག་རེག་པར་མི་གནས ༼༥༽ པར་འགྱུར་པས་མ་ལ་བདག་གིས་དགག་དབྱེ་ལན་གཅིག་བཟླས་པས་དགག་དབྱེ་བྱའོ་སྙམ་ནས་། དེ་དགག་དབྱེ་ལན་གཅིག་བཟླས་པས་དགག་དབྱེ་བྱེད་ན་དོན་དེ་ལ་དགག་དབྱེ་ལན་གཅིག་བཟླས་པ་ཡིན་ནོ་༎,若欲三説。恐諸病苾(20)芻等不堪久坐。以是縁故。佛言。一説隨意。,.
efe76243847149ff84559ad1a076142e,aparasminn artha ekavācikā pravāraṇā. yathāpi tat tad eva pravāraṇāyāṃ pañcadaśyāṃ saṃbahulāni bhavanti śayanāsanāny abhyavakāśe upanikṣiptāni. devaḥ pravarṣati ...1,དོན་གཞན་ལ་དགག་དབྱེ་ལན་གཅིག་བཟླས་པ་ནི་འདི་ལྟར ༼༦༽ ཡང་དགག་དབྱེ་བཅོ་ལྔ་པ་དེ་ཉིད་ལ་བླག་བ་མེད་པར་གནས་མལ་རབ་ཏུ་མང་པོ་བཀྲམ་ལ་ཆར་པ་བབ་པའམ་། འབབ་དུ་དོགས་པ་དང་།,復(21)有衆多苾芻。集在一處。爲隨意事。或時天雨。(22)或天欲雨。,.
fd945e8b9c2d4f15a5c5beeddebb9e17,tatra pravārakasya bhikṣor evaṃ bhavati. adya saṃghasya pravāraṇā pāṃcadaśikā. sambahulāni ca bhavanti śayanāsanāny abhyavakāśe upanikṣiptāni. devaḥ pravarṣati ...,དེ་ལ་དགག་དབྱེ་བྱེད་པའི་དགེ་སློང་འདི་སྙམ་དུ་སེམས་ཏེ་། དེང་དགེ་འདུན་གྱི་དགག་དབྱེ་བཅོ་ལྔ་པ་ཡིན་ལ་། གནས་མལ་རབ་ཏུ ༼༧༽ མང་པོ་ཞིག་ནི་བླ་གབ་མེད་པར་བཀྲམ་སྟེ་། ཆར་པ་འབབ་པའམ་། འབབ་ཏུ་དོགས་ལ་།,時諸苾芻等。作如是念。,.
dfd7c37ba9b3430ea3499f15f32462b1,"ahaṃ cet trivācikayā pravāraṇayā pravārayeyaṃ, śayanāsanāni na śaknomy anārdram(?) upasaṃhārayitum(?). yanv ahaṃ ekavācikayā pravāraṇayā pravārayeyam. sa ekavācikayā pravāraṇayā pravārayati. asminn artha ekavācikā pravāraṇā.",གལ་ཏེ་བདག་གིས་དགག་དབྱེ་ལན་གསུམ་བཟླས་པས་དགག་དབྱེ་བྱས་ན་བདག་གིས་གནས་མལ་རྣམས་མ་གཤེར་བར་བརྟུལ་མི་ནུས་པས་མ་ལ་བདག་གིས་དགག་དབྱེ ༼༢༢༨ཨ༡༽ ལན་གཅིག་བཟླས་པས་དགག་དབྱེ་བྱའོ་སྙམ་ནས་། དེ་དགག་དབྱེ་ལན་གཅིག་བཟླས་པས་དགག་དབྱེ་བྱེད་ན་། དོན་དེ་ལ་དགག་དབྱེ་ལན་གཅིག་བཟླས་པ་ཡིན་ནོ་༎,若三説者。(23)恐其天雨濕諸臥具。是故佛聽一説隨意。,.
7f1ffa94f8e441ffb57d824d97885586,aparasminn artha ekavācikā pravāraṇā. yathāpi tat tad eva pravāraṇāyāṃ pañcadaśyāṃ rājā svakīyaiḥ sārdhaṃ devībhiḥ kumārair amātyair bhaṭabalāgrair nigamajānapadair ārāmam āgacchati. rājñā saṃghasya prabhūto vastralābhaḥ āmiṣalābhaḥ dattaḥ. devībhir api kumārair amātyair bhaṭabalāgrair nigamajānapadair prabhūto vastralābha āmiṣalābho dattaḥ. udghoṣakena ca bhikṣuṇā udghoṣaya ...,དོན་གཞན་ལ་དགག་དབྱེ་ལན་གཅིག་བཟླས་པ་ནི་འདི་ལྟར་ཡང་དགག་དབྱེ་བཅོ་ལྔ་པ་དེ ༼༢༽ ཉིད་ལ་རྒྱལ་པོ་དང་། བཙུན་མོ་དང་། གཞོན་ནུ་དང་། བློན་པོ་དང་། ཁྲོམ་གྱི་རུ་པ་དང་། གྲོང་མི་དེང་། ཡུལ་མི་དག་དང་ཐབས་ཅིག་ཏུ་ཀུན་དགའ་ར་བར་ལྷགས་ལ་། དེར་རྒྱལ་པོས་ཀྱང་དགེ་འདུན་ལ་གོས་དང་ཟང་ཟིང་གི་རྙེད་པ་མང་དུ་ཕུལ་། བཙུན་མོ་དང་། ༼༣༽ གཞོན་ནུ་དང་། བློན་པོ་དང་། ཁྲོམ་གྱི་རུ་པ་དང་། གྲོང་མི་དང་། ཡུལ་མི་དག་གིས་ཀྱང་དགེ་འདུན་ལ་གོས་དང་ཟང་ཟིང་གི་རྙེད་པ་མང་དུ་ཕུལ་ལ་། སྒྲོགས་པར་བྱེད་པའི་དགེ་སློང་གིས་ཀྱང་བསྒྲགས་པས་ནམ་རིང་ཞིག་ཟད་པར་གྱུར་པ་ལ་།,復(24)有衆多苾芻。集在一處。爲隨意事。若於住處。(25)或有王來。并諸眷屬。或有大臣官屬。城内外(26)人。亦皆來集。將諸飮食及衣物等。奉施苾芻(27)僧伽。令其呪願。苾芻竟夜呪願。極大辛苦。,.
95cafbdc1e024467b25b7e44195d88af,tatra pravārakasya bhikṣor evaṃ bhavati. adya saṃghasya pravāraṇā pāṃcadaśikā. rājā ca svakīyaiḥ sārdhaṃ devībhiḥ kumāraiḥ amātyaiḥ bhaṭabalāgrair nigamajānapadair ārāmam āgacchati. rājñā saṃghasya prabhūto vastralābha āmiṣalābho dattaḥ. devībhir api kumārair amātyair bhaṭabalāgrair nigamajānapadaiḥ prabhūto vastralābha āmiṣalābho dattaḥ. udghoṣakena ca bhikṣunā udghoṣaya ...,དེ་ལ་དགག་དབྱེ་བྱེད་པའི ༼༤༽ དགེ་སློང་འདི་སྙམ་དུ་སེམས་ཏེ་། དེང་དགེ་འདུན་གྱི་དགག་དབྱེ་བཅོ་ལྔ་པ་ཡིན་ལ་། རྒྱལ་པོ་འདི་ཡང་བཙུན་མོ་དང་། གཞོན་ནུ་དང་། བློན་པོ་དང་། ཁྲོམ་གྱི་རུ་པ་དང་། གྲོང་མི་དང་། ཡུལ་མི་དག་དང་ཐམས་ཅིག་ཏུ་ཀུན་དགའ་ར་བར་ལྷགས་ལ་། འདིར་རྒྱལ ༼༥༽ པོས་ཀྱང་དགེ་འདུན་ལ་གོས་དང་ཟང་ཟིང་གི་རྙེད་པ་མང་དུ་ཕུལ་། བཙུན་མོ་དང་། གཞོན་ནུ་དང་། བློན་པོ་དང་། ཁྲོ་མ་གྱི་རུ་པ་དང་༎ གྲོང་མི་དང་། ཡུལ་མི་རྣམས་ཀྱིས་ཀྱང་དགེ་འདུན་ལ་གོས་དང་ཟང་ཟིང་གི་རྙེད་པ་མང་དུ་པུལ་ཏེ་། སྒྲོགས་པར་བྱེད་པའི་དགེ་སློང་གིས ༼༦༽ ཀྱང་བསྒྲགས་པས་མཚན་རིང་ཞིག་ཟད་པས་།,然(28)諸苾芻各作是念。爲王等來。種種布施。呪願(29)辛苦。,.
cfe8deccc4da4c039999ef09c1d5de17,"ahaṃ cet trivācikayā pravāraṇayā pravārayeyaṃ, na śaknomi ... pravārayitum. yanv aham ekavācikayā pravāraṇayā pravārayeyam. sa ekavācikayā pravāraṇayā pravārayati. asminn arthe ekavācikā pravāraṇā.",གལ་ཏེ་བདག་གིས་དགག་དབྱེ་ལན་གསུམ་བཟླས་པས་དགག་དབྱེ་བྱས་ན་བདག་གིས་སྐྱ་རེངས་མ་ཤར་བར་དགག་དབྱེ་བྱ་མི་ནུས་པས་། མ་ལ་བདག་གིས་དགག་དབྱེ་ལན་གཅིག་བཟླས་པས་དགག་དབྱེ་བྱའོ་སྙམ་ནས་། དེ ༼༧༽ དགག་དབྱེ་ལན་གཅིག་བཟླས་པས་དགག་དབྱེ་བྱེད་ན་། དོན་དེ་ལ་དགག་དབྱེ་ལན་གཅིག་བཟླས་པ་ཡིན་ནོ་༎ དོན་གཞན་ལ་དགག་དབྱེ་ལན་གཅིག་བཟླས་པ་ནི་འདི་ལྟར་ཡང་དགག་དབྱེ་བཅོ་ལྔ་པ་དེ་ཉིད་ལ་སྙན་པ་སྙན་པར་སྨྲ་བའི་དགེ་སློང་དག་གིས་ཆོས་སྙན་དགུ་བཏོན་པས ༼༢༢༨བ༡༽ མཚན་རིང་ཞིག་ཟད་ལ་། དེ་ལ་དགག་དབྱེ་བྱེད་པའི་དགེ་སློང་འདི་སྙམ་དུ་སེམས་ཏེ་། དེང་དགེ་འདུན་གྱི་དགག་དབྱེ་བཅོ་ལྔ་པ་ཡིན་ལ་། སྙན་པ་སྙན་པར་སྨྲ་བའི་དགེ་སློང་འདི་དག་གིས་ཆོས་སྙན་དགུ་བཏོན་པས་མཚན་རིང་ཞིག་ཟད་དེ་། གལ་ཏེ་བདག་གིས ༼༢༽ དགག་དབྱེ་ལན་གསུམ་བཟླས་པས་དགག་དབྱེ་བྱས་ན་བདག་གིས་སྐྱ་རེངས་མ་ཐར་བར་དགག་དབྱེ་བྱ་མི་ནུས་པས་། མ་ལ་བདག་གིས་དགག་དབྱེ་ལན་གཅིག་བཟླས་པས་དགག་དབྱེ་བྱའོ་སྙམ་ནས་། དེ་དགག་དབྱེ་ལ་ན་གཅིག་བཟླས་པས་དགག་དབྱེ་བྱེད ༼༣༽ ན་། དོན་དེ་ལ་དགག་དབྱེ་ལན་གཅིག་བཟླས་པ་ཡིན་ནོ་༎ དོན་གཞན་ལ་དགག་དབྱེ་ལན་གཅིག་བཟླས་པ་ནི་འདི་ལྟར་ཡང་དགག་དབྱེ་བཅོ་ལྔ་པ་དེ་ཉིད་ལ་དགེ་སློང་མདོ་སྡེ་འཛིན་པ་དང་། འདུལ་བ་འཛིན་པ་དང་། མ་མོ་འཛིན་པ་དག་གིས་ཆོས་རྣམ་པར ༼༤༽ གཏན་ལ་འབེབས་པའི་གཏམ་གྱིས་མཚན་རིང་ཞིག་ཟད་པར་གྱུར་ཏེ་། དེ་ལ་དགག་དབྱེ་བྱེད་པའི་དགེ་སློང་འདི་སྙམ་དུ་སེམས་ཏེ་། དེང་དགེ་འདུན་གྱི་དགག་དབྱེ་བཅོ་ལྔ་པ་ཡིན་ལ་། དགེ་སློང་མདོ་སྡེ་འཛིན་པ་དང་། འདུལ་བ་འཛིན་པ་དང་། མ་མོ་འཛིན་པ ༼༥༽ འདི་དག་གིས་ཆོས་རྣམ་པར་གཏན་ལ་འབེབས་པའི་གཏམ་གྱིས་མཚན་རིང་ཞིག་ཟད་དེ་། གལ་ཏེ་བདག་གིས་དགག་དབྱེ་ལན་གསུམ་བཟླས་པས་དགག་དབྱེ་བྱས་ན་བདག་གིས་སྐྱ་རེངས་མ་ཤར་བར་དགག་དབྱེ་བྱ་མི་ནུས་པས་མ་ལ་བདག་གིས་དགག་དབྱེ་ལན་གཅིག ༼༦༽ བཟླས་པས་དགག་དབྱེ་བྱའོ་སྙམ་ནས་། དེ་དགག་དབྱེ་ལན་གཅིག་བཟླས་པས་དགག་དབྱེ་བྱེད་ན་། དོན་དེ་ལ་དགག་དབྱེ་ལན་གཅིག་བཟླས་པ་ཡིན་ནོ་༎ དོན་གཞན་ལ་དགག་དབྱེ་ལན་གཅིག་བཟླས་པ་ནི་འདི་ལྟར་ཡང་དགག་དབྱེ་བཅོ་ལྔ་པ་དེ་ཉིད་ལ་དགེ་འདུན ༼༧༽ གྱིས་ནང་དུ་རྩོད་པའི་ཆོས་བཞི་ལས་རྩོད་པ་གང་ཡང་རུང་བཞིག་བྱུང་བར་གྱུར་ལ་། དེ་ནས་དགེ་སློང་མདོ་སྡེ་འཛིན་པ་དང་། འདུལ་བ་འཛིན་པ་དང་། མ་མོ་འཛིན་པ་དག་གིས་རྩོད་པ་དེ་རྩོད་པ་ཞི་བར་བྱེད་པའི་ཆོས་བདུན་གྱིས་རྩོན་པ་རྣམས་དུ་ལ་བར་བྱེད་། ཞི་བར་བྱེད ༼༢༢༩ཨ༡༽ ཉེ་བར་ཞི་བར་བྱེད་པས་ནམ་རིང་ཞིག་ཟད་དེ་། དེ་ལ་དགག་དབྱེ་བྱེད་པའི་དགེ་སློང་འདི་སྙམ་དུ་སེམས་ཏེ་། དེང་དགེ་འདུན་གྱི་དགག་དབྱེ་བཅོ་ལྔ་པ་ཡིན་ལ་། དགེ་འདུན་གྱི་ནང་དུ་རྩོད་པའི་ཆོས་བཞི་ལས་རྩོད་པ་གང་ཡང་རུང་བ་ཞིག་བྱུང་བར་གྱུར་ཏེ་། དགེ ༼༢༽ སློང་མདོ་སྡེ་འཛིན་པ་དང་། འདུལ་བ་འཛིན་པ་དང་། མ་མོ་འཛིན་པ་འདི་དག་གིས་རྩོད་པ་དེ་རྩོད་པ་ཞི་བར་བྱེད་པའི་ཆོས་བདུན་གྱིས་དུལ་པར་བྱེད་། ཞི་བར་བྱེད་། ཉེ་བར་ཞི་བར་བྱེད་པས་མཚན་རིང་ཞིག་ཟད་པས་། གལ་ཏེ་བདག་གིས་དགག་དབྱེ་ལན་གསུམ་བཟླས ༼༣༽ པས་དགག་དབྱེ་བྱས་ན་བདག་གིས་སྐྱ་རེངས་མ་ཤར་བར་དགག་དབྱེ་བྱ་མི་ནུས་པས་། མ་ལ་བདག་གིས་དགག་དབྱེ་ལན་གཅིག་བཟླས་པས་དགག་དབྱེ་བྱའོ་སྙམ་ནས་། དེ་དགག་དབྱེ་ལན་གཅིག་བཟླས་པས་དགག་དབྱེ་བྱེད་ན་། དོན་དེ་ལ་དགག་དབྱེ་ལན་གཅིག ༼༤༽ བཟླས་པ་ཡིན་ནོ་༎ དོན་གཞན་ལ་དགག་དབྱེ་ལན་གཅིག་བཟླས་པ་ནི་འདི་ལྟར་ཡང་དགག་དབྱེ་བཅོ་ལྔ་པ་དེ་ཉིད་ལ་རྒྱལ་པོ་ང་པུང་གི་ཚོགས་ཡན་ལག་བཞི་པ་གོ་བསྐོན་པ་གླང་པོ་ཆེའི་ཚོགས་དང་། རྟ་བའི་ཚོགས་དང་། ཤིང་རྟ་བའི་ཚོགས་དང་། དཔུང་བུ་ཆུད་གི ༼༥༽ ཚོགས་དང་། ཀུན་དགའ་ར་བའི་སྒོའི་བར་དུ་ལྷགས་ཏེ་། སྤར་ཐབས་སུ་སྐུར་པ་སྒྲོགས་ཤིང་། ཤེས་ལྡན་དག་ཤཱཀྱ་འི་སྲས་ཀྱི་དགེ་སྦྱོང་རྣམས་ཟུང་ཤིག་། སོད་ཅིག་། ཆིངས་ཤིག་། སྦྱུགས་ཤིག་། ངའི་གླང་པོ་ཆེ་འཚོ་བ་དང་། རྟ་རྫི་དང་། ཤིང་རྟ་སྲུང་བ ༼༦༽ དང་། སོ་ཕག་སྐྱེད་པ་དང་། རྒྱལ་མཚན་ཐོགས་པ་དང་། འཕན་རིངས་འཛིན་པ་སོ་སོར་རྒྱལ་པོའི་བྱ་བ་དང་། རྒྱལ་པོའི་བྱེད་པ་རྣམས་བྱེད་པར་འགྱུར་རོ་༎ ཞེས་ཟེར་ལ་། དེ་ལ་དགག་དབྱེ་བྱེད་པའི་དགེ་སློང་འདི་སྙམ་དུ་སེམས་ཏེ་། དེང་དགེ་འདུན་གྱི་དགག་དབྱེ ༼༧༽ བཅོ་ལྔ་པ་ཡིན་ལ་། རྒྱལ་པོའི་དཔུང་གི་ཚོགས་ཡན་ལག་བཞི་པ་གོ་བསྐོན་པ་གླང་པོ་ཆེའི་ཚོགས་དང་། རྟ་པའི་ཚོགས་དང་། ཤིང་རྟ་བའི་ཚོགས་དང་། དཔུང་བུ་ཆུང་གི་ཚོགས་དང་། ཀུན་དགའ་ར་བའི་སྒོའི་བར་དུ་ལྷགས་ཏེ་སྤར་ཐབས་སུ་སྐུར་བ་སྒྲོགས་ཤིང་། ཁྱེད་ཀྱིས ༼༢༢༩བ༡༽ ཤཱཀྱ་འི་སྲས་ཀྱི་དགེ་སྦྱོང་རྣམས་ཟུང་ཅིག་། སོད་ཅིག་། ཆིངས་ཤིག་། སྤྱུགས་ཤིག་། བདག་ཅག་གི་གླང་པོ་ཆེ་འཚོབ་དང་། རྟ་རྗི་དང་། ཤིང་རྟ་སྲུང་བ་དང་། སོ་ཕག་སྐྱེད་པ་དང་། རྒྱལ་མཚན་ཐོགས་པ་དང་། འཕན་རིངས་འཛིན་པ་སོ་སོར་རྒྱལ་པོའི་བྱ་བ ༼༢༽ དང་། རྒྱལ་པོའི་བྱེད་པ་རྣམས་བྱེད་པར་འགྱུར་རོ་ཞེས་ཟེར་བས་། གལ་ཏེ་བདག་གིས་དགག་དབྱེ་ལན་གསུམ་བཟླས་པས་དགག་དབྱེ་བྱས་ན་གཞི་དེས་བདག་གི་སྲོག་གི་བར་ཆད་དང་། དགེ་སྦྱོང་གི་ཚུལ་གྱི་བར་ཆ་ད་དང་། ཚབས་པར་སྤྱོད་པའི་བར་ཆད་དུ་འགྱུར་བས ༼༣༽ མ་ལ་བདག་གིས་དགག་དབྱེ་ལན་གཅིག་བཟླས་པས་། དགག་དབྱེ་བྱའོ་སྙམ་ནས་། དེ་དགག་དབྱེ་ལན་གཅིག་བཟླས་པས་དགག་དབྱེ་བྱེད་ན་། དོན་དེ་ལ་དགག་དབྱེ་ལན་གཅིག་བཟླས་པ་ཡིན་ནོ་༎,恐其天明。以是縁故。開聽一説隨意。又(1046c1)隨意時。衆多苾芻共集。欲作隨意。其中解蘇(2)怛羅毘奈耶摩咥里迦諸苾芻等。通夜誦經。(3)及以説法。時諸苾芻各作是念。此解三藏苾(4)芻。竟夜誦經。及以説法。極爲辛苦。然恐天(5)明。不得三説。是故開聽一説隨意。又隨意時。(6)若有四種諍起。應就解三藏苾芻。決斷其罪。(7)既除罪已。彼諸苾芻作是念言。此三藏苾芻。(8)竟夜除諍。極爲辛苦。復恐天明。三説隨意。恐(9)爲有礙。以是縁故。開聽一説。隨意。又隨意(10)時。或有諸王。嚴四種兵。到其住處。或象馬車(11)歩等。其王瞋怒。作是言。捉取此沙門釋子繋(12)縛。將令使看象看馬。我今種種諸雜驅使。令(13)其役力。或作是勅。捉取沙門。奪其衣鉢。皆悉(14)殺之。諸苾芻等作是念言。我若三説隨意。恐(15)王瞋責。作無益事。是故開聽一説隨意。,.
62d31a8310cb44ea8d32357288e47b33,aparasminn artha ekavācikā pravāraṇā. yathāpi tat tad eva pravāraṇāyāṃ pañcadaśyāṃ corā grāmaṃ nirghātayanti nagaraṃ vā nigamaṃ vā. ārāmadvāram āgatya gāṃ hatvā mahiṣīṃ chagalikāṃ vā rudhirāṅgakāni rudhiravilekhakāni kṛtvā bhikṣūṇāṃ dūtam anupreṣayanti. nirgacchantv āryāḥ. vayam atra vatsyāmaḥ.,དོན་གཞན་ལ་དགག་དབྱེ་ལན་གཅིག་བཟླས་པ་ནི་འདི་ལྟར ༼༤༽ ཡང་དགག་དབྱེ་བཅོ་ལྔ་པ་དེ་ཉིད་ལ་ཆོམ་རྐུན་པ་དག་གྲོང་བཅོམ་པའམ་། གྲོང་ཁྱེར་བཅོམ་པའམ་། ཡུལ་བཅོམ་སྟེ་། ཀུན་དགའ་ར་བའི་སྒོར་ལྷགས་ནས་བ་ལང་ངམ་། མ་ཧེ་འམ་། ར་དག་བསད་དེ་། ཁྲག་གིས་ཡན་ལག་དག་བྱུགས་ནས་། དགེ་སློང ༼༥༽ དག་ལ་ཕོ་ཉ་བཏང་སྟེ་། འཕགས་པ་རྣམས་བྱུང་ཤིག་། འདིར་བདག་ཅག་འཁོད་དགོས་སོ་ཞེས་ཟེར་ལ་།,若隨(16)意時有諸賊等。或是破城破村落者。或殺他(17)人牛羊等賊。或殺牛羊取血塗戸塗門。及以(18)窓嚮。作諸非法。或復遣信喚諸苾芻。,.
753e0e9566774ca2a8fce77dca4e538f,"tatra pravārakasya bhikṣor evaṃ bhavati. adya saṃghasya pravāraṇā pāñcadaśikā. corāś ca grāmaṃ nirghātayanti nagaraṃ vā nigamaṃ vā. (71r = GBM 6.724) (159) ārāmadvāram āgatya gāṃ hatvā mahiṣīṃ chagalikāṃ vā rudhirāṃgakāni rudhiravilekhakāni kṛtvā bhikṣūṇāṃ dūtam anupreṣayanti. nirgacchantv āryāḥ. vayam atra vatsyāmaḥ.  ahaṃ cet trivācikayā pravāraṇayā pravārayeyaṃ, syān me atonidānaṃ jīvitāntarāyaḥ śrāmaṇyāntarāyo brahmacaryāntarāyaḥ. yanv aham ekavācikayā pravāraṇayā pravārayeyaṃ. sa ekavācikayā pravāraṇayā pravārayati. asminn arthe ekavācikā pravāraṇā.",དེ་ལ་དགག་དབྱེ་བྱེད་པའི་དགེ་སློང་འདི་སྙམ་དུ་སེམས་ཏེ་། དེང་དགེ་འདུན་གྱི་དགག་དབྱེ་བཅོ་ལྔ་པ་ཡིན་ལ་། ཆོམ་རྐུན་པ་འདི་དག་ཀྱང་གྲོང་བཅོམ ༼༦༽ པའམ་། གྲོང་ཁྱེར་བཅོམ་པའམ་། ཡུལ་བཅོམ་སྟེ་། ཀུན་དགའ་ར་བའི་སྒོར་ལྷགས་ནས་པ་ལང་ངམ་། མཧེ་འམ་། ར་དག་བསད་དེ་ཁྲག་གིས་ཡན་ལག་དག་བྱུགས་ནས་། དགེ་སློང་རྣམས་ལ་ཕོ་ཉད་བཏང་སྟེ་། འཕགས་པ་རྣམས་བྱུང་ཤིག་། འདིར་བདག ༼༧༽ ཅག་རྣམས་འཁོད་དགོས་སོ་ཞེས་ཟེར་ཏེ་། གལ་ཏེ་བདག་གིས་དགག་དབྱེ་ལན་གསུམ་བཟླས་པས་དགག་དབྱེ་བྱས་ན་གཞི་དེས་བདག་གི་སྲོག་གི་བར་ཆད་དང་། དགེ་སྦྱོང་གི་ཚུལ་གྱི་བར་ཆད་དང་། ཚངས་པར་སྤྱོད་པའི་བར་ཆད་དུ་འགྱུར་བས་། མ་ལ་བདག་གིས་དགག ༼༢༣༠ཨ༡༽ དབྱེ་ལན་གཅིག་བཟླས་པས་དགག་དབྱེ་བྱའོ་སྙམ་ནས་། དེ་དགག་དབྱེ་ལན་གཅིག་བཟླས་པས་དགག་དབྱེ་བྱེད་ན་། དོན་དེ་ལ་དགག་དབྱེ་ལན་གཅིག་བཟླས་པ་ཡིན་ནོ་༎,時諸苾(19)芻即作是念。我若三説隨意。恐彼諸賊破城(20)破村。并殺牛羊。既作非法。彼來喚我。  作無利(21)事。或奪衣鉢或斷命根。以斯縁故。聖開一説(22)而爲隨意。,. .
320adda1091241f4ac8db77172cfd6d5,aparasminn arthe ekavācikā pravāraṇā. yathāpi tat tad eva paṃcadaśyāṃ pravāraṇāyāṃ anyatamena mahallena bālena mūḍhenāvyaktenākuśalena gocare vā gocaramārge vā kulastrī vā kulakumārī vā ākruṣṭā bhavaty ābhāṣṭā parāmṛṣṭā vā. manuṣyāḥ prakupitā ārāmadvāram āgatya yathā gṛhītakān udghoṣayanti. gṛḥṇaṃtu bhavaṃtaḥ śramaṇāṃ śākyaputrīyāṃ. hanaṃtu. badhnaṃtu. pravāsayaṃtu. rājñaḥ hastyārohā bhaviṣyanty aśvārohā iṣṭakārohā dhvajārohāḥ patākārohā vā. pṛthag rājakṛtyāni rājakaraṇīyāni kariṣyaṃti.,དོན་གཞན་ལ་དགག་དབྱེ་ལན་གཅིག་བཟླས་པ་ནི་འདི་ལྟར་ཡང་དགག ༼༢༽ དབྱེ་བཅོ་ལྔ་པ་དེ་ཉིད་ལ་རྒན་ཞུགས་མི་ཤེས་པ་། རྨོངས་པ་། མི་གསལ་བ་། མི་མཁས་པ་གཞན་ཞིག་གིས་སྤྱོད་ཡུལ་ལམ་། སྤྱོད་ཡུལ་གྱི་ལམ་ཀར་རིགས་ཀྱི་བུད་མེད་དམ་། རིགས་ཀྱི་ན་ཆུང་ལ་གཤེས་སམ་། ཁ་ངན་སྨྲས་སམ་། རེག་པས་མི་རྣམས ༼༣༽ ཁྲོས་ཏེ་། ཀུན་དགའ་ར་བའི་སྒོར་ལྷགས་ནས་སྤར་ཐབས་སུ་སྐུར་པ་སྒྲོགས་ཤིང་། ཤེས་ལྡན་དག་ཤཱཀྱ་འི་སྲས་ཀྱི་དགེ་སྦྱོང་རྣམས་ཟུང་ཤིག་། སོད་ཅིག་། ཆིངས་ཤིག་། སྤྱུགས་ཤིག་། རྒྱལ་པོའི་གྲང་པོ་ཆེ་འཚོ་བ་དང་། རྟ་རྗི་དང་། ཤིང་རྟ་སྲུང་བ་དང་། སོ་ཕག ༼༤༽ སྐྱེད་པ་དང་། རྒྱལ་མཚན་ཐོགས་པ་དང་། འཕན་རིངས་འཛིན་པ་སོ་སོར་རྒྱལ་པོའི་བྱ་བ་དང་། རྒྱལ་པོའི་བྱེད་པ་རྣམས་བྱེད་པར་འགྱུར་རོ་ཞེས་ཟེར་ལ་།,若隨意時於斯住處。有老苾芻性(23)無所知。多足涕唾。或從遠來。路行乏困。或有(24)女人或復童女。或有鬪諍。,.
c80d9794601c4828910fe69a0bc41bd4,"tatra pravārakasya bhikṣor evaṃ bhavati. adya saṃghasya pravāraṇā pāṃcadaśikā. anyatamena ca mahallakena mūḍhenāvyaktenākuśalena gocare vā gocaramārge vā kulastrī vā kulakumārī vā ākruṣṭā bhavaty ābhāṣṭā parāmṛṣṭā vā. manuṣyāḥ prakupitāḥ ārāmadvāram āgatya yathā gṛhītakān udghoṣayaṃti. gṛhṇaṃtu bhavantaḥ śramaṇāṃ śākyaputrīyāṃ. hanaṃtu. badhnaṃtu. pravāsayantu. rājñaḥ hastyārohā bhaviṣyanty (160) aśvārohā iṣṭakārohā dhvajārohāḥ patākārohā vā. pṛthag rājakṛtyāni rājakaraṇīyāni kariṣyaṃti.  ahaṃ cet trivācikayā pravāraṇayā pravārayeyaṃ, syān me atonidānaṃ jīvitāntarāyaḥ śrāmaṇyāntarāyo brahmacaryāntarāyaḥ. yanv aham ekavācikayā pravāraṇayā pravārayeyaṃ. sa ekavācikayā pravāraṇayā pravārayati | asminn arthe ekavācikā pravāraṇā.",དེ་ལ་དགག་དབྱེ་བྱེད་པའི་དགེ་སློང་འདི་སྙམ་དུ་སེམས་ཏེ་། དེང་དགེ་འདུན་གྱི་དགག་དབྱེ་བཅོ་ལྔ་པ་ཡིན་ལ་། ༼༥༽ རྒན་ཞུགས་མི་ཤེས་པ་། རྨོངས་པ་། མིགས་ལ་བ་། མི་མཁས་པ་གཞན་ཞིག་གིས་སྤྱོད་ཡུལ་ལམ་། སྤྱོད་ཡུལ་གྱི་ལམ་ཀར་རིགས་ཀྱི་བུད་མེད་དམ་། རིགས་ཀྱིན་ཆུང་ལ་གཤེགས་སམ་། ཁ་ངན་སྨྲས་སམ་། རེག་པས་མི་རྣམས་ཁྲོས་ཏེ་ཀུན་དགའ་ར་བའི་སྒོར ༼༦༽ ལྷགས་ནས་སྤར་ཐབས་སུ་སྐུར་པ་སྒྲོགས་ཤིང་། ཤེས་ལྡན་དག་ཤཱཀྱ་འི་སྲས་ཀྱི་དགེ་སྦྱོང་རྣམས་ཟུང་ཤིག་། སོད་ཅིག་། ཆིངས་ཤིག་། སྤྱུགས་ཤིག་། རྒྱལ་པོའི་གླང་པོ་ཆེ་འཚོ་བ་དང་། རྟ་རྫི་དང་། ཤིང་རྟ་སྲུང་བ་དང་། སོ་ཕག་སྐྱེད་པ་དང་། རྒྱལ་མཚན་ཐོགས ༼༧༽ པ་དང་། འཕན་རིངས་འཛིན་པ་སོ་སོར་རྒྱལ་པོའི་བྱ་བ་དང་། རྒྱལ་པོའི་བྱེད་པ་རྣམས་བྱེད་པར་འགྱུར་རོ་ཞེས་ཟེར་ཏེ་། གལ་ཏེ་བདག་གིས་དགག་དབྱེ་ལན་གསུམ་བཟླས་པས་དགག་དབྱེ་བྱས་ན་གཞི་དེས་བདག་གི་སྲོག་གི་བར་ཆད་དང་། དགེ་སྦྱོང་གི་ཚུལ་གྱི་བར ༼༢༣༠བ༡༽ ཆད་དང་། ཚངས་པར་སྤྱོད་པའི་བར་ཆད་དུ་འགྱུར་བས་། མ་ལ་བདག་གིས་དགག་དབྱེ་ལན་གཅིག་བཟླས་པས་གག་དབྱེ་བྱའོ་སྙམ་ནས་། དེ་དགག་དབྱེ་ལན་གཅིག་བཟླས་པས་དགག་དབྱེ་བྱེད་ན་། དོན་དེ་ལ་དགག་དབྱེ་ལན་གཅིག་བཟླས་པ་ཡིན་ནོ་༎,No Chinese  No Chinese,. .
272c73f40f4e43d785314b9572d0537f,"aparasminn artha ekavācikā pravāraṇā. yathāpi tad vihāraḥ amanuṣyādhyuṣite pradeśe pratiṣṭhāpito bhavati | anyatamena ca mahallena bālena mūḍhenāvyaktenākuśalenāpratirūpe pradeśa uccāraprasrāvaṃ kheṭaṃ śiṅghāṇakaṃ vāntaṃ viriktaṃ choritam aśucimrakṣitaṃ vā śayanāsanaṃ pravikṣiptaṃ. amanuṣyāḥ prakupitāḥ gocare ’pi tiṣṭhaṃti gocaramārge ’pi caṃkrame ’pi meḍhyām api dvārakoṣṭhake ’pi. bhikṣūn apy āviśaṃti, mañcān api saṃparivartayanti.  tatra pravārakasya bhikṣor evaṃ bhavati : adya saṃghasya pravāraṇā pāṃcadaśikā. ayaṃ ca vihāro ’manuṣyādhyuṣite pradeśe pratiṣṭhāpitaḥ. anyatamena ca mahallena bālena mūḍhenāvyaktenākuśalenāpratirūpe pradeśa (161) uccāraprasrāvaṃ kheṭaṃ śiṅghāṇakaṃ vāntaṃ viriktaṃ choritam aśucimrakṣitaṃ vā śayanāsanaṃ pravikṣiptaṃ. amanuṣyāḥ prakupitā gocare ’pi tiṣṭhanti gocaramārge ’pi caṅkrame ’pi meḍhyām api dvārakoṣṭhake ’pi. bhikṣūn apy āviśanti, mañcān api saṃparivartayanti.  ahaṃ cet trivācikayā pravāraṇayā pravārayeyaṃ, syān me atonidānaṃ jīvitāntarāyaḥ śrāmaṇyāntarāyo brahmacaryāntarāyaḥ. yanv aham ekavācikayā pravāraṇayā pravārayeyam. sa ekavācikayā pravāraṇayā pravārayati. asminn arthe ekavācikā pravāraṇā.",དོན ༼༢༽ གཞན་ལ་དགག་དབྱེ་ལན་གཅིག་བཟླས་པ་ནི་འདི་ལྟར་ཡང་མི་མ་ཡིན་པ་གནས་པའི་ཕྱོགས་ཤིག་ཏུ་གཙུག་ལག་ཁང་བརྩིགས་ལ་། རྒན་ཞུགས་མི་ཤེས་པ་། རྨོངས་པ་། མི་གསལ་བ་། མི་མཁས་པ་གཞན་ཞིག་གིས་མི་རུང་བའི་ས་ཕྱོགས་སུ་བཤང་བ་དང་། ༼༣༽ གཅི་བ་དང་། མཆིལ་མ་དང་། སྣབས་དང་། སྐྱུགས་པ་དང་། འཁྲུ་པ་བོར་བ་དང་། མི་གཙང་བས་སྦགས་པའི་གནས་མལ་བཞག་པས་མི་མ་ཡིན་པ་རྣམས་ཁྲོས་ནས་སྤྱོད་ཡུལ་དང་། སྤྱོད་ཡུལ་གྱི་ལམ་ཀ་དང་། འཆ་ག་ས་དང་། ཁྱམས་དང་། སྒོ ༼༤༽ ཁང་རྣམས་སུ་འདུག་ནས་ཀྱང་དགེ་སློང་རྣམས་ལ་འབབ་བར་བྱེད་དོ་༎ དེ་ལ་དགག་དབྱེ་བྱེད་པའི་དགེ་སློང་འདི་སྙམ་དུ་སེམས་ཏེ་། དེང་དགེ་འདུན་གྱི་དགག་དབྱེ་བཅོ་ལྔ་པ་ཡིན་ལ་། གཙུག་ལག་ཁང་འདི་ཡང་མི་མ་ཡིན་པ་རྣམས་གནས་པའི་ཕྱོགས་ཤིག་ཏུ་བརྩིགས ༼༥༽ ལ་། རྒན་ཞུགས་མི་ཤེས་པ་། རྨོངས་པ་། མི་གསལ་བ་། མི་མཁས་པ་གཞན་ཞིག་གིས་མི་རུང་བའི་ས་ཕྱོགས་སུ་བཤད་བ་དང་། གཅི་བ་དང་། མཆིལ་མ་དང་། སྣབས་དང་། སྐྱུགས་པ་དང་། འཁྲུ་བ་བོར་བ་དང་། མི་གཙང་བས་སྦགས་པའི་གནས ༼༦༽ མལ་བཞག་པས་མི་མ་ཡིན་པ་རྣམས་ཁྲོས་ནས་སྤྱོད་ཡུལ་ལམ་། སྤྱོད་ཡུལ་གྱི་ལམ་མམ་། འཆགས་འམ་། ཁྱམས་སམ་། སྒོ་ཁང་རྣམས་སུ་འདུག་སྟེ་དགེ་སློང་དག་ལ་འབབ་པར་བྱེད་ཀྱིས་། ཇི་སྟེ་བདག་གིས་དགག་དབྱེ་ལན་གསུམ་བཟླས་པས་དགག་དབྱེ ༼༧༽ བྱས་ན་གཞི་དེས་བདག་གི་སྲོག་གི་བར་ཆད་དང་། དགེ་སྦྱོང་གི་ཚུལ་གྱི་བར་ཆད་དང་། ཚབས་པར་སྤྱོད་པའི་བར་ཆད་དུ་འགྱུར་གྱིས་། མ་ལ་བདག་གིས་དགག་དབྱེ་ལན་གཅིག་བཟླས་པས་དགག་དབྱེ་བྱའོ་སྙམ་ནས་། དེ་ལན་གཅིག་བཟླས་པའི་དགག་དབྱེས ༼༢༣༡ཨ༡༽ དགག་དབྱེ་བྱེད་ན་། དོན་དེ་ལ་དགག་དབྱེ་ལན་གཅིག་བཟླས་པ་ཡིན་ནོ་༎,不信天魔諸惡鬼(25)神。來至門所作如是言。沙門。汝等作不淨事(26)或唾諸床席。或上變下瀉又諸神等令諸苾(27)芻看鬼神等病。  苾芻作念。  若我三説隨意。現(28)有諸難。令我不安。由是佛言。開聽一説隨意(29)無犯。,. . .
8ee2e3c8b8ae4d1eab7e4b3f164344fb,"aparasminn artha ekavācikā pravāraṇā. yathāpi tad vihāro vyāḍādhyuṣite pradeśe pratiṣṭhāpito bhavati. anyatamena ca mahallena bālena mūḍhenāvyaktenākuśalenāpratirūpe pradeśa uccāraprasrāvaṃ kheṭaṃ śiṅghāṇakaṃ vāntaṃ viriktaṃ choritam aśucimrakṣitaṃ vā śayanāsanaṃ pravikṣiptam. vyāḍāḥ prakupitā gocare ’pi tiṣṭhanti gocaramārge ’pi caṅkrame ’pi meḍhyām api dvārakoṣṭhake ’pi. bhikṣūn apy āviśanti, mañcān api saṃparivartayanti.",དོན་གཞན་ལ་དགག་དབྱེ་ལན་གཅིག་བཟླས་པ་ནི་འདི་ལྟར་ཡང་གདུག་པ་གནས་པའི་ཕྱོགས་ཤིག་ཏུ་གཙུག་ལག་ཁང་བརྩིགས་ལ་། དེ་ན་རྒན་ཞུགས་མི་ཤེས་པ་། རྨོངས ༼༢༽ པ་། མི་གསལ་བ་། མི་མཁས་པ་གཞན་ཞིག་གིས་མི་རུང་བའི་ཕྱོགས་སུ་བཤང་བ་དང་། གཅི་བ་དང་། མཆིལ་མ་དང་། སྣབས་དང་། སྐྱུགས་པ་དང་། འཁྲུ་བ་དག་བོར་ཞིང་མི་གཙང་པས་སྦགས་པའི་གནས་མལ་བཞག་པས་གདུག་པ་ཁྲོས་ཏེ་སྤྱོད ༼༣༽ ཡུལ་ལམ་། སྤྱོད་ཡུལ་གྱི་ལམ་མམ་། འཆག་ས་འམ་། ཁྱམ་ས་འམ་། ཁྱམས་སམ་། སྒོ་ཁང་རྣམས་སུ་འདུག་ནས་ཀྱང་དགེ་སློང་རྣམས་ལ་འབབ་པར་བྱེད་། ཉལ་ཁྲི་དག་ཀྱང་སྒྱུར་བར་བྱེད་དོ་༎,若諸苾芻。惡獸住處作僧房舍。然於此(1047a1)處。或有老女及無智女。并童女等性不淨潔。(2)然諸苾芻汚諸床席。非法大小便。浣其弊衣(3)曬之。或令鬼神瞋恨。使諸毒害惡獸來損苾(4)芻所謂虎豹豺狼羆等。來至僧坊。或別房中。(5)垣牆食處乃至遍一切處。皆有諸難。,.
801a4244e4c84e3f8c47e6ee4da1a488,"tatra pravārakasya bhikṣor evaṃ bhavati. adya saṃghasya pravāraṇā pāṃcadaśikā. ayaṃ ca vihāro vyāḍādhyuṣite pradeśe pratiṣṭhāpitaḥ. anyatamena ca bālena mūḍhenāvyaktenākuśalena apratirūpe pradeśe uccāraprasrāvaṃ kheṭaṃ śiṅghāṇakaṃ vāntaṃ viriktaṃ choritam aśucimrakṣitaṃ vā śayanāsanaṃ pravikṣiptaṃ. vyāḍāḥ prakupitāḥ gocare ’pi tiṣṭhanti gocaramārge ’pi caṃkrame ’pi meḍhyām api dvārakoṣṭhake ’pi. bhikṣūn apy āviśaṃti, mañcān api saṃparivartayanti.",དེ་ན་དགག་དབྱེ་བྱེད་པའི་དགེ་སློང་འདི་སྙམ་དུ་སེམས་ཏེ་། དེང་དགེ་འདུན ༼༤༽ གྱི་དགག་དབྱེ་བཅོ་ལྔ་པ་ཡིན་ན་། གཙུག་ལག་ཁང་འདི་ཡང་གདུག་པ་གནས་པའི་ཕྱོགས་ཤིག་ཏུ་བརྩིགས་ལ་། རྒན་ཞུགས་མི་ཤེས་པ་། རྨོངས་པ་། མི་གསལ་བ་། མི་མཁས་པ་གཞན་ཞིག་གིས་མི་རུང་བའི་ཕྱོགས་སུ་བཤང་བ་དང་། གཅིབ་དང་། མཆིལ ༼༥༽ མ་དང་། སྣབས་དང་། སྐྱུགས་པ་དང་། འཁྲུ་བ་དག་བོར་ཞིང་མི་གཙང་བས་སྦགས་པའི་གནས་མལ་བཞག་པས་གདུག་པ་ཁྲོས་ནས་སྤྱོད་ཡུལ་ལམ་སྤྱོད་ཡུལ་གྱི་ལམ་མམ་། འཆག་སའམ་། ཁྱམས་སམ་། སྒོ་ཁང་རྣམས་སུ་འདུག་ནས་དགེ་སློང་དག ༼༦༽ ལ་འབབ་པར་བྱེད་། ཉལ་ཁྲི་དག་སྒྱུར་བར་བྱེད་ཀྱིས་།,No Chinese,.
8da19252eed5427290118e14687021fd,"ahaṃ cet trivācikayā pravāraṇayā pravārayeyaṃ, syān me atonidānaṃ jīvitāntarāyaḥ śrāmaṇyāntarāyo brahmacaryāntarāyaḥ. yanv aham (162) ekavācikayā (71v = GBM 6.725) pravāraṇayā pravārayeyaṃ. sa ekavācikayā pravāraṇayā pravārayati | asminn arthe ekavācikā pravāraṇā |  aparasminn arthe ekavācikā pravāraṇā. yathāpi tad vihāraḥ nāgādhyuṣite pradeśe pratiṣṭhāpito bhavati. anyatamena ca mahallena bālena mūḍhenāvyaktenākuśalena apratirūpe pradeśe uccāraprasrāvaṃ kheṭaṃ śiṅghāṇakaṃ vāntaṃ viriktaṃ choritaṃ aśucimrakṣitaṃ vā śayanāsanaṃ pravikṣiptaṃ. nāgāḥ prakupitāḥ gocare ’pi tiṣṭhaṃti gocaramārge ’pi caṃkrame ’pi meḍhyām api dvārakoṣṭhake ’pi. bhikṣūn apy āviśaṃti maṃcān api saṃparivartayanti.",གལ་ཏེ་བདག་གིས་དགག་དབྱེ་ལན་གསུམ་བཟླས་པས་དགག་དབྱེ་བྱས་ན་གཞི་དེས་བདག་གི་སྲོག་གི་བར་ཆད་དང་། དགེ་སྦྱོང་གི་ཚུལ་གྱི་བར་ཆད་དང་། ཚངས་པར་སྤྱོད་པའི་བར་ཆད་དུ་འགྱུར་གྱིས་། མ ༼༧༽ ལ་བདག་གིས་དགག་དབྱེ་ལན་གཅིག་བཟླས་པས་དགག་དབྱེ་བྱའོ་སྙམ་ནས་དེ་དགག་དབྱེ་ལན་གཅིག་བཟླས་པས་དགག་དབྱེ་བྱེད་ན་། དོན་དེ་ལ་དགག་དབྱེ་ལན་གཅིག་བཟླས་པ་ཡིན་ནོ་༎ དོན་གཞན་ལ་དགག་དབྱེ་ལན་གཅིག་བཟླས་པ་ནི་འདི་ལྟར་ཡང་ཀླུག་ནས ༼༢༣༡བ༡༽ པའི་ཕྱོགས་ཤིག་ཏུ་གཙུག་ལག་ཁང་བརྩིགས་ལ་། དེ་ན་རྒན་ཞུགས་མི་ཤེས་པ་། རྨོངས་པ་། མི་གསལ་བ་། མི་མཁས་པ་གཞན་ཞིག་གིས་མི་རུང་བའི་ཕྱོགས་སུ་བཤང་བ་དང་། གཅི་བ་དང་། མཆིལ་མ་དང་། སྣབས་དང་། སྐྱུགས་པ་དང་། ༼༢༽ འཁྲུ་བ་དག་བོར་ཞིང་མི་གཙང་བས་སྦགས་པའི་གནས་མལ་བཞག་པས་ཀླུ་ཁྲོས་ཏེ་སྤྱོད་ཡུལ་ལམ་། སྤྱོད་ཡུལ་གྱི་ལམ་མམ་། འཆག་ས་འམ་། ཁྱམས་སམ་། སྒོ་ཁང་དག་ཏུ་འདུག་ནས་དགེ་སློང་རྣམས་ལ་འབབ་པར་བྱེད་། ཉལ་ཁྲི་དག་ཀྱང་སྒྱུར་བར ༼༣༽ བྱེད་དོ་།,欲三説隨(6)意。恐有難來。聖開一説。  若有苾芻。近龍住處(7)而居止者。種種汚穢。或多唾涕。上變下瀉大(8)小便利。多諸不淨。令使龍瞋。或放諸毒虫傷(9)損苾芻。或龍自來告苾芻曰。汝於我處。多諸(10)不淨如上。非法之事,. .
0152b66869ca4460a920c02bfba5e374,tatra pravārakasya bhikṣor evaṃ bhavaty. adya saṃghasya pravāraṇā pāṃcadaśikā. ayaṃ ca vihāraḥ nāgādhyuṣite pradeśe pratiṣṭhāpitaḥ. anyatamena ca mahallena bālena mūḍhenāvyaktenākuśalena apratirūpe pradeśe uccāraprasrāvaṃ kheṭaṃ śiṅghāṇakaṃ vāntaṃ viriktaṃ choritam aśucimrakṣitaṃ vā śayanāsanaṃ pravikṣiptaṃ. nāgāḥ prakupitāḥ gocare ’pi tiṣṭhaṃti gocaramārge ’pi caṃkrame ’pi meḍhyām api dvārakoṣṭhake ’pi | bhikṣūn apy āviśaṃti | maṃcān api saṃparivartayaṃti.,དེ་ན་དགག་དབྱེ་བྱེད་པའི་དགེ་སློང་འདི་སྙམ་དུ་སེམས་ཏེ་། དེང་དགེ་འདུན་གྱི་དགག་དབྱེ་བཅོ་ལྔ་པ་ཡིན་ན་། གཙུག་ལག་ཁང་འདི་ཡང་ཀླུ་གནས་པའི་ཕྱོགས་གཅིག་ཏུ་བརྩིགས་ལ་། རྒན་ཞུགས་མི་ཤེས་པ་། རྨོངས་པ་། མི་གསལ་བ་། ༼༤༽ མི་མཁས་པ་གཞན་ཞིག་གིས་མི་རུང་བའི་ཕྱོགས་སུ་བཤང་བ་དང་། གཅི་བ་དང་། མཆིལ་མ་དང་། སྣབས་དང་། སྐྱུགས་པ་དང་། འཁྲུ་བ་དག་བོར་ལ་མི་གཙང་བས་སྦགས་པའི་གནས་མལ་བཞག་པས་ཀླུ་ཁྲོས་ཏེ་སྤྱོད་ཡུལ་ལམ་། སྤྱོད་ཡུལ་གྱི ༼༥༽ ལམ་མམ་། འཆག་ས་འམ་། ཁྱམས་སམ་། སྒོ་ཁང་དག་ཏུ་འདུག་ནས་དགེ་སློང་རྣམས་ལ་འབབ་པར་བྱེད་། ཉལ་ཁྲི་དག་ཀྱང་སྒྱུར་བར་བྱེད་དོ་།,苾芻作念。,.
8dcff90fccd74a8ea4df642c2e85c6d3,"ahaṃ cet trivācikayā pravāraṇayā pravārayeyaṃ, syān me atonidānaṃ jīvitāntarāyaḥ śrāmaṇyāntarāyo brahmacaryāntarāyaḥ. yanv aham ekavācikayā pravāraṇayā pravārayeyaṃ. sa ekavācikayā pravāraṇayā pravārayati | asminn arthe ekavācikā pravāraṇā.",གལ་ཏེ་བདག་གིས་དགག་དབྱེ་ལན་གསུམ་བཟླས་པས་དགག་དབྱེ་བྱས་ན་གཞི་དེས་བདག་གི ༼༦༽ སྲོག་གི་བར་ཆད་དང་། དགེ་སྦྱོང་གི་ཚུལ་གྱི་བར་ཆད་དང་། ཚངས་པར་སྤྱོད་པའི་བར་ཆད་དུ་འགྱུར་གྱིས་། མ་ལ་བདག་གིས་དགག་དབྱེ་ལན་གཅིག་བཟླས་པས་དགག་དབྱེ་བྱའོ་སྙམ་ནས་། དེ་དགག་དབྱེ་ལན་གཅིག་བཟླས་པས་དགག་དབྱེ་བྱེད་ན་། དོན་དེ ༼༧༽ ལ་དགག་དབྱེ་ལན་གཅིག་བཟླས་པ་ཡིན་ནོ་༎,我若三説隨(11)意。恐龍難等以是事故。聖開一説。,.
af3f72890adc4067a4ad44e55bf4d963,aparasminn arthe ekavācikā pravāraṇā. yathāpi tad vihāraḥ dāvamadhye pratiṣṭhāpito bhavati. agnir mukta ity agnir grāmanigamarājarāṣṭradhānīṃ dahaṃ paraiti. gocaram api dahati gocaramārgam api caṃkramam (163) api meḍhīm api dvārakoṣṭhakam api. vihāram api dahati vihārasāmantakam api.  tatra pravārakasya bhikṣor evaṃ bhavati | adya saṃghasya pravāraṇā pāṃcadaśikā : ayaṃ ca vihāro dāvamadhye pratiṣṭhāpitaḥ. agnir mukta ity agnir grāmanigamarājarāṣṭradhānīṃ dahaṃ paraiti. gocaram api dahati gocaramārgam api caṃkramam api meḍhīm api dvārakoṣṭhakam api. vihāram api dahati vihārasāmantakam api.,དོན་གཞན་ལ་དགག་དབྱེ་ལན་གཅིག་བཟླས་པ་ནི་འདི་ལྟར་ཡང་ནགས་ཁྲོད་ཞིག་ཏུ་གཙུག་ལག་ཁང་བརྩིགས་པ་དང་། མེ་ཤོར་བས་གྲོང་དང་། གྲོང་ཁྱེར་དང་། རྒྱལ་པོའི་ཕོ་བྲང་འཁོར་རྣམས་ཀྱང་སྲེག་ཅིང ༼༢༣༢ཨ༡༽ འོད་སྟེ་སྤྱོད་ཡུལ་དང་། སྤྱོད་ཡུལ་གྱི་ལམ་ཀ་ཡང་ཚིག་། འཆག་ས་དང་། ཁྱམས་སམ་། སྒོ་ཁང་ཡང་ཚིག་། གཙུག་ལག་ཁང་དང་། གཙུག་ལག་ཁང་གི་ཉེ་འཁོར་ཡང་ཚིག་ལ་ཐུག་ནས་། དེ་ན་དགེ་སློང་དགག་དབྱེ་བྱེད་པ་འདི་སྙམ་དུ ༼༢༽ སེམས་ཏེ་། དེང་དགེ་འདུན་གྱི་དགག་དབྱེ་བཅོ་ལྔ་པ་ཡིན་ན་། གཙུག་ལག་ཁང་འདི་ཡང་ནགས་ཁྲོད་ཞིག་ཏུ་བརྩིགས་ཏེ་མེ་ཤོར་བས་གྲོང་དང་། གྲོང་ཁྱེར་དང་། རྒྱལ་པོའི་ཕོ་བྲང་འཁོར་རྣམས་ཀྱང་སྲེག་ཅིང་འོང་སྟེ་སྤྱོད་ཡུལ་དང་། སྤྱོད་ཡུལ་གྱི་ལམ་ཀ་ཡང་ཚིག ༼༣༽ འཆག་ས་དང་། ཁྱམས་དང་། སྒོ་ཁང་རྣམས་ཀྱང་ཚིག་། གཙུག་ལག་ཁང་དང་། གཙུག་ལག་ཁང་གི་ཉེ་འཁོར་ཡང་ཚིག་ལ་ཐུག་པས་།,或一時對(12)説。若時僧坊近諸俗舍。苾芻欲隨意時。諸俗(13)家中忽然失火。其火漸漸逼近僧坊。  .,. .
4212942c4e704f7db0d0c3d1abf62fb7,"ahaṃ cet trivācikayā pravāraṇayā pravārayeyaṃ, syān me atonidānaṃ jīvitāntarāyaḥ śrāmaṇyāntarāyaḥ brahmacaryāntarāyaḥ. yanv aham ekavācikayā pravāraṇayā pravārayeyaṃ. sa ekavācikayā pravāraṇayā pravārayati. asminn arthe ekavācikā pravāraṇā ||",གལ་ཏེ་བདག་གིས་དགག་དབྱེ་ལན་གསུམ་བཟླས་པས་དགག་དབྱེ་བྱས་ན་གཞི་དེས་བདག་གི་སྲོག་གི་བར་ཆད་དང་། ༼༤༽ དགེ་སྦྱོང་གི་ཚུལ་གྱི་བར་ཆད་དང་། ཚངས་པར་སྤྱོད་པའི་བར་ཆད་དུ་འགྱུར་གྱིས་། མ་ལ་བདག་གིས་དགག་དབྱེ་ལན་གཅིག་བཟླས་པས་དགག་དབྱེ་བྱའོ་སྙམ་ནས་། དེ་དགག་དབྱེ་ལན་གཅིག་བཟླས་པས་དགག་དབྱེ་བྱེད་ན་། དོན་དེ་ལ་དགག་དབྱེ་ལན་གཅིག་བཟླས་པ ༼༥༽ ཡིན་ནོ་༎ ༎ འདུལ་བ་གཞི་། བམ་པོ་བཅུ་དགུ་པ་།,或恐失(14)命。梵行等難或損衣鉢等。若三説隨意。恐火(15)將近。以是故開一説隨意。或一時對説隨意(16)不犯。,.
359501160d8e48fa858db2b68de055c2,aparasminn arthe ekavācikā pravāraṇā. yathāpi tad vihāraḥ anūpamadhye pratiṣṭhāpito bhavati | upari parvatasaṃkṣepe sthūlabinduko devo varṣaṃ grāmanigamarājarāṣṭradhānīṃ vahaṃ paraiti. gocaram api vahati | gocaramārgam api caṃkramam api meḍhīm api dvārakoṣṭhakam api. vihāram api saṃsvedayati.,དོན་གཞན་ལ་དགག་དབྱེ་ལན་གཅིག་བཟླས་པ་ནི་འདི་ལྟར་ཡང་གཤོང་ཞིག་ཏུ་གཙུག་ལག་ཁང་བརྩིགས་པ་དང་། རི་གཟར་པོའི་ཁར་ཆར་མོ་ཆེ་བབ་པས་གྲོང་དང་། གྲོང་ཁྱེར་དང་། ཡུལ ༼༦༽ འཁོར་དང་། རྒྱལ་པོའི་ཕོ་བྲང་འཁོར་ཡང་དེད་ཅིང་འོང་སྟེ་། སྤྱོད་ཡུལ་དང་། སྤྱོད་ཡུལ་གྱི་ལམ་དང་། འཆགས་དང་། ཁྱམས་དང་། སྒོ་ཁང་ཡང་དེད་ལ་ཐུག་། གསུག་ལག་ཁང་ཡང་གཤེར་བར་གྱུར་པ་དང་།,若僧伽住處。近大山谷。隨意時。天降大(17)雨。水漲&T023738;汎諸王宅舍村林園樹。漸逼僧坊。,.
82713f15a92948ba9fbf94446f6d4aa8,tatra pravārakasya bhikṣor evaṃ bhavaty. adya saṃghasya pravāraṇā pāṃcadaśikā. ayaṃ vihāro ’nūpamadhye pratiṣṭhāpitaḥ. upari parvatasaṃkṣepe sthūlabinduko devo varṣaṃ grāmanigamarājarāṣṭradhānīṃ vahan paraiti. gocaram api vahati gocaramārgam api caṃkramam api meḍhīm api dvārakoṣṭhakam api. (72r = GBM 6.726) vihāram api saṃsvedayati.,དེ་ན་དགག་དབྱེ་བྱེད་པའི་དགེ་སློང་འདི་སྙམ་དུ་སེམས ༼༧༽ ཏེ་། དེང་དགེ་འདུན་གྱི་དགག་དབྱེ་བཅོ་ལྔ་པ་ཡིན་ན་། གཙུག་ལག་ཁང་འདི་ཡང་གཤོང་ཞིག་ཏུ་བརྩིགས་ཏེ་། རི་གཟར་པོའི་ཁར་ཆར་མོ་ཆེ་བབ་པས་གྲོང་དང་། གྲོང་ཁྱེར་དང་། ཡུལ་འཁོར་དང་། རྒྱལ་པོའི་ཕོ་བྲང་འཁོར་ཡང་དེང་ཅིང་འོང་སྟེ་། སྤྱོད་ཡུལ་དང ༼༢༣༢བ༡༽ སྤྱོད་ཡུལ་གྱི་ལམ་དང་། འཆག་ས་དང་། ཁྱམས་དང་། སྒོ་ཁང་ཡང་དེད་ལ་ཐུག་། གཙུག་ལག་ཁང་ཡང་གཤེར་བར་གྱུར་པས་།,No Chinese,.
63193dc72edc4ebd8485f4d7a02a7474,"ahaṃ cet trivācikayā pravāraṇayā pravārayeyaṃ, syān me atonidānaṃ jīvitāntarāyaḥ śrāmaṇyāntarāyo brahmacaryāntarāyaḥ. yanv aham ekavācikayā pravāraṇayā pravārayeyaṃ. sa ekavācikayā pravāraṇayā pravārayati. asminn arthe ekavācikā pravāraṇā |",གལ་ཏེ་བདག་གིས་དགག་དབྱེ་ལན་གསུམ་བཟླས་པས་དགག་དབྱེ་བྱས་ན་གཞི་དེས་བདག་གི་སྲོག་གི་བར་ཆད་དང་། དགེ ༼༢༽ སྦྱོང་གི་ཚུལ་གྱི་བར་ཆད་དང་། ཚངས་པར་སྤྱོད་པའི་བར་ཆད་དུ་འགྱུར་གྱིས་། མ་ལ་བདག་གིས་དགག་དབྱེ་ལན་གཅིག་བཟླས་པས་དགག་དབྱེ་བྱའོ་སྙམ་ནས་། དེ་དགག་དབྱེ་ལན་གཅིག་བཟླས་པས་དགག་དབྱེ་བྱེད་ན་། དོན་དེ་ལ་དགག་དབྱེ་ལན་གཅིག་བཟླས ༼༣༽ པ་ཡིན་ནོ་༎,(18)若三説者。恐諸苾芻命難衣鉢等難。以是義(19)故。聖開一説。或一時對説。,.
c53f151bfb5a4c02afa2e399bfd5005d,kasminn arthe dvivācikā pravāraṇā. yatra tṛtīyāyāṃ vācy avakāśo na bhavati | tatra dvivācikayā pravāraṇayā pravārayati | asminn arthe dvivācikā pravāraṇā |,དོན་གང་གི་ཕྱིར་དགག་དབྱེ་ལན་གཉིས་བཟླས་པ་ཡིན་ཞེ་ན་། གང་ལ་དགག་དབྱེ་ལན་གསུམ་བཟླས་པའི་སྐབས་མེད་པར་གྱུར་ན་། དོན་དེ་ལ་དགག་དབྱེ་ལན་གཉིས་བཟླས་པ་ཡིན་ནོ་༎,No Chinese,.
5001a6b1fe0347f9952cd5558eb93d0d,kasminn arthe trivācikā pravāraṇā. samāvasthāyāḥ.,དོན་གང་ལ་དགག་དབྱེ་ལན་གསུམ་བཟླས་པ་ཡིན་ཞེ་ན་། རྣལ ༼༤༽ དུ་གནས་པའི་གནས་སྐབས་ནའོ་༎,No Chinese,.
8cb5f10fade24b5791bf9eaa5abe998d,kasminn arthe gaṇapravāraṇā. yathāpi tad bhayaṃ bhavati | aṭavīṃ saṃkṣobhāś cakrasamārūḍhā janapadās tena te ’nvāhiṇḍanti. tatra bhikṣubhir cīvaravisikāsu cīvaraṃ ca kuṇḍīṃ baddhvā anyonyam avalokya prakramitavyaṃ. adyāyuṣmantaḥ saṃghasya pravāraṇā pāṃcadaśikā | yadā saṃghasāmagrīṃ lapsyāmaḥ tadā pravārayiṣyāmaḥ. asminn arthe gaṇapravāraṇā.,དོན་གང་ལ་ཚོགས་ཀྱི་དགག་དབྱེ་བྱ་ཞེ་ན་། འདི་ལྟར་ཡང་དགོན་པ་འཁྲུགས་པའི་དམག་གི་འཇིགས་པ་བྱུང་ནས་། ཡུལ་མི་རྣམས་ཀྱང་དེ་དང་དེ་དག་ཏུ་བྲོས་སོ་༎ དེ་ནས་དགེ་སློང་རྣམས་ཀྱང་གཏུར་བུ་དག་ཏུ་ཆོས་གོས་རྣམས་ཐུམ་པོ་བྱས ༼༥༽ ཏེ་ཐོགས་ནས་ཕན་ཚུན་བལྟས་ཏེ་། ཚེ་དང་ལྡན་པ་དག་དེང་དགེ་འདུན་གྱི་དགག་དབྱེ་བཅོ་ལྔ་པ་ཡིན་མོད་ཀྱི་། གང་གི་ཚེ་དགེ་འདུན་མཐུན་པ་རྙེད་པ་དེའི་ཚེ་དགག་དབྱེ་བྱའོ་ཞེས་བརྗོད་ནས་འདོང་བར་བྱ་སྟེ་། དོན་དེ་ལ་ཚོགས་ཀྱི་དགག་དབྱེ་ཞེས་བྱའོ་༎,若苾芻住處。在於(20)曠野遠處。恐怖難起畏損命等。諸苾芻各相(21)報曰。今十五日。是隨意時。我等既有急迫難(22)來。不得隨意。任情散去。後當如法作隨意事。(23)若有如是等縁來至。一時急起。並皆無犯,.
7e983c086a2a45db8b2fc7a2b9624dce,"āyuṣmān upālī buddhaṃ bhagavantaṃ pṛcchati. yathāpi tad bhadaṃta bhikṣava idam evaṃrūpaṃ kṛyākāraṃ kṛtvā varṣāṃ upagacchaṃti | yasyāsmākam āyuṣmanto ’ntarvarṣe jñātir āgacched, dātavyā pravāraṇā : deyā bhadanta pravāraṇā na deyā. deyā upāliṃ |2",སངས་རྒྱས་བཅོམ ༼༦༽ ལྡན་འདས་ལ་ཚེ་དང་ལྡན་པ་ཉེ་བ་འཁོར་གྱིས་ཞུས་པ་། བཙུན་པ་འདི་ལྟར་ཡང་དགེ་སློང་རྣམས་ཀྱིས་འདི་ལྟ་བུའི་ཁྲིམས་སུ་བཅའ་བ་དག་བགྱིས་ནས་དབྱར་གནས་ཏེ་། ཚེ་དང་ལྡན་པ་དག་བདག་ཅག་གི་ནང་ན་སུ་ཡང་རུང་དབྱར་གྱི་ནང་ལོགས་སུ་ཉེ་དུ་དག་འོངས་ན་དགག ༼༧༽ དབྱེ་སྦྱིན་པར་བྱའོ་ཞེས་མཆི་ན་། བཙུན་པ་དགག་དབྱེ་སྩལ་བར་བགྱི་འམ་། མི་སྩལ་བར་བགྱི་། ཉེ་བ་འཁོར་བྱིན་ཅིག་།,(24)具壽鄔波離白佛言。若有衆多苾芻。共作安(25)居。或時未滿。欲餘處遊行。便即隨意得不。佛(26)言不得。,ཅནཅེལིང་ཐེ་པྲབཱ༹རངཱ་བེཅཽསེ་ཨོཕ༹་ཨབསེནཅེ
3d4821371eb34b82b44093df3b8a4fba,,-,若言我今且停隨意。後當餘處隨意。(27)諸苾芻應報言。具壽。我等此處安居。不應餘(28)處隨意及停隨意。佛令我等如法安居滿已。(29)後當如法清淨隨意。,.
c3484626a5ed46228fc7d26d5f95b505,,-,若苾芻言。我有縁去。應(1047b1)可爲我隨意及停隨意。待彼作者得不。佛言。(2)鄔波離。此不成隨意。彼應報言。我本不合相(3)囑隨意及停隨意。待候安居了。佛聽我等安(4)居滿已。然後如法清淨隨意。不聽我等不如(5)法隨意。佛言。鄔波離。如上所説。不依行者若(6)作非法。皆得惡作。,.
2a4cee7831f94ed9a7d5513781356208,"saced vastuṃ sthāpayet* na pudgalaṃ, deyā pravāraṇā na deyā. nopāliṃ. sa idaṃ syād vacanīyaḥ. na vayam āyuṣmann ityarthaṃ sanniṣaṇṇāḥ sannipatitāḥ. kasmād āyuṣmaṃ vastuṃ sthāpayer na pudgalaṃ. api tv ātmaviśuddhyarthaṃ pravāraṇā uktā bhagavatā. saced ākāṃkṣasi, pravāraya.",ཅི་སྟེ་དངོས་པོ་བཞག་ལ་གང་ཟག་མ་ལགས་ན་དགག་དབྱེ་སྩལ་བར་བགྱིའམ་། མི་སྩལ་བར་བགྱི་། ཉེ་བ་འཁོར་མ་སྦྱིན་པར་དེ་ལ་ཚིག ༼༢༣༣ཨ༡༽ འདི་སྐད་ཅེས་། ཚེ་དང་ལྡན་པ་བདག་ཅག་དོན་འདི་ལ་འདུས་ཤིང་མཐུན་པར་གྱུར་པ་ནི་མ་ཡིན་ན་། ཚེ་དང་ལྡན་པ་ཅིའི་ཕྱིར་དངོས་པོ་བཞག་སྟེ་གང་ཟག་མ་ཡིན་། འོན་ཀྱང་བདག་ཉིད་ཤིན་ཏུ་རྣན་པར་དག་པར་བྱ་བའི་ཕྱིར་དགག་དབྱེ་བྱོས་ཤིག་ཅེས་བཅོམ ༼༢༽ ལྡན་འདས་ཀྱིས་བཀའ་སྩལ་གྱིས་། གལ་ཏེ་འདོད་ན་ནི་འདུག་ལ་དགག་དབྱེ་བྱའོ་ཞེས་སྨྲོས་ཤིག་།,No Chinese,པྲབཱ༹རངཱ་ཨོནལཡ་ཨིན་ཐེ་ཅོམཔླེཏེ་ཨནད་པུརེ་ཅོངྲེཨགཏིཨོན
59073e9240d4428e83bfbc8d172f9999,"sacet pudgalaṃ sthāpayati na vastuṃ | deyā pravāraṇā na deyā | nopāliṃ | sa idaṃ syād vacanīyaḥ. na vayam āyuṣmann ityarthaṃ sanniṣaṇṇāḥ sannipatitāḥ. kasmād āyuṣmaṃ pudgalaṃ sthāpayer na vastum. api tv ātmaviśuddhyarthaṃ pravāraṇā uktā bhagavatā. saced ākāṃkṣasi, pravāraya :",གལ་ཏེ་གང་ཟག་བཞག་ལ་དངོས་པོ་མ་ལགས་ན་། དགག་དབྱེ་སྩལ་བར་བགྱིའམ་། མི་སྩལ་བར་བགྱི་། ཉེ་བ་འཁོར་མ་སྦྱིན་པར་དེ་ལ་ཚིག་འདི་སྐད་ཅེས་། ༼༣༽ ཚེ་དང་ལྡན་པ་བདག་ཅག་དོན་འདི་ལ་འདུས་ཤིང་མཐུན་པར་གྱུར་པ་ནི་མ་ཡིན་ན་། ཚེ་དང་ལྡན་པ་ཅིའི་ཕྱིར་གང་ཟག་བཞག་སྟེ་དངོས་པོ་མ་ཡིན་། འོན་ཀྱང་བདག་ཉིད་ཤིན་ཏུ་རྣམ་པར་དག་པར་བྱ་བའི་ཕྱིར་དགག་དབྱེ་བྱོས་ཤིག་ཅེས་བཅོམ་ལྡན་འདས་ཀྱིས་བཀའ་སྩལ ༼༤༽ གྱིས་། གལ་ཏེ་འདོད་ན་ནི་འདུག་ལ་དགག་དབྱེ་བྱའོ་ཞེས་སྨྲོས་ཤིག་།,No Chinese,.
80a9202f95154a42b5971dfb4c1f93e6,"saced vastuṃ sthāpayati pudgalaṃ ca, deyā pravāraṇā na deyā. nopāliṃ. sa idaṃ syād vacanīyaḥ ...",གལ་ཏེ་དངོས་པོ་དང་གང་ཟག་བཞག་ན་དགག་དབྱེ་སྩལ་བར་བགྱིའམ་། མི་སྩལ་བར་བགྱི་། ཉེ་བ་འཁོར་མ་སྦྱིན་པར་ཚེ་དང་ལྡན་པ་བདག་ཅག་དོན་འདིལ་འདུས་ཤིང་མཐུན་པར་གྱུར་པ ༼༥༽ ནི་མ་ཡིན་ན་། ཚེ་དང་ལྡན་པ་ཅིའི་ཕྱིར་གང་ཟག་དང་དངོས་པོ་བཞག་སྟེ་མ་ཡིན་། འོན་ཀྱང་བདག་ཉིད་ཤིན་ཏུ་རྣམ་པར་དག་པར་བྱ་བའི་ཕྱིར་དགག་དབྱེ་བྱོས་ཤིག་ཅེས་བཅོམ་ལྔན་འདས་ཀྱིས་བཀའ་སྩལ་གྱིས་། གལ་ཏེ་འདོད་ན་འདུག་ལ་དགག་དབྱེ་བྱའོ་ཞེས་། ༼༦༽ སྨྲོས་ཤིག་།,No Chinese,.
0cd00ca2a39d433f89013f0196e2289e,... etān ākārān sthāpayitvā : || ||,གལ་ཏེ་དངོས་པོ་དང་གང་ཟག་མ་བཞག་ན་དགག་དབྱེ་སྩལ་བར་བགྱིའམ་། མི་སྩལ་པར་བགྱི་། ཉེ་བ་འཁོར་བྱིན་ཅིག་༎,No Chinese,.
7f98399fe5384cc699613ad364a0128a,uddānam* ||bhikṣuṃ ca rājā gṛhṇāti smarec ca daśikābhiś ca |āpattyāḥ saptikāṃ kuryāc codanāṃ hi ca saptakāṃ || ||,སྡོམ་ལ་།རྒྱལ་པོས་དགེ་སློང་བཟུང་བ་དང་༎དྲན་པར་བྱ་བ་བཅུ་པོ་དང་༎ལྟུང་བས་བདུན་པོ་བྱ་བ་དང་༎གླེང ༼༧༽ བ་ཡིས་ནི་བདུན་པོའོ་༎,No Chinese,ཨཱུདདཱན ༥
b945d93f3a9d449e953a9266b72e8c65,"yathāpi tat tad eva pravāraṇāyāṃ paṃcadaśyāṃ bhikṣū rājñā gṛhīto bhavati corair vā dhūrtair vā vadhakaiḥ pratyarthibhiḥ pratyamitraiḥ. tasya bhikṣubhir dūto ’nupreṣayitavyaḥ. muṃcainaṃ bhikṣuṃ. sabrahmacāry eṣo ’smākaṃ. sacen muṃcatīty evaṃ kuśalaṃ. no cen muṃcati, dvitīyo dūto ’nupreṣayitavyaḥ | muṃcainaṃ bhikṣum. asty asmākam anena sārdhaṃ kiṃcid eva karaṇīyaṃ. sacen muṃcatīty evaṃ kuśalaṃ. no cen muṃcati, bhikṣubhir maṇḍalakaṃ gatvā pravārayitavyaṃ. tataḥ paścād dvitīye divase tasya bhikṣor mokṣāyodyuñjitavyaṃ. saced udyuñjantīty evaṃ kuśalaṃ. no ced udyuṃjanti sātisārā bhavaṃti.",འདི་ལྟར་ཡང་དགག་དབྱེ་བཅོ་ལྔ་པ་དེ་ཉིད་ལ་དགེ་སློང་རྒྱལ་པོ་འམ་། ཆོམ་རྐུན་ནམ་། གཡོན་ཅན་ནམ་། གསོན་པའམ་། ཕྱིར་རྒོལ་བའམ་། ཕས་ཀྱི་དགྲ་བོས་བཟུང་བར་གྱུར་ན་། དེ་ལ་དགེ་སློང་དག་གིས་ཕོ་ཉ་གཏང་བར་བྱ ༼༢༣༣བ༡༽ སྟེ་། དགེ་སློང་འདི་བདག་ཅག་གི་ཚངས་པ་མཚུངས་པར་སྤྱོད་པ་ཡིན་གྱིས་འདི་ཐོང་ཤིག་ཅེས་སྤྲིང་ཤིག་། གལ་ཏེ་བཏང་ན་ལེགས་། ཅི་སྟེ་མ་བཏང་ན་ཕོ་ཉ་གཉིས་པ་གཏང་བར་བྱ་སྟེ་། དགེ་སློང་འདི་བདག་ཅག་རྣམས་དང་ལྷན་ཅིག་ཏུ་བགྱི་བ་ཅུང་ཞིག་མཆིས་ཀྱིས ༼༢༽ འདི་ཐོང་ཤིག་ཅེས་སྤྲིང་ཤིག་། གལ་ཏེ་བཏང་ན་ལེགས་། ཅི་སྟེ་མ་བཏང་ན་དགེ་སློང་རྣམས་དཀྱིལ་འཁོར་གྱི་ནང་དུ་ཞུགས་ལ་དགག་དབྱེ་བྱའོ་༎ དེའི་འོག་ཏུ་ཕྱི་དེ་ཉིན་པར་ནས་དགེ་སློང་དེ་ཐར་པར་བྱ་བའི་ཕྱིར་བརྩོན་པར་བྱའོ་༎ གལ་ཏེ་བརྩོན་པར་བྱས་ན་ལེགས་། ༼༣༽ ཅི་སྟེ་བརྩོན་པར་མ་བྱས་ན་འགལ་ཚབས་ཅན་དུ་འགྱུར་རོ་༎,若苾芻至十五日隨意時。(7)忽被王捉若大臣捉。或被賊捉或怨家捉。彼(8)苾芻衆應遣信報言。暫放此苾芻來。有少事(9)縁。彼若放者善。若不放者。應就小界而爲隨(10)意。彼被捉苾芻。後時得脱。應更隨意。若不爾(11)者。得越法罪。,.
3e3ffb7a543c4d3dbd5bcedf487d920a,yathāpi tat tad eva pravāraṇāyāṃ paṃcadaśyāṃ bhikṣur āpattiṃ smarati. tena bhikṣuṇā sāpattir bhikṣoḥ purastād yathādharmaṃ pratikartavyā : tataḥ paścāt pravārayitavyaṃ. evaṃ hi pravārayitavyaṃ. na tv evāhaṃ pravāraṇāyā antarāyaṃ vadāmi | pūrvavad yāvad yathā poṣadhavastuny evaṃ vistareṇa daśikā kartavyā |,འདི་ལྟར་ཡང་དགག་དབྱེ་བཅོ་ལྔ་པ་དེ་ཉིད་ལ་དགེ་སློང་གིས་ལྟུང་བ་དྲན་ན་། དགེ་སློང་དེས་ལྟུང་བ་དེ་དགེ་སློང་གི་མདུན་དུ་ཆོས་བཞིན་དུ་གྱིས་ལ་དེའི་འོག་ཏུ་དགག་དབྱེ་བྱའོ་༎ དགག་དབྱེ་ནི་འདི་ལྟར་བྱ་སྟེ་། ༼༤༽ ངས་དགག་དབྱེའི་བར་ཆད་དུ་འགྱུར་བ་མི་སྨྲས་ཞེས་བྱ་བ་སྔར་གསོ་སྦྱོང་གི་གཞིར་ཇི་སྐད་བསྟན་པ་བཞིན་བཅུ་ཚན་རྒྱས་པར་བྱའོ་༎,若苾芻至隨意時。若憶知有罪。(12)應於餘處苾芻所作説悔法。方可作隨意。若(13)不説罪。作隨意者。不成隨意。如長淨法中廣(14)説。於十事中亦廣説。,.
a2f8c38bfe164f43b81a63f9e9dc78f7,yathāpi tat tad eva pravāraṇāyāṃ paṃcadaśyāṃ bhikṣur āpattiṃ pratijānāti.,འདི་ལྟར་ཡང་དགག་དབྱེ་བཅོ་ལྔ་པ་དེ་ཉིད་ལ་དགེ་སློང་གིས་ལྟུང་བ་ཤེས་ལ,若至隨意時。苾芻憶知(15)有罪。欲説悔者。,.
c4b6eef4db80461686184f9135d215da,sacet pārājikāṃ pratijānāti | nāśayitvā pravārayitavyaṃ.,ཅི་སྟེ་ཕས་པམ་པ་བྱུང་བར་ཤེས་ན་བསྐྲད་ལ་དགག་དབྱེ་བྱའོ་༎,若是波羅市迦罪。衆應擯出(16)然後隨意。,.
76961c9cac5f4c5e9c005ea359656176,"sacet saṃghāvaśeṣāṃ pratijānāti, adhiṣṭhāya pravārayitavyaṃ.",༼༥༽ གལ་ཏེ་དགེ་འདུན་ལྷག་མ་བྱུང་བར་ཤེས་ན་བྱིན་གྱིས་བརླབས་ནས་དགག་དབྱེ་བྱའོ་༎,有犯僧伽伐尸沙罪者。應且置是(17)罪。先隨意已後當治罪。,.
f922dd09a92c46d08b816823796291ec,sacet pāyantikāṃ pratideśanīyāṃ (72v = GBM 6.727) duṣkṛtāṃ pratijānāti | deśayitvā pravārayitavyaṃ.,གལ་ཏེ་ལྟུང་བྱེད་དང་། སོ་སོར་བཤགས་པ་དང་། ཉེས་བྱས་དག་བྱུང་བར་ཤེས་ན་བཤམས་ནས་དགག་དབྱེ་བྱའོ་༎,若波逸底迦。波羅底(18)提舍尼。及突色訖里多者。先應説悔後作隨(19)意。,.
765d0458b9ea41e4abfe9399fd0444ec,"yathāpi tat tad eva pravāraṇāyāṃ pañcadaśyāṃ vastv aviditaṃ bhavati. kecin niravaśeṣasaṃjñinaḥ, kecit sāvaśeṣasaṃjñinaḥ. tatra ye niravaśeṣasaṃjñinas tair nāśayitvā pravārayitavyaṃ. ye sāvaśeṣasaṃjñinas tair adhiṣṭhāya pravārayitavyaṃ |",འདི་ལྟར་ཡང་དགག་དབྱེ་བཅོ་ལྔ་པ་དེ་ཉིད་ལ་དངོས་པོ་མངེས ༼༦༽ པར་གྱུར་ནས་། ཁ་ཅིག་ནི་ལྷག་མ་མེད་པར་འདུ་ཤེས་ལ་། ཁ་ཅིག་ནི་ལྷག་མ་དང་བཅས་པར་འདུ་ཤེས་ན་དེ་ལ་གང་དག་ལྷག་མ་མེད་པར་འདུ་ཤེས་པ་དེ་དག་གིས་ནི་བསྐྲང་ནས་དགག་དབྱེ་བྱའོ་༎ གང་དག་ལྷག་མ་དང་བཅས་པར་འདུ་ཤེས་པ་དེ་དག་གིས་ནི་བྱིན་གྱིས་རློབ་ཏུ ༼༧༽ བཅུག་ནས་དགག་དབྱེ་བྱའོ་༎,若苾芻至隨意時。於他勝罪而生疑惑。或(20)有不是他勝。若犯他勝。不共住者。不成苾芻。(21)若不是不共住等。應且住然後隨意。,.
7e741eb6dc0d41b28cd1a802cc5f52e0,yathāpi tat tad eva pravāraṇāyāṃ paṃcadaśyām āpattir aviniścitā bhavati | kecid deśanākaraṇīyam ity āhuḥ | kecit saṃvaraṇīyam ity āhuḥ | tatra ye deśanākaraṇīyam ity āhuḥ tair deśayitvā pravārayitavyam. ye saṃvaraṇīyam ity āhuḥ tais saṃvaraṇaṃ kṛtvā pravārayitavyaṃ |,འདི་ལྟར་ཡང་དགག་དབྱེ་བཅོ་ལྔ་པ་དེ་ཉིད་ལ་ལྟུང་བ་མ་ངེས་ཏེ་། དེ་ལ་ཁ་ཅིག་ནི་བཤམས་པར་བྱའོ་ཞེས་ཟེར་། ཁ་ཅིག་ནི་བསྔམ་པར་བྱའོ་ཞེས་ཟེར་ན་། དེ་ལ་གང་དག་བཤགས་པར་བྱའོ་ཞེས་ཟེར་བ་དེ་དག་གིས་ནི་འཆགས་སུ་བཅུག་ནས ༼༢༣༤ཨ༡༽ དགག་དབྱེ་བྱའོ་༎ གང་དག་བསྔམ་པར་བྱའོ་ཞེས་ཟེར་བ་དེ་དག་གིས་ནི་བསྔམ་པ་བྱེད་དུ་བཅུག་ནས་དགག་དབྱེ་བྱའོ་༎,若隨意(22)時。有苾芻。或有説罪。若有羯磨1其出説罪(23)者。應先説罪。後當隨意。其有羯磨出者。應先(24)羯磨後方隨意。,.
ee8df9969f474d039a83e7c2a7818dba,yathāpi tat tad eva pravāraṇāyāṃ paṃcadaśyāṃ bhikṣur bhikṣuṃ codayati. sacec codakaḥ na kāyena saṃvṛto bhavati na vācā | evaṃrūpaṃ codakaṃ āmardayitvā pramardayitvā pravārayitavyaṃ |,འདི་ལྟར་ཡང་དགག་དབྱེ་བཅོ་ལྔ་པ་དེ་ཉིད་ལ་དགེ་སློང་གིས་དགེ་སློང་ལ་གླེང་བར་བྱེད་ལ་། གལ་ཏེ་གླེང་བ་པོ་ལུས་དང་ངག་མ་བསྡམས ༼༢༽ པར་གྱུར་ན་། དེ་ལྟ་བུའི་གླེང་བ་པོ་ལ་བསྒོ་ཞིང་རབ་ཏུ་བསྒོ་ནས་དགག་དབྱེ་བྱའོ་༎,若隨意時。或有苾芻。自相謂(25)曰。汝身有罪其擧罪苾芻不善身口意者。不(26)應須語且爲隨意。,ཅོནདིཏིཨོནས་ཕོ༹ར་ཐེ་ཇུསཏ་ཨཅཅུསཏིཨོན ༼ཅོདནཱ༽ ཨོཕ༹་ཨ་བྷིཀṣཨུ་ཨནད་ཨེསྟབླིཤིང་ཐེ་ཏྲུཐ་ཨོཕ༹་ཐེ་ཅསེ་ཅླེཨར
665af0012eae48c0804fa2551bb1ae8e,sacec codakaḥ kāyena saṃvṛto bhavati na vācā : evaṃrūpam api codakam āmardayitvā pramardayitvā pravārayitavyaṃ |,གལ་ཏེ་གླེང་བ་པོ་ལུས་ཀྱིས་བསྡམས་ལ་ངག་གིས་མ་ཡིན་པར་གྱུར་ན་། དེ་ལྟ་བུའི་གླེང་བ་པོ་ལ་ཡང་བསྒོ་ཞིང་རབ་ཏུ་བསྒོ་ནས་དགག་དབྱེ་བྱའོ་༎,若隨意時。有苾芻擧罪者。(27)應先觀此人護身口意不。若此人身善口不善(28)者。不應用語。應當隨意。,.
dc33523e542f4af8b1627936ea2e088a,"sacec codakaḥ vācā saṃvṛto bhavati na kāyena, evaṃrūpam api codakam āmardayitvā pramardayitvā pravārayitavyaṃ.",གལ་ཏེ་གླེང་བ་པོ་ངག་གིས་བསྡམས ༼༣༽ ལ་ལུས་ཀྱིས་མ་ཡིན་པར་གྱུར་ན་། དེ་ལྟ་བུའི་གླེང་བ་པོ་ལ་ཡང་བསྒོ་ཞིང་རབ་ཏུ་བསྒོ་ནས་དགག་དབྱེ་བྱའོ་༎,若能善護口於身不(29)善者。亦不應用語。,.
8535a80cfdbc4f21adf39e9fa8ca11d1,"sacec codakaḥ kāyena saṃvṛto bhavati vācā ca, na sūtradharo na vinayadharo na mātṛkādhara, evaṃrūpaṃ codakam ājñapayitvā saṃjñapayitvā pravārayitavyaṃ |",གལ་ཏེ་གླེང་བ་པོ་ལུས་དང་ངག་གིས་བསྡམས་པར་གྱུར་ལ་དམོ་སྡེ་མི་འཛིན་། འདུལ་བ་མི་འཛིན་། མ་མོ་མི་འཛིན་པ་ཡིན་ན་། དེ་ལྟ་བུའི་གླེང་བ་པོ་ལ་བརྡ ༼༤༽ སྦྲད་ཅིང་ཡང་དག་པར་བརྡ་སྤྲད་ནས་དགག་དབྱེ་བྱའོ་༎,雖善護身口。而不閑三藏(1047c1)者。亦不應用語。且爲隨意。,.
452dbb4f5fff42fbb3e4413ad095fa30,"sacec codakaḥ kāyena saṃvṛto bhavati vācā ca, sūtradharo vinayadharo mātṛkādharaḥ, na sūtravyakto na vinayavyaktaḥ na mātṛkāvyakto, evaṃrūpam api codakam ājñāpayitvā saṃjñāpayitvā pravārayitavyam.",གལ་ཏེ་གླེང་བ་པོ་ལུས་དང་ག་གིས་བསྡམས་ལ་མདོ་སྡེ་འཛིན་པ་། འདུལ་བ་འཛིན་པ་། མ་མོ་འཛིན་པར་གྱུར་ལ་། མདོ་སྡེ་ལ་གསལ་བ་མ་ཡིན་། འདུལ་བ་ལགས་ལ་བམ་ཡིན་། མ་མོ་ལ་གསལ་བ་མ་ཡིན ༼༥༽ ན་། དེ་ལྟ་བུའི་གླེང་བ་པོ་ལ་ཡང་བརྡ་སྤྲད་ཅིང་ཡང་དག་པར་བརྡ་སྤྲད་ནས་དགག་དབྱེ་བྱའོ་༎,若隨意時。或有擧(2)罪苾芻。而善護身口。雖學三藏。不知深義。亦(3)不曉了。應告彼云。審諦觀察然後與我如法(4)除罪應爲隨意。,.
dd66315a187b46bfa5e3d8308c554b0c,"sacec codakaḥ kāyena saṃvṛto bhavati vācā ca, sūtradharo vinayadharo mātṛkādharo, sūtravyakto vinayavyakto mātṛkāvyakto, na sūtrakovido na vinayakovido na mātṛkākovidaḥ, evaṃrūpam api codakam ājñapayitvā saṃjñapayitvā pravārayitavyaṃ |",གལ་ཏེ་གླེང་བ་པོ་ལུས་དང་ངག་གིས་བསྡམས་ཤིང་མདོ་སྡེ་འཛིན་པ་། འདུལ་བ་འཛིན་པ་། མ་མོ་འཛིན་པ་། མདོ་སྡེ་ལ་གསལ་བ་། འདུལ་བ་ལ་གསལ་བ་། མ་མོ་ལ ༼༦༽ གསལ་བ་ཡིན་ལ་། མདོ་སྡེ་ལ་མི་གཟོ་། འདུལ་བ་ལ་མི་གཟོ་། མ་མོ་ལ་མི་གཟོ་བ་ཡིན་ན་། དེ་ལྟ་བུའི་གླེང་བ་པོ་ལ་ཡང་བརྡ་སྤྲད་ཅིང་ཡང་དག་པར་བརྡ་སྤྲད་ནས་དགག་དབྱེ་བྱའོ་༎,,.
abbef4c9a4064d73a21e65fb9209de99,"sacec codakaḥ kāyena saṃvṛto bhavati vācā ca, sūtradharo vinayadharo mātṛkādharaḥ, sūtravyakto vinayavyakto mātṛkāvyaktaḥ | sūtrakovido vinayakovido mātṛkākovidaḥ, na sūtrakuśalo na vinayakuśalaḥ na mātṛkākuśalaḥ, evaṃrūpam api codakam ājñapayitvā saṃjñapayitvā pravārayitavyaṃ |",གལ་ཏེ་གླེང་བ་པོ་ལུས་དང་ངག་གིས་བསྡམས་ཤིང་མདོ་སྟེ་འཛིན་པ་། འདུལ་བ ༼༧༽ འཛིན་པ་། མ་མོ་འཛིན་པ་། མདོ་སྡེ་ལ་གསལ་བ་། འདུལ་བ་ལ་གསལ་བ་། མ་མོ་ལ་གསལ་བ་། མདོ་སྡེ་ལ་གཟོབ་། འདུལ་བ་ལ་གཟོ་བ་། མ་མོ་ལ་གཟོ་བ་ཡིན་ལ་། མདོ་སྡེ་ལ་མི་མཁས་པ་། འདུལ་བ་ལ་མི་མཁས་པ་། མ་མོ་ལ་མི་མཁས་པ་ཡིན་ན་། དེ་ལྟ ༼༢༣༤བ༡༽ བུའི་གླེང་བ་པོ་ལ་ཡང་བརྡ་སྤྲད་ཅིང་ཡང་དག་པར་བརྡ་སྤྲད་ནས་དགག་དབྱེ་བྱའོ་༎,,.
f78d8a9efcc04557885c6eac4581539d,"sacec codakaḥ kāyena saṃvṛto bhavati vācā ca, sūtradharo vinayadharo mātṛkādharaḥ, sūtravyakto vinayavyakto mātṛkāvyaktaḥ, sūtrakovido vinayakovido mātṛkākovidaḥ, sūtrakuśalo vinayakuśalo mātṛkākuśalaḥ, kiṃ tu saṃcintya saṃghamadhye adharmaṃ dharmato dīpayati dharmaṃ cādharmataḥ, avinayaṃ vinayato dīpayati vinayaṃ cāvinayataḥ, evaṃrūpam api codakam ājñapayitvā saṃjñapayitvā pravārayitavyaṃ |",གལ་ཏེ་གླེང་བ་པོ་ལུས་དང་ངག་གིས་བསྡམས་ཤིང་མདོ་སྡེ་འཛིན་པ་། འདུལ་བ་འཛིན་པ་། མ་མོ་འཛིན་པ་། མདོ་སྡེ་ལ་གསལ་བ་། འདུལ་བ་ལ་གསལ་བ་། མ་མོ་ལ་གསལ ༼༢༽ བ་། མདོ་སྡེ་ལ་གཟོ་བ་། འདུལ་བ་ལ་གཟོ་བ་། མ་མོ་ལ་གཟོ་བ་། མདོ་སྡེ་ལ་མཁས་པ་། འདུལ་བ་ལ་མཁས་པ་། མ་མོ་ལ་མཁས་པ་ཡིན་ན་། གལ་ཏེ་ཆེད་དུ་བསམས་ཏེ་དགེ་འདུན་གྱི་ནང་དུ་ཆོས་མ་ཡིན་པ་ལ་ཆོས་དང་། ཆོས་ལ་ཆོས་མ་ཡིན་པ་དང་། འདུལ ༼༣༽ བ་མ་ཡིན་པ་ལ་འདུལ་བ་དང་། འདུལ་བ་ལ་འདུལ་བ་མ་ཡིན་པར་སྟོན་པ་ཡིན་ན་། དེ་ལྟ་བུའི་གླེང་བ་པོ་ལ་ཡང་བརྡ་སྤྲད་ཅིང་ཡང་དག་པར་བརྡ་སྤྲད་ནས་དགག་དབྱེ་བྱའོ་༎,若隨意時。雖有苾芻。善護身(5)口亦學三藏。善知其義。曉了其事。而復心迷。(6)至僧伽中。法説非法非法説法。以非爲是説(7)毘奈耶爲非毘奈耶非毘奈耶。説爲毘奈耶。,.
d0f62f14e5e143908fa8921761a9019a,"sacec codakaḥ kāyena saṃvṛto bhavati yāvat* sacen na saṃcintya saṃghamadhye adharmaṃ dharmato dīpayati dharmaṃ cādharmataḥ, avinayaṃ vinayato dīpayati vinayaṃ cāvinayataḥ, evaṃrūpam api codakam ājñapayitvā saṃjñapayitvā pravārayitavyaṃ.",-,No Chinese,.
82167d4eadf3456c946d211fcd6a0efc,"sacec codakaḥ kāyena saṃvṛto bhavati vācā ca, sūtradharo vinayadharo mātṛkādharaḥ, sūtravyaktaḥ vinayavyaktaḥ mātṛkāvyaktaḥ | sūtrakovidaḥ vinayakovidaḥ mātṛkākovidaḥ | (73r = GBM 6.728) sūtrakuśalo vinayakuśalo mātṛkākuśalaḥ, na saṃcintya saṃghamadhye adharmaṃ dharmato dīpayati dharmaṃ cādharmataḥ, avinayaṃ vinayato dīpayati vinayaṃ cāvinayataḥ. sa idaṃ syād vacanīyaḥ.",གལ་ཏེ་གླེང་བ་པོ་ལུས་དང་ངག་གིས་བསྡམས་པ་ཡིན་ལ་མདོ་སྡེ་འཛིན་ན་། འདུལ་བ་འཛིན་པ་། ༼༤༽ མ་མོ་འཛིན་པ་། མདོ་སྡེ་ལ་གསལ་བ་། འདུལ་བ་ལ་གསལ་བ་། མ་མོ་ལ་གསལ་བ་། མདོ་སྡེ་ལ་གཟོ་བ་། འདུལ་བ་ལ་གཟོ་བ་། མ་མོ་ལ་གཟོ་བ་། མདོ་སྡེ་ལ་མཁས་པ་། འདུལ་བ་ལ་མཁས་པ་། མ་མོ་ལ་མཁས་པ་ཡིན་ན་། གལ་ཏེ་ཆེ་དུ་བསམས་པ ༼༥༽ མ་ཡིན་པར་དགེ་འདུན་གྱི་ནང་དུ་ཆོས་མ་ཡིན་པ་ལ་ཆོས་དང་། ཆོས་ལ་ཆོས་མ་ཡིན་པ་དང་། འདུལ་བ་མ་ཡིན་པ་ལ་འདུལ་བ་དང་། འདུལ་བ་ལ་འདུལ་བ་མ་ཡིན་ནོ་ཞེས་སྟོན་པ་དེ་ལ་འདི་སྐད་ཅེས་བརྗོད་པར་བྱ་སྟེ་།,(8)來遮隨意。僧應問言。,.
44caecca34ab4c86bc17a763fb76dafc,"vadāyuṣmaṃ. codakena vadasi pārājikayā saṃghāvaśeṣayā pāyantikayā pratideśanīyayā duṣkṛtayā, rātrikṛtena divasakṛtena pathakṛtenotpathakṛtena, gacchatas tiṣṭhato niṣaṇṇasya nipannasya.",ཚེ་དང་ལྡན་པ་གླེང་བ་པོ་གང་གིས་སྨྲ་། ཕས་ཕམ་པས་སམ་། ༼༦༽ དགེ་འདུན་གྱི་ལྷག་མས་སམ་། ལྟུང་བྱེད་ཀྱིས་སམ་། སོ་སོར་བཤགས་པས་སམ་། ཉེས་བྱས་ཀྱིས་སམ་། མཚན་མོ་བྱས་པས་སམ་། ཉིན་མོ་བྱས་པས་སམ་། ལམ་དུ་བྱས་པས་སམ་། ལམ་གོལ་བར་བྱས་པས་སམ་། འགྲོ་བའི་འམ་། འགྲེང་བའི་འམ་། འདུག ༼༧༽ པའི་འམ་། ཉལ་བའི་འམ་།,衆中誰有其罪。復是何(9)罪。爲是他勝。爲是僧伽伐尸沙波羅底提舍(10)尼。突色訖里多。爲晝爲夜。爲在道行爲在道(11)傍。爲是行時爲是住時。爲立坐時爲在臥時,.
03a67c05e58b40e083547a76beb1fcbb,"sacet pārājikayā, na saṃghāvaśeṣayā na pāyantikayā na pratideśanīyayā na duṣkṛtayā, sacet saṃghāvaśeṣayā, na pārājikayā na pāyantikayā na pratideśanīyayā na duṣkṛtayā, sacet pāyantikayā, na pārājikayā na saṃghāvaśeṣayā na pratideśanīyayā na duṣkṛtayā. sacet pratideśanīyayā, na pārājikayā na saṃghāvaśeṣayā na pāyantikayā na duṣkṛtayā. saced duṣkṛtayā, na pārājikayā na saṃghāvaśeṣayā na pāyantikayā na pratideśanīyayā.",གལ་ཏེ་ཕས་ཕམ་པས་ཡིན་གྱི་། དགེ་འདུན་ལྷག་མས་མ་ཡིན་། ལྟུང་བྱེད་ཀྱིས་མ་ཡིན་། སོ་སོར་བཤགས་པས་མ་ཡིན་། ཉེས་བྱས་ཀྱིས་མ་ཡིན་ནམ་། གལ་ཏེ་དགེ་འདུན་ལྷག་མས་ཡིན་གྱི་། ཕས་ཕམ་པས་མ་ཡིན་། ལྟུང་བྱེད ༼༢༣༥ཨ༡༽ སྐྱིས་མ་ཡིན་༎ སོ་སོར་བཤགས་པས་མ་ཡིན་། ཉེས་བྱས་ཀྱིས་མ་ཡིན་ནམ་། གལ་ཏེ་ལྟུང་བྱེད་ཀྱིས་ཡིན་གྱི་། ཕས་ཕམ་པས་མ་ཡིན་། དགེ་འདུན་ལྷག་མས་མ་ཡིན་། སོ་སོར་བཤགས་པས་མ་ཡིན་། ཉེས་བྱས་ཀྱིས་མ་ཡིན་ནམ་། གལ ༼༢༽ ཏེ་སོ་སོར་བཤགས་པས་ཡིན་གྱི་། ཕས་ཕམ་པས་མ་ཡིན་། དགེ་འདུན་ལྷག་མས་མ་ཡིན་། ལྟུང་བྱེད་ཀྱིས་མ་ཡིན་། ཉེས་བྱས་ཀྱིས་མ་ཡིན་ནམ་། གལ་ཏེ་ཉེས་བྱས་ཀྱིས་ཡིན་གྱི་། ཕས་ཕམ་པས་མ་ཡིན་། དགེ་འདུན་ལྷག་སམ་མ་ཡིན་། ལྟུང་བྱེད་ཀྱིས ༼༣༽ མ་ཡིན་། སོ་སོར་བཤམས་པས་མ་ཡིན་ནམ་།,(12)若言犯四他勝不犯僧殘乃至惡作。若言犯(13)僧伽伐尸沙。不犯四他勝乃至不犯惡作。若(14)言犯波逸底迦。不犯波羅市迦乃至惡作。若(15)言犯提舍尼。不犯四他勝乃至惡作。若言犯(16)突色訖里多。不犯他勝乃至提舍尼,.
b19327e01a904394b004338819dc49f2,"sacet prathamayā pārājikayā, na dvitīyayā na tṛtīyayā na caturthikayā, saced dvitīyayā na prathamayā na tṛtīyayā na caturthikayā, sacet tṛtīyayā na prathamayā na dvitīyayā na caturthikayā, sacec caturthikayā na prathamayā na dvitīyayā na tṛtīyayā.",གལ་ཏེ་ཕས་ཕམ་པ་དང་པོས་ཡིན་གྱི་། གཉིས་པས་མ་ཡིན་། གསུམ་པས་མ་ཡིན་། བཞི་པས་མ་ཡིན་ནམ་། གལ་ཏེ་གཉིས་པས་ཡིན་གྱི་། དང་པོས་མ་ཡིན་། གསུམ་པས་མ་ཡིན་། བཞི་པས་མ་ཡིན ༼༤༽ ནམ་། གལ་ཏེ་གསུམ་པས་ཡིན་གྱི་། དང་པོས་མ་ཡིན་། གཉིས་པས་མ་ཡིན་། བཞི་པས་མ་ཡིན་ནམ་། གལ་ཏེ་བཞི་པས་ཡིན་གྱི་། དང་པོས་མ་ཡིན་། གཉིས་པས་མ་ཡིན་། གསུམ་པས་མ་ཡིན་ནམ་།,若言犯(17)初他勝。不犯第二第三乃至第四亦如是。若(18)言犯第二他勝。不犯初。乃至不犯第三第四(19)亦如是。若言犯第三他勝。不犯初二及第四(20)亦如是。,.
cffe96b5c00646c38a762924ed59b01e,sacet prathamayā saṃghāvaśeṣayā na dvitīyayā na yāvat trayodaśamikayā : saced yāvat trayodaśamikayā na prathamayā na dvitīyayā na tṛtīyayā yāvan na dvādaśamikayā.,གལ་ཏེ་དགེ་འདུན་ལྷག་མ་དང་པོས་ཡིན་གྱི་། ༼༥༽ གཉིས་པས་མ་ཡིན་ཞེས་བྱ་བ་ནས་བཅུ་གསུམ་པའི་བར་གྱིས་མ་ཡིན་ནམ་། གལ་ཏེ་བཅུ་གསུམ་པའི་བར་གྱིས་ཡིན་གྱི་དང་པོས་མ་ཡིན་། གཉིས་པས་མ་ཡིན་། གསུམ་པས་མ་ཡིན་པ་ནས་བཅུ་གཉིས་པའི་བར་གྱིས་མ་ཡིན་པའམ་།,若言犯初僧伽伐尸沙。不犯第二。乃(21)至不犯第十三。若言犯第二僧殘。不犯第一。(22)乃至不犯第十三。若言犯第三僧殘。不犯初(23)二乃至第十一。如是十三僧殘。展轉上下作(24)句亦同上。,.
ea22a12c7eff4e309767d3034ec84f11,"sacet prathamayā pāyantikayā, na dvitīyayā yāvan na navatimayā, sacen navatimayā na prathamayā na dvitīyayā yāvan naikonanavatimayā |",གལ་ཏེ་ལྟུང་བྱེད་དང་པོས་ཡིན་གྱི་། ༼༦༽ གཉིས་པས་མ་ཡིན་། གསུམ་པས་མ་ཡིན་པ་ནས་དགུ་བཅུ་བའི་བར་གྱིས་མ་ཡིན་པ་འམ་། གལ་ཏེ་དགུ་བཅུ་པས་ཡིན་གྱི་། དང་པོས་མ་ཡིན་། གཉིས་པས་མ་ཡིན་པ་ནས་བརྒྱད་བཅུ་རྩ་དགུའི་བར་གྱིས་མ་ཡིན་པའམ་།,若言犯初波逸底迦。不犯第二。乃(25)至不是第九十。若言是第二。不是初及第三(26)乃至九十。如是展轉乃至九十作句亦如是。,.
1c13dc8c446b4b46a1e69ac47e09e6f5,"sacet prathamayā pratideśanīyayā na dvitīyayā na tṛtīyayā na caturthikayā | saced dvitīyayā na prathamayā na tṛtīyayā na caturthikayā, sacet tṛtīyayā na prathamayā na dvitīyayā na caturthikayā : sacec caturthikayā na prathamayā na dvitīyayā na tṛtīyayā |",གལ་ཏེ་སོ་སོར་བཤགས་པ་དང་པོས་ཡིན་གྱི་། ༼༧༽ གཉིས་པས་མ་ཡིན་། གསུམ་པས་མ་ཡིན་། བཞི་པས་མ་ཡིན་ནམ་། གལ་ཏེ་གཉིས་པས་ཡིན་གྱི་། དང་པོས་མ་ཡིན་། གསུམ་པས་མ་ཡིན་། བཞི་པས་མ་ཡིན་ནམ་། གལ་ཏེ་གསུམ་པས་ཡིན་གྱི་། དང་པོས་མ་ཡིན་། གཉིས་པས་མ་ཡིན་། བཞི་པས་མ ༼༢༣༥བ༡༽ ཡིན་ནམ་། གལ་ཏེ་བཞི་པས་ཡིན་གྱི་། དང་པོས་མ་ཡིན་། གཉིས་པས་མ་ཡིན་། གསུམ་པས་མ་ཡིན་ནམ་།,(27)若言犯波羅底提舍尼。而是初。不是第二乃(28)至第四亦如是。若犯第二。不是初乃至三四。(29)作句亦如是。,.
f21a9455168a40b79f021c267bc5beb8,sacet prathamayā duṣkṛtayā na dvitīyayā na tṛtīyayā na yāvad antimayā | saced antimayā na prathamayā na dvitīyayā yāvan nopāntimayā.,གལ་ཏེ་ཉེས་བྱས་དང་པོས་ཡིན་གྱི་། གཉིས་པས་མ་ཡིན་། གསུམ་པས་མ་ཡིན་། ཐ་མའི་བར་གྱིས་མ་ཡིན་ནམ་། གལ་ཏེ་ཐམས་ཡིན་གྱི་། དང་པོས ༼༢༽ མ་ཡིན་། གཉིས་པས་མ་ཡིན་པའམ་། ཐ་ལྟག་གི་བར་གྱིས་མ་ཡིན་པའམ་།,若言犯突色訖里多。而是初不(1048a1)是第二乃至終亦如是。,.
ba36f5271ecd49358678b48a31fd1116,"saced rātṛkṛtena na divasakṛtena, saced divasakṛtena na rātrikṛtena, saced utpathakṛtena na pathakṛtena, sacet pathakṛtena notpathakṛtena, saced (171) gacchataḥ na tiṣṭhataḥ na niṣaṇṇasya na nipannasya, sacet tiṣṭhataḥ na gacchataḥ na niṣaṇṇasya na nipannasya, sacen niṣaṇṇasya na gacchato na tiṣṭhato na nipannasya, sacen nipannasya na gacchataḥ na tiṣṭhataḥ na niṣaṇṇasya.",གལ་ཏེ་ནུབ་མོ་བྱས་པས་ཡིན་གྱི་། ཉིན་པར་བྱས་པས་མ་ཡིན་ནམ་། གལ་ཏེ་ཉིན་པར་བྱས་པས་ཡིན་གྱི་། མཚན་མོ་བྱས་པས་མ་ཡིན་ནམ་། གལ་ཏེ་ལམ་གོལ་བ་ན་བྱས་པས་ཡིན་གྱི་། ༼༣༽ ལམ་དུ་བྱས་པས་མ་ཡིན་ནམ་། གལ་ཏེ་ལམ་དུ་བྱས་པས་ཡིན་གྱི་། ལམ་གོལ་བར་བྱས་པས་མ་ཡིན་ནམ་། གལ་ཏེ་འགྲོ་བའི་ཡིན་གྱི་། འདུག་པའི་མ་ཡིན་། འགྲེང་བའི་མ་ཡིན་། ཉལ་བའི་མ་ཡིན་ནམ་། གལ་ཏེ་འདུག་པའི་ཡིན་གྱི་། འགྲོ་བའི་མ་ཡིན་། ༼༤༽ འགྲེང་བའི་མ་ཡིན་། ཉལ་བའི་མ་ཡིན་ནམ་། གལ་ཏེ་ཉལ་བའི་ཡིན་གྱི་། འགྲོ་བའི་མ་ཡིན་། འགྲེང་བའི་མ་ཡིན་། འདུག་པའི་མ་ཡིན་ནམ་། གལ་ཏེ་འགྲེང་བའི་ཡིན་གྱི་། ཉལ་བའི་མ་ཡིན་། འདུག་པའི་མ་ཡིན་ཞེས་གལ་ཏེ་གླེང་བ་པོ་ལ་དེ་ལྟར་ལེགས་པར་ཤིན་ཏུ་ཡང་དག་པར ༼༥༽ སྨྲས་། ཡང་དག་པར་བསྟན་། ཡང་དག་པར་བརྟགས་པ་ན་གནས་ནས་གནས་སུ་སྦེད་པ་ནི་གླེང་བ་པོ་མ་ཡིན་། གླེངས་པས་མ་ཡིན་ནོ་༎,若言是夜中犯。不是(2)晝。或言晝不是夜。或言是道非道傍。或道傍(3)不是道。或言行時不是住時。或言住時不是(4)行時。或言立時不是坐時。或言坐時不是立(5)時。或言坐時不是臥時亦如上。,.
029bc3a0bfde4f8fb60e9f94ca484863,"sacec codakaḥ evaṃ sādhu ca suṣṭhu ca samanuyujyamānaḥ samanuśāsyamānaḥ samanugāhyamānaḥ sthānāsthānaṃ saṃkrāmati, acodakaḥ syāt*. acoditas syāt*. sacec codakaḥ sthānāsthānaṃ na saṃkrāmati, codakaḥ syāt* ||",གལ་ཏེ་གླེང་བ་པོ་དེ་ལྟར་ལེགས་པར་ཤིན་ཏུ་ཡང་དག་པར་སྨྲས་། ཡང་དག་པར་བསྟན་། ཡང་དག་པར་བརྟགས་པས་ན་། ༼༦༽ གནས་ནས་གནས་སུ་སྦེད་པར་མི་བྱེད་ན་། དེ་ནི་གླེང་བ་པོ་ཡིན་། གླེངས་པ་ཡིན་ནོ་༎,此苾芻説上(6)諸事。衆應具問。若前引後違。如是不定者。不(7)應取其語。,.
b0de0918ab41410898053b84234f01e1,sacec codakaḥ sthānāsthānaṃ na saṃkrāmati codita idaṃ syād vacanīyaṃ. vadāyuṣmaṃ. ke te tasmiṃ samaye kāyasaṃskārā vāksaṃskārā manaḥsaṃskārā.,གལ་ཏེ་གླེང་བ་པོ་གནས་ནས་གནས་སུ་མི་སྦེད་ན་། གླེངས་པ་ཡིན་པས་འདི་སྐད་ཅེས་བརྗོད་པར་བྱ་སྟེ་། ཚེ་དང་ལྡན་པ་དེའི་ཚེ་ལུས་ཀྱི་འདུ་བྱེད་དང་། ངག་གི་འདུ་བྱེད་དང་། ཡིད་ཀྱི ༼༧༽ འདུ་བྱེད་གང་དག་ཡིན་པ་སྨྲོས་ཤིག་།,若僧伽問已。而語不異。即應問言。(8)當見犯時。作何形相。出何言語作何意趣。,.
fe973aa5f2844421a53f9108a746fcd4,"sacet pārājikāṃ pratijānāti, nāśayitvā pravārayitavyaṃ.",གལ་ཏེ་ཕས་ཕམ་པ་ཡིན་པར་ཤེས་ན་བསྐྲད་ལ་དགག་དབྱེ་བྱའོ་༎,若(9)言犯他勝者。衆應驅出。方作隨意。,.
fa0098092a4346b989af4b9b09a3c32a,"sacet saṃghāvaśeṣāṃ pratijānāti, adhiṣṭhāya pravārayitavyaṃ.",གལ་ཏེ་དགེ་དུན་གྱི་ལྷག་མ་ཡིན་པར་ཤེས་ན་བྱིན་གྱིས་བརླབས་ལ་དགག་དབྱེ་བྱའོ་༎,若言犯僧(10)伽波尸沙者。即應且置其事先爲隨意。,.
815a8c04d4be420d9daff21e25ce3d97,"sacet pāyantikāṃ pratideśanīyāṃ duṣkṛtāṃ pratijānāti, deśayitvā pravārayitavyaṃ : || ||",གལ་ཏེ་ལྟུང་བྱེད་དང་། སོ་སོར་བཤགས་པ་དང་། ཉེས་བྱས་ཡིན ༼༢༣༦ཨ༡༽ པར་ཤེས་ན་བཤགས་ལ་དགག་དབྱེ་བྱའོ་༎ ༎,若言(11)犯波逸底迦提舍尼。乃至突色訖里多者。先(12)應説悔。方爲隨意。,.
ea17c6a56c1e44c38c00935347ad674c,uddānam* ||mahāpeyālo gṛhṇāti (73v = GBM 6.729) sthāpanaṃ hi ca paṃcikāṃ |gamikena trayaṃ kuryāt pariśuddhānāṃ pravāraṇā || ||,སྡོམ་ལ་།མང་པོ་བསྒྲེ་དང་བཞག་པ་དང་༎བྱ་དང་རྣམ་པ་ལྔ་པ་དང་༎འདོང་བས་རྣམ་གནས་བྱ་བ་དང་༎ཡོངས་སུ་དག་ལ་དགག་དབྱེ་བྱའོ་༎,No Chinese,ཨཱུདདཱན ༦
6a8619f67c664af5a4fe780f03896541,"yathāpi tat tad eva pravāraṇāyāṃ pañcadaśyāṃ naivāsikā bhikṣavaḥ sanniṣaṇṇā bhavanti sannipatitāḥ paṃca vā uttare vā. teṣām evaṃ bhavati. santi bhikṣavo ye ’nāgatakā iti. ye ’nāgatakāḥ kalpaty asmākaṃ tair vinā jñaptiṃ kṛtvā pravārayituṃ, te kalpārthinaḥ kalpaniṣkārā jñaptiṃ kṛtvā pravārayanti.",འདི་ལྟར་ཡང་དགག་དབྱེ་བཅོ་ལྔ་པ་དེ་ཉིད ༼༢༽ ལ་གཉུག་མར་གནས་པའི་དགེ་སློང་ལྔའམ་ལྷག་པ་དག་འདུག་ཅིང་མཐུན་པར་གྱུར་ལ་། དེ་དག་འདི་སྙམ་དུ་སེམས་ཏེ་། དགེ་སློང་མ་འོངས་པ་དག་ཡོད་དེ་། དེ་དག་མ་འོངས་ཏེ་མེད་ཀྱང་བདག་ཅག་གིས་གསོལ་བ་བྱས་ཏེ་དགག་དབྱེ་བྱར་རུང་ངོ་སྙམ་ནས་། རྟོགས་པས་དོན་དུ ༼༣༽ གཉེར་བ་རྟོག་པའི་ཡོ་བྱད་ཅན་དེ་དག་གིས་གསོལ་བ་བྱས་ཏེ་དགག་དབྱེ་བྱེད་ན་།,若至十五日作隨意時。衆(13)多舊住苾芻集在一處。若五或過。而爲隨意。(14)復有少許舊住苾芻。不來共集隨意苾芻即(15)作是念。此有苾芻。不來至此。遂共生疑。我等(16)不待彼來。今此隨意。爲成不成。作如是疑。即(17)便隨意。,ཎོཏ་པེརཕོ༹རྨིང་ཐེ་པྲབཱ༹རངཱ་བེཕོ༹རེ་ཨལལ་ཐེ་རེཅིདེནཏ་མོནཀས་ཨརེ་ཨསསེམབླེད
45411d141af5481e8a811a9659f46298,tataḥ paścān naivāsikā bhikṣavaḥ sanniṣaṇṇāḥ sannipatitā āgacchaṃty alpatarakās. taiḥ punar api jñaptiṃ kṛtvā pravārayitavyaṃ. pūrvikā bhikṣavaḥ sātisārāḥ kalpasāmantakāḥ.,དེའི་འོག་ཏུ་གཉུག་མར་གནས་པའི་དགེ་སློང་ཉུང་ཟད་ཅིག་འོངས་ན་། དེ་དག་གིས་ཀྱང་གསོལ་བ་བྱས་ཏེ་དགག་དབྱེ་བྱའོ་༎ དགེ་སློང་སྔ་མ་རྟོག་པའི་ཉེར་བསྡོགས་ཅན་དག་ལ་ནི་འགལ ༼༤༽ ཚབས་ཅན་དུ་འགྱུར་ཏེ་།,彼少苾芻後來至衆。應更隨意。其先(18)隨意人得越法罪。由非法故。,.
904d27a1c4674bb6853d049d31cf9399,"pūrvavad yāvad yathā poṣadhavastuny evaṃ yathoktā uddānagāthā vācyaṃ. ekas tu viśeṣaḥ. tatra naivāsikā bhikṣavaḥ sanniṣaṇṇāḥ sannipatitāḥ catvāro vā uttare vā, ihāpi vācyaṃ paṃca vā uttare veti : || ||",སྔེར་གསོ་སྦྱོང་གི་གཞི་ལས་སྡོམ་གྱི་ཚིགས་སུ་བཅད་པ་ལས་ཇི་སྐད་གསུངས་པ་དེ་བཞིན་དུ་བརྗོད་པར་བྱའོ་༎ ཁྱད་པར་གཅིག་ཡོད་པ་ནི་དེར་གཉུག་མར་གནས་པའི་དགེ་སློང་བཞིའམ་ལྷག་པ་ཞིག་འདུག་ཅིང་མཐུན་པར་གྱུར་ལ་ཞེས་སྨོས་པ ༼༥༽ འདིར་ནི་ལྔའམ་ལྷག་པར་བརྗོད་པར་བྱ་བ་ཡིན་ནོ་༎ ༎,餘如長淨法中(19)已説。,.
e0de9f303b214e0cb7af63133dd04fef,uddānaṃ ||varṣopagatakā bhikṣūñ jñātvā kalahakārakāṃ |sākhilyakena pratyudgamya niyataṃ cāturmāsikī |glānakaś ca vastu ca vargo bhavati yaḥ samudditaḥ || ||,སྡོམ་ལ་།དབྱར་གནས་པར་ནི་དམ་བཅས་པའི་༎འཐབ་ཀྲོལ་དགེ་སློང་ཤེས་ནས་ཀྱང་༎བཤེས་པའི་ཚིག་གིས་བསུ་བྱ་དང་༎ངེས་པའི་ཟླ་བ་བཞི་པོ་དང་༎ནད་པ་དང་ནི་དངོས་པོ་སྟེ་༎ཡང་དག་བསྡོམས ༼༦༽ པའི་ཚོགས་ཡིན་ནོ་༎,No Chinese,ཨཱུདདཱན ༧
6ec14b3a75714c40b5bf6d332e92305d,āyuṣmān upālī buddhaṃ bhagavantaṃ pṛcchati | yathāpi tad bhadaṃta varṣopagatā bhikṣavaḥ śṛṇvanti. bhikṣavaḥ āgacchanti kalahakārakā bhaṇḍanakārakā vigrahakārakā vivādakārakā ādhikaraṇikāḥ. te ’smākaṃ codayiṣyaṃti smārayiṣyaṃti alajjitāyo vaitarikatvena. tais teṣāṃ kathaṃ pratipattavyaṃ. tair upāliṃ bhikṣubhir dve trīṇi vā poṣadhakarmāṇy atikramya pravārayitavyaṃ.,སངས་རྒྱས་བཅོམ་ལྡན་འདས་ལ་ཚེ་དང་ལྡན་པ་ཉེ་བ་འཁོར་གྱིས་ཞུས་པ་། བཙུན་པ་འདི་ལྟར་ཡང་དབྱར་གནས་པར་དམ་བཅས་པའི་དགེ་སློང་རྣམས་ཀྱིས་དགེ་སློང་འཐབ་ཀྲོལ་བགྱིད་པ་། མཚང་འདྲུ་བར་བགྱིད་པ་། རྩོན་པར་བགྱིད་པ་། འགྱེད ༼༧༽ པར་བགྱིད་པ་། རྩོད་པའི་གཞི་བགྱིད་པ་དག་མཆིའོ་ཞེས་ཐོས་ཏེ་། དེ་དག་ངོ་ཚམ་མཆིས་པས་ཐོ་བཙམ་པ་ཉིད་དུ་བདག་ཅག་ལ་གླེང་བར་བགྱིད་། དྲན་པར་བགྱིད་དོ་སྙམ་ན་། དེ་རྣམས་ཀྱིས་དེ་དག་ལ་ཇི་ལྟར་བསྒྲུབ་པར་བགྱི་། ཉེ་བ་འཁོར་དགེ་སློང་དེ་རྣམས་ཀྱིས་གསོ་སྦྱོང ༼༢༣༦བ༡༽ གི་ལས་གཉིས་སམ་། གསུམ་འདས་པར་བྱས་ནས་དགག་དབྱེ་བྱའོ་༎,具壽鄔波離白佛言。世尊大徳。有苾芻(20)安居。作隨意時。問此中不有鬪諍者。調哢者。(21)難問者。將向王官等家者。禁閉人者。非法擧(22)罪者。來斯住處。現在苾芻是慚愧者不又問。(23)有如是鬪諍惡人來。不知云何隨意。佛告鄔(24)波離若有如是惡人來急者。應二三人向小(25)界場中自爲隨意。,ཋེ་ཅནཅེལླིང་ཨོཕ༹་ཐེ་པྲབཱ༹རངཱ་བེཅཽསེ་ཨོཕ༹་དིསགྲེཨེམེནཏ
83f0cabf768143018f9b519f3c0147fa,"sacet saṃpadyate ’ty evaṃ kuśalaṃ. no cet saṃpadyate, tair bhikṣubhir dvau trayo vā āpadarthikā maṇḍalakāḥ saṃmantavyāḥ.",གལ་ཏེ་དེ་ལྟར་གྲུབ་ན་ལེགས་། གལ་ཏེ་མ་གྲུབ་ན་དགེ་སློང་དེ་རྣམས་ཀྱིས་གནོད་པའི་ཆེད་ཀྱི་དཀྱིལ་འཁོར་གཉིས་སམ་། གསུམ་ཁས་བླང་བར་བྱའོ་༎,,.
d436d247ea5e465e848b16f261a11972,"sacet saṃpadyate ’ty evaṃ kuśalaṃ. no cet saṃpadyate, vāksākhilyakena pratyudgamya pātracīvaraṃ pratigrahītavyaṃ. pātracīvareṇāmohayitvā pramohayitvā pravārayitavyaṃ.",གལ་ཏེ་དེ་ལྟར་གྲུབ་ན་ལེགས་། ༼༢༽ གལ་ཏེ་མ་གྲུབ་ན་དགེ་སློང་དེ་རྣམས་ཀྱིས་བཤེས་པའི་ཚིག་གིས་བསུ་བར་བྱ་། ལྷུང་བཟེད་དང་ཆོས་གོས་བླང་བར་བྱ་སྟེ་། ལྷུང་བཟེད་དང་ཆོས་གོས་དག་གིས་མགུ་ཞིར་རབ་ཏུ་མགུ་བར་བྱས་ལ་དགག་དབྱེ་བྱའོ་༎,若得者善。若不得者。應出(26)迎之。爲取衣鉢。安慰問訊。種種濡語。安置房(27)中已。應自急爲隨意。,.
a5b093735cf7422e8025a9cea5f6d966,".  sacet saṃpadyate ’ty evaṃ kuśalaṃ. no cet saṃpadyate, dharmaśravaṇaṃ dātavyam*. dharmaśravaṇenāmohayitvā pramohayitvā pravārayitavyaṃ.",གལ་ཏེ་དེ་ལྟར་གྲུབ་ན་ལེགས་། གལ་ཏེ་དེ་ལྟར་མ ༼༣༽ གྲུབ་ན་ཁྲུས་བྱ་སྟེ་། ཁྲུས་བྱ་བས་མགུ་ཞིང་རབ་ཏུ་མགུ་བར་བྱས་ལ་དགག་དབྱེ་བྱའོ་༎ གལ་ཏེ་དེ་ལྟར་གྲུབ་ན་ལེགས་། གལ་ཏེ་མ་གྲུབ་ན་ཆོས་བསྒྲག་པར་བྱ་སྟེ་། ཆོས་བསྒྲགས་པས་མགུ་ཞིང་རབ་ཏུ་མགུ་བར་བྱས་ལ་དགག་དབྱེ་བྱའོ་༎,  若得者善。若不得者。應(28)爲洗浴。若肯洗浴者。應令一人説法彼等聽(29)法。應自急爲隨意。,. .
974b738e38664fe5bbdf8e5be4e42116,"sacet saṃpadyate ’ty evaṃ kuśalaṃ. no cet saṃpadyate, tair upāliṃ bhikṣubhir maṇḍalakaṃ kṛtvā poṣadhaḥ kartavyaḥ.",གལ་ཏེ་དེ་ལྟར་གྲུབ ༼༤༽ ན་ལེགས་། གལ་ཏེ་མ་གྲུབ་ན་ཉེ་བ་འཁོར་དགེ་སློང་དེ་དག་དཀྱིལ་འཁོར་གྱི་ནང་དུ་དོང་ལ་གསོ་སྦྱོང་བྱའོ་༎,若得者善。不得者。應自向(1048b1)小界而爲長淨。,.
d4fcd5e553c6434f8bb946155de1471c,sacet ta evaṃ vadeyuḥ. adyāyuṣmantas saṃghasya pravāraṇā pāṃcadaśikā. kasmād yūyaṃ poṣadhaṃ kurutheti. ta idaṃ syur vacanīyāḥ. āgantukā yūyam āyuṣmanto. naivāsikā bhikṣavo ’nenārthena. teṣām evaṃ bhavati | niyatam āyuṣmatāṃ cāturmāsikī pravāraṇā bhaviṣyatīti | tataḥ paścāt tair gatavegair gatapratyarthibhiḥ punar api pravārayitavyaṃ : ||,གལ་ཏེ་དེ་དག་འདི་སྐད་ཅེས་། ཚེ་དང་ལྡན་པ་དག་དེང་དགེ་འདུན་གྱི་དགག་དབྱེ་བཅོ་ལྔ་པ་ཡིན་ན་། ཁྱེད་ཅག་ཅིའི་ཕྱིར་གསོ་སྦྱོང་བྱེད་ཅེས་ཟེར་ན་། དེ་དག ༼༥༽ ལ་འདི་སྐད་ཅེས་བརྗོད་པར་བྱ་སྟེ་། ཚེ་དང་ལྡན་པ་ཁྱེད་ཅན་ནི་གློ་བུར་དུ་འོངས་པ་ཡིན་ལ་། དོན་འདི་ནི་གཉུག་མར་གནས་པའི་དགེ་སློང་རྣམས་ཀྱིའོ་ཞེས་སྨྲོས་ཤིག་། དེ་ནས་དེ་དག་འདི་སྙམ་དུ་ཚེ་དང་ལྡན་པ་འདི་དག་ནི་ངེས་པར་ཟླ་བ་བཞི་བའི་དགག་དབྱེ་བྱེད་དོ ༼༦༽ སྙམ་དུ་སེམས་པ་དང་། དེའི་འོག་ཏུ་འཇིགས་པ་དང་བྲལ་ཞིང་ཕས་ཀྱི་རྒོལ་བ་དང་བྲལ་ནས་སླར་ཡང་དགག་དབྱེ་བྱའོ་༎,彼苾芻若問言。今是隨意時。(2)汝等何故長淨。波應報言。汝客苾芻。須知我(3)舊住人。自有法則。彼客苾芻謂言合爾。共爲(4)長淨。事既了訖。待彼散已。更和合別爲隨意。,.
db971e5c8b3c4d7cb8e830a4e791b489,yathāpi tat tad eva pravāraṇāyāṃ paṃcadaśyāṃ glānaḥ aglānasya pravāraṇāṃ sthāpayati. glāna idaṃ syād vacanīyaḥ. āgamaya tvam āyuṣmaṃ. glānas tvam aprayogakṣamaḥ.,འདི་ལྟར་ཡང་དགག་དབྱེ་བཅོ་ལྔ་པ་དེ་ཉིད་ལ་ནད་པས་མིན་བའི་དགག་དབྱེ་འཇོག་ན་ནད་པ་ལ་འདི་སྐད་ཅེས་། ཚེ་དང་ལྡན་པ་ཁྱོད་ནི་ནད་པ་སྟེ ༼༧༽ སྦྱོར་མི་བཟོད་ཀྱིས་འདུག་ཤིག་ཅེས་བརྗོད་པར་བྱའོ་༎,(5)若有住處。作隨意時。有病苾芻。房中不來。不(6)知云何作其隨意。應報之曰。若能來者來。若(7)不能來。應將欲及隨意來。,"ཋེ་ཅནཅེལླིང་ཨོཕ༹་ཐེ་པྲབཱ༹རངཱ་བེཅཽསེ་ཨོཕ༹,་ཨནད་ཨགཻནསཏ,་ཨ་སིཅཀ་མོནཀ"
40e056c8e12c4ad682d035e3c2a61cb1,yathāpi tat tad eva pravāraṇāyāṃ pañcadaśyāṃ aglānaḥ glānasya pravāraṇāṃ (174) sthāpayati. aglāna idaṃ syād vacanīyaḥ. āgamaya tvam āyuṣmaṃ. glāno ’sāv aprayogakṣamaḥ.  yathāpi tat tad eva pravāraṇāyāṃ pañcadaśyāṃ glānaḥ glānasya dūtena pravāraṇāṃ sthāpayati. dūta idaṃ syād vacanīyaḥ. āgamaya tvam āyuṣmaṃ. glāno ’sāv aprayogakṣamaḥ.,འདི་ལྟར་ཡང་དགག་དབྱེ་བཅོ་ལྔ་པ་དེ་ཉིད་ལ་མིན་པས་ནད་པའི་དགག་དབྱེ་འཇོག་ན་མིན་པ་ལ་འདི་སྐད་ཅེས་། ཚེ་དང་ལྡན་པ་དེ་ནི་ནད་པ་སྟེ་། སྦྱོར་མི་བཟོད་ཀྱིས་ཁྱོད་ཚུར་ཞེས་བརྗོད་པར་བྱའོ་༎ འདི་ལྟར ༼༢༣༧ཨ༡༽ ཡང་དགག་དབྱེ་བཅོ་ལྡ་པ་དེ་ཉིད་ལ་ནད་པས་མི་ན་བའི་དགག་དབྱེ་ཕོ་ཉ་བཏང་སྟེ་འཇོག་ན་ཕོ་ཉ་ལ་འདི་སྐད་ཅེས་། ཚེ་དང་ལྡན་པ་དེ་ནི་ན་བས་སྦྱོར་མི་བཟོད་ཀྱིས་ཁྱོད་ཚུར་ཞེས་བརྗོད་པར་བྱའོ་༎,No Chinese  遣使往病苾芻所。(8)報言。汝往隨意處。若能去者善。若不能。應與(9)欲隨意。,. .
356b6fc4771c4262861d6c005f61d5ef,yathāpi tat tad eva pravāraṇāyāṃ (74r) pañcadaśyām aglāno glānasya pravāraṇāṃ dūtena sthāpayati. dūta idaṃ syād vacanīyaḥ. āgamaya tvam āyuṣman. glāno ’sāv aprayogakṣamaḥ.,འདི་ལྟར་ཡང་དགག་དབྱེ་བཅོ་ལྔ་པ་དེ་ཉིད་ལ་མི་ན ༼༢༽ བས་ནད་པའི་དགག་དབྱེ་ཕོ་ཉ་བཏང་སྟེ་འཇོག་ན་ཕོ་ཉ་ལ་འདི་སྐད་ཅེས་། ཚེ་དང་ལྡན་པ་དེ་ནི་ན་བས་སྦྱོར་མི་བཟོད་ཀྱིས་ཁྱོད་ཚུལ་ཞེས་བརྗོད་པར་བྱའོ་༎,No Chinese,.
a0aaf20712dc47c7abeb2a3dccb78f8b,3,འདི་ལྟར་ཡང་དགག་དབྱེ་བཅོ་ལྔ་པ་དེ་ཉིད་ལ་དངོས་པོ་ཤེས་ལ་གང་ཟག་མ་ཡིན་པ་དང་། གང་ཟག་ཤེས་ལ ༼༣༽ དངོས་པོ་མ་ཡིན་པ་དང་། གང་ཟག་དང་དངོས་པོ་ཤེས་པ་དང་། གང་ཟག་དང་དངོས་པོ་མི་ཤེས་པ་སྟེ་།,於隨意時。有其四事。或有事無人。或(10)有人無事。或倶有倶無。,Fཨོཨུར་པོསསིབླེ་སྟཏེས་ཨོཕ༹་ཐེ་མཏཏེརས་ཝཧེན་དིསགྲེཨེམེནཏ
e2abe55741f8480d9f31e5505bfefcb2,.,དངོས་པོ་ཤེས་ལ་གང་ཟག་མ་ཡིན་པ་ཇི་ལྟ་བུ་ཞེན་། འདི་ལྟར་ཡང་དགག་དབྱེ་བཅོ་ལྔ་པ་དེ་ཉིད་ལ་རྒན་ཞུགས་མི་ཤེས་པ་། རྨོངས་པ་། མི་གསལ་བ་། མི ༼༤༽ མཁས་པ་གཞན་ཞིག་གིས་སྤྱོད་ཡུལ་ལམ་། སྤྱོད་ཡུལ་གྱི་ལམ་ཀར་རིགས་ཀྱི་བུད་མེད་དམ་། རིགས་ཀྱི་ན་ཆུང་ལ་ཁྲོས་སམ་། ཚིག་ངན་སྨྲས་སམ་། རེག་པར་གྱུར་པས་མི་རྣམས་ཁྲོས་ཏེ་། ཀུན་དགའ་ར་བའི་སྒོར་འོངས་ནས་འདི་སྐད་ཅེས་། འཕགས་པ་འདི་དག ༼༥༽ ནི་མི་མཛེས་པ་། མ་བརྟགས་པ་ཡིན་ཏེ་། འཕགས་པ་དག་གིས་ཉེས་པ་འདི་དང་འདི་དག་བྱས་སོ་ཞེས་སྨྲས་ཀྱི་། ཆེ་གེ་མོ་ཞིག་གིས་ཞེས་དེ་སྐད་དུ་མ་སྨྲས་པ་སྟེ་། དེ་ལྟ་བུ་ནི་དངོས་པོ་ཤེས་ལ་གང་ཟག་མ་ཡིན་པ་ཞེས་བྱའོ་༎,云何名有事無人。若(11)於隨意時。無識解無性識。不善知好事。亦(12)不知作善。若近天神住處。或向天神住處。或(13)婦女及童女。或罵彼天神種種惡説。或復作(14)不淨。或天神瞋恚。來至寺門。作如是言。賢首(15)等。汝所作不善。甚不如法。汝諸賢首。豈合作(16)如是如是事不。而不的言某甲有過。此名有(17)事無人。,.
a5534fac0e6b49cb9403aff679ef9412,.,གང་ཟག་ཤེས་ལ་དངོས་པོ་མ་ཡིན་པ་ཇི་ལྟ ༼༦༽ བུ་ཞེ་ན་། འདི་ལྟར་ཡང་དགག་དབྱེ་བཅོ་ལྔ་པ་དེ་ཉིད་ལ་ཞེས་བྱ་བ་ནས་། ཀུན་དགའ་ར་བའི་སྒོར་འོངས་ནས་འདི་སྐད་ཅེས་། འཕགས་པ་འདི་དག་ནི་མི་མཛེས་པ་། མ་བརྟགས་པ་ཞེས་བྱ་བའི་བར་སྔ་མ་བཞིན་ཏེ་། འདི་ལྟར་འཕགས་པ་ཆེ་གེ་མོ་ཞེས་བྱ་བས་ཉེས་པ ༼༧༽ བྱས་ཞེས་སྨོས་ཀྱི་། འདི་སྐད་དུ་འདི་དང་འདི་དག་བྱས་སོ་ཞེས་ནི་མ་སྨོས་པ་སྟེ་། དེ་ལྟ་བུ་ནི་གང་ཟག་ཤེས་ལ་དངོས་པོ་མ་ཡིན་པའོ་༎,云何名有人無事。至隨意時。如前廣(18)説。天神瞋怒。來至寺門。作如是言。某甲苾(19)芻。於我有犯。而不説言有如是罪過。此名有(20)人無事。,.
6ae79cad037c4cc0b4a5bf242411eb7c,.,གང་ཟག་དང་དངོས་པོ་ཤེས་པ་ཇི་ལྟ་བུ་ཞེ་ན་། འདི་ལྟར་ཡང་དགག་དབྱེ་བཅོ་ལྔ་པ་དེ་ཉིད་ལ་ཞེས་བྱ་བ་ནས་། ཀུན་དགའ་ར ༼༢༣༧བ༡༽ བའི་སྒོར་འོངས་ནས་འདི་སྐད་ཅེས་འཕགས་པ་ཞེས་བྱ་བའི་བར་སྔ་མ་བཞིན་ཏེ་། འཕགས་པ་ཆེ་གོ་མོ་ཞེས་བྱ་བས་ཉེས་པ་འདི་དང་འདི་དག་བྱས་སོ་ཞེས་སྨོས་པ་སྟེ་། འདི་ལྟ་བུ་ནི་གང་ཟག་དང་དངོས་པོ་ཤེས་པ་ཡིན་ནོ་༎,云何名有事有人。謂説其罪過及人(21)名字。是名有人有事。,.
2152c0be6896499791ff96c0e2a178d7,.,གང་ཟག་དང་དངོས་པོ་མི་ཤེས་པ་ཇི་ལྟ་བུ་ཞེ་ན ༼༢༽ རྣམ་པ་འདི་དག་མ་གཏོགས་པའོ་༎ དགག་དབྱེའི་གཞི་རྫོགས་སོ་༎ ༎,云何名無人無事。二倶(22)無故。是名爲四(23)根本説一切有部毘奈耶隨意事一卷(24),.
