id,P000804,P000805,P000806,P000807
f08e3d986bf44f8eaa9dd7bef6b361e4,Abhidharmasamuccaya,大乘阿毘達磨集論 無著菩薩造 三藏法師玄奘奉　詔譯,.,.
d1a57a541bff4522a64a01704e28f000,II. satyaviniścayo nāma dvitīyaḥ samuccayaḥ,卷第四 決擇分中諦品第一之二,.,.
b9209862c90944849bc691ba6d246be3,karma katamat | cetanākarma cetayitvā ca karma saṃkṣiptaṃ karmalakṣaṇam1 ||  api khalu pañcavidhaṃ karma | upalabdhikarma kāritrakarma vyavasāyakarma pariṇatikarma prāptikarma ca | asmiṃs tv arthe yadbhūyasā vyavasāyakarmābhipretam ||,云何煩惱增上所 生諸業。謂若思業若 思已業。總名 業相。  又有五種業。一取受業。 二作用業。三加行業。四轉變業。五證 得業。  今此:義中意多分別加行業。,ལས་གང་ཞེ་ན་། སེམས་པའི་ལས་དང་། བསམས༡པའི་ལས་ཏེ༢། ལས་ཀྱི༣མཚན་ཉིད་མདོར་བསྡུས༤པའོ་༎ ཡང་ལས་རྣམ་པ་ལྔ་སྟེ་། དམིགས་པའི་ལས་དང་། བྱེད་པའི་ལས་དང་། རྩོལ་བའི་ལས་དང་། བསྒྱུར༥བའི་ལས་དང་། འཐོབ་པའི་ལས་སོ་༎ སྐབས༔་འདིར་ནི༦ཕལ་ཆེར་རྩོལ་བའི་ལས་སུ་འདོད་དོ་༎,"What is action (karman)? It is the action that is intention (cetanā) and the action after having intended (cetayitvā). That is the condensed definition of action.  Moreover, action is also of five kinds: the action that is perception (upalabdhikarman), the action that is efficacy (kāritrakarman), the action that is determination (vyavasāyakarman), the action that is transformation (pariṇatikarman) and the action that is obtainment (prāptikarman).  In this context, however, the action that is determination is meant mainly."
65b4b0a5adcd49a09c0a26f919e1d639,cetanākarma katamat | cittābhisaṃskāro manaskarma | puṇyam apuṇyam āniṃjyaṃ ca ||  cetayitvā karma katamat | kāyakarma vākkarma manaskarma ca ||  tāni punaḥ kāyavāṅmanaskarmāṇi kuśalāny akuśalāni ca |  akuśalāni daśākuśalāḥ karmapathāḥ | tadyathā prāṇātipāto ’dattādānaṃ kāmamithyācāro mṛṣāvādaḥ paiśunyaṃ pāruṣyaṃ saṃbhinnapralāpo ’bhidhyā vyāpādo mithyādṛṣṭiś ca |  kuśalāni daśa kuśalāḥ karmapathāḥ | tadyathā prāṇātipātād viratir yāvad saṃbhinnapralāpād viratir anabhidhyāvyāpādaḥ samyagdṛṣṭiś ca || prāṇātipātādīnāṃ lakṣaṇaṃ vastuta āśayataḥ prayogataḥ kleśato niṣṭhāgamanataś cāpi veditavyam ||  yad uktaṃ saṃcetanīyaṃ karmeti | tatra katamā saṃcetanīyatā |,何等思業。謂福業非福業不動業。  何等思已業。謂身業語業意業  又此身語意三業。或善或不善。  不善者即十不善業道。謂殺生不與取欲邪行虛誑語離間語麁惡語雜穢語貪欲瞋恚邪見。  善者即:十善業道。謂離殺生離不與取離欲邪行離:虛誑語離離間語離麁惡語離雜穢語無貪無:瞋正見  又殺生等應以五門分別其相。謂事故。意樂:故。方便故。煩惱故。究竟故。  如契經言故思造業。云何名爲故思造業。,སེམས་པའི་ལས༧གང་ཞེ་ན༨། སེམས་མངོན་པར་འདུ་བྱེད་པ༩ཡིད་ཀྱི་ལས་ཏེ་། བསོད༡༠ནམས་དང་། བསོད་ནམས་མ་ཡིན་པ་དང་། མི་གཡོ་བའོ་༎ བསམས༡༡པའི་ལས༔་གང་ཞེ་ན༡༢། ལུས་ཀྱི་ལས་དང་། ངག་གི་ལས་དང་། ཡིད་ཀྱི་ལས་སོ་༎ ལུས་ཀྱི་ལས་དང་། ངག་གི་ལས་དང་། ཡིད་ཀྱི་ལས་དེ༡༣ཡང་དགེ་བ་དང་མི་དགེ་བའོ༡༤༎ མི་དགེ་བ་ནི་མི་དགེ་བའི་ལས་ཀྱི་ལམ་བཅུ་སྟེ་། འདི་ལྟ་སྟེ་།༔་སྲོག་གཅོད་པ་དང་། མ་བྱིན་པར་ལེན་པ་དང་། འདོད་པས༡༥ལོག་པར་གཡེམ་པ་དང་། རྫུན༡༦དུ་སྨྲ་བ་དང་། ཕྲ་མ་དང་། ངག་རྩུབ་མོ༡༧དང་། ཚིག་ཀྱལ་པ༡༨དང་། བརྣབ་སེམས་དང་། གནོད་སེམས་དང་། ལོག༡༩པར་ལྟ་བའོ་༎ དགེ་བ་ནི་དགེ་བ་བཅུའི་ལས་ཀྱི་ལམ་རྣམས་ཏེ་། འདི་ལྟ་སྟེ་། སྲོག་གཅོད་པ་སྤོང་བ་ནས་ཚིག་ཀྱལ༢༠པའི་བར་དུ་སྤོང་བ་དང་། བརྣབ་སེམས་མེད་པ་དང་། གནོད་སེམས་མེད་པ་དང་། ཡང་དག་པར༢༡ལྟ་བའོ་༎ སྲོག་གཅོད་པ་ལ་སོགས་པ་རྣམས་ཀྱི་མཚན་ཉིད་ནི་གཞི་དང་། བསམ་པ་དང་། སྦྱོར་བ་དང་། ཉོན་མོངས་པ་དང་། ཟིན་པར་བྱས་པས་ཀྱང་རིག་པར་བྱའོ་༎ སེམས་པ་ལས་གྱུར་པའི་ལས་ཤེས༢༢གང་བྱུང༢༣བ་དེ་ལ༢༤། སེམས་པ་ལས་གྱུར་པ་གང་ཞེ་ན༢༥།,"What is the action of intention (cetanākarman)? It is an action of the mind that is a thought impulse (cittābhisaṃskāra). It is meritorious, demeritorious, or leading to immovability.  What is the ""action after having intended""? It is bodily, verbal and mental action.  Moreover, those actions of body, speech and mind are either wholesome (kuśala) or unwholesome (akuśala).  Unwholesome actions are the ten unwholesome paths of action (karmapatha), namely: killing, taking what has not been given, sexual misconduct, lying, slander, harsh words, idle prattle, covetousness, harmful intent and wrong view.  Wholesome are the ten wholesome paths of action, namely, abstaining from killing etc., up to abstaining from idle prattle, as well as absence of covetousness, absence of harmful intent and right view.  The characteristics of killing and so on are also to be understood from the viewpoints of object (vastu), disposition (āśaya), preparation (prayoga), defilement (kleśa) and completion (niṣṭhāgamana).  In the sūtras ""intentional action"" has been mentioned. What is that intentionality (saṃcetanīyatā)?"
dd33898b0e2b40e7b7e561cbcd7b6dab,parājñaptisaṃcetanīyatā parasaṃjñaptisaṃcetanīyatāvijñāyasaṃcetanīyatā mūlābhiniveśasaṃcetanīyatā viparyāsasaṃcetanīyatā ca |  tatra mūlābhiniveśasaṃcetanīyasya viparyāsasaṃcetanīyasya ca karmaṇaḥ kṛtasyopacitasya vipāko nāpratisaṃvedanīyaḥ | kṛta  kriyā karmaṇaḥ samudācāraḥ | upacayo vāsanāvṛddhiḥ ||  yad uktaṃ niyatavedanīyaṃ karma iti | tatra niyamaḥ katamaḥ |,謂:他所教勅1故思造業。他所勸請故思造業。無:所了知故思造業。根本執著故思造業。顛倒:分別故思造業。  此中根本執著故思造業。顛:倒分別故思造業。若作若增長非不受異熟。  作者。謂起造諸業令其現行。增長者。謂令習:氣增益  如契經言決定受業。云何名爲決定受業。,གཞན་གྱིས༢༦བསྒོ་བ་སེམས་པ་ལས་གྱུར་པ་དང་། གཞན་གྱིས་གསོལ་བ་བཏབ་པ་སེམས་པ་ལས་གྱུར་པ་དང་། མི་ཤེས་པའི་སེམས་པ་ལས་གྱུར་པ་དང་། རྩ་བ་ལ་མངོན་པར་ཞེན་པའི་སེམས་པ་ལས་གྱུར་པ་དང༢༧། ཕྱིན་ཅི་ལོག་གི་སེམས་པ་ལས་གྱུར་པའོ་༎ དེ་ལ་རྩ་བ་ལ་མངོན་པར་ཞེན་པའི་སེམས་པ་ལས་གྱུར་པ་དང་། ཕྱིན་ཅི་ལོག་གི་སེམས་པ་ལས་གྱུར་པའི་ལས་བྱས་ཤིང་བསགས་པའི་རྣམ་པར་སྨིན་པ་ནི༢༨མྱོང་བར་མི་འགྱུར་བ་མ་ཡིན་ནོ་༎ ལས་ཀྱི༢༩བྱེད་པ་ནི་ཀུན་ཏུ་སྤྱོད༣༠པའོ་༎ བསགས་པ་ནི་བག་ཆགས་འཕེལ་བའོ༣༡༎ མྱོང་བར་ངེས་པའི་ལས་ཤེས༔་གང་འབྱུང༣༢བ་དེ་ལ༣༣། ངེས་པ་གང་ཞེ་ན༣༤།,"It is (1.) intentionality due to the command of others, (2.) intentionality due to the persuasion of others, (3.) intentionality without having understood, (4.) intentionality due to intense fixation because of the roots of the unwholesome actions and (5.) intentionality due to a mistake.  Here, when the karman of intentionality due to intense fixation on the roots and the karman of intentionality due to a mistake are done and heaped up, their ripening is not something that is not to be experienced as a future unpleasant result.  The performing of actions is doing them. Heaping up is the increase of the imprints.  As for what has been said in the sūtra ""karman that is certainly to be experienced"": What is that ""certainty""?"
e219c7d2f44b436a97917c7f7f7ae0d2,karmakriyāniyamo vipākapratisaṃvedanāniyamo ’vasthāniyamaś ca ||,謂:作業決定。受異熟決定。分位決定。,ལས་བྱེད་པར་ངེས་པ་དང་། རྣམ་པར་སྨིན་པ་མྱོང་བར་ངེས་པ་དང་། དུས་ངེས་པའོ་༎,"It is (1.) the certainty of doing the action, (2.) the certainty of experiencing the ripening and (3.) the certainty of time."
38fee16f61914088ab1d32de7aa61400,tatra daśānām akuśalānāṃ karmapathānāṃ vipākaphalam apāyeṣu | niṣyandaphalaṃ manuṣyeṣu pratyekam ānurūpyeṇātmabhāvaparigrahavipattiḥ | adhipatiphalaṃ pratyekam ānurupyeṇaiva bāhyabhāvāvipattiḥ |  tac ca yathāsūtram | daśānāṃ kuśalānāṃ karmapathānāṃ vipākaphalaṃ devamanuṣyeṣu | niṣyandaphalaṃ teṣv eva pratyekam ānurūpyeṇātmabhāvaparigrahasaṃpattiḥ ||  adhipatiphalaṃ teṣv eva pratyekam ānurūpyeṇa bāhyānāṃ bhāvānāṃ saṃpattiḥ ||  kuśalākuśalasya karmaṇaḥ sugatidurgatyor upapattyākṣepaṇam paripūraṇaṃ ca karma veditavyam |  ākṣepaṇaṃ yena vipākam ākṣipati |  paripūraṇaṃ yenopapanna iṣṭāniṣṭam pratisaṃvedayate |,十不善業道異熟果者。於三惡趣中隨下中上品。受傍生餓鬼那落迦異熟。  等流果者。各隨其相於人趣中感得自身衆具衰損。  增上果者。各隨其相感得所有外事衰損。  廣說如經  十善業道異熟果者。於人天趣中受人天異:熟。  等流果者。即於彼處各隨其相感得自身衆具興盛。  增上果者。即於彼處各隨其相。感得所有外事興盛  善不善業。於善趣惡趣中感生異熟時。有招引業圓滿業。  招引業者。謂由此業能感2異熟果。  圓滿業者。謂由此業生已領受愛不愛果。,དེ་ལ་མི་དགེ་བ་བཅུའི་ལས་ཀྱི་ལམ་རྣམས་ཀྱི་རྣམ་པར་སྨིན་པའི་འབྲས་བུ་ནི༔་ངན་སོང་རྣམས་སུའོ་༎ རྒྱུ་མཐུན་པའི་འབྲས་བུ་ནི་སོ་སོ་དང་མཐུན་པར༣༥མིའི་ལུས་དང་ཡོངས་སུ་གཟུང་བ་མི༣༦འབྱོར་པའོ་༎ དབང་གི༣༧འབྲས་བུ་ནི་སོ་སོ་དང་མཐུན་པ་ཉིད་དུ་ཕྱིའི་དངོས་པོ་མི་འབྱོར་བའོ་༎ དེ་ཡང་མདོ་ལས་ཇི་སྐད་དུ༣༨ དགེ་བ་བཅུའི་ལས་ཀྱི་ལམ་རྣམས་ཀྱི་རྣམ་པར་སྨིན་པའི་འབྲས་བུ་ནི་ལྷ་དང་མི་རྣམས་ཀྱི་ནང་དུའོ་༎ རྒྱུ་མཐུན་པའི་འབྲས་བུ་ནི་དེ་དག་ཉིད་དུ་སོ་སོ་དང་མཐུན༔་པར་ལུས་དང་།  ཡོངས་སུ་གཟུང༣༩བ་ཕུན་སུམ་ཚོགས་པའོ་༎ དབང་གི༤༠འབྲས་བུ་ནི་དེ་དག་ཉིད་དུ་སོ་སོ་དང་མཐུན་པར༤༡ཕྱིའི་དངོས་པོ་ཕུན་སུམ་ཚོགས་པའོ༤༢༎ དགེ་བ་དང་མི་དགེ་བའི་ལས་ཀྱིས༤༣ནི་བདེ་འགྲོ་དང་ངན་འགྲོར་སྐྱེ་བའི༤༤འཕེན་པ་དང་། ཡོངས་སུ་རྫོགས་པར་བྱེད་པའི་ལས་སུ་རིག་པར་བྱའོ་༎ འཕེན་པ་ནི་གང་གིས༤༥རྣམ་པར་སྨིན་པ་འཕེན་པའོ་༎ ཡོངས་སུ་རྫོགས་པར་བྱེད་པ་ནི་གང་གིས༔་སྐྱེས་པ་ན༤༦འདོད་པ་དང་མི་འདོད་པ་མྱོང་བའོ་༎,"The fruit of ripening of the ten unwholesome paths of action is to be experienced in the bad destinies.  The concordant fruit is that the body and the possessions of those being reborn among men are wretched, each one of them in a way that corresponds to the respective bad action performed.  The sovereign fruit is that external objects are wretched, one by one, according to the respective original action.  As it is said in the sūtra,  The fruit of ripening of the ten wholesome paths of action is to be experienced among gods or humans.  The concordant fruit is that body and possessions of those being reborn in exactly those good destinies are excellent, one by one, according to the respective original action.  The sovereign fruit is that the external objects of those being reborn in exactly those good destinies are excellent, one by one, according to the respective original action.  It is to be understood that wholesome and unwholesome karman has the function (karman) of entailing and fulfilling rebirth in a good or bad destiny.  ""Entailing"" is the function through which karman entails ripening.  Fulfilling is the function through which, once one is reborn, one experiences what is wanted or unwanted."
1fd55caf77864d208c0df3587753a9f1,asty karmaikena karmaṇā ekam ātmabhāvam ākṣipati | asty karmaikena karmaṇānekam ātmabhāvam ākṣipati | asty karmānekena karmaṇaikam ātmabhāvam ākṣipati | asty karmānekena karmaṇānekam ātmabhāvam ākṣipati ||  bahukarmasamanvāgataḥ sattvaḥ kathaṃ krameṇa vipākaphalaṃ pratisaṃvedayati |  tatra yad gurutaraṃ tad ādau vipacyate | yad vā maraṇakāle abhimukhībhūtam | yad vābhyastam | yad vā prathamaṃ samācaritam tad ādāv eva vipacyate ||  yad uktaṃ puṇyam karmāpuṇyam karmāniṃjyaṃ karma iti |  tatra puṇyaṃ katamat | yat kāmapratisaṃyuktaṃ kuśalaṃ |  apuṇyaṃ katamat | yad akuśalaṃ | āniṃjyaṃ karma katamat | yad rūpārūpyapratisaṃyuktaṃ kuśalaṃ ||  yad uktam avidyāpratyayāḥ saṃskārāḥ puṇyā apuṇyā āniṃjyāś ceti |  tatra kathaṃ puṇyāpuṇyā āniṃjyāś ca saṃskārā avidyāpratyayāḥ saṃbhavanti |,或有業由一業力牽得一身。或有業由一業力牽得多身。或有業由多業力牽得一身。或:有業由多業力牽得多身。  若一有情成就多業。云何次第受異熟果。  於彼身中重者先熟。或將死時現在前者。或先所數習者。或最初所行者。彼異熟先熟  如契經言。有三種業。謂福業非福業不動業。  何等福業。謂欲界繫善業。  何等非福業。謂不善業。  何等不動業。謂色無色界繫善業。  如契經說。無明緣行。若福非福及與不動。  云何福及不動行緣無明生。,ལས་གཅིག་གིས་ལུས་གཅིག་འཕེན༤༧པའི་ལས་ཀྱང་ཡོད་། ལས་གཅིག་གིས་ལུས་དུ་མ་འཕེན༤༨པའི་ལས་ཀྱང་ཡོད་། ལས༤༩དུ་མས་ལུས་གཅིག་འཕེན༔་པའི་ལས་ཀྱང་ཡོད་། ལས༥༠དུ་མས་ལུས༥༡དུ་མ་འཕེན་པའི་ལས་ཀྱང་ཡོད༥༢། ལས་མང་པོ་དང་ལྡན་པའི་སེམས་ཅན༥༣ཇི་ལྟར་རིམ་གྱིས་རྣམ་པར་སྨིན་པ་མྱོང་བར་འགྱུར་ཞེ་ན༥༤། དེ་ལ་གང་ཤིན་ཏུ་ལྕི་བར་གྱུར་པ་དེ་ཐོག་མར་རྣམ་པར་སྨིན་པར་འགྱུར་རོ་༎ ཡང་ན་འཆི་བའི་དུས་ན་གང་མངོན༥༥དུ་གྱུར་པའོ་༎ ཡང་ན་གང༥༦གོམས་པར་གྱུར་པའོ་༎ ཡང་ན་གང་ཐོག་མར་སྤྱད་པ་དེ་ཐོག་མ་ཉིད་དུ་རྣམ་པར་སྨིན༥༧པར་འགྱུར་རོ་༎༔ བསོད༥༨ནམས་ཀྱི་ལས་དང་།  བསོད༥༩ནམས་མ༔་ཡིན་པའི་ལས་དང་། མི་གཡོ་བའི་ལས་ཤེས༦༠གང་འབྱུང་བ༦༡ དེ་ལ༦༢། བསོད༦༣ནམས་གང་ཞེ་ན༦༤། གང་འདོད་པ་དང་རབ་ཏུ་ལྡན་པའི་དགེ་བའོ་༎ བསོད༦༥ནམས༔་མ་ཡིན་པ་གང་ཞེ་ན༦༦། གང་མི་དགེ་བའོ་༎ མི་གཡོ་བའི་ལས་གང་ཞེ་ན༦༧། གང་གཟུགས་དང་གཟུགས་མེད་པ་དང་རབ་ཏུ་ལྡན་པའི་དགེ་བའོ་༎ མ་རིག་པའི་རྐྱེན་གྱིས༦༨བསོད་ནམས་དང་བསོད༦༩ནམས་མ་ཡིན་པ་དང་མི༔་གཡོ་བའི་འདུ་བྱེད་རྣམས་སོ་ཞེས་གང་གསུངས་པ དེ་ལ་། ཇི་ལྟར་ན༧༠བསོད༧༡ནམས་དང་བསོད༧༢ནམས་མ་ཡིན་པ་དང་མི་གཡོ་བའི་འདུ་བྱེད་རྣམས་མ་རིག་པའི་རྐྱེན་ལས་འབྱུང༧༣བ་ཡིན་ཞེ་ན༧༤།,"There is the case that action entails a single existence through a single action. There is also the case that action entails many existences through a single action. There is also the case that action entails a single existence through many actions. There is also the case that action entails many existences through one action.  How does a living being that is furnished with many karmas experience the fruit of their ripening successively?  Here, what is most heavy ripens first, or, what has become manifest at the time of death, or that which has been frequently cultivated, or what has been done first will ripen as the very first.  As for what is said in the sūtra:""meritorious, demeritorious and immovable action"".  What is meritorious? That which is wholesome, connected with the realm of desire.  What is demeritorious? That which is unwholesome.  What is the immovable action? That which is wholesome, connected with the both the material and immaterial realms.  It has been said in the sūtra: ""ignorance is the condition of the impulses (saṃskārāḥ); they are meritorious, demeritorious and immovable.""  How do meritorious, demeritorious and immovable impulses come about with ignorance as their condition?"
a278592104b14c9391edc9cb5c8b79b9,dvividhaḥ saṃmohaḥ | phalavipākasaṃmohas tattvārthasaṃmohaś ca | phalavipākasaṃmūḍhasyāpuṇyāḥ saṃskārāḥ saṃbhavanti tattvārthasaṃmūḍhasya puṇyāniṃjyāḥ |,有二種愚。一異熟果愚。二眞實義愚。  由異熟果愚故發非福行。由眞實義愚故發福及不動行,རྨོངས་པ་ནི༔་གཉིས་ཏེ་། འབྲས་བུ་རྣམ་པར་སྨིན་པ་ལ་རྨོངས་པ་དང་། དེ་ཁོ་ནའི་དོན་ལ་རྨོངས་པའོ་༎ འབྲས་བུ་རྣམ་པར་སྨིན་པ་ལ་རྨོངས་པའི༧༥ནི་མི་དགེ་བའི་འདུ་བྱེད་རྣམས་འབྱུང་ངོ་༎ དེ་ཁོ་ནའི་དོན་ལ་རྨོངས་པའི༧༦ནི༔་བསོད་ནམས་དང་མི་གཡོ་བ་རྣམས་སོ་༎,"There are two kinds of bewilderment. Bewilderment with regard to the ripening of the fruit and bewilderment with regard to true reality.  For someone who is bewildered with regard to the ripening of the fruit, demeritorious impulses come about. For someone who is bewildered with regard to true reality, meritorious and immovable impulses come about."
2c8cb1f474f84019a32d2ad21c1c2a2c,prāṇātipātasya lobhadveṣamohaiḥ prayogaḥ | dveṣeṇa niṣṭhā | yathā prāṇātipātasyaivam paruṣavāgvyāpādayor api | adattādānasya lobhadveṣamohaiḥ prayogaḥ | lobhena niṣṭhā | yathādattādānasyaivaṃ kāmamithyācārābhidhyayoḥ |  mṛṣāvādasya lobhadveṣamohaiḥ prayogaḥ | trayaṇām anyatamena niṣṭhā | yathā mṛṣavādasyaivaṃ saṃbhinnapralāpapiśunavācoḥ |  mithyādṛṣṭer lobhadveṣamohaiḥ prayogaḥ | mohena niṣṭhā |,殺生業道貪瞋癡爲方便。由瞋究竟。如殺生麁惡語瞋恚業道亦爾。  不與取業道貪瞋癡爲方便。由貪究竟。如不與取欲邪行貪欲業道亦爾。  虛誑語業道貪瞋癡爲方便。於三種中隨由一究竟。如虛誑語離間語雜穢語業:道亦爾。  邪見業道貪瞋癡爲方便。由癡究竟。,སྲོག་གཅོད་པ་ལ་ནི་ཆགས་པ་དང་ཞེ་སྡང་དང་གཏི་མུག་གིས་སྦྱོར༧༧ཏེ་། ཞེ་སྡང་གིས་ནི༧༨མཐར་ཕྱིན་པར་བྱེད་དོ་༎ སྲོག་གཅོད་པ་ལ་ཇི་ལྟ་བར༧༩ངག་རྩུབ་པོ༨༠དང་། གནོད་སེམས་ལ་ཡང་དེ་བཞིན་ནོ་༎ མ་བྱིན་པར་ལེན་པ་ལ་ནི༨༡ཆགས་པ༨༢དང་ཞེ་སྡང་དང་། གཏི་མུག་གིས་སྦྱོར་ཏེ་། ཆགས་པས་མཐར་ཕྱིན༨༣པར་བྱེད་དོ་༎ མ་བྱིན་པར་ལེན་པ་ལ༨༤ཇི་ལྟ་བར་འདོད་པ་ལ༨༥ལོག་པར་གཡེམ་པ་དང་། བརྣབ་སེམས་ལ་ཡང་དེ་བཞིན་ནོ་༎ བརྫུན་དུ་སྨྲ་བ༨༦ལ་ནི་ཆགས་པ་དང་ཞེ་སྡང་དང་གཏི་མུག་གིས་སྦྱོར༨༧ཏེ་། གསུམ་པོ་དག་ལས༨༨གང་ཡང་རུང་བས༨༩མཐར་ཕྱིན་པར་བྱེད་དོ་༎ བརྫུན་དུ་སྨྲ་བ་ལ་ཇི་ལྟ་བར་ཕྲ་མ་དང་། ཚིག་ཀྱལ་པ་ལ༩༠ཡང་དེ་བཞིན་ནོ་༎༩༡ ལོག་པར་ལྟ་བ་ལ་ནི༩༢ཆགས་པ་དང་ཞེ་སྡང་དང་གཏི་མུག་གིས་སྦྱོར་ཏེ་། གཏི་མུག་གིས་མཐར་ཕྱིན་པར་བྱེད་དོ་།,"The preparation for killing comes about through greed, hatred and delusion, its accomplishment through hatred. The preparation for harsh speech and harmful intent is exactly like that of killing.  The preparation for taking what has not been given comes about through greed, hatred and delusion, its accomplishment through greed. The preparation and accomplishment of sexual misconduct and covetousness is exactly like that of taking what has not been given.  The preparation for lying comes about through greed, hatred and delusion, its accomplishment through any of the three. The preparation for idle prattle and slander is exactly like that of lying.  The preparation for wrong view comes about through greed, hatred and delusion, its accomplishment through delusion."
ab060493d78d480faee3948b2fc92a2c,"sādhāraṇaṃ karmety apy uktaṃ asādharaṇaṃ karmety apy uktaṃ balavat karmety apy uktaṃ durbalaṃ karmety apy uktaṃ |  sādhāraṇaṃ katamat | yad bhājanalokavibhājakam |  asādhāraṇaṃ katamat | yat sattvalokavibhājakam |  api khalv asti sattvānām anyonyādhipateyaṃ karma | yenānyonyādhipateyāḥ sattvāḥ proktāḥ | tathā hi sulabhaḥ sa sattvo yasya tadanyasattvānyonyadarśanādyupabhogo na bhavet | balavat karma katamat | pratipakṣabalikasya pudgalasya yat saṃcetanīyam akuśalaṃ karma tat pratipakṣabalādhānena yan narakavedanīyaṃ tad dṛṣṭadharmavedanīyaṃ bhavati, yad vā dṛṣṭadharmavedanīyaṃ tad avedanīyam bhavati |  yena prātipakṣikaṃ karma sarvaṃ ca kuśalaṃ karma saṃcetanīyaṃ balavat |  etat samdhāyoktaṃ bhagavatā | āryaśrāvakasya subhāvitāpramāṇavipulacittasya yat pramāṇakṛtaṃ karma, na sa tena nīyate, na tat tatrāvastiṣṭhate, na sa tena saṃkhyāṃ gacchatīti |  yad api pratipakṣadurbalasya pudgalasya saṃcetanīyaṃ kuśalaṃ karma yac ca niyatavipākam saṃcetanīyaṃ karma aprahīṇaṃ aparijñātam tad balavat | ayam atrābhisaṃdhiḥ |  api khalu kāmapratisaṃyuktam akuśalaṃ yad api pūrvābhyastaṃ yad api padasthaṃ yad apy asādhyam aparinirvāṇadharmakānāṃ tad api prakṛtyā balavat | kṣetrato ’pi cittābhisaṃskārato ’pi balavat karma veditavyam |  api khalu navabhir ākārair balavat karma veditavyam | kṣetrato vastutaḥ svabhāvata āśrayato manasikārata āśayataḥ sahāyato bahulīkārato bāhujanyatataś ca ||  etadviparyayeṇa durbalaṃ karma  yad uktaṃ bhagavatā | ya evaṃ vaded, yathā yathāyaṃ puruṣapudgalaḥ karma karoty upacinoti tathā tathā vipākaṃ pratisaṃvedayata ity, evaṃ sati brahmacaryavāso na bhavaty avakāśaś ca na prajñāyate samyagduḥkhakṣayāya duḥkhasyāntakriyāyai |",如契經言。有共業。有不共業。有強力業。有劣力業。  云何共業。若業能令諸器世間種種差別。  云何不共業。若業能令有情世間種種差別。  或復有業。令諸有情展轉增上。由此業力說諸有情更互相望爲增上緣。以彼互有增上力故。亦名共業。是故經言。如是有情與餘有情互相見等。而不受用不易可得。  云何強力業。謂對治力強補特伽羅。故思所造諸不3善業。由對治力所攝伏故。令當受那落迦業轉成現法受。應現法受業轉令不受。  所以此業名強力者。由能對治業力強故。又故思所造一切善業皆名強力。  依此業4故薄伽梵說。我聖弟子能以無量廣大之業善熏其心。諸所造作有量之業。不能牽引不能留住。亦不能令堕在彼數。  又對治力劣補特伽羅。故思所造諸不善業。望諸善業皆名強力。又故思造業異熟決定不斷不知。名強力:業。此中意說。一切善不善業異熟決定。聖道力不斷者。皆名強力業。  又欲界繫諸不善業性皆是強力5。又先所串習名強力業。又依強位名強力業。又不可治者所造諸業名強力業。無涅槃法故。  又由田故發強力業。又由心加行故發強力業。  又由九種因發強力業。謂由田故事故自體故所依故作意故意樂故助伴故多修習故與多衆生共所行故。  與此相違是劣力。  業如世尊說。若有說言。彼彼丈夫補特伽羅。隨如是如是業。若作若增長還受如是如是異熟。若有是事便不應修清淨梵行。亦不可知正盡諸苦作苦邊際。,"ལས་ཐུན༩༣མོང་བ་ཞེས་ཀྱང་འབྱུང༩༤། ལས་ཐུན༩༥མོང་མ་ཡིན་པ་ཞེས་ཀྱང་འབྱུང༩༦། སྟོབས་དང་ལྡན་པ་ཞེས་ཀྱང་འབྱུང༩༧། མཐུ་ཆུང་བ་ཞེས་ཀྱང་འབྱུང་བ༩༨ལ་། ཐུན་མོང་བ་གང་ཞེ་ན་། གང༩༩སྣོད་ཀྱི་འཇིག་རྟེན་རྣམ་པར་འབྱེད་པའོ་༎ ཐུན་མོང་མ་ཡིན་པ་གང་ཞེ་ན༡༠༠། གང་སེམས༔་ཅན་གྱི་འཇིག་རྟེན་རྣམ་པར་འབྱེད་པའོ་༎ ཡང་གང་གིས་སེམས་ཅན་རྣམས༡༠༡བརྗོད་པའི༡༠༢སེམས་ཅན་རྣམས་ཀྱི་ཕན་ཚུན་གྱི༡༠༣དབང་གིས་འབྱུང་བའི་ལས་ཀྱང་ཡོད་དེ་། འདི་ལྟར༡༠༤སེམས་ཅན་གཞན་རྣམས་དང༡༠༥ཕན་ཚུན་དུ་ལྟ༡༠༦བ་ལ་སོགས་པས་ཉེ་བར༡༠༧སྤྱོད་པར་མི་འགྱུར་བའི་སེམས་ཅན༡༠༨དེ་ནི་ཐུན་མོང༡༠༩བ་མ་ཡིན་ནོ་༎ སྟོབས་དང་ལྡན་པའི་ལས་གང་ཞེ་ན༡༡༠། གཉེན་པོའི༔་སྟོབས་ཅན་གྱི་གང་ཟག་གི༡༡༡སེམས་པ་ལས་གྱུར་པའི་ལས་མི་དགེ་བ་གང་ཡིན་པ་དེ་ནི་། གཉེན་པོའི་སྟོབས་བསྐྱེད་པས་། གང་སེམས་ཅན་དམྱལ་བ༡༡༢མྱོང་བར་འགྱུར་བ་དེ་མཐོང་བའི་ཆོས་ལ་མྱོང་བར་འགྱུར་བ༔འམ་། གང་མཐོང་བའི་ཆོས་ལ་མྱོང་བར་འགྱུར་བ་དེ་མྱོང་བར་མི་འགྱུར་བ་སྟེ་། དེ་ལྟར་ན༡༡༣གཉེན་པོ་ལས་བྱུང༡༡༤བའི་ལས་དང་། སེམས་པ་ལས་གྱུར་པའི༡༡༥དགེ་བའི་ལས་ཐམས་ཅད་ཀྱང་སྟོབས་དང་ལྡན་པའོ༡༡༦༎ འདི་ལ༡༡༧དགོངས་ནས་བཅོམ་ལྡན་འདས་ཀྱིས་འཕགས་པ༡༡༨ཉན་ཐོས་སེམས་ཤིན་ཏུ་བསྒོམས་པས༡༡༩ཚད་མེད་པ༡༢༠རྒྱ་ཆེ་བ་ལ་། གང་ཚད་དུ་བྱས་པའི་ལས་དེས༡༢༡ཁྲིད་པར་མི་བྱེད་དོ་༎ དེ་ལ༡༢༢གནས་པར་མི་བྱེད་དོ༡༢༣༎ དེས་དེ་བགྲང༡༢༤བར་མི་འགྱུར༡༢༥ཞེས་གསུངས་སོ་༎ གཉེན་པོའི༡༢༦མཐུ་ཆུང་བའི་གང་ཟག་གི༡༢༧སེམས་པ་ལས་གྱུར་པའི་ལས་མི་དགེ་བ་གང་ཡིན་པ༡༢༨དང་། གང་ཡང་སེམས་པ་ལས་གྱུར་པའི་ལས༡༢༩རྣམ་པར་སྨིན་པར་ངེས་པ་དེ་མ་སྤངས་པ་དང་ཡོངས་སུ་མ་ཤེས་པ་དེ་ནི་། སྟོབས་དང་ལྡན་པ་ཡིན་ཏེ་། འདི་ནི་འདིར༡༣༠དགོངས་པའོ་༎ ཡང་འདོད་པ་དང་རབ་ཏུ་ལྡན་པའི་མི་དགེ་བ་གང་ཡིན་པ་དང་གང་སྔོན་གོམས་པར་བྱས་པ་དང་། གནས༡༣༡ལ་གནས༡༣༢པ་དང་། ཡོངས་སུ་མྱ་ངན་ལས་མི་འདའ་བའི་ཆོས་ཅན་རྣམས་ཀྱི་བསྒྲུབ༡༣༣ཏུ་མེད་པ་གང་ཡིན་པ་དེ་ནི་རང་བཞིན་གྱིས༡༣༤སྟོབས་དང་ལྡན་པའོ༡༣༥༎ ཞིང་དང་སེམས་ཀྱི་མངོན་པར་འདུ་བྱེད་པས་ཀྱང་སྟོབས་དང་ལྡན་པའི་ལས་སུ་རིག་པར་བྱའོ་༎ ཡང་རྣམ་པ་དགུས་སྟོབས་དང་ལྡན་པའི་ལས་སུ་རིག་པར་བྱ་སྟེ་། ཞིང་དང་དངོས་པོ་དང་ངོ་བོ་ཉིད་དང་། གཞི་པོ༡༣༦དང་ཡིད་ལ་བྱེད་པ་དང་། བསམ་པ་དང་གྲོགས་དང་། ལན་མང་དུ་བྱེད་པ་དང་། སྐྱེ་བོ་མང་པོས་ཀྱང་སྟོབས་དང་ལྡན་པ་སྟེ་། འདི༡༣༧ལས་བཟློག་པ་ནི་སྟོབས་དང་མི་ལྡན་པའི་ལས༡༣༨སོ་༎ བཅོམ་ལྡན་འདས་ཀྱིས་སུ་ཞིག་འདི་སྐད་དུ་སྐྱེས་བུ་གང་ཟག༔་འདི་ཇི་ལྟ་ཇི་ལྟར་ལས་བྱེད་ཅིང་སོགས༡༣༩པ་དེ་ལྟ་དེ་ལྟར་རྣམ་པར་སྨིན་པ་མྱོང་བར་འགྱུར་ན་། དེ་ལྟ༼ཅན་༔༔་པཎཌག་༔་ལྟ༏་ཅ་ལ ༼ཨིལླེགིབླེ༽.་ཅཕ༹་ཨཱསVཡཏ,པཌ་༔་ལྟར༽ ན་ཚངས་པར་སྤྱོད་པར༡༤༠གནས་པར་མི་འགྱུར་ཞིང་ཡང་དག་པར་སྡུག་བསྔལ་ཟད་པ༡༤༡དང་སྡུག་བསྔལ༔་མཐར་དབྱུང་བའི་སྐབས་ཀྱང་མི་སྣང་ངོ་ཞེས་ཟེར་བ་དང་།","""Common karman"" has been mentioned in the sūtra, also ""individual karman"", as well as ""strong karman"" and ""weak karman"".  What is common karman? It is that which differentiates the receptacle world.  What is individual karman? It is that which differentiates the world of beings.  And there is also a kind of karman which consists in the mutual influence of beings, on the basis of which it is said that beings influence one another mutually. Because that being is not easily found who would not be delighted (upabhoga) by looking at one another with another being and so on.  What is strong karman? Any intentional unwholesome karman the result of which is to be experienced in the hells and which belongs to a person in whom the antidote is strong, is then to be experienced in this life because the antidote gains strength. And the result of unwholesome karman which is to be experienced in this life is not to be experienced at all.  Therefore, in the case of such a person the karman of the antidote and also all intentional wholesome karman, are strong.  Thinking of this, the Sublime One said ""As for the karman which has been done to a limited extent by the Noble Hearer, whose mind is well-cultivated, limitless and vast: he is not lead by that karman, it does not stay with him, he will not be counted as belonging to a specific destination through it.""  ""Moreover the intentional unwholesome karman of a person in whom the antidote is weak and his intentional karman which will certainly ripen – provided that it has not been given up and has not been completely understood–that (i.e. those two kinds of karman) is strong. That is intended by the Sublime One here.""  Moreover four are strong by nature: unwholesome karman that is connected with the desire realm; and also what has been done habitually before; the karman that has been done when standing on one’s feet; and also the karman that cannot be cured, belonging to those who are and will be without complete nirvana.  Karman can be understood as being strong also from the point of view of its field as well as from the point of view of its thought impulse.  Moreover, karman can also be understood as strong in terms of nine aspects. From the point of view of its field, object, nature, basis, attention, disposition, companion, frequent performance and connection with many people.  Weak karman is to be understood as the opposite of that.  The Sublime One said: ""If someone were to assert: ’In whichever way this person has done and heaped up karman, in exactly that way will he experience its ripening,’ then one would not live the life of an ascetic (brahmacarya), and no occasion would be known for the right extinction of suffering, for bringing an end to suffering""."
989249119ad9439692c12544eb6874c4,"yas tv evaṃ vaded yathā yathā vedanīyaṃ ayaṃ puruṣapudgalo karma karoty upacinoti tathā tathā vedanīyaṃ vipākaṃ pratisaṃvedayata ity, evaṃ sati brahmacaryavaso bhavati, avakāśaś ca prajñāyate samyag duḥkhakṣayāya duḥkhasyāntakriyāyā iti, tatra ko ’bhisaṃdhiḥ |  atra bhagavatā sukhasahagatasya karmaṇaḥ sukhasahagato vipāko pratiṣiddhaḥ |  evaṃ duḥkhasahagatasya duḥkhasahagataḥ | aduḥkhāsukhasahagatasya aduḥkhāsukhasahagataḥ | sukhasahagatasya punaḥ sukhavedanīyasya sukho vipāko ’nujñātaḥ | duḥkhavedanīyasya duḥkhaḥ | aduḥkhāsukhavedanīyasya aduḥkhāsukhaḥ | duḥkhasahagatasya sukhavedanīyasya sukho vipāko ’nujñāyataḥ |  duḥkhavedanīyaya duḥkhaḥ |  aduḥkhāsukhavedanīyasya aduḥkhāsukhaḥ | aduḥkhāsukhasahagatasya sukhavedanīyasya sukho vipāko ’nujñātaḥ  duḥkhavedanīyasya duḥkhaḥ,  aduḥkhāsukhavedanīyasya aduḥkhāsukhaḥ,  ayam atrābhisaṃdhiḥ |  karmaprabhedas saṃvarakarmāsaṃvarakarma naivasaṃvara nāsaṃvarakarma ca |  saṃvarakarma katamat | prātimokṣasaṃvarasaṃgṛhītaṃ dhyānasaṃvarasaṃgṛhītaṃ anāsravasaṃvarasaṃgṛhītaṃ ca |  prātimokṣasaṃvarasaṃgṛhītaṃ karma katamat | aṣṭau nikāyāḥ | bhikṣusaṃvaro bhikṣuṇīsaṃvaraḥ śikṣamāṇāsaṃvaraḥ śrāmaṇerasaṃvaraḥ śrāmaṇerīsaṃvara upāsakasaṃvara upāsikāsaṃvara upavāsasaṃvaraś ca ||",若有說言。彼彼丈夫補特伽羅。隨如是如是順所受業。若作若增長。還受如是如是順所受異熟。若有是事便應修習清淨梵行。又亦可知正盡諸苦作苦邊際。  如是經言有何密意。此中佛意爲欲遮止如是邪說。謂樂倶行業。還能感得樂倶行異熟。  苦倶行業。還能感得苦倶行異熟。不苦不樂倶行業。還能感得不苦不樂倶行異熟。  故作是說。又爲開許如是正說。謂樂倶行業順樂受者。還受樂異熟。  順苦受者。還受苦異熟。  順不苦不樂受者。還受不苦不樂異熟。  苦倶行業順樂受者。還受樂異熟。  順苦受者。還受苦異熟。  順不苦不樂受者。還受不苦不樂異熟。  不苦不樂倶行業:順樂受者。還受樂異熟。  順苦受者。還受苦異熟。  順不苦不樂受者。還受不苦不樂異熟。  如是名爲此經密意。  又業差別有三種。謂律儀業。不律儀業。非律儀非不律儀業。  云何律儀業。謂別解脱律儀所攝業。靜慮律儀所攝業。無漏律儀所攝業。  別解脱律儀所攝業者。即是七衆所受律儀。謂苾芻律儀。苾芻尼律儀。式叉6摩那律儀。勤策律儀。勤策女律儀。鄔波索迦律儀。鄔波斯迦律儀。及近住律儀。,ཡང་སུ་ཞིག་འདི་སྐད་དུ་སྐྱེས་བུ་གང་ཟག་འདི་ཇི་ལྟ་ཇི་ལྟར༡༤༢མྱོང་བར་འགྱུར་བའི་ལས་བྱེད་ཅིང་སོགས༡༤༣པ་དེ་ལྟ་དེ་ལྟར༡༤༤རྣམ་པར་སྨིན་པ་མྱོང་བར་འགྱུར་ན༡༤༥། དེ་ལྟ་ན་ནི་ཚངས་པར་སྤྱོད་པས༡༤༦གནས་པར་འགྱུར་ཞིང་ཡང་དག་པར་སྡུག་བསྔལ་ཟད་པར་འགྱུར་བ་དང་། སྡུག་བསྔལ་མཐར་དབྱུང་བའི་སྐབས་ཀྱང་སྣང་ངོ་ཞེས༔་ཟེར་ཞེས་བཅོམ་ལྡན་འདས་ཀྱིས་གང་གསུངས་པ་དེའི༡༤༧དགོངས་པ་གང་ཞེ་ན་། འདིར་བཅོམ་ལྡན་འདས་ཀྱིས༡༤༨བདེ་བ་དང་ལྡན་པའི་ལས་ཀྱི་རྣམ་པར་སྨིན་པ་བདེ་བ་དང་ལྡན་པ་བཀག་གོ་༎ སྡུག༡༤༩བསྔལ་དང་ལྡན་པའི་སྡུག་བསྔལ་དང་ལྡན་པ་དང་བསྡུག་སྔལ་ཡང་མ་ཡིན་བདེ་བ་ཡང་མ་ཡིན་པ་དང་ལྡན་པའི་བསྡུག་སྔལ་ཡང་མ་ཡིན་བདེ་བ་ཡང་མ་ཡིན་པ་དང་ལྡན་པ་ཡང་དེ་བཞིན་ནོ་། ཡང་བདེ་བ་དང་ལྡན་ཞིང་བདེ་བ༔་མྱོང་བར་འགྱུར་བའི་རྣམ་པར་སྨིན་པ་བདེ་བ་ནི་གནང་ངོ་༎ སྡུག་བསྔལ་མྱོང་བར་འགྱུར་བའི༡༥༠སྡུག་བསྔལ་དང་། སྡུག་བསྔལ་ཡང་མ་ཡིན་པ་བདེ་བ་ཡང་མ་ཡིན་པ་མྱོང་བར་འགྱུར་བའི་སྡུག་བསྔལ༔་ཡང་མ་ཡིན་པ་བདེ་བ་ཡང་མ་ཡིན་པ་དང སྡུག་བསྔལ་དང་ལྡན་ལ་བདེ་བ་མྱོང་བར་འགྱུར་བའི་རྣམ་པར་སྨིན་པ་བདེ་བ་ནི་གནང་ངོ་༎ སྡུག་བསྔལ་མྱོང་བར་འགྱུར་བའི་སྡུག་བསྔལ་དང་། སྡུག་བསྔལ༔་ཡང་མ་ཡིན་བདེ་བ་ཡང་མ་ཡིན་པ་མྱོང་བར་འགྱུར་བའི་སྡུག་བསྔལ་ཡང་མ་ཡིན་བདེ་བ་ཡང་མ་ཡིན་པ་དང སྡུག་བསྔལ་ཡང་མ་ཡིན་བདེ་བ་ཡང་མ་ཡིན་པ་དང་ལྡན་ལ་། བདེ་བ་མྱོང་བར༔་འགྱུར་བའི་རྣམ་པར་སྨིན་པ་བདེ་བ་ནི་གནང་ངོ་༎ སྡུག་བསྔལ་མྱོང་བར་འགྱུར་བའི་སྡུག་བསྔལ་དང་། སྡུག་བསྔལ་ཡང་མ་ཡིན་བདེ་བ་ཡང་མ་ཡིན་པ་མྱོང་བར་འགྱུར་བའི་སྡུག་བསྔལ་ཡང་མ་ཡིན་བདེ༔་བ་ཡང་མ་ཡིན་པའོ ཞེས་བྱ་བ་འདི་ནི་འདིར་དགོངས་པའོ་༎ ལས་ཀྱི་རབ་ཏུ་དབྱེ་བ་ནི་སྡོམ་པའི་ལས་དང་། སྡོམ་པ་མ་ཡིན་པའི་ལས་དང་། སྡོམ་པ་ཡང་མ་ཡིན་སྡོམ་པ་མ་ཡིན་པ་ཡང་མ་ཡིན་པའི་ལས་སོ་༎༔ སྡོམ་པའི་ལས་གང་ཞེ་ན༡༥༡། སོ་སོར༡༥༢ཐར་པའི་སྡོམ་པས་བསྡུས་པ་དང་། བསམ་གཏན་གྱི་སྡོམ་པས་བསྡུས་པ་དང་། ཟག་པ་མེད་པའི་སྡོམ་པས་བསྡུས་པའོ་༎ སོ་སོར༡༥༣ཐར་པའི་སྡོམ་པས་བསྡུས་པའི༡༥༤ལས་གང་ཞེ་ན་། རིས་བརྒྱད་དེ་། དགེ་སློང་གི་སྡོམ་པ་དང་། དགེ་སློང་མའི་སྡོམ་པ་དང་། དགེ་སློབ་མའི་སྡོམ་པ་དང་། དགེ་ཚུལ་གྱི་སྡོམ་པ་དང་། དགེ་ཚུལ་མའི་སྡོམ་པ་དང་། དགེ་བསྙེན་གྱི་སྡོམ་པ་དང་། དགེ༔་བསྙེན་མའི་སྡོམ་པ་དང་། བསྙེན་གནས་ཀྱི༡༥༥སྡོམ་པའོ་༎,"""But if someone were to assert: ’If a person has done and heaped up karman to be experienced in such and such a way, he will experience its ripening to be experienced in such and such a way’, then one would live the life of an ascetic, and an occasion would be known for the right extinction of suffering, for bringing an end to suffering.""  Here, the Bhagavat has rejected the view that karman associated with pleasure has a ripening which is equally associated with pleasure.  Likewise the view that karman associated with suffering, has a ripening that is equally associated with suffering. And the view that karman that is associated with neither suffering nor pleasure has a ripening that is associated with neither suffering nor pleasure are equally rejected.  The Sublime One has however admitted that karman associated with pleasure that is to be experienced as pleasure has a pleasant ripening,  that this kind of karman associated with pleasure, if it is to be experienced as suffering, has a ripening as suffering,  and that this kind of karman associated with pleasure, if it is to be experienced as neither suffering nor pleasure, has neither its ripening as suffering nor pleasure.  The Sublime One has likewise admitted that karman that is associated with suffering, if it is to be experienced as pleasure, has a pleasurable ripening.  that this kind of karman associated with suffering if it is to be experienced as suffering has a ripening as suffering,  that this kind of karman associated with suffering, if it is to be experienced as neither suffering nor pleasure, has a ripening that is neither suffering nor pleasure,  and that the karman that is associated with neither suffering nor pleasure to be experienced as pleasure has a ripening as pleasure is admitted by the Sublime One.  That this karman associated with neither suffering nor pleasure, if it is to be experienced as suffering, has a ripening as suffering,  that this karman associated with neither suffering nor pleasure if it is to be experienced as neither suffering nor pleasure, has a ripening as neither suffering nor pleasure,  that is what is intended here by the Sublime One.  The classification of karman is (a.) karman that is restraint, (b.) karman that is non-restraint, (c.) karman that is neither restraint, nor non-restraint.  What is the karman that is restraint? It is (a.) condensed in the prātimokṣa restraints, (b.) condensed in the restraints of absorption and (c.) condensed in the restraints without inflow.  What is the karman condensed in the prātimokṣa restraints? There are eight kinds: (1.) the restraints of a fully ordained monk, (2.) the restraints of a fully ordained nun, (3.) the restraints of a trainee nun, (4.) the restraints of a novice monk, (5.) the restraints of a novice nun, (6.) the restraints of a male lay follower, (7.) the restraints of a female lay follower, 8.) the fasting restraints."
5c19fb0e64984c0e8c828da8a8a1be0e,kīdṛśaṃ pudgalam adhikṛtya pravrajitasaṃvaro vyavasthāpitaḥ | duścaritavivekacaritaṃ kāmavivekacaritaṃ ca |  kīdṛśaṃ pudgalam adhikṛtya upāsakopāsikāsaṃvaro vyavasthāpitaḥ | duścaritavivekacaritam na tu kāmavivekacaritam ||  kīdṛśaṃ pudgalam adhikṛtyopavāsasaṃvaro vyavasthāpitaḥ | naiva duścaritavivekacaritaṃ na kāmavivekacaritam |  upāsakaśikṣāpadaikadeśe śikṣamāṇaḥ kim upāsakasaṃvarasamanvāgato vaktavya āhosvid asamanvāgato vaktavyaḥ |  samanvāgato vaktavyaḥ | duḥśīlo ’pi vaktavyaḥ |  kiṃ ṣaṇḍhapaṇḍakānām upāsakasaṃvarapratiṣedhaḥ na vopāsakasaṃvarapratiṣedhaḥ | nopāsakasaṃvarapratiṣedhaḥ | upāsakatvapratiṣedhas tu | bhikṣubhikṣūṇīpakṣopāsanāyogyatvād |  pañca paṇḍakāḥ | jātipaṇḍaka īṛṣyāpaṇḍakaḥ pakṣapaṇḍakaḥ āsekyapaṇḍakaḥ āpatpaṇḍakaś ca || dhyānasaṃvaraḥ katamaḥ | dauḥśīlyasamutthāpakānāṃ kleśānāṃ bījopaghāte sati kāmebhyo vītarāgasya yā viratiḥ |  prathamadhyānavītarāgasya dvitīyadhyānavītarāgasya tṛtīyadhyānavītarāgasya yā viratiḥ |    anāsravasaṃvaraḥ katamaḥ | dṛṣṭasatyasyānāsravamanaskāreṇa yā viratiḥ |  asaṃvaraḥ katamat | āsaṃvarikānām aurabhrikakaukkuṭikaśaukarikaśākuntikamātsikā mṛgalubdhakaśaśavāgurikacauravadhyaghātakanāgabandhakanāgamaṇḍalikabandhanapālakāsūcakakāraṇākārapakāṇām yo ’bhijanmato vā tatkarmasamādānato vā tatkarmādhyācāraniścayaḥ | naiva saṃvaro nāsaṃvaraḥ katamaḥ | naivasaṃvaranāsaṃvarikasya yat kuśalāluśalaṃ karma |    sukhavedanīyaṃ karma katamat | yat kāmadhātutridhyānakuśalaṃ ||  duḥkhavedanīyaṃ karma katamat | yad akuśalaṃ ||  aduḥkhāsukhavedanīyaṃ karma katamat | tṛtīyadhyānād ūrdhvaṃ yat kuśalaṃ ||  ,依止何等補特伽羅建立出家律儀。依能修行遠離惡行。遠離欲行補特7伽羅。  依止何等補特伽羅建立鄔波索迦律儀鄔波斯迦律儀。依能盡受遠離惡行。不遠離欲行補特伽羅。  依止何等補特伽羅建立近住律儀。依止不能遠離惡行及不能遠離欲行補特8伽羅。  若唯修學鄔波索迦一分學處爲說成就。鄔波索迦律儀爲說不成就。  應說成就而名犯戒。  扇搋半擇迦等。爲遮彼受鄔波索迦律儀不耶9。不遮彼受鄔波索迦律儀。然遮彼鄔波索迦性。不堪親近承事苾芻苾芻尼等二出家衆故。  又半擇迦有五種。謂生便半擇迦。嫉妬半擇迦。半月10半擇迦灌11潅灑半擇迦。除去半擇迦  靜慮律儀所攝業者。謂能損伏發起犯戒煩惱種子。離欲界欲者所有遠離。  離初靜慮欲者所有遠離。離第二靜慮欲者所有遠離。離第三靜慮欲者所有遠離。  是名靜慮律儀所攝身語業  無漏律儀所攝業者。謂以見諦者由無漏作意力。所得無漏遠離戒性。是名無漏律儀所攝業  云何不律儀業。謂諸不律儀者。或由生彼種姓12中故。或由受持彼事業故。所期現行彼業決定。何等名爲不律儀者。所謂屠羊養鶏養猪捕鳥捕魚獵鹿罝兎劫賊魁膾控13牛縛:象立壇呪龍守獄讒搆好爲損等  云何非律儀非不律儀業。謂住非律儀非不律儀者。所有善不善業  又業差別有三種。謂順樂受業。順苦受業。順不苦不樂受業。  順樂受業者。謂從欲界乃至第三靜慮所有善業。  順苦受業者。謂不善業。  順不苦不樂受業者。謂第三靜慮已上所有善業  又業差別有三種。謂順現法受業。順生受業。順後受業。,རབ་ཏུ་བྱུང་བའི་སྡོམ་པ་གང་ཟག་ཇི་ལྟ་བུའི་དབང་དུ་བྱས་ཏེ་རྣམ་པར་གཞག་ཅེ་ན༡༥༦། ཉེས་པར་སྤྱོད་པ་ལས་དབེན་པར༡༥༧སྤྱོད་པ་དང་། འདོད་པ་ལས་དབེན༔་པར་སྤྱོད་པའོ༡༥༨༎ དགེ་བསྙེན་དང་དགེ་བསྙེན་མའི་སྡོམ་པ་གང་ཟག་ཇི་ལྟ་བུའི་དབང་དུ་བྱས་ཏེ་རྣམ་པར་གཞག་ཅེ་ན༡༥༩། ཉེས་པར་སྤྱོད་པ་ལས་དབེན་པར་སྤྱོད་པ་ཡིན་གྱི་། འདོད་པ་ལས་དབེན་པར་སྤྱོད་པ༡༦༠མ་ཡིན་ནོ་༎ བསྙེན་གནས་པའི་སྡོམ་པ་གང་ཟག་ཇི་ལྟ་བུའི་དབང་དུ་བྱས་ཏེ་རྣམ་པར་གཞག་ཅེ་ན༡༦༡། ཉེས་པར་སྤྱོད་པ་ལས་དབེན་པར་སྤྱོད་པ་ཡང་མ་ཡིན་། འདོད་པ་ལས་དབེན་པར་སྤྱོད་པ་ཡང་མ་ཡིན་པའོ་༎༔ དགེ་བསྙེན་བསླབ་པའི་གཞི༡༦༢ཕྱོགས་གཅིག་ལ་སློབ་ན་དགེ་བསྙེན་གྱི་སྡོམ་པ་དང་ལྡན་པ་ཞེས༡༦༣བྱ་བའམ་། ལྡན་པ་མ་ཡིན་པ་ཞེས་བྱ་ཞེ་ན༡༦༤། ལྡན་པ་ཞེས་བྱ་སྟེ༡༦༥། ཚུལ་ཁྲིམས་འཆལ་པ་ཞེས་ཀྱང་བྱའོ༡༦༦༎ ཟ་མ༡༦༧དང་མ་ནིང་རྣམས་ལ་དགེ་བསྙེན་གྱི་སྡོམ་པ་བཀག་གམ་། དགེ་བསྙེན་གྱི་སྡོམ་པ་མ་བཀག་ཅེ་ན༡༦༨། དགེ་བསྙེན་ཉིད་ནི་བཀག་སྟེ་། དགེ་སློང་དང་དགེ་སློང་མའི་ཕྱོགས་གཉིས་ལ༡༦༩བསྙེན་བཀུར་བྱ་བའི་འོས༔་མ་ཡིན་པའི་ཕྱིར་རོ་༎ མ་ནིང་ནི་ལྔ་སྟེ་། སྐྱེས་ནས་མ་ནིང་དུ་གྱུར༡༧༠པ་དང་། མ་ནིང་ཕྲག་དོག་ཅན་དང་། མ་ནིང་ཟླ་བ༡༧༡ཕྱེད་པ་དང་། རླུགས༡༧༢པའི་མ་ནིང་དང་། ཉམས་པའི་མ་ནིང་ངོ་༎ བསམ་གཏན་གྱི་སྡོམ་པ་གང་ཞེ་ན༡༧༣། འཆལ་པའི་ཚུལ་ཁྲིམས་ཀུན་ནས་སློང་བ་དག་གི༡༧༤ཉོན་མོངས་པ་རྣམས་ཀྱི་ས་བོན་འཇོམས་པའི་དུས་ན་འདོད་པ་ལ་འདོད་ཆགས་དང་བྲལ་བའི༡༧༥སྤོང་བ་གང་ཡིན་པ་དང་། བསམ་གཏན་དང་པོ་ལ་འདོད་ཆགས༔་དང་བྲལ་བ་དང་། བསམ་གཏན་གཉིས་པ་ལ་འདོད་ཆགས་དང་བྲལ་བ་དང་། བསམ་གཏན་གསུམ་པ་ལ་འདོད་ཆགས་དང་བྲལ་བས༡༧༦སྤོང་བ་གང་ཡིན་པའོ་༎  ཟག་པ་མེད་པའི་སྡོམ་པ་གང་ཞེ་ན༡༧༧། བདེན་པ་མཐོང་བ༡༧༨ཟག་པ་མེད་པའི་ཡིད་ལ་བྱེད་པས༡༧༩སྤངས་པ་གང་ཡིན་པའོ་༎ སྡོམ་པ་མ་ཡིན་པ་གང་ཞེ་ན༡༨༠། སྡོམ་པ་མ་ཡིན་པ་བཤན༡༨༡པ་དང་། བྱ་གག་བསོད༡༨༢པ་པ་དང་། ཕག་གིས་འཚོ་བ་དང་། ཉ་པ་དང་། རི་དགས་ཀྱི༔་རྔོན༡༨༣པ་དང་། བྱ་པ་དང་། བོང་རྒྱས་འཚོ༡༨༤བ་དང་། ཆོམ་རྐུན་པ་དང་། གཤེད་མ་དང་། གླང་པོ་ཆེ་འཛིན་པ་དང་། སྦྲུལ་གྱིས་འཚོ་བ་དང་། བཙོན་སྲུངས༡༨༥དང་། ཉན་རྣ་བྱེད་པ་དང་གནོད་པ་བྱེད་པ༡༨༦རྣམས་ཀྱི་གང༔་ཡིན་པའོ་༎ དེ་དག༡༨༧ལས་སྐྱེས་པས་སམ་། ཡང་དག་པར་བླངས་པས་ཏེ༡༨༨། དེ་དག་གི་ལས་སྤྱད་པས༡༨༩ངེས་པར་བྱས་པའོ༡༩༠༎ སྡོམ་པ་ཡང་མ་ཡིན་སྡོམ་པ་མ་ཡིན་ཡང་པ་མ་ཡིན་པ་གང་ཞེ་ན༡༩༡། སྡོམ་པའང༡༩༢མ་ཡིན་སྡོམ་པ་མ་ཡིན་པའང༡༩༣མ་ཡིན་པའི་ལས་དགེ་བའམ་མི་དགེ་བ་གང་ཡིན་པའོ་༎  བདེ་བ༡༩༤མྱོང་བར་འགྱུར་པའི་ལས་གང་ཞེ་ན༡༩༥། འདོད་པའི་ཁམས་དང་། བསམ་གཏན་གསུམ་པོ་དག་གི་དགེ་བ་གང་ཡིན་པའོ་༎ སྡུག་བསྔལ་མྱོང་བར་འགྱུར་བའི་ལས་གང་ཞེ་ན༡༩༦། གང་མི་དགེ་བའོ་༎ སྡུག་བསྔལ་ཡང་མ་ཡིན་བདེ་བ་ཡང་མ་ཡིན་པ་མྱོང་བར་འགྱུར་བའི་ལས་གང་ཞེ་ན༡༩༧། བསམ་གཏན་གསུམ་པོ༡༩༨ལས༔་གོང་མའི་དགེ་བའོ་༎ ,"With regard to what kind of person has the restraint of the renunciate been established? With regard to someone whose conduct is characterized by keeping aloof from bad conduct and whose conduct is likewise characterized by keeping aloof from sensual pleasure.  With regard to what kind of person has the restraint of the male or female lay follower been established? With regard to someone whose conduct is characterized by keeping aloof from bad conduct, but whose conduct is not separated from sensual pleasure.  With regard to what kind of person is the fasting restraint established? With regard to someone whose conduct is neither characterized by keeping aloof from bad conduct, nor from sensual pleasure.  One who trains in only one part of the basic points of training of a layman, should he be called ""possessed of the restraint of a layman"", or should he be called not ""possessed of it?""  He is to be called possessed of the restraint. But he should also be called one who has bad discipline.  Is the restraint of a layman prohibited for asexuals and eunuchs, or not? The restraint of a layman is not prohibited for them. But the state of a layman is prohibited. Because they are not proper to wait upon both monks and nuns.  There are five kinds of eunuchs: 1. eunuch by birth, 2. jealous eunuch, 3. moon phase eunuch, 4. inject eunuch, 5. eunuch through accident.  What is the restraint of absorption? It is the abandoning on the part of a person who has become free from passion towards the objects of desire at the time the seeds of the defilements that arouse corrupt discipline are damaged (upaghāta).  It is, moreover, the abandoning of corrupt discipline on the part of a person who has become free from passion towards the first level of absorption, of a person who has become free from passion towards the second level of absorption, and of a person who has become free from passion towards the third level of absorption.  Addition by XUANZANG: ""Those are the bodily and vocal karman that are included in what is called the restraint of absorption.""  What is the restraint without inflow? It is the abandoning–by means of attention without inflow–on the part of a person who has seen the Four Truths.  What is non-restraint? The decision, taken either because of being born into such a group or because of deliberately taking up their occupation, of persons in non-restraint, i.e. shepherds, poulterers, pig breeders, bird hunters, fishermen, deer hunters, rabbit hunters, thieves, executioners, elephant tamers, snake charmers, prison guards, spies, or torturers, to commit the actions that are the occupations of these groups.  What is neither restraint nor non-restraint? It is the either wholesome or unwholesome karman of a person who is neither subject to restraint nor to non-restraint.  Explanation by XUANZANG: ""Moreover as for the division of karman, there are three kinds, namely: the karman that is to be experienced as pleasure (sukha), the karman that is to be experienced as suffering (duḥkha) and the karman that is to be experienced as neither pleasure nor suffering.""  What is the karman that is to be experienced as pleasant? It is the wholesome karman of the desire realm and the first three dhyānas.  What is the karman that is to be experienced as unpleasant? It is the unwholesome karman.  What is the karman that is to be experienced neither as suffering nor as joy? It is the wholesome karman above the third dhyāna.  Explanation by XUANZANG: ""Moreover as for the division of karman, there are three kinds, namely: the karman that is to be experienced in this lifetime, the karman that is to be experienced after rebirth, the karman that is to be experienced later."""
98bc31cb1e1a44c397847abb1c20be57,dṛṣṭadharmavedanīyaṃ karma katamat | dṛṣte dharme yadvipāko vipacyate | tadyathā maitrīsamādher vyutthitasyānugrahopaghātamayam |  yathā maitrīsamādhes tathā araṇasamādher nirodhasamāpatteḥ srotāpāttiphalād arhattvaphalāc ca vyutthitasya buddhapramukhasya ca bhikṣusaṅghasya | yad vā tīvratarāśayaprayogeṇa kuśalākuśalaṃ samācarati || upapadyavedanīyaṃ karma katamat | saṃparāya eva yadvipāko vipacyate | tadyathā pañcānantaryāṇi karmāṇi | anyad vā punar kuśalākuśalaṃ |  aparaparyāyavedanīyaṃ karma katamat | tasmāt pareṇa yadvipāko vipacyate |  ,順現法受業者。若業於現法中異熟成熟。謂從慈定起已。於彼造作若損若益必得現異熟。  如從慈定起。從無諍定起。從滅定起。從預流果起。從阿羅漢果起亦爾。又於佛爲上首僧中造善惡業必得現異熟。又有餘猛利意樂方便所行善不善業亦得現異:熟。  順生受業者。若業於無間生中異熟成熟。謂五無間業。復有所餘善不善業14。於無間生:異熟熟15者。一切皆名順生受業。  順後受業者。若業於無間生。後異熟成熟。是名順後受業。  又業差別有四種。謂黒黒異熟業。白白異:熟業。異熟業。非黒白無異熟業能:盡諸業。,མཐོང་བའི་ཆོས་ལ་མྱོང་བར་འགྱུར་པའི་ལས་གང་ཞེ་ན༡༩༩། གང་མཐོང་བའི་ཆོས་ལ་རྣམ་པར་སྨིན་པ་རྣམ༢༠༠པར་སྨིན་པར་འགྱུར་བ་སྟེ་། འདི་ལྟ་སྟེ༡བྱེད་པ་ལས་བྱུང་བ་དང་། བྱམས་པའི་ཏིང་ངེ་འཛིན༢༠༡ཇི་ལྟ་བར་ཉོན་མོངས་པ་མེད་པའི་ཏིང་ངེ་འཛིན་དང་། འགོག་པའི༢༠༢སྙོམས་པར་འཇུག་པ་དང་། རྒྱུན་དུ་ཞུགས་པའི་འབྲས་བུ་དང་། དགྲ་བཅོམ་པའི་འབྲས་བུ་ལས་ལངས་པ་དང་། སངས་རྒྱས་ལ་སོགས་པ་དགེ་སློང་གི་དགེ་འདུན་ལའང༢༠༣དེ་བཞིན་ནོ་། ཡང་ན་གང༢༠༤བསམ་པ་ཤིན་ཏུ་དྲག་པོས་སྦྱོར༢༠༥བས་དགེ་བའམ༢༠༦མི་དགེ་བ༔་སྤྱོད་པའོ་༎ སྐྱེས་ནས་མྱོང་བར་འགྱུར་བའི་ལས་གང་ཞེ་ན༢༠༧། གང་ཚེ་ཕྱི་མ་ཉིད་ལ་རྣམ་པར་སྨིན་པ་རྣམ༢༠༨པར་སྨིན་པར་འགྱུར་བ་སྟེ་། འདི་ལྟ་སྟེ་། མཚམས་མེད་པ་ལྔའི་ལས་རྣམས་སོ་༎ ཡང་ན་དགེ་བའམ༢༠༩མི་དགེ་བ་གཞན་ཡང་ཡིན་ནོ་༎ ལན་གྲངས་གཞན་ལ་མྱོང་བར་འགྱུར་བའི་ལས་གང་ཞེ་ན༢༡༠། གང་དེ་ཕན་ཆད་དུ་རྣམ་པར་སྨིན་པ་རྣམ༢༡༡པར་སྨིན་པར་འགྱུར་བའོ་༎ ,"What is the karman to be experienced in this lifetime? It is that, the ripening of which ripens in this lifetime, namely, that karman which comes from doing damage or benefit to someone who has arisen from the concentration of benevolence.  As in the case of deeds which one performs in order to do harm or benefit to someone arisen from the concentration of benevolence, and likewise to one arisen from the concentration without defilements, from the meditative attainment of cessation, from the fruit of a stream enterer, or from the fruit of an Arhat, and to the monastic community headed by the Buddha. Or, whatever wholesome or wholesome deeds which one performs with a perception accompanied by a particularly strong motivation (āśaya). All those lead to results to be experienced in this lifetime.  What is the karman that is to be experienced after rebirth? It is that, the ripening of which ripens in the very next lifetime. For example, the karman that consists in the five actions that bring immediate retribution. Or, again, other kinds of wholesome and unwholesome karman.  What is the karman to be experienced in another lifetime? That, the ripening of which ripens in a lifetime later than that following lifetime.  Explanation by XUANZANG: ""Moreover as for the division of karman, there are four kinds, namely: black karman with black ripening, white karman with white ripening, black and white karman with black and white ripening. Not black and white karman without ripening which extinguishes all karmas."
03c66d05495c4660ab67cace183688e8,kṛṣṇaṃ kṛṣṇavipākaṃ karma katamat | yad akuśalam || śuklaṃ śuklavipākaṃ karma katamat | traidhātukaṃ kuśalam || kṛṣṇaśuklaṃ kṛṣṇaśuklavipākaṃ karma katamat | yat kāmapratisaṃyuktaṃ vyāmiśram | āśayataḥ kṛṣṇam prayogataḥ śuklaṃ | prayogato vā kṛṣṇam āśayataḥ śuklam || akṛṣṇaśuklāvipākaṃ karma karmakṣayāya saṃvartate katamat | prayogānantaryamārgeṣv anāsravaṃ karma |    dānakarma katamat | tan nidānataḥ samutthānato ’dhiṣṭhānataḥ svabhāvataś ca veditavyam |  nidānam alobho ’dveṣo ’mohaś ca |  samutthānaṃ tadsahagatā cetanā |  adhiṣṭhānaṃ deyaṃ vastu |  svabhāvo tyāge kāyavākkarma ||  kathaṃ dānasaṃpat | abhīkṣṇadānato ’pakṣapātadānata icchāparipūraṇadānataś ca |  api khalu aniśritadānato viśadadānataḥ pramuditadānato ’bhīkṣṇadānataḥ pātradānataḥ parigrahāgantukasaṃvibhāgadānataś ca dānasaṃpad veditvyā |  kathaṃ deyasaṃpadā veditavyā | anabhidrugdhadeyavastutām aparāpahṛtadeyavastutām akuthitavimaladeyavastutāṃ kalpikadeyavastutāṃ dharmārjitadeyavastutāṃ copādāya |  ,黒黒異熟業者。謂不善業。  白白異熟業者。謂三界善業。  黒白黒白異熟業者。謂欲界繋雜業。或有業意樂故黒方便故白。或有業方便故黒意樂故白。  非黒白無異熟業能盡諸業者。謂於加行無間道中諸無漏業  總約一切無漏業所有障礙16隨順體性。如其次第建立。曲穢濁等諸染汚業。淨牟尼等諸清淨業  復有施等諸清淨業。云何施業。謂因緣故。等起故。處所故。自體故。分別施業。  因緣者。謂無貪無瞋無癡善根。  等起者。謂彼倶行思。  處:所者。謂所施物。  自體者。謂正行施時身語意業。  云何施圓滿。謂數數施故。無偏黨施故。:随其所欲圓滿施故。施得圓滿。  又無所依施故。廣清淨施故。極歡喜施故。數數施故田器施故。善分布新舊施故。施得17圓滿  云何應知施物圓滿。謂所施財物非誑詐得故。所施財物非侵他得故。所施財物非穢離18垢故。所施財物清淨故。所施財物如法所引故。如是應知施物圓滿。  如契經說。成就尸羅。善能防護別解脱律儀。軌則所行皆悉圓滿。見微細罪生大怖畏。於諸學處善能受學。,གནག་ལ་རྣམ་པར་སྨིན་པ་གནག་པའི༢༡༢ལས་གང་ཞེ་ན༢༡༣། གང་མི་དགེ་བའོ་༎ དཀར་ལ་རྣམ་པར་སྨིན་པ་དཀར་བའི་ལས་གང་ཞེ་ན༢༡༤། ཁམས་གསུམ་པའི་དགེ་བའོ་༎ དཀར་གནག༢༡༥དུ་གྱུར་ལ་རྣམ་པར་སྨིན་པ་དཀར་གནག་དུ་འགྱུར༢༡༦བ་གང་ཞེ་ན༢༡༧། གང་འདོད༢༡༨པ་དང་རབ་ཏུ་ལྡན་པའི་འདྲེན་མ་སྟེ་། བསམ་པས༢༡༩གནག་ལ་སྦྱོར་བས་དཀར་བའམ་། སྦྱོར་བས་གནག་ལ་བསམ་པས་དཀར་བའོ་༎ མི་གནག་ཅིང༢༢༠དཀར་ལ་རྣམ་པར་སྨིན་པར་མི་འགྱུར་ཞིང་ལས་ཟད་པར་འགྱུར་བའི་ལས་གང་ཞེ་ན༢༢༡། སྦྱོར་བ་དང་བར་ཆད་མེད་པའི་ལམ་རྣམས་ལ་ཟག་པ་མེད་པའི་ལས་སོ་༎  སྦྱིན་པའི་ལས་གང་ཞེ་ན༢༢༢། དེའི་གཞི་དང་། ཀུན་ནས་སློང་བ༢༢༣དང་། དངོས་པོ་དང་། ངོ་བོ༔་ཉིད་ཀྱིས་ཀྱང༢༢༤རིག་པར་བྱ་སྟེ་། གཞི་ནི་མ་ཆགས་པ་དང་། ཞེས་སྡང་མེད་པ་དང་། གཏི་མུག་མེད་པའོ་༎ ཀུན་ནས་སློང་བ༢༢༥ནི་དེ་དག་དང་ལྡན་པའི་སེམས་པའོ༢༢༦༎ དངོས་པོ་ནི་སྦྱིན་པར་བྱ་བའི་དངོས་པོའོ་༎ ངོ་བོ་ཉིད་ནི་གཏོང་བ་ན༢༢༧ལུས་ཀྱི་ལས་དང་ངག་གི༢༢༨ལས་སོ་༎ ཇི་ལྟར་ན༢༢༩སྦྱིན་པ་ཕུན་སུམ་ཚོགས་པ་ཡིན་ཞེ་ན༢༣༠། ཕྱིར་ཞིང་སྦྱིན་པ་དང་། ཕྱོགས་མི་འབྱེད་པར་སྦྱིན༢༣༡པ་དང་། འདོད་པ་ཡོངས་སུ་རྫོགས་པར་སྦྱིན་པའི་ཕྱིར་རོ་༎ ཡང་མི་གནས་པར་སྦྱིན་པ་དང་། རྒྱ་ཆེར་སྦྱིན་པ་དང་། དགའ་བས་སྦྱིན་པ་དང་། ཕྱིར་ཞིང་སྦྱིན་པ་དང་། སྣོད་ལ་སྦྱིན་པ་དང་། འཁོར་དང་། གློ་བུར་དུ་འོངས་པ་ལ་ལེགས་པར་བགོས་ཏེ་། སྦྱིན་པས་སྦྱིན་པ་ཕུན་སུམ་ཚོགས་པར༢༣༢རིག་པར་བྱའོ་༎ ཇི་ལྟར་ན་སྦྱིན་པར་བྱ་བ་ཕུན་སུམ་ཚོགས་པར་རིག་པར་བྱ་ཞེ་ན༢༣༣། སྦྱིན་པར་བྱ་བའི་དངོས་པོ་གནོད་པས་གྲུབ་པ་མ༢༣༤ཡིན་པ་དང་། སྦྱིན་པར་བྱ་བའི་དངོས་པོ༔་གཞན་ལས་ཕྲོགས་པ་མ་ཡིན་པ་དང་། སྦྱིན་པར་བྱ་བའི་དངོས་པོ་མ་རུལ་ཞིང་དྲི་མ་མེད་པ་དང་། སྦྱིན་པར་བྱ་བའི་དངོས་པོ་རུང་བ་དང་། སྦྱིན་པར་བྱ་བའི་དངོས་པོ་ཆོས་ཀྱིས་བསྒྲུབས༢༣༥པའི་ཕྱིར་རོ་༎ ,"What is black karman with black ripening? That which is unwholesome.  What is white karman with white ripening? The wholesome karman of the three realms.  What is white and black karman with white and black ripening? That which is connected with the realm of desire and mixed. It is either black from the point of view of its disposition and white from the point of view of its preparation, or black from the point of view of its preparation and white from the point of view of its disposition.  What is not black but white karman without ripening that is conducive to the extinction of karman? It is the karman without inflow on the paths of preparation and immediacy.  Addition by XUANZANG, corresponds to ASBh text below.  What is the action of giving? It is to be understood through its cause, motivation, basis, and also its nature.  Its cause is non-greed, non-hatred and non-delusion.  Its motivation is the intention that is accompanied by those.  Its basis is the object to be given.  Its nature is the action of body and speech when one gives the object away.  How is the perfection of giving to be understood? As constant giving, impartial giving and giving that completely fulfils the wishes.  Giving should also be understood to be perfect in so far as it is unattached giving, extensive giving, giving with joy, frequent giving, giving to an appropriate vessel and giving by way of correctly distributing the gifts to one’s kin and strangers.  How is the perfection of the gift to be understood? The gift is perfect because the object to be given has not been acquired through misappropriation (/embezzlement), the object to be given has not been acquired through robbing it from others, that the object to be given is not stinking and free from dirt, that the object to be given is appropriate, the object to be given has been procured in accordance with the Dharma.  Sūtra quotation, added by XUANZANG: ""As the sūtra says: He is furnished with discipline. He holds the Prātimokṣa restraints well. His manners and the places he goes are all of integrity. When he sees a tiny sin, great dread arises. In all the subjects of training, he takes upon himself the training well."""
7ba250a90bd549e286566b5d583af9ec,kathaṃ śīlavān bhavati | samādattaśīlānurakṣaṇatām upādāya |  kathaṃ prātimokṣasaṃvarasaṃvṛto bhavati | nairyāṇikaśīlatām upādāya |  katham ācāragocarasaṃpanno bhavati | avigarhitaśīlatvām upādāya |  katham anumātreṣv avadyeṣu bhayadarśī bhavati | tīvragauravaśikṣaṇaśīlatām upādāya |  katham samādāya śikṣate śikṣāpadeṣu | paripūrṇaśikṣāśikṣaṇaśīlatām upādāya |,云何成就尸羅。能受能護淨尸羅故。  云何善能防護別解脱律儀。能善護持出離尸羅故。  云何軌則所行皆悉圓滿。具淨尸羅難爲毀責故。  云何見微細罪生大怖畏。勇猛恭敬所學尸羅故。  云何於諸學處善能受學。圓滿受學所學尸羅故。,"ཇི་ལྟར་ན་ཚུལ་ཁྲིམས་དང་ལྡན་པ་ཡིན་ཞེ་ན༢༣༦། ཡང་དག་པར་བླངས་པའི་ཚུལ་ཁྲིམས་རྗེས་སུ་སྲུང༢༣༧བའི་ཕྱིར་རོ་༎ ཇི་ལྟར་ན་སོ་སོར༢༣༨ཐར་པའི་སྡོམ་པས་བསྡམས༼ཅན་༔༔་པཎགཌཅ་༔་བསྡམས་ཅཕ༹་ཨཱསVཡཏ,པ་༔་བསྡམས༏་ཨཱསVཡཏ,ཌ་༔་བསྡོམས༽ པ་ཡིན་ཞེ་ན༼ཅན་༔་པཎགཌཅ་༔་ཡིན་ཞེ་ན་ཅཕ༹་ཨཱསVཡཏ,པཌ་༔་ཡིན༽ ། ངེས་པར་འབྱིན༔་པའི་ཚུལ་ཁྲིམས་ཡིན་པའི་ཕྱིར་རོ་༎ ཇི་ལྟར་ན་ཆོ་ག་དང་སྤྱོད་ཡུལ་ཕུན་སུམ་ཚོགས་པ་ཡིན་ཞེ་ན༢༣༩། མ་སྨད་པའི་ཚུལ་ཁྲིམས་ཡིན་པའི་ཕྱིར་རོ་༎ ཇི་ལྟར་ན་ཁ་ན་མ་ཐོ་བ་ཆུང་ངུ་ཙམ་རྣམས་ལ་ཡང་འཇིགས༢༤༠པར་ལྟ༢༤༡བ་ཡིན་ཞེ་ན༢༤༢། ཤིན་ཏུ་གུས་པར་སློབ་པའི་ཚུལ་ཁྲིམས་ཡིན་པའི་ཕྱིར་རོ་༎ ཇི་ལྟར་ན་ཡང་དག་པར་བླངས་པ་ལ་སློབ་ཅེ་ན༢༤༣། བསླབ་པའི་གཞི༢༤༤རྣམས་ལ་བསླབ་པ་ཡོངས་སུ་རྫོགས་པར༔་སློབ་པའི་ཚུལ་ཁྲིམས་ཡིན་པའི་ཕྱིར་རོ་༎",How is he someone who has discipline? Because he keeps the discipline he has taken up.  How is he restrained by the Prātimokṣa restraint? Because he has the discipline that is conducive to deliverance.  How is he excellent in conduct and location? Because he has discipline without reproach.  How does he perceive a danger in even the tiniest vices (avadyāḥ)? Because he has a discipline that is being trained with utmost earnestness.  How does he train having taken up the bases of training? Because his discipline is one of training the training completely.
25fb899689034eae998b576093321f95,  katham kāyena vācā saṃvṛto bhavati | saṃprajanyaparigṛhītatvāt ||  kathaṃ kāyavāksaṃpattyā saṃpanno bhavati | āpattyanadhyāpannatayā |  katham pariśuddhakāyavāksamudācāro bhavati | avipratisārādikrameṇa samādhisaṃniśrayatayā |  kathaṃ kāyavāksamudācāraḥ kuśalo bhavati | kliṣṭavitarkāvyavakīrṇatayā |  katham anavadyakāyavāksamudācāro bhavati | praṇidhāyabrahmacaryavāsavivarjitatayā |  katham avyābadhyakāyavāksamudācāro bhavati | pareṣām aparapaṃsanasukhasaṃvāsanatayā |  katham ānulomikakāyavāksamudācāro bhavati | nirvāṇānuprāptyanukūlatayā |  katham ānucchavikakāyavāksamudācāro bhavati | praticchannakalyāṇavivṛtapāpatayā |  katham aupayikakāyavāksamudācāro bhavati | sabrahmacāryupagrahaṇaśīlatayā |  katham pratirūpakāyavāksamudācāro bhavati | guruṣu gurusthānīyeṣu ca nihatamānatayā |  katham pradakṣiṇakāyavāksamudācāro bhavati | avadāde pradakṣiṇagrāhitayā |  katham ataptakāyavāksamudācāro bhavati/ kaṣṭatapolūhādhimuktivivarjitatayā/ katham ananutāpyakāyavāksamudācāro bhavati | samutsṛṣṭabhogakarmāntāvipratisāritaḥ |  katham avipratisārakāyavāksamudācāro bhavati | alpamātreṇāsaṃtuṣṭasyāvipratisāritayā |  yad uktaṃ bhagavatā karmasvakāḥ ime sattvāḥ karmadāyādāḥ karmayonīyāḥ karmapratisaraṇāḥ | karma sattvān vibhajati uccanīcatāyāṃ hīnapraṇītāyāṃ ca |,從是已後依止尸羅。釋佛經中護身等義。  云何名爲防護身語。由彼正解所攝持故。  云何身語具足圓滿。終不毀犯所毀犯故。  云何身語清淨現行。由無悔等漸次修行。乃至得定爲依止故。  云何身語極善現行。染汚尋思所不雜19故。  云何身語無罪現行。遠離邪願修梵行故。  云何身語無害現行。不輕陵他易共住故。  云何身語隨順現行。由能隨順涅槃得故。  云何身語隨隱顯現行。隱善顯惡故。  云何身語親善現行。同梵行者攝受尸羅故。  云何身語應現行。於尊尊位離憍慢故。  云何身語敬順現行。於尊教誨敬順受故。  云何身語無熱現行。遠離苦行熱惱下劣欲解故。  云何身語不惱現行。棄捨財業無悔惱故。  云何身語無悔現行。雖得少分不以爲喜而無悔恨故。  如世尊說。如是有情皆由自業。業所乖諍。從:業所生依業出離業能分別20一切有情高下勝劣。,ཇི་ལྟར་ན་ལུས་དང་ངག་གིས་བསྡམས༢༤༥པ་ཡིན་ཞེ་ན༢༤༦། ཤེས་བཞིན་གྱིས་ཡོངས་སུ་ཟིན་པའི་ཕྱིར་རོ་༎ ཇི་ལྟར་ན་ལུས་དང་ངག་ཕུན་སུམ་ཚོགས་པས་ཕུན༢༤༧སུམ་ཚོགས་པ་ཡིན་ཞེ་ན༢༤༨། ལྟུང་བ་མི་བྱེད༢༤༩བའི་ཕྱིར་རོ་༎ ཇི་ལྟར་ན་ལུས་དང་ངག་གི་ཀུན་ཏུ་སྤྱོད་པ་ཡོངས་སུ་དག་པ༢༥༠ཡིན་ཞེ་ན༢༥༡། འགྱོད་པ་མེད་པ་ལ་སོགས་པའི༢༥༢རིམ་གྱིས་ཏིང་ངེ་འཛིན་གྱི་བར༢༥༣ལ་གནས་པའི་ཕྱིར་རོ་༎ ཇི་ལྟར་ན་ལུས་དང་ངག་གི་ཀུན་ཏུ་སྤྱོད་པ་དགེ་བ་ཡིན་ཞེ་ན༢༥༤། ཉོན་མོངས་པ་ཅན་གྱི་རྟོག་པ་དང་མ་འདྲེས་པའི་ཕྱིར་རོ་༎ ཇི་ལྟར་ན་ལུས་དང་ངག་གི་ཀུན་ཏུ་སྤྱོད་པ་ཁ་ན་མ་ཐོ་བ་མེད་པ་ཡིན་ཞེ་ན༢༥༥། སྨོན༢༥༦ནས༔་ཚངས་པར་སྤྱོད་ལ་གནས་པ་རྣམ་པར་སྤངས་པའི་ཕྱིར་རོ་༎ ཇི་ལྟར་ན་ལུས་དང་ངག༢༥༧གི་ཀུན་ཏུ་སྤྱོད་པ་གནོད་པ་མེད་པ་ཡིན་ཞེ་ན༢༥༨། གཞན་ལ་བརྙས་ཐབས་མི་བྱེད་ཅིང་འགྲོགས་ན་བདེ་བའི་ཕྱིར་རོ་༎ ཇི་ལྟར་ན་ལུས་དང་ངག་གི་ཀུན་ཏུ་སྤྱོད་པ་རྗེས་སུ་མཐུན་པ་ཡིན་ཞེ་ན༢༥༩། མྱ་ངན་ལས་འདས་པ་འཐོབ༢༦༠པར་བྱེད་པ་དང་མཐུན་པའི་ཕྱིར་རོ་༎ ཇི་ལྟར་ན་ལུས་དང་ངག་གི་ཀུན་ཏུ་སྤྱོད་པ་རྗེས་སུ་འབྱོར་བ་ཡིན་ཞེ་ན༢༦༡། དགེ་བ་མི་སྤྱོམས༢༦༢པ་དང་། སྡིག་པ་མི་འཆབ་པའི་ཕྱིར་རོ་༎ ཇི་ལྟར་ན་ལུས་དང་ངག་གི་ཀུན་ཏུ་སྤྱོད་པ་ཐབས་དང་ལྡན་པ་ཡིན་ཞེ་ན༢༦༣། ཚངས་པ་མཚུངས༢༦༤པར་སྤྱོད་པ་ཉེ་བར་བསྡུད༢༦༥པའི་ཚུལ་ཁྲིམས་ཡིན་པའི་ཕྱིར་རོ་༎ ཇི་ལྟར༢༦༦ན་ལུས་དང་ངག་གི་ཀུན་ཏུ་སྤྱོད་པ་འཚམ་པ་ཡིན་ཞེ་ན༢༦༧། བླ་མ་རྣམས་དང་། བླ་མ་རྣམས༢༦༨དང་འདྲ་བ་རྣམས་ལ་ང་རྒྱལ་བཅག་པའི་ཕྱིར་རོ་༎ ཇི་ལྟར་ན་ལུས་དང་ངག་གི་ཀུན་ཏུ་སྤྱོད་པ་མཐུན་པ་ཡིན་ཞེ་ན༢༦༩། གདམས་ངག་ལ་མཐུན༢༧༠པར་འཛིན་པའི་ཕྱིར་རོ་༎ ཇི་ལྟར་ན་ལུས་དང་ངག་གི་ཀུན་ཏུ་སྤྱོད་པ་གདུང་བ་མེད་པ་ཡིན་ཞེ་ན༢༧༡། དཀའ་ཐུབ་དྲག་པོ་དང་། ངན་ངོན་ལ་མོས་པ་རྣམ་པར་སྤངས་པའི་ཕྱིར་རོ་༎ ཇི་ལྟར་ན་ལུས་དང་ངག་གི་ཀུན་ཏུ་སྤྱོད་པ་ཕྱིས་འགྱོད་པ་མེད་པ་ཡིན་ཞེ་ན༢༧༢། ལོངས་སྤྱོད་དང་ལས་ཀྱི་མཐའ་སྤངས་པ་ལ་འགྱོད་པ་མེད་པའི་ཕྱིར་རོ༢༧༣༎ ཇི་ལྟར་ན་ལུས་དང་ངག་གི་ཀུན་ཏུ་སྤྱོད་པ་ཡིད་ལ་གཅགས༢༧༤པ་མེད་པ་ཡིན་ཞེ་ན༢༧༥། ཅུང་ཟད་ཙམ་གྱིས་ཆོག་པར་མི་འཛིན་པའི༢༧༦ཡིད་ལ་གཅགས༢༧༧པ་མེད་པའི་ཕྱིར་རོ་༎ བཅོམ་ལྡན་འདས་ཀྱིས་སེམས་ཅན་འདི་དག་ནི༢༧༨ལས་བདག༔་གིར་བྱ་བ་ལས་ཀྱི་བགོ་སྐལ་ལ༢༧༩སྤྱོད་པ༢༨༠། ལས་ཀྱི་སྐྱེ༢༨༡གནས་པ༢༨༢། ལས་བརྟེན༢༨༣པར་བྱ་བ་དག་སྟེ༢༨༤། ལས་ནི་སེམས་ཅན༢༨༥མཐོན་པོ་དང་། དམའ༢༨༦བ་དང་། ངན་པ་དང་། གྱ་ནོམ་པར༢༨༧རྣམ་པར་འབྱེད་པའོ་ཞེས་གང་གསུངས་པ,"Addition by XUANZANG, inserted from ASBh 71,20-21 (see below).  How is he restrained with body and speech? Because he is possessed of awareness.  How is he excellent through excellence of body and speech? Because he does not commit offences.  How is his conduct of body and speech purified? Because his conduct is based on concentration obtained through the successive steps starting with absence of regret.  How is his conduct of body and speech wholesome? Because it is not mixed with defiled reflection.  How is his conduct of body and speech blameless? Because he has given up the life of an ascetic celibacy out of aspiration for worldly matters.  How is his conduct of body and speech free from harm? Because he does not disparage others and because it is pleasant to stay with him.  How is his conduct of body and speech conducive? Because it is favourable for attaining nirvāṇa.  How is his conduct of body and speech appropriate? Because it does not exhibit his good deeds and conceal his bad deeds.  How is his conduct of body and speech suitable? Because his discipline is such that it attracts his fellow ascetics.  How is the conduct of body and speech proper? Because he has destroyed conceit towards the masters and those representing the masters.  How is his conduct of body and speech respectful (pradakṣiṇa)? Because he receives the instruction respectfully.  How is his conduct of body and speech untormented? Because he has avoided all violent asceticism and adherence to what is miserable.  How is his conduct of body and speech not to be regretted? Because he does not regret having abandoned his possessions and occupations.  How is his conduct of body and speech without regret? Because he is without repentance as he is not satisfied with just a little wholesome activity.  The Sublime One said: ""These beings have karman as their own, are heirs of their karman, have karman as their womb, resort to their karman. Karman divides beings into high and low, miserable and excellent."""
cf84c252c20f42d39058028ff9085870,tatra kathaṃ karmasvakāḥ | svayaṃkṛtakarmavipākapratisaṃvedanatām upādāya | kathaṃ karmadāyādāḥ | tasyāṃ svayaṃkṛtavipākapratisaṃvedanāyāṃ kuśalākuśalānāṃ karmaṇām anyonyadāyādatām upādāya | kathaṃ karmayonīyāḥ | sattvānām ahetuviṣamahetuvarjitakarmayonisaṃbhavatām upādāya |  kathaṃ karmapratisaraṇāḥ | karmabandhanavimokṣaṇapratipakṣakarmapratisaraṇatvāt | uccanīcāḥ sattvāḥ katame | sugatidurgatyor pratilabdhātmabhāvāḥ | hīnapraṇītāḥ katame | ta eva doṣasamanvāgatā guṇasamanvāgatāś ca |,云何有情皆由自業。由自造業而受異熟故。  云何業所乖諍。於受自業所得異熟時。善不善業互違諍故。  云何從業所生。是諸有情遠離無因惡因。唯從業所生故。  云何依業。出離依對治業解業縛故。  云何由業有情高下。謂猶21業故於善惡趣得自體差別。  云何勝劣。謂諸有情成就功徳過失差別,དེ་ལ༢༨༨། ལས་བདག་གིར་བྱ་བ་ཇི་ལྟ་བུ་ཡིན་ཞེ་ན༢༨༩། རང་གིས་བྱས་པའི་ལས་ཀྱི༢༩༠རྣམ་པར་སྨིན་པ་མྱོང་བའི་ཕྱིར་རོ་༎ ཇི་ལྟར་ན་ལས་ཀྱི་བགོ་སྐལ་ལ་སྤྱོད༢༩༡པ་ཡིན་ཞེ་ན་། རང་གིས་བྱས་པའི་རྣམ༔་པར་སྨིན་པ་མྱོང་བ་དེ་ལ་དགེ་བ་དང་མི་དགེ་བའི་ལས་སོ་སོའི་བགོ་སྐལ༢༩༢ལ་སྤྱོད་པའི་ཕྱིར་རོ་༎ ཇི་ལྟར་ན་ལས་ཀྱི་སྐྱེ་གནས་པ་ཡིན་ཞེ་ན༢༩༣། རྒྱུ་མེད་པ་དང་མི་མཐུན་པའི་རྒྱུ་རྣམ་པར་སྤངས་པའི་ལས་ཀྱི་སྐྱེ་གནས་ལས་སེམས་ཅན་བྱུང༢༩༤བའི་ཕྱིར་རོ་༎ ཇི་ལྟར་ན་ལས༢༩༥བརྟེན༢༩༦པར་བྱ་བ་ཡིན་ཞེ་ན༢༩༧། ལས་ཀྱི༢༩༨བཅིངས་པ་ལས་རྣམ་པར་ཐར་བར༢༩༩བྱེད་པའི་གཉེན་པོའི་ལས་བརྟེན༣༠༠པ་ཡིན་པའི་ཕྱིར་རོ་༎ སེམས་ཅན་མཐོན་པོ་དང༣༠༡དམའ་བ་གང་ཞེ་ན༣༠༢། བདེ་འགྲོ་དང་ངན་འགྲོར༣༠༣ལུས་ཐོབ་པའོ་༎ ངན་པ་དང་གྱ་ནོམ་པ་གང་ཞེ་ན༣༠༤། དེ་དག་ཉིད་སྐྱོན་དང་ལྡན་པ་དང་ཡོན་ཏན་དང་ལྡན་པའོ་༎,"How do they have karman as their own? Because they experience the ripening of the karman they have done themselves.  How are they heirs of their karman? Because with regard to that experience of the ripening of what they themselves have done they are, dividing among themselves, heirs to wholesome or unwholesome karman.  How do they have karman as their womb? Because beings arise from karman–which is a principle avoiding (varjita) the wrong ideas of arising without a cause or from an inadequate cause–as their womb.  How do they resort to karman? Because they resort to the karman that is the antagonist in order to achieve liberation from the fetter of karman.  What are high and low beings? Those who have attained existence in the good and bad destinies.  What are miserable and excellent beings? The same beings as far as they are furnished with faults and those who are furnished with qualities."
a7f5d615121945978dff77494def4d40,yad uktam acintyaḥ sattvānāṃ karmavipāka iti | tatra kathaṃ karmavipākaś cintyaḥ | katham acintyaḥ |  kuśalasya karmaṇo iṣṭo vipāko devamanuṣyeṣu cintyaḥ |  akuśalasya karmaṇo ’niṣṭo vipāko narakatiryakpreteṣv āpāyadurgativinipāteṣv iti cintyaḥ | anena karmaṇā sattvānām ātmabhāvavaicitryam ity ayam acintyaḥ || tad eva kuśalākuśalaṃ karma sthānavastuhetuvipākaprabhedair acintyam | bāhyabhāvavaicitryābhinirvartakaṃ karmācintyam | maṇimantrauṣadhimuṣṭiyogapratisaṃyuktaṃ karmācintyam | sarvaṃ yogināṃ prabhāvakarmācintyam | bodhisattvānāṃ vaśitākarmācintyam | tadyathā āyurvaśitayā cittavaśitayā pariṣkāravaśitayā karmavaśitayopapattivaśitayādhimuktivaśitayā praṇidhānavaśitayā rddhivaśitayā jñānavaśitayā dharmavaśitayā |   sarvabuddhānāṃ buddhakṛtyānuṣṭhānakarmācintyam |,如世尊說。有情業異熟不可思議。云何業異熟可思議。云何業異熟不可思議。  謂諸善業於人天趣得可22愛異熟。是可思議。  諸不善業墮三惡趣得不愛異熟。是可思議。  即由此業感諸有情自身異熟等種種差別。不可思議。  又即善不善業。處差別事差別因差別異熟差別品類差別等。皆不可思議。  復種種外事差別。能感業用不可思議。  又末尼珠藥草呪術相應業用不可思議。  又諸觀行者威徳業用不可思議。  又諸菩薩自在業用不可思議。所謂  命自在故。心自在故。財自在故。業23自在故。生自在故。勝解自在故。願自在故。神通自在故。智自在故。法自在故。  諸大菩薩由如是等自在力故所作業用不可思議。  又一切佛所作諸佛應所作事業用不可思議。,སེམས་ཅན་རྣམས་ཀྱི་ལས་ཀྱི་རྣམ་པར་སྨིན་པ་བསམ་གྱིས་མི་ཁྱབ་བོ་ཞེས་གང་གསུངས་པ་དེ་ལ་ལས་ཀྱི་རྣམ་པར་སྨིན་པ་བསམ་གྱིས་ཁྱབ༣༠༥པ་ནི་ཇི་ལྟ་བུ་། བསམ་གྱིས་མི་ཁྱབ་པ་ནི་ཇི་ལྟ་བུ་ཞེ་ན་། ལས་དགེ་བའི༣༠༦རྣམ་པར་སྨིན་པ་ལྷ་དང་མི་རྣམས་ཀྱི་ནང་དུ་འདོད་པ་ནི་བསམ་གྱིས་ཁྱབ༣༠༧པའོ་༎ མི་དགེ་བའི་ལས་ཀྱི་རྣམ་པར་སྨིན་པ་སེམས་ཅན་དམྱལ་བ་དང་དུད་འགྲོ་དང་། ཡི་དགས་ཀྱི༣༠༨ངན་སོང་ངན་འགྲོ་ལོག་པར་ལྟུང་བ་རྣམས་སུ་མི་འདོད་པ་ཞེས་བྱ་བ་ནི་བསམ་གྱིས་ཁྱབ༣༠༩པའོ་༎ ལས་འདིས༣༡༠སེམས་ཅན་རྣམས་ཀྱི་ལུས་སྣ་ཚོགས་སུ་འགྱུར་ཞེས་བྱ་བ་འདི་ནི་བསམ་གྱིས་མི་ཁྱབ་པའོ༣༡༡༎ ལས་དགེ་བ་དང་མི་དགེ་བ་དེ་ཉིད་གནས་དང་། དངོས་པོ་དང་། རྒྱུ་དང་རྣམ་པར་སྨིན་པ་དང་། རབ་ཏུ་དབྱེ་བས་ནི་བསམ་གྱིས་མི་ཁྱབ་སྟེ༣༡༢། ཕྱིའི་དངོས་པོ་སྣ་ཚོགས་མངོན་པར་འགྲུབ་པར་བྱེད་པའི་ལས་བསམ་གྱིས་མི་ཁྱབ་པའོ༣༡༣༎ ནོར་བུ༣༡༤དང་། སྔགས་དང་སྨན་དང་། མཁྱུད་དཔྱད༣༡༥དང་ལྡན་པའི་ལས་བསམ་གྱིས༣༡༦མི་ཁྱབ༣༡༧ རྣལ་འབྱོར་པ་ཐམས་ཅད་ཀྱི་མཐུའི༣༡༨ལས་བསམ་གྱིས་མི་ཁྱབ༣༡༩། བྱང་ཆུབ་སེམས་དཔའ༣༢༠རྣམས་ཀྱི་དབང་གི༣༢༡ལས་བསམ་གྱིས་མི་ཁྱབ༣༢༢སྟེ་། འདི་ལྟ་སྟེ་། ཚེ་ལ་དབང་བ་དང་། སེམས་ལ་དབང་བ་དང་། ཡོ་བྱད་ལ་དབང་བ་དང་། ལས་ལ་དབང་བ་དང་། སྐྱེ༣༢༣བ་ལ་དབང་བ་དང་། མོས་པ་ལ་དབང་བ་དང་། སྨོན་ལམ་ལ༔་དབང་བ་དང་། རྫུ་འཕྲུལ་ལ་དབང་བ་དང་། ཡེ་ཤེས་ལ་དབང་བ་དང་།༣༢༤ཆོས་ལ་དབང་བའི་ཕྱིར་རོ་༎  སངས་རྒྱས་ཐམས་ཅད་ཀྱི༣༢༥སངས་རྒྱས་ཀྱི་མཛད་པ་སྒྲུབ༣༢༦པའི༣༢༧ཕྲིན་ལས༣༢༨བསམ་གྱིས་མི་ཁྱབ་བོ་༎,"It has been said in the sūtras ""the ripening of karman for the beings is unthinkable"". How is the ripening of karman thinkable? How is it unthinkable?  That wholesome karman has a wanted ripening among gods and humans is thinkable.  That unwholesome karman has an unwanted ripening in the miserable states, bad destinies, downfalls, i.e. those of hell beings, animals and hungry spirits is thinkable.  To think that ""by this specific karman the variety of bodies of beings comes about"", this is how the ripening of karman is unthinkable.  That same wholesome and unwholesome karman is unthinkable from the point of view of its location, object, cause and ripening.  The karman that produces the various external phenomena is unthinkable.  The karman (i.e. efficacy) that is connected with jewels, mantras, medicine and medical treatment (muṣṭiyoga) is unthinkable.  All karman of the might of the Yogis is unthinkable.  The karman of control of the Bodhisattvas is unthinkable. It is as follows:  Because of control over their lifetime, control over their thought, control over utensils, control over karman, control over birth, control over aspiration (adhimukti), control over resolution (praṇidhāna), control over magical powers (ṛddhi), control over knowledge (jñāna), control over the Dharma.  Addition by XUANZANG, see ASBh 73,14, above  The karman of all the Buddhas to carry out the tasks of a Buddha is unthinkable."
