id,P001792,P001793,P001794,P001795,P001796
e62d4a31ffaf410b8a5d9d5a70bc10c4,(Maitreyavyākaraṇa),(Maitreyavyākaraṇa),(Maitreyavyākaraṇa),༼༤༨༩བ༧༽༎ རྒྱ་གར་སྐད་དུ་། ཨཱརྱ་མཻ་ཏྲི་ཡ་བྱཱ་ཀ་ར་ང་། བོད་སྐད་དུ་། འཕགས་པ་བྱམས་པ་ལུང་བསྟན་པ་།༡,佛說彌勒下生成佛經 唐三藏法師義淨奉 制譯
8fbc97e642014f7386985bc49d341af1,(1a1)oṃ namo maitreyanāthāya ||,...,...,འཕགས་པ ༼༤༩༠ཨ༡༽བྱམས་པ་ལ་ཕྱག་འཚལ་ལོ་།,
1413d5a4426940278d6c0ec600d0b471,evaṃ mayā śrutam ekasmiṃ samaye bhagavān rājagṛhe viharati sma | veṇuvane kalandakanivāpe mahatā bhikṣusaṃghena sārdham ardhatrayodaśabhir bhikṣuśataiḥ || atha khalv āyuṣmāñ,...,...,-,(426a6)如是我聞：一時，薄伽梵在王舍城鷲峯山上，與大苾芻眾俱。(7)爾時，大智舍利子法將中最，哀愍世間，從座而起，偏袒右肩，右膝著地，合掌恭敬，而白佛言：「世尊！我今欲少諮問，願垂聽許！」(10)佛告舍利弗：「隨汝所問，我當為說。」(11) 時，舍利子即以伽他請世尊曰：(13)
bc829d03884b4b529ef8283fe857afcc,chāriputra mahāprajño dharmasenāpatir vibhuḥ | lokasya anukampārthaṃ śāstāraṃ paripṛcchati || 1 ||,,...,། ཆོས་ཀྱི་སྡེ་དཔོན་ཁྱབ་བདག་དཔལ་༎ ཤེས་རབ་ཆེན་པོ་ཤཱ་རིའི་བུས་༎ འཇིག་རྟེན་རྣམས་ལ་སྙིང་བརྩེའི ༼༢༽ ཕྱིར་༎སྟོན་པ་ལ་ནི་ཡོངས་ཞུས་པ་།༡,1「大師所授記，當來佛下生；
6ecb59e5ea9b42a2a1a4ef13426ce5af,yo 'sāv anāgato buddho nirdiṣṭo lokanāyakaḥ | maitreya iti nāmnā 'sau sūtrapūrvāparāntike || 2 ||,...,...,། སྔོན་དང་ཕྱི་མཐའི་མདོ་ལས་ནི་༎ མ་འོངས་པ་ཡི་སངས་རྒྱས་གང་༎ འཇིག་རྟེན་འདྲེན་པར་མཛད་པ་པོ་༎ བྱམས་པ་ཞེས་བྱ་བསྟན་པ་དེ་།༢,2彼號為慈氏，如前後經說。
981460becb2d413e835b3d1c51171192,tasyāhaṃ vistarañ caivaṃ śrotum icchāmi nāyaka | ṛddhiñ cāsyānubhāvañ ca tan me brūhi narottama || 3 ||,...,...,། འདྲེན ༼༣༽པ་བདག་ནི་དེའི་མཐུ་དང་༎ རྫུ་འཕྲུལ་དང་ནི་དོན་ཐམས་ཅད་༎ རྒྱས་པར་རབ་ཏུ་ཉན་འཚལ་ནི་༎ དེ་ནི་མི་མཆོག་བདག་ལ་གསུངས་།༣,3唯願人中尊，伽陀重分別；彼神通威德，我今樂欲聞。」
a9054fca4b4a4f5ca834ed56b060b79c,athainam avadac chāstā vyākariṣyāmy ahaṃ tava | vistaran 1tasya buddhasya maitreyasya śṛṇohi me || 4 ||,...,...,། དེ་ལ་སྟོན་པས་བཀའ་སྩལ་པ་༎ སངས ༼༤༽རྒྱས་བྱམས་པའི་མཆོག་དེ་འི་༎ འབྱོར་པ་རྒྱས་པར་ཁྱོད་ལ་ངས་༎ ལུང་བསྟན་བྱ་ཡི་ང་ལ་ཉོན་།༤,4佛告舍利子：「應至心諦聽；當來慈氏尊，為汝廣宣說。
13aed4d881f3475297915c1ceb009f03,udadhis tena kālena dvātriṃśatśatayojanaḥ | śoṣam āyāsyate yasmāc cakravartī yathā hy asau || 5 ||,...,...,། དེ་ཡི་ཚེ་ན་རྒྱ་མཚོ་ནི་༎ ཁོར་ཡུག་ཏུ་ནི་དཔག་ཚད་བརྒྱ་༎ སྐམ་པར་འགྱུར་ཏེ་དེ ༼༥༽ཡང་ནི་༎ འཁོར་ལོས་བསྒྱུར་བའི་ལམ་བཟང་ཡིན་།༥,5爾時大海水，以漸減三千；(20)二百踰繕那，為顯輪王路。
636baf62685d43d695df8996d9c8c61c,daśayojanasāhasrā jambudvīpo bhavaiṣyati | ālayaḥ sarvabhūtānāṃ vistareṇa samantataḥ || 6 ||,...,...,། དེ་ཚེ་ཛམ་བུའི་གླིང་འདི་ཡང་༎ ཆུ་ཞེང་ཐ་གྲུ་མཉམ་པར་ནི་༎ དཔག་ཚད་སྟོང་ཕྲག་བཅུ་པ་སྟེ་༎ འབྱུང་པོ་ཀུན་གྱི་གནས་སུ ༼༦༽འགྱུར་།༦,6(21)贍部洲縱廣，有萬踰繕那；有情住其中，在處皆充滿。
cbf24381c5a34365a365f3bb518ecfe0,ṛddhisphītā janapadā adaṇḍā anupadravāḥ | tatra kāle bhaviṣyanti narās te śubhakarminaḥ || 7 ||,...,...,། དེ་ཡི་ཚེ་ན་ཡུལ་གྱི་མི་༎ དར་ཅིང་འབྱོར་ལ་ཆད་པ་མེད་༎ འཚེ་མེད་མི་ནི་དེ་དག་ཀྱང་༎ དགེ་བ་བྱེད་པ་དག་ཏུ་འགྱུར་།༧,7國土咸富盛，無罰無災厄；彼諸男女等，皆由善業生。
7b4195d9f2b14f458e92ae3039060ff7,akaṇṭakā vasumatī samāharitaśādvalā | unnamantī na(1b1)mantī ca mṛdutūlapicūpamā || 8 ||,...,...,། ས་གཞི་ཚེར་མ་མེད་པ་དང་༎ མཉམ་ཞིང་ནེའུ་གསིང ༼༧༽སྔོ་དང་ལྡན་༎ འཕར་ཞིང་ནེམ་ཞེས་བྱེད་པ༢སྟེ་༎ ཤིང་བལ་འདབ་མ་བཞིན་དུ་འཇམ་།༨,8地無諸棘刺，唯生青軟草；履踐隨人足，喻若覩羅綿。
b0e864de0fb245c9a04a4b0c266ca101,akṛṣṭotpadyate śālimadhunāś ca sugandhi ca | cailavṛkṣā bhaviṣyanti nānāraṅgopaśobhitāḥ || 9 ||,...,...,། མངར་ཞིང་དྲི་ནི་ཞིམ་པ་ཡི་༎ སཱ་ལུ་མ་རྨོས་པར་སྐྱེའོ་༎ སྣ་ཚོགས་ཚོན་གྱིས་མཛེས་བྱས ༼༤༩༠བ༡༽པའི་༎ གོས་ཀྱི་ལྗོན་ཤིང་འབྱུང་བར་འགྱུར་།༩,9自然出香稻，美味皆充足；諸樹生衣服，眾綵共莊嚴。
41a18693c9e04b9d9ad0ce25075a3b85,puṣpapatraphalotpatā vṛkṣāś ca krośam ucchritāḥ | aśītivarṣasahasrāṇi2 āyus teṣāṃ bhaviṣyati || 10 ||,...,...,། མེ་ཏོག་ལོ་མ་འབྲས་ལྡན་པའི་༎ ལྗོན་ཤིང་འཕང་དུ་རྒྱང་གྲགས་འབྱུང་༎ དེ་དག་རྣམས་ཀྱི་ཚེ་ལོ་ནི་༎ བརྒྱད་ཁྲི་ཁོ་ན་ཐུབ་པར་འགྱུར་།༡༠,10樹高三俱舍，花菓常充實；(426b1)時彼國中人，皆壽八萬歲。
3277c2ef98e44e9393cc87a9b52b2e48,nirāmayāś ca te satvā vītaśokā mahotsavāḥ | varṇavanto mahāśakhyā mahānāgabalāc citāḥ || 11 ||,...,...,། ༼༢༽སེམས་ཅན་དེ་དག་སྐྱོན་མེད་ཅིང་༎ ཉེས་བྲལ་སྤྲོ་བ་ཚེ་དང་ལྡན་པ་༎ ལུས་ཆེན་ཁ་དོག་ལྡན་པ་སྟེ་༎ ཚན་པོ་ཆེ་ཡི་སྟོབས་དང་ལྡན་།༡༡,11(2)無有諸疾苦，離惱常安樂；具相悉端嚴，色力皆圓滿。
9c2cd51e9f134e0190bfcb826416c7bc,trayā rogā bhaviṣyanti icchā anaśanaṃ jarā | pañcavarṣaśatā kanyā svāminaṃ varayiṣyati || 12 ||,...,...,། ནད་ནི་གསུམ་ཞིག་འབྱུང་བར་འགྱུར་༎ འདོད་དང་མི ༼༣༽ཟ་རྒ་བའོ་༎ བུ་མོ་ལ་ནི་ལྔ་བརྒྱ་དག་། ལོ་ན་ནས་ཁྱོ་ལ་བག་མར་འགྲོ་།༡༢,12人患有三種，食衰老便利；女年五百歲，方乃作婚姻。諸有欲便利，地裂而容受；人命將終盡，自往詣屍林。1
7a7af4f3af354e749a45c7d9a51f890c,tadā ketumatī nāma rājadhānī bhaviṣyati | āvāsaḥ śuddhasatvānāṃ prāṇināṃ śubhakarmiṇam || 13 ||,...,...,། དེ་ཚེ་ཏོག་ལྡན་ཞེས་བྱ་བའི་༎ རྒྱལ་པོའི་ཕོ་བྲང་འབྱུང་འགྱུར་ཏེ་༎ སྲོག་ཆགས་དགེ་བའི་ལས་བྱེད་པའི་༎ སེམས་ཅན་རྣམས་ཀྱི་གནས་ཡིན་ནོ་།༡༣,13城名妙幢相，輪王之所都；
7b8461f2367e49cdb496ea60154d73ef,yojanadvādaśāyāmaṃ saptayojanavistaram | nagaraṃ kṛtapuṇyānāṃ bhaviṣyati manoramam || 14 ||,...,...,། ཆུར་ནི་དཔག་ཚད་བཅུ་གཉིས་ཏེ་༎ རྒྱར་ནི་དཔག་ཚད་བདུན་ཡོད་པའི་༎ བསོད་ནམས་བྱས་པ་རྣམ་དག་གི་། གྲོང་ཁྱེར་ཡིད་འོང་འབྱུང་བར་འགྱུར་།༡༤,14縱十二由旬，廣七由旬量。其中所居者，皆曾植妙因；此城有勝德，住者咸歡喜。
8ae92652665540ea8b1071499a1becbd,saptaratnamayāś caiva prakārāḥ krośam uccitāḥ | iṣṭakā dvārakhaṇḍānāṃ nānāratnavibhūṣitāḥ || 15 ||,...,...,། རིན་ཆེན་བདུན་ལས་བྱས་མཐོ་བའི་༎ ར་བ་འཕང་དུ་རྒྱང་གྲགས་འབྱུང་༎ ཤིང་ཐགས་དང་ནི་སྒོ་ཁང་རྣམས་༎ རིན་ཆེན་སྣ་ཚོགས་དག་གིས་བརྒྱན་།༡༥,15樓臺并却敵，七寶之所成；(13)關鑰及門庭，種種寶嚴飾。
9ff168e02bc741f0add989ecb736466c,pariṣāś ca bhaviṣyanti ratna iṣṭakasaṃcitāḥ | padmotpalasamān kīrṇāś cakravākopaśobhitāḥ || 16 ||,...,...,། རིན་ཆེན་སོ་ཕག་གིས་བརྩེགས་ཤིང་༎ པདམ་ཨུཏཔལ་གཅལ་དུ་བཀྲམ་༎ དུར་བས་མཛེས་པར་བྱས་པ་ཡི་༎ འོབས་ཀྱང་འབྱུང་བ་ཁོ་ནར་འགྱུར་།༡༦,16(14)繞堞諸隍塹，皆營以妙珍；名花悉充滿，好鳥皆翔集。
a1f1596086db486896c94b3d36f7ff08,samantataḥ parivṛtāḥ saptabhi(s) talāpa(ṅ)ktibhiḥ | catūratnamayās tālāḥ kiṃkiṇī jālaśobhitāḥ || 17 ||,...,...,། ཁོར་ཡུག་ཏུ་ནི་ཏ་ལ་ཡི་༎ ཕྲེང་བ་བདུན་གྱིས་ཡོངས་སུ་བསྐོར་༎ དྲིལ་བུའི་དྲ་བས་མཛེས་བྱས་པ་༎ རིན་ཆེན་བཞི་རྒྱུའི་ཏ་ལ་དག་།༡༧,17七行多羅樹，周匝而圍遶；眾寶以莊嚴，皆懸網鈴鐸。
bde5df7cf4d248b4950f50c487fafb91,vāteneritatā(2a1)lebhyas tadā śruti manoharāḥ | bhaviṣyanti śubhā śabdā tūryās pañcāṅgikār iva || 18 ||,...,...,། རླུང་བསྐྱོད་ཏ་ལ་དེ་དག་ལས་༎ སྙན་པའི་སྒྲ་ནི་འདི་ལྟར་དཔེར་༎ སིལ་སྙན་ཡན་ལག་ལྔ་ལྡན་བཞིན་༎ དེ་ལས་ཡིད་འོང ༼༤༩༡ཨ༡༽སྒྲ་གྲག་འགྱུར་།༡༨,18微風吹寶樹，演出眾妙聲；猶如奏八音，聞者生歡喜。
ba7550e24a594ffe835d46c77b4fb213,ye ca tasmin pure martyāḥ krīḍāratisukhānvitāḥ | tenaiva tālaśabdena krīḍiṣyanti pramoditāḥ || 19 ||,...,...,། མི་རྣམས་གང་དག་གྲོང་ཁྱེར་དེར་༎ རྩེ་དགའ་བདེ་དོན་གཉེར་བ་རྣམས་༎ དེ་དག་ཏ་ལའི་སྒྲ་དེ་ཡིས་༎ རབ་ཏུ་མགུ་ཞིང་རྩེན་པར ༼༢༽བྱེད་།༡༩,19處處有池沼，彌覆雜色花；
d334e5b84520463dbb1e8a56343f816a,puṣkariṇo bhaviṣyanti kumudotpalasaṃcetāḥ | udyānavanasaṃpannaṃ bhaviṣyati ca tat puram || 20 ||,...,...,། ཨུཏཔལ་ཀུ་མུ་དས་གང་བའི་༎ རྫིང་བུ་དག་ཀྱང་འབྱུང་བར་འགྱུར་༎ གྲོང་དེ་སྐྱེད་མོས་ཚལ་དང་ནི་༎ ནགས་ཚལ་ཕུན་སུམ་ཚོགས་པར་འགྱུར་།༢༠,20(21)園苑擢芳林，莊嚴此城郭。
e9ec8162daad4852adbd65fa82cd4e47,bhaviṣyati tadā rājā śaṃkho nāma mahādyutiḥ|mahābalacakravartī caturdvīpeśvaraḥ prabhuḥ || 21 ||,...,...,། དེར་ནི་དུང་ཞེས་བྱ་བ་ཡི་༎ ༼༣༽རྒྱལ་པོ་གཟི་བརྗིད་ཆེ་ལྡན་ཞིང་༎ སྟོབས་ཆེ་གླིང་བཞིའི་དབང་ཕྱུག་པ་༎ མངའ་བདག་འཁོར་ལོས་བསྒྱུར་བ་འབྱུང་།༢༡,21(22)國中有聖主，其名曰餉佉；金輪王四洲，富盛多威力。
6041d03be3c74d97809bfffad1dbc167,caturaṅgabalopetaḥ saptaratnasamanvitaḥ | pūrṇasahasraputrāṇāṃ tasya rājño bhaviṣyati || 22 ||,...,...,། དཔུང་གི་ཡན་ལག་བཞི་འབྱོར་ཅིང་༎ རིན་ཆེན་བདུན་དང ༼༤༽ཡང་དག་ལྡན་༎ རྒྱལ་པོ་དེ་ཡི་སྲས་རྣམས་ནི་༎ སྟོང་དུ་ཚང་བར་འབྱུང་བར་འགྱུར་།༢༢,22其王福德業，勇健兼四兵；七寶皆成就，千子悉具足。
033f8e1627ad47709b1bcdf79022d2a2,imāṃ samudraparyantām adaṇḍena vasundharām | pālayiṣyati dharmeṇa samena sa narādhipaḥ || 23 ||,...,...,། མི་ཡི་དབང་པོ་དེ་ཡང་ནི་༎ ས་འདི་རྒྱ་མཚོའི་མཐའ་ཀླས་པར་༎ ཆད་པ་མེད་ཅིང་ཆོས་དང་ནི་༎༼༥༽ མཐུན་པས་ཡོངས་སུ་སྐྱོང་བར་འགྱུར་།༢༣,23四海咸清肅，無有戰兵戈；正法理群生，設化皆平等。
6a0b858b08914b7896e6c025124a7474,mahānidhānāś catvāro nayutaśatalakṣitāḥ | bhaviṣyanti tadā tasya rājñaḥ śaṃkhasya bhūpateḥ || 24 ||,...,...,། དེ་ཚེ་དུང་ཞེས་བྱ་བ་ཡི་༎ ས་བདག་རྒྱལ་པོ་དེ་ལ་ནི་༎ རིན་ཆེན་ཁྲག་ཁྲིག་བརྒྱས་མཚོན་པའི་༎ གཏེར་ཆེན་བཞི་ནི་འབྱུང་བར་འགྱུར་།༢༤,24王有四大藏，各在諸國中；一一藏皆有，珍寶百萬億。
dc94f7866e694567892a0a3534902416,piṅgalaś ca kaliṅgeṣu mithilāyām ca pāṇḍukaḥ | elapatraś 3 ca gāndhāre śaṃkho vārāṇasīpure || 25 ||,...,...,། སུ ༼༦༽ཡི་མཚན་ནི་སེར་སྐྱ་སྟེ་༎ བཅོམ་བརླག་ན་ནི་དཀར་པོ་ཡིན་༎ ས་འཛིན་ན་ནི་ཨེ་ལའི་འདབ་༎ ཝཱ་ར་ངཱ་སིའི་གྲོང་ཁྱེར་དུང་།༢༥,25(426c1)羯陵伽國內，藏名氷竭羅；蜜絺羅國中，般逐迦大藏；伊羅鉢羅藏，安處揵陀國；(4)婆羅痆斯境，藏名為餉佉。
061a9e636b844d0c8f2c292ae6a17613,caturbhir ebhi(r) nidhibhiḥ sa rājā susamanvitaḥ | bhaviṣyati mahāvīraḥ śatapuṇyaphalārpitaḥ || 26 ||,...,...,། གཏེར་ནི་བཞི་པོ་ཁོ་ན་དང་༎ རྒྱལ་པོ་ཡང་དག་ལྡན་པར ༼༧༽ནི་༎ འབྱུང་འགྱུར་དཔའ་པོ་ཆེན་པོ་དེ་༎ བསོད་ནམས་བརྒྱ་ལོ་སྟོབས༣ལས་སྐྱེས་།༢༦,26(5)此諸四伏藏，咸屬餉佉王；百福之所資，果報咸成就。
494e047ca30d4738a57d4649a82a51b5,brāhmaṇas tasya rājño 'tha subrahmā nāmnā(2b1) purohitaḥ | bahuśrutaś caturvedī upādhyāyo bhaviṣyati || 27 ||,...,...,། དེ་ཚེ་རྒྱལ་དེའི་མདུན་ན་འདོན་༎ བྲམ་ཟེ་ཚངས་རབ་ཅེས་བྱ་བ་༎ ཐོས་མང་རིག་བྱེད་བཞི་འདོན་པའི་༎ ༼༤༩༡བ༡༽མཁན་པོ་ཞིག་ནི་འབྱུང་བར་འགྱུར་།༢༧,27輔國之大臣，婆羅門善淨；四明皆曉達，多聞為國師。
73c9fe9388fa463fbfe85a3af3eac9e8,adhyāpako mantradharaḥ smṛtivān vedapāragaḥ | kaiṭābhe ca sa nirghaṇṭe padavyākaraṇe tathā || 28 ||,...,...,། འདོན་དུ་འཇུག་དང་གསང་ཚིག་འཛིན་༎ དྲན་ལྡན་རིག་བྱེད་གཞུང་འགྲེལ་དང་༎ སྒྲ་ངེས་སྦྱོར་བཅས་ཕ་རོལ་ཕྱིན་༎ བརྡ་སྤྲོད་པ་དང་ཚིག་དང་ལྡན་།༢༨,28博通諸雜論，善教有聞持；訓解及聲明，莫不咸究了。
b93ccaafb82c4a4585c8fd0fc518bec9,tasya brahmavatī nāma tadā bhāryā bhaviṣyati | darśanīyā prāsādikā abhirūpā yaśasvinī || 29 ||,...,...,། ༼༢༽དེ་ཚེ་དེ་ཡི་ཆུང་མ་ནི་༎ ཚངས་ལྡན་མ་ཞེས་བྱ་བ་སྟེ་༎ མཛེས་ཤིང་བལྟ་ན་སྡུག་པ་དང་༎ གཟུགས་མཐོང་གྲགས་དང་ལྡན་པ་འབྱུང་།༢༩,29有女名淨妙，為大臣夫人；名稱相端嚴，見者皆歡悅。
d1ac1dcedde6431c988c8d8ad9e24ab1,tuṣitebhyas tataś cyutvā maitreyo hy agrapudgalaḥ | tasyāḥ kukṣau sa niyataṃ pratisandhiṃ grahiṣyati || 30 ||,...,...,། བྱམས་པ་གང་ཟག་མཆོག་གྱུར་པ་༎ དགའ་ལྡན་གནས ༼༣༽ནས་ཤི་འཕོས་ནས་༎ དེ་ཚེ་དེ་ཡི་ལྷུམས་སུ་ནི་༎ ངེས་པར་ཉིང་མཚམས་སྦྱོར་བར་འགྱུར་།༣༠,30大丈夫慈氏，辭於喜足天；來託彼夫人，作後身生處。(15)既懷此大聖，
3d8b4099cf6c43bbbe8bd410b26037e0,daśa māsāñś ca nikhilān dhārayitvā mahādyutim | supuṣpite ca udyāne gatvā maitreyamātaraḥ || 31 ||,(daśa māsāṃś ca) nikhilān dhārayitvā mahādyutim | supuṣpite 'smin udyāne maitreyajananī tataḥ || 31 ||,...,། གཟི་བརྗིད་ཆེན་པོ་ཟླ་བ་བཅུ་༎ ཚངས་པར་ལྷུམས་སུ་ཞུགས་ནས་ཀྱང་༎ བྱམས ༼༤༽པའི་ཡུམ་ནི་སྐྱེད་མོས་ཚལ་༎ མེ་ཏོག་བཟང་རྒྱས་ནང་གཤེགས་ནས་།༣༡,31滿足於十月；(15)於是慈尊母，往趣妙花園。
75f2338d520447a4ab00c39b104349d1,na niṣaṇṇā nipannā vā sthitā sā brahmacāriṇī | drumasya śākhām ālambya maitreyaṃ janayiṣyati || 32 ||,na niṣaṇṇā nipannā vā sthitā sā dharmacāriṇī | drumasya śākhām ālambya maitreyaṃ janayiṣyati || 32 ||,...,། ཆོས་སྟོན་མ་དེ་མི་འདུག་ཅིང་༎ མི་ཉལ་འགྲེང་བཞིན་དག་ཏུ་ནི་༎ ཤིང་གི་ཡལ་ག་ལ་བཟུང་ནས་༎ ༼༥༽བྱམས་པ་བལྟམས་པ་ཉིད་དུ་འགྱུར་།༣༢,32至彼妙園中，不坐亦不臥；徐立攀花樹，俄誕勝慈尊。
67838f40c4db426ca7f1af2b5aa3c2a4,niṣkramiṣyati pārśvena dakṣiṇāṅge narottamaḥ | abhrakūṭād yathā sūryā 4 nirgataś ca prabhāyate || 33 ||,.  ,...,། མི་ཡི་མཆོག་ཏུ་གྱུར་པ་དེ་༎ གློ་གཡས་ནས་ནི་འབྱུང་འགྱུར་ཏེ་༎ དཔེར་ན་སྤྲིན་གྱི་ཕུང་པོ་ནས་༎ ཉི་མ་བྱུང་བ་བཞིན་དུ་གསལ་།༣༣,33爾時最勝尊，出母右脇已；如日出雲翳，普放大光明。
28fd83a8011a4f08a48e03cfa5e5de22,kariṣyate samālokaṃ sanarāmaravanditaḥ | alipto garbhapaṅkena padmaṃ caiva yathāmbuvā | traidhātukam idaṃ sarvaṃ prabhayā pūrayiṣyati || 34 ||,alipto garbhapaṅkena kuśeśayam ivāmbunā | traidhātukam idaṃ sarvaṃ prabhayā pūrayiṣyati || 33 || prīto 'tha taṃ sahasrākṣo devarājā śacīpatiḥ | jāyamānaṃ grahītā sa maitreyaṃ dvipadottamam || 34 ||,...,། ཇི་ལྟར ༼༦༽ཆུ་ཡི་པདམ་བཞིན་༎ མངལ་གྱི་འདམ་གྱིས་མི་གོས་སོ་༎ ཁམས་གསུམ་འདི་ནི་ཐམས་ཅད་དུ་༎ འོད་ཀྱིས་རྒྱས་པར་འགེངས་པར་འགྱུར་༎ དེ་ནས་བརྒྱ་བྱིན་ལྷ་དབང་པོ་༎ བདེ ༼༧༽སོགས་མངའ་བདག་དགའ་གྱུར་ནས་༎ བྱམས་པ་རྐང་གཉིས་མཆོག་གྱུར་པ་༎ བལྟམས་པའི་ཚེ་ན་ལོན་པར་འགྱུར་།༣༤,34不染觸胞胎，如蓮花出水；光流三界內，咸仰大慈輝。當爾降生時，千眼帝釋主；躬自擎菩薩，欣逢兩足尊。2
f9e670103df841ec906d2ae51eaa294a,pade pade nidhānaṃ ca padmaṃ padmaṃ bhaviṣyati | diśaś catasro udvīkṣya vācaṃ pravyāhariṣyati | iyaṃ me paścimā jātir nāsti bhūyaḥ punarbhavaḥ || 35 ||,padāni jātamātraś ca saptāsau prakramiṣyati | pade pade nidhanaṃ ca padmaṃ padmaṃ bhaviṣyati || 35 ||,...,། དེ་ནི་བལྟམས་མ་ཐག་ཏུ་ཡང་༎ གོམ་པ་བདུན་དག ༼༤༩༢ཨ༡༽ འདོར་བར་འགྱུར་༎ གོམ་པ་རེ་རེར་གཏེར་དང་ནི་༎ པདམ་རེ་རེ་འབྱུང་བར་འགྱུར་༎ ཕྱོགས་བཞི་དག་ཏུ་གཟིགས་ནས་ནི་༎ བདག་གི་སྐྱེ་བ་ཐ་མས ༼༢༽ནི་༎ འདི་ཡིན་ཡང་སྲིད་ཡོད་མ་ཡིན་།༣༥,35菩薩於此時，自然行七步；而於足履處，皆出寶蓮花。遍觀於十方，告諸天人眾；(28)我此身最後，
72a34bc786bc41d0948628b75e65ced8,(3a1)na punar āgamiṣyāmi nirvāsyāmi nirāśravaḥ | śītoṣṇavāridhārābhiḥ snāpayiṣyanti punnagāḥ || 36 ||,diśaś catasraś codvīkṣya vācaṃ pravyāhariṣyati | iyaṃ me paścimā jātir nāsti bhūyaḥ punarbhavaḥ | na punar abhyāgamiṣyāmi nirvāsyāmi nirāsravaḥ || 36 || saṃsārārṇavamagnānāṃ sattvānāṃ duḥkhabhāginām | tṛṣṇābandhanabaddhānāṃ kariṣyāmi vimocanam || 37 ||,...,། ཡང་དང་ཡང་དུ་ཕྱིར་མི་འོང་༎ ཟག་མེད་མྱ་ངན་འདས་འགྲོ་ཞེས་༎ གསུང་ཡང་རབ་ཏུ་བཀའ་སྩལ་ཏོ་༎ ཀླུ་རྣམས་ཀྱིས་ནི་ཆུ ༼༣༽ཡི་རྒྱུན་༎ བསིལ་དང་འཇམ་པས་སྐུ་བསིལ་འགྱུར་།༣༦,36無生證涅槃。(29)龍降清涼水，澡沐大悲身；
4c82db8c58564969ab00a6bdc553b8d9,divyāsurāṇi puṣpāṇi patiṣyanti nabhastalāt | śvetaṃ tasya surāś chattraṃ dhārayiṣyanti mūrdhani || 37 ||,śvetaṃ cāsya surāś chattraṃ dhārayiṣyanti mūrdhani | śītoṣṇavāridhārābhyāṃ nāgendrau snāpayiṣyataḥ || 38 ||,...,། ནམ་མཁའི་ངོས་ནས་ལྷ་རྫས་ཀྱི་༎ གོས་དང་མེ་ཏོག་འབབ་པར་འགྱུར་༎ དེ་ཡི་དབུ་ལ་གདུགས་དཀར་པོ་༎ ལྷ ༼༤༽རྣམས་ཀྱིས་ནི་འཛིན་པར་འགྱུར་།༣༧,37(427a1)天散殊妙花，虛空遍飄灑。諸天持白蓋，掩庇大慈尊；各生希有心，守護於菩薩。
a5d51bf0a116460f9781e5325ac7cdd8,hṛṣṭaś caiva sahasrākṣo devarājaḥ śacīpatiḥ | pragrahīṣyati kumāraṃ taṃ dvātriṃśalakṣṇānvitam | śriyā jvalantaṃ maitreyaṃ mātur haste pradāsyati || 38 ||,pratigṛhya ca taṃ dhātrī dvātriṃśadvaralakṣaṇam | śriyā jvalantaṃ maitreyaṃ mātre samupaneṣyati || 39 ||,...,། མཚན་མཆོག་སུམ་ཅུ་གཉིས་མངའ་བ་༎ བྱམས་པ་དཔལ་གྱིས་འབར་བ་དེ་༎ མ་མས་ཡང་དག་བླངས་ནས་སུ་༎ ཡུམ་གྱི ༼༥༽ཕྱག་ཏུ་འབུལ་བར་འགྱུར་།༣༨,383褓母擎菩薩，三十二相身；具足諸光明，捧持來授母。
6db339c011304b888d7a9866fb298814,manoramāṃ ca śivikāṃ nānāratnavibhuṣitām | ārūḍhāṃ putrasahitāṃ vahiṣyanti ca devatāḥ || 39 ||,manoramāṃ ca śivikāṃ nānāratnavibhuṣitām | ārūḍhāṃ putrasahitāṃ vahiṣyanti ca devatā || 40 ||,...,། རིན་ཆེན་སྣ་ཚོགས་ཀྱིས་བརྒྱན་པའི་༎ ཁྱོགས་ནི་ཡིད་དུ་འོང་བ་ལ་༎ སྲས་དང་བཅས་པར་བཞུགས་གསོལ་ནས་༎ ལྷ་རྣམས་ཀྱིས་ནི ༼༦༽ཁྱེར་བར་འགྱུར་།༣༩,39御者進雕輦，皆用寶莊嚴；母子昇其中，諸天共持輿。
e2b1296763f44ff0819ccf3b74c62ed9,tatas tūryasahasreṣu vādyamāneṣu tatpuram | praviṣṭamātre maitreye puṣpavarṣaṃ patiṣyati || 40 ||,tatas tūryasahasreṣu vādyamāneṣu tatpuram | praviṣṭamātre maitreye puṣpavarṣaṃ patiṣyati || 41 ||,...,། སིལ་སྙན་སྟོང་ཕྲག་དུ་མ་དག་༎ སྒྲ་འབྱིན་འཁྲོལ་བའི་གྲོང་ཁྱེར་དེར་༎ བྱམས་པ་གཤེགས་པ་ཙམ་གྱིས་ནི་༎ མེ་ཏོག་ཆར་བ་འབབ་པ་འགྱུར་།༤༠,40千種妙音樂，引導而還宮；(9)慈氏入都城，天花如雨落。
0f2997fe6ea842479493f85acb170f47,tasmiṃś ca divase nāryo gurviṇyaḥ prasaviṣyanti | sarvās tā janayiṣyanti putrān kṣemeṇa svastinā || 41 ||,...,...,༼༧༽། དེ་ཡི་ཉིན་པར་སྦྲུམ་པ་ཡི་༎ བུད་མེད་རྣམས་ཀྱང་བཙའ་བར་འགྱུར་༎ དེ་དག་ཐམས་ཅད་ཉམས་བདེ་ཞིང་༎ བདེ་ལེགས་སུ་ནི་བཙའ་བར་འགྱུར་།༤༡,41(10)慈尊誕降日，懷妊諸婇女；普得身安隱，皆生智慧男。
74d3b49630c34ec5877bd8f24839bfbd,dṛṣṭvaivaṃ putraṃ subrahmā dvātriṃśadvaralakṣaṇam | pratyavekṣya sumantreṇa tataḥ prīto bhaviṣyati || 42 ||,dṛṣṭvaivaṃ putraṃ subrahmā dvātriṃśadvaralakṣaṇam | pratyavīkṣātha mantreṣu tadā prīto bhaviṣyati || 42 ||,...,། ཚངས་རབ་ཚན ༼༤༩༢བ༡༽མཆོག་སུམ་ཅུ་གཉིས་༎ ལྡན་པའི་སྲས་དེ་མཐོང་ནས་ནི་༎ གསང་ཚིག་དག་ལ་རབ་བརྟགས་ནས་༎ དེ་ཡི་འོག་ཏུ་དགའ་བར་འགྱུར་།༤༢,42善淨慈尊父，覩子奇妙容；具三十二相，心生大歡喜。
1b4c86492791423ab95c1bfe4eb8ad46,gatidvayaṃ kumārasya yathā mantreṣu dṛśyate | narādhipaś cakravartī buddho vā dvīpadottamaḥ || 43 ||,gatidvayaṃ kumārasya yathā mantreṣu dṛśyate | narādhipaś cakravartī buddho vā dvīpadottamaḥ || 43 ||,...,། ཇི་ལྟར་གསང་ཚིག་ལས་འབྱུང ༼༢༽བཞིན་༎ གཞོན་ནུའི་འགྲོ་བ་གཉིས་ཡིན་ཏེ་༎ མི་དབང་འཁོར་ལོས་བསྒྱུར་བའམ་༎ སངས་རྒྱས་རྐང་གཉིས་མཆོག་ཏུ་འགྱུར་།༤༣,43父依占察法，知子有二相；處俗作輪王，出家成正覺。
5ba2b699aa664db98f08ba7d61982e7f,sa ca yauvanasaṃprāpto maitreyo hy agrapudgalaḥ | cintayiṣyati dharmātmā duḥkhitā khalv iyaṃ prajā || 44 ||,sa ca yauvanasaṃprāpto maitreyāḥ puruṣottamaḥ | cintayiṣyati dharmātmā duḥkhitā khalv iyāṃ prajāḥ || 44 ||,...,། བྱམས་པ་རྐང་གཉིས་མཆོག ༼༣༽གྱུར་པ་༎ དཔལ་དེ་ན་ཚོད་རྫོགས་ནས་ནི་༎ སྐྱེ་རྒུ་འདི་ནི་སྡུག་བསྔལ་སྙམ་༎ ཆོས་ཀྱི་བདག་ཉིད་དགོངས་པར་མཛད་།༤༤,44菩薩既成立，慈愍諸群生；眾苦險難中，輪迴常不息。
a62cfcf137b04861b5830baa466573ee,brahmasvaro mahāvego hemava(3b1)rṇo mahādyutiḥ | viśālacakṣuḥ pīnāṅgaḥ padmapattranibhedekṣaṇaḥ5 || 45 ||,brahmasvaro mahāghoṣo hemavarṇo mahādyutiḥ | viśālavakṣāḥ pīnāṅsaḥ padmapattranibhekṣaṇaḥ || 45 ||,...,། དབྱངས་ཆེ་ཚངས་པའི་དབྱངས་དང་ལྡན་༎ འོད ༼༤༽ཆེ་གསེར་གྱི་མདོག་དང་ལྡན་༎ སྟེང་ཕེལ་ཆེ་ཞིང་ཐལ་གོང་རྒྱས་༎ པདམའི་འདབ་མ་འདྲ་བའི་སྤྱན་།༤༥,45金色光明朗，聲如大梵音；(19)目等青蓮葉，支體悉圓滿。
d1e15ec7e0db4cd380e14e19c2c5914d,ucchrayeṇa hastāśītiḥ kāyas tasya bhaviṣyati | vistāraṃ viṃśatir hastā tato 'rdham mukhamaṇḍalam || 46 ||,hastaḥ pañcāśad ucchrāya tasya kāyo bhaviṣyati | visṛtaś ca tato 'rddhena śubhavarṇasamucchrayaḥ || 46 ||,...,། དེ་ཡི་སྐུ་ཡི་ཁྲུན་དུ་ནི་༎ ཁྲུ་ནི་བརྒྱད་ཅུ་དག་ཏུ་འགྱུར་༎ ཞེང་ནི་ཁྲུ་རྣམས ༼༥༽ཉི་ཤུ་སྟེ་༎ ཞལ་གྱི་དཀྱིལ་འཁོར་དེ་ཡི་ཕྱེད་།༤༦,46(20)身長八十肘，二十肘肩量；面廣肩量半，滿月相端嚴。
4a5c2df786cd448289c25a3a62793b9f,aśītibhiś caturbhiś ca sahasraiḥ sa puraskṛtaḥ | māṇavānāṃ sa maitreyo mantrān adhyāpayiṣyati || 47 ||,aśītibhiś caturbhiś ca sahasraiḥ saṃpuraskṛtaḥ | māṇavānāṃ sa maitreyo mantrān adhyāpayiṣyati || 47 ||,māṇavānāṃ sa maitreyo maṃtrān adhyāpayiṣyati (|),། བྱམས་པ་དེ་ནི་བྲམ་ཟེའི་བུ་༎ སྟོང་ཕྲག་བཞི་པོ་དག་དང་ནི་༎ བརྒྱད་ཅུས་མདུན་དུ་བདར་ནས་ནི་༎ གསང་ཚིག་དག་ཀྱང ༼༦༽འདོན་དུ་འཇུག་།༤༧,47菩薩明眾藝，善教受學者；請業童蒙等，八萬四千人。
bd52d0b01358481695f0dce4c0a29816,tataḥ śaṅkho mahārājo yūpam ucchrāpayiṣyati |ṣoḍaśavyāmavistāram ūrdhvavyāmasahasrakam || 48 ||,atha śaṅkho narapatiḥ yūpam ucchrāpayiṣyati | tiryañ ca ṣoḍaśavyāmam ūrdhvaṃ vyāmasahasrakam || 48 ||,...,། དེ་ནས་རྒྱལ་པོ་ཆེན་པོ་དུང་༎ སྦོམས་སུ་འདོམ་ནི་དྲུག་ཅུ་བཞི་༎ འཕང་དུ་འདོམ་ནི་སྟོང་ཡོད་པའི་༎ མཆོད་སྡོང་ཞིག་ནི་འཛུགས་པར་འགྱུར་།༤༨,48時彼餉佉王，建立七寶幢；幢高七十尋，廣有尋六十。
4ed0ba9a7888416f86892262e8a27313,sa taṃ yūpaṃ narapatir nānāratnavibhūṣitam | saptaratnasamākīrṇaṃ brāhmaṇebhyaḥ pradāsyati || 49 ||,sa taṃ yūpaṃ narapatir nānāratnavibhūṣitam | pradāsyati dvijātibhyo yajñaṃ kṛtvā puraḥsaram | saptaratnamayaṃ yūpaṃ brāhmaṇebhyaḥ pradāsyati || 49 ||,x x x x vibhūṣitaṃ | pradāsyati dvijātibhyo yajñāṃ kṛ(t)v(ā) pur(as)sara ||,། མི་དབང ༼༧༽དེ་ཡིས་མཆོད་སྡོང་དེ་༎ རིན་ཆེན་སྣ་ཚོགས་ཀྱིས་བརྒྱན་ནས་༎ མཆོད་སྦྱིན་གྱིས་ནི་སྤྱན་དྲངས་ཏེ་༎ བྲམ་ཟེ་དག་ལ་རབ་ཏུ་འབུལ་།༤༩,49寶幢造成已，王發大捨心；施與婆羅門，等設無遮會。
6ae9c933da334d2a8e2e8d30599e74cc,tac ca ratnamayaṃ yūpaṃ dattamātraṃ manoramam | brāhmaṇānāṃ sahasrāṇi vikariṣyanti tatkṣaṇāt || 50 ||,taṃ ca ratnamayaṃ yūpaṃ dattamātraṃ manoramam | brāhmaṇānāṃ sahasrāṇi vikiriṣyanti tatkṣaṇāt || 50 ||,...,། མཆོད་སྡོང་ཡིད་འོང་རིན་ཆེན་རྒྱུ་༎ དེ་ནི ༼༤༩༣ཨ༡༽ ཕུལ་མ་ཐག་ཏུ་ཡང་༎ བྲམ་ཟེ་སྟོང་པོ་རྣམས་ཀྱིས་ནི་༎ དེ་ཡི་མོད་ལ་བགེད་༤པར་གྱུར་།༥༠,50其時諸梵志，數有一千人；(29)得此妙寶幢，毀坼須臾頃。
e7bf3359a9e24d1f91a9ad21544b210c,tasya yūpasya maitreyo dṛṣṭvā cainām anityatām | kṛtsna(ṃ) vicintya saṃsāraṃ pravrajyāṃ rocayiṣyati || 51 ||,yūpasya tasya maitreyo dṛṣṭvā caitām anityatām | kṛtsnaṃ vicintya saṃsāraṃ pravrajyāṃ rocayiṣyati || 51 ||,(dṛ)ṣṭvevan tām anityatām | kṛtsnaṃ vicintya saṃsāraṃ pravrajyāṃ rocayiṣya(ti |),། བྱམས་པས་མཆོད་སྡོང་དེ་ཡི་ནི་༎ མི་རྟག་ཉིད་དེ ༼༢༽མཐོང་ནས་ཀྱང་༎ འཁོར་བ་མཐའ་དག་རྣམས་བསམ་སྟེ་༎ རབ་ཏུ་འབྱུང་བར་འདོད་པར་འགྱུར་།༥༡,51(427b1)菩薩覩斯已，念世俗皆然；生死苦羈籠，思求於出離。
863b2511208141348e1969483990afe9,yatv ahaṃ pravrajitveha spṛśeyam amṛtaṃ padam | vimocayeyaṃ janatāṃ vyādhimṛtyujarābhayāt || 52 ||,yatv ahaṃ pravrajitveha spṛśeyam amṛtaṃ padam | vimocayeyaṃ janatāṃ vyādhimṛtyujarābhayāt || 52 ||,...,། འདིར་བདག་རབ་ཏུ་བྱུང་ནས་ནི་༎ བདུད་རྩིའི་གོ་འཕང་རེག་འགྱུར་དང་༎ སྐྱེ ༼༣༽བོ་འཆི་བདག་ནད་རྒ་བའི་༎ འཇིགས་ལས་འགྲོལ་བར་འགྱུར་སྙམ་ཞེས་།༥༢,52「祈誠寂滅道，棄俗而出家；生老病死中，救之令得出。」慈尊興願曰4.
eefff521598643108a21395c2592c238,aśītibhiś caturbhiś ca sahasraiḥ saṃpuraskṛtaḥ | niḥkramiṣyati maitreyaḥ pravrajyārtham agrapudgalaḥ || 53 ||,aśītibhiḥ sahasraiḥ sa caturbhiś ca puraskṛtaḥ | niṣkramiṣyati maitreyaḥ pravrajyām agrapudgalaḥ || 53 ||,(sa)hasrai saṃpuraskṛtaḥ | niṣkramiṣyati maitre(yaḥ),། སྐྱེ་བོ་རབ་དང་གཟིགས་ནས་ནི་༎ སྡུག་བསྔལ་སྡུག་བསྔལ་ཀུན་འབྱུང་དང་༎ སྡུག་བསྔལ་ཡང ༼༤༽དག་འགོག་པ་དང་༎ བདེ་བ་མྱ་ངན་ལས་འདས་འགྲོ་།༥༧,53八萬四千人，俱生厭離心，並隨修梵行。於初發心夜，捨俗而出家；還於此夜中，而昇等覺地。
e96d7021647b4eeb826030a7eeb68e47,nāgavṛkṣas tadā tasya bodhivṛkṣo bhaviṣyati | pañcāśadyojanās tasya ūrdhvaṃ śākhāḥ bhaviṣyanti | ṣaṭkrośaviṭapādyāni vidhūtā(4a1)ni samantataḥ || 54 ||,nāgavṛkṣas tadā tasya bodhivṛkṣo bhaviṣyati | pañcāśadyojanāny asya śākhā ūrdhvaṃ samucchritāḥ || 54 ||,...,། འཕགས་ལམ་ཡན་ལག་བརྒྱད་པ་ཡི་༎ བདེན་པ་དག་ཀྱང་སྟོན་པར་འགྱུར་༎ དེ་ཡི་ཆོས་དེ་ཐོས་ནས་ཀྱང་༎ བསྟན ༼༥༽པ་ལ་ནི་ནན་ཏན་སྒྲུབ་།༥༦,54時有菩提樹，號名曰龍花；高四踰繕那，蓊欝而榮茂。枝條覆四面，蔭六俱盧舍；
16fafa4f5556445fbe598c9841f4da7c,tasya mūle niṣaṇṇo 'sau maitreyo dvipadottamaḥ | anuttarāṃ ca saṃbodhiṃ prāpsyate nātra saṃśayaḥ || 55 ||,niṣadya tasya cādhastān maitreyo puruṣottamaḥ | anuttarāṃ śivāṃ bodhiṃ samavāpsyati nāyakaḥ || 55 || yasyām eva ca rātrau sa pravrajyāṃ niṣkramiṣyati | tasyām eva ca rātrau hi parāṃ bodhim avāpsyati || 56 ||,(m)ai(tr)ey(a)p(u)ruṣo(ttamaḥ),། བྱམས་པ་གང་ཟག་མཆོག་གྱུར་དེ་༎ སྟོང་ཕྲག་བཞི་པོ་དག་དང་ནི་༎ བརྒྱད་ཅུ་དག་གིས་མདུན་བདར་ནས་༎ རབ་ཏུ་འབྱུང་བར་ངེས་འབྱུང ༼༦༽འགྱུར་།༥༣,55(12)慈氏大悲尊，於下成正覺。
ed3b2ca8ede34e3a90286a5a137b9bfc,aṣṭāṅgopetayā vācā tataḥ sa puruṣottamaḥ | deśayiṣyati saddharmaṃ sarvaduḥkhāpahaṃ śivam || 56 ||,aṣṭāṅgopetayā vācā tataḥ sa puruṣottamaḥ | deśayiṣyati saddharmaṃ sarvaduḥkhāpahaṃ śivam || 57 ||,...,། དེ་ཚེ་དེ་ཡི་བྱང་ཆུབ་ཤིང་༎ ཀླུ་ཤིང་ཞེས་བྱ་འབྱུང་འགྱུར་ཏེ་༎ དེ་ཡི་ཡལ་ག་གནམ་འཕང་དུ་༎ དཔག་ཚད་ཙམ་དུ་ཡང་དག་འཕགས་༎ དེ་ནི་བྱང་ཆུབ་ཤིང ༼༧༽དེ་ཡི་༎ ཡལ་ག་གེལ་པ་ཐམས་ཅད་དུ་༎ ཁོ་ར་ཁོར་ཡུག་རྒྱང་གྲགས་དྲུག་༎ ཁེབས་པ་ཁོ་ན་དག་ཏུ་འགྱུར་།༥༤,56(13)於人中尊勝，具八梵音聲；說法度眾生，令離諸煩惱。
8e8427f9bcfd48b08bef6324ad6cbd25,duḥkhaṃ duḥkhasamutpādaṃ duḥkhasya samatikramam | āryāṣṭāṅgikaṃ mārgaṃ kṣemaṃ nirvāṇagāminam || 57 ||,...,...,། བྱམས་པ་རྐང་གཉིས་མཆོག་གྱུར་དེ་༎ དེ་ཡི་དྲུང་དུ་གཤེགས་ནས ༼༤༩༣བ༡༽སུ་༎ བླ་མེད་བྱང་ཆུབ་ཞི་བ་ནི་༎ ཐོབ་འགྱུར་འདི་ལ་ཐེ་ཚོམ་མེད་།༥༥,57苦及苦生處，一切皆除滅；能修八正道，登彼涅槃岸。
4c61af69531e4950a936c75dce515e74,prasannāṃ janatāṃ dṛṣṭvā satyāni kathayiṣyati | tathāsya dharmaṃ saṃśrutvā pratipadyanti śāsane || 58 ||,prasannāṃ janatāṃ dṛṣṭvā satyāni kathayiṣyati | duḥkhaṃ duḥkhasamutpādaṃ duḥkhasya samatikramam || 58 || āryaṃ cāṣṭāṅgikaṃ mārgaṃ kṣemaṃ nirvāṇagāminam | taṃ cāpi dharmaṃ saṃśrutya pratipatsyanti śāsane || 59 ||,...,། གང་གི་ནུབ་མོ་ཁོ་ན་ལ་༎ རབ་ཏུ་འབྱུང་བར་མངོན་འབྱུང་བ་༎ དེ་ཡི་ནུབ་མོ་ཁོ་ན་ལ་༎ བྱང་ཆུབ་དམ་པ་འཐོབ་པར ༼༢༽འགྱུར་༎ དེ་ཡི་འོག་ཏུ་ཐུབ་མཆོག་གོ་༎ དམ་ཆོས་སྡུག་བསྔལ་ཀུན་སྤོང་ཞིང་༎ ཞི་བ་ཡན་ལག་བརྒྱད་ལྡན་པའི་༎ གསུང་གིས་སྟོན་པར་མཛད་པར་འགྱུར་།༥༨,58為諸清信者，說此四真諦；得聞此如法，至誠而奉持。
29bd6d3191084410b87b36f9a0d6b851,supuṣpite ca udyāne sannipāto bhaviṣyati | saṃpūrṇaṃ yojanaśataṃ parṣat tasya bhaviṣyati || 59 ||,udyāne puṣpasaṃcchanne sannipāto bhaviṣyati | pūrṇaṃ ca yojanaśataṃ parṣat tasya bhaviṣyati || 60 ||,...,། མེ་ཏོག་མཛེས་པ་བརྒྱུས་པ ༼༣༽ཡི་༎ སྐྱེད་མོས་ཚལ་དུ་དེ་ཡི་འཁོར་༎ དཔག་ཚད་བརྒྱ་ཁྱོན་གང་བ་དག་། ཡང་དག་འདུ་བ་ཁོ་ནར་འགྱུར་།༥༩,59於妙花園中，諸眾如雲集；滿百由旬內，眷屬皆充滿。
0e169b90d1364e5fa70fa0ddff5c4706,tataḥ śrutvā narapatiḥ śaṃkho nāma mahāyaśāḥ | dattvā dānam asaṃkhyeyaṃ pravrajyā(ṃ) rocayiṣyati || 60 ||,śrutvā narapati rājā śaṅkho nāma mahāyaśāḥ | dattvā dānam asaṃkhyeyaṃ pravrajyāṃ niṣkramiṣyati || 61 ||,...,། དེ་ནས་མི་དབང་རྒྱལ་པོ་དུང་༎ གྲགས་པ་ཆེན་པོས་ཐོས་ནས་ནི་༎ སྦྱིན་པ་གྲངས ༼༤༽མེད་བྱས་ནས་ཀྱང་༎ རབ་ཏུ་འབྱུང་བར་འདོད་པར་འགྱུར་།༦༠,60彼輪王餉佉，聞深妙法已；(22)罄捨諸珍寶，祈心慕出家。
44a27ac8703549e2ac9fb0dcbc3aa0d8,aśītibhiś catu(r)bhiś ca sahasraiḥ sa puraskṛtaḥ | narādhipo 'pi niṣkramya pravrajyām upayāsyati || 61 ||,aśītibhiś caturbhiś ca sahasraiḥ parivāritaḥ | narādhipo viniṣkramya pravrajyām upayāsyati || 62 ||,...,། རྒྱལ་པོ་སྟོང་ཕྲག་བཞི་དང་ནི་༎ བརྒྱད་ཅུ་དག་གིས་མདུན་བདར་ཏེ་༎ ཁྱིམ་ནས་དེས་པར་བྱུང་ནས་ནི་༎ རབ་ཏུ་འབྱུང་བར་འགྲོ ༼༥༽བར་འགྱུར་།༦༡,61(23)不戀上宮闈，至求於出離；八萬四千眾，咸隨而出家。
320def6ba07145579537113aa3f88af5,tenaiva ca pramāṇena mānavānāṃ puraskṛtaḥ | maitreyasya pitā caiva pravrajyām upayāsyati || 62 ||,anenaiva pramāṇena mānavānāṃ puraskṛtaḥ | maitreyasya pitā tatra pravrajyām niṣkramiṣyati || 63 ||,...,། བྱམས་པའི་ཡབ་ཀྱང་དེ་བཞིན་དུ་༎ དེ་ཡི་ཚད་དང་མཉམ་པ་ཡི་༎ བྲམ་ཟེ་རྣམས་ཀྱིས་མདུན་བདར་ནས་༎ རབ་ཏུ་འབྱུང་བར་འགྲོ་བར་འགྱུར་།༦༢,62復八萬四千，婆羅門童子；聞王捨塵俗，亦來求出家。
a71fb5fe8d3349eaa198cfd4d06ed03f,tato gṛhapatis tatra sudhano nāma viśrutaḥ | pravrajiṣyati dharmātmā sahasraiḥ parivāritaḥ || 63 ||,tato gṛhapatis tatra sudhano nāma viśrutaḥ | pravrajiṣyati śuddhātmā maitreyasyānuśasane || 64 ||,...,། དེ་ནས་དེ་ཚེ་ཁྱིམ་བདག་ནི་༎ ༼༦༽ནོར་བཟང་ཚོགས་ནི་རྣམ་གྲགས་པ་༎ ཆོས་ཀྱི་བདག་ཉིད་སྟོང་དག་གིས་༎ བསྐོར་ནས་རབ་ཏུ་འབྱུང་བར་འགྱུར་།༦༣,63主藏臣長者，其名曰善財；并與千眷屬，亦來求出家。
7aea6281b0c6454187e21de1f201156a,strīratnam atha śaṃkhasya viśākhā nāma viśrutā | aśītibhiś caturbhiś ca(4b1) sahasraiḥ sā puraskṛtā | nārīṇāṃ saha niṣkramya pravrajyām upayāsyati 6 || 64 ||,strīratnam atha śaṅkhasya viśākhā nāma viśrutā | aśītibhiś caturbhiś ca sahasraiḥ saṃpuraskṛtā | nārīṇāṃ abhiniṣkramya pravrajyām rocayiṣyati || 65 ||,...,། དུང་གི་བུད་མེད་རིན་པོ་ཆེ་༎ ས་ག་ཞེས་ནི་རྣམ་གྲགས་པ་༎ བུད་མེད ༼༧༽སྟོང་ཕྲག་བཞི་དང་ནི་༎ བརྒྱད་ཅུ་དག་གིས་མདུན་བདར་ཏེ་༎ དེ་ཡི་འོག་ཏུ་མངོན་བྱུང་ནས་༎ རབ་ཏུ་འབྱུང་བར་འགྲོ་བར་འགྱུར་།༦༤,64寶女毘舍佉，及餘諸從者；(427c1)八萬四千眾，亦來求出家。
6c6191fae68a4a0eb5a2e4b8d0a0615d,prāṇinān tatra samaye sahasrāṇi śatāni ca | pravrajyām upayāsyanti maitreyasyānuśāsane || 65 ||,prāṇinaḥ tatra samaye sahasrāṇi śatāni ca | pravrajyām upayāsyanti maitreyasyānuśāsane || 66 ||,...,། དེ་ཡི་ཚེ་ན་བྱམས་པ་ཡི་༎ བསྟན་པ་ལ་ནི་སྲོག་ཆགས ༼༤༩༤ཨ༡༽དག་༎ སྟོང་ཕྲག་དང་ནི་བརྒྱ་ཕྲག་རྣམས་༎ རབ་ཏུ་འབྱུང་བར་འགྲོ་བར་འགྱུར་།༦༥,65復過百千數，善男善女等；(3)聞佛宣妙法，亦來求出家。
8b25db0213874290ae2c895ff7393001,tataḥ kāruṇika(ḥ) śāstā maitreyo dvipadottamaḥ | samitaṃ vyavalokyātha idam arthaṃ pravakṣyate || 66 ||,supuṣpite 'smin udyāne sannipāto bhaviṣyati | samantato yojanaśataṃ parṣat tasya bhaviṣyati || 67 || tataḥ kāruṇikaḥ śāstā maitreyaḥ puruṣottamaḥ | samitiṃ vyavalokyātha idam arthaṃ pravakṣyati || 68 ||,...,། དེ་ཡི་འོག་ཏུ་ཐུགས་རྗེ་ཅན་༎ སྟོན་པ་བྱམས་པ་རྐང་གཉིས་མཆོག་༎༼༢༽འཁོར་ལོ་རྣམ་པར་གཟིགས་ནས་ནི་།༦༦,66(4)天上天人尊，大慈悲聖主；普觀眾心已，而演出要法。
f89ab895f7be486dab9cac564cbfd54e,sarve te śākyamuninā muniśreṣṭhena tāyinā | arthato lokanāthena dṛṣṭāḥ saddharmadhātunā | āropitā mokṣamārge nikṣiptā mama śāsane || 67 ||,sarve te śākyasiṃhena guṇiśreṣṭhena trāyinā | arthato lokanāthena dṛṣṭvā saddharmadhātunā | ropitā mokṣamārgeṇa vikṣiptā mama śāsane || 69 ||,...,། ཤཱཀྱ་སེངགེ་ཐུབ་པ་སྟེ་༎ གཙོ་བོ་སྐྱོབ་པར་མཛད་པ་པོ་༎ དམ་པའི་ཆོས་དབྱིངས་གཟིགས་གྱུར་པ་༎ འཇིག་རྟེན་མགོན་པོས་འདི་དག་ཀུན་༎ ༼༣༽ཐར་པའི་ལམ་དེ་བསྐྱེད་ནས་ཀྱང་༎ དོན་གྱིས་ང་ཡི་བསྟན་ལ་བཏང་།༦༧,67告眾：『汝應知，慈悲釋迦主；教汝修正道，來生我法中。
10c263be9e0d48e9b532d729c315e65e,chatradhvajapatākābhi(r) gandhamālyānulepanaiḥ | kṛtvā śākyamuneḥ pūjāṃ hy āgatā mama śāsane || 68 ||,chattradhvajapatākābhir gandhamālyavilepanaiḥ | kṛtvā stūpeṣu satkāram āgatā hi mamāntikam || 70 ||,...,། གདུགས་དང་རྒྱལ་མཚན་པ་དན་དང་༎ དྲི་དང་ཕྲེང་བ་བྱུག་པ་ཡིས་༎ ཤཱཀྱ་ཐུབ་ལ་མཆོད་ནས་ནི་༎ ༼༤༽ང་ཡི་བསྟན་ལ་ལྷགས་པ་ཡིན་།༦༨,68或以香花鬘，幢幡蓋嚴飾；供養牟尼主，來生我法中。
48ce3ed67d1446fd9b93deed2dc17f21,kuṃkumodakasekena candanenānulepanam | dattvā śākyamune(ḥ) stūpe hy āgatā mama śāsane || 69 ||,kuṅkumodakasekaṃ ca candanenānulepanam | dattvā śākyamuneḥ stūpeṣv āgatā hi mamāntikam || 72 ||,...,། གུར་གུམ་ཆུ་ཡིས་གདབ་པ་དང་༎ ཅནདན་གྱི་ནི་བྱུག་པ་ཡིས་༎ ཤཱཀྱ་ཐུབ་པའི་མཆོད་རྟེན་ལ་༎ མཆོད་ནས་ང་ཡི་བསྟན་ལ་ལྷགས་།༦༩,69或欝金沈水，香泥用塗拭；供養牟尼塔，來生我法中。
96002b9f38c743609f513ec0ae10f4b9,buddhaṃ dharmañ ca saṃghañ ca gatvā tu śaraṇaṃ sadā | kṛtvā tu kuśalaṃ karma hy āgatā mama śāsane || 70 ||,...,...,། དེ ༼༥༽ཚེ་སངས་རྒྱས་ཆོས་དང་ནི་༎ དགེ་འདུན་ལ་ཡང་སྐྱབས་སོང་ཞིང་༎ དགེ་བའི་ལས་ཀྱང་བྱས་ནས་ནི་༎ ང་ཡི་བསྟན་ལ་ལྷགས་པ་ཡིན་།༧༠,70或歸佛法僧，恭敬常親近；(13)常修諸善行，來生我法中。
29f10170e55344abb21be762e4b321ac,śikṣāpadān samādāya śākyasiṃhasya śāsane | pratipādya yathābhūtaṃ hy āgatā mama śāsane || 71 ||,śikṣāpadāni cādāya śākyasiṃhasya śāsane | paripālya yathābhūtam āgatā hi mamāntikam || 73 ||,...,། ཤཱཀྱ་སེངགེའི་བསྟན་པ་ལ་༎ བསླབ ༼༦༽གཞི་ཡང་དག་བླངས་ནས་སུ་༎ ཇི་ལྟར་གསུང་བཞིན་བསྒྲུབས་ནས་ནི་༎ ང་ཡི་བསྟན་ལ་ལྷགས་པ་ཡིན་།༧༡,71(14)或於佛法中，受持諸學處；善護無缺犯，來生我法中。
e579f34ce9894133a9028aec9aa2a1d9,dattvā saṃghe ca dānāni cīvaraṃ pānabhojanam | vicitraṃ glānabhaiṣajyaṃ hy āgatā mama śāsane || 72 ||,saṅghe dattvā ca dānāni cīvaraṃ pānabhojanam | vividhaṃ glānabhaiṣajyam āgatā hi mamāntikam || 71 ||,...,། དགེ་འདུན་ལ་ཡང་ཆོས་གོས་དང་༎ ཞལ་ཟས་དང་ནི་བཏུང་བ་དང་༎ ༼༧༽སྙུན་གསོས་སྣ་ཚོགས་སྦྱིན་པ་རྣམས་༎ ཕུལ་ནས་ང་ཡི་བསྟན་ལ་ལྷགས་།༧༢,72或於四方僧，施衣服飲食；並奉妙醫藥，來生我法中。
fd76ac830de04bfdb0243c2abd12b0a2,caturdaśīṃ pañcadaśīṃ pakṣasyehāṣṭamīṃ tathā | prātihārakapakṣañ ca aṣṭāṅ(5a1)gaṃ susamāhitaḥ | upavāsam upoṣyeha hy āgatā mama śāsane || 73 ||,upoṣadham upoṣyeha āryam aṣṭāṅgikaṃ śubham | caturdaśīṃ pañcadaśīṃ pakṣasyehāṣṭamīṃ tathā | prātihārikapakṣaṃ cāpy aṣṭāṅgaṃ susamāhitam || 74 ||,...,། བཅུ་བཞི་དང་ནི་བཅོ་ལྔ་དང་༎ དེ་བཞིན་ཟླ་གཅིག་ཚེས་བརྒྱད་དང་༎ ཆོ་འཕྲུལ་ཝ་ཡི་ཟླ་བ་ལ་༎ ༼༤༩༤བ༡༽ཡན་ལག་བརྒྱད་ལེགས་མཉམ་བཞག་ཅིང་༎ བསྙེན་གནས་གསོ་སྦྱོང་བྱས་ནས་ནི་༎ ང་ཡི་བསྟན་ལ་ལྷགས་སོ་ཞེས་༎ དོན་འདི་རབ་ཏུ་གསུང་བར་འགྱུར་།༧༣,73或於四齋辰，及在神通月；受持八支戒，來生我法中。』
a2cc2db725ca495d880b0005d11b7980,prātihāryatrayeṇāsau śrāvakān vinayiṣyati | sarve te sāsravān dharmān kṣayayiṣyanti suratāḥ || 74 ||,prātihāryatrayeṇāsau śrāvakān vinayiṣyati | sarve te asravās tatra kṣipayiṣyanti suratāḥ || 78 ||,...,། དེ་ཡི་ཉན་ཐོས་རྣམས་ཀྱང་ནི་༎ ༼༢༽ཆོ་འཕྲུལ་གསུམ་གྱིས་འདུལ་བར་འགྱུར་༎ དེ་ཚེ་དེ་དག་ཐམས་ཅད་ནི་༎ ཟག་ཟད་འགྲོགས་ན་བདེ་བར་འགྱུར་།༧༤,74或以三種通，神境記教授；化道聲聞眾，咸令煩惑除。
7f55a01918414cfea4da68dfdfece88e,prathamaḥ sannipāto 'sya śrāvakāṇāṃ bhaviṣyati | pūrṇāḥ ṣaṇnavati koṭyaḥ śrāvakāṇāṃ bhaviṣyati || 75 ||,prathamaḥ sannipāto 'sya śrāvakāṇāṃ bhaviṣyati | pūrṇāḥ ṣaṇnavati koṭyaḥ śrāvakāṇāṃ bhavacchidām || 79 ||,...,། དེ་ཡི་འདུས་པ་དང་པོ་ནི་༎ ཉན་ཐོས་སྲིད་པ་བཅད་གྱུར་པ་༎ དུང་ཕྱུར་ཕྲག ༼༣༽དགུ་བྱེ་ཕྲག་དྲུག་། ཚང་བའི་ཉན་ཐོས་འབྱུང་བར་འགྱུར་།༧༥,75初會為說法，廣度諸聲聞；(23)九十六億人，令出煩惱障。
676132c4472a43fca397e7af7d4cf097,dvitīya(ḥ) sannipāto 'sya śrāvakāṇāṃ bhaviṣyati | pūrṇāś caturnavati koṭyaḥ kleśamuktā kṣaṇāṭ || 76 ||,dvitīyaḥ sannipāto 'sya śrāvakāṇāṃ bhaviṣyati | pūrṇāś caturnavatiḥ koṭyaḥ śāntānāṃ bhūrimedhasām || 80 ||,...,། དེ་ཡི་འདུས་པ་གཉིས་པ་ནི་༎ ཉོན་མོངས་འཆིང་བ་ལས་གྲོལ་བའི་༎ དུང་ཕྱུར་ཕྲག་དགུ་བྱེ་ཕྲག་བཞི་༎ ཚང་བའི་ཉན་ཐོས་འབྱུང ༼༤༽པར་འགྱུར་།༧༦,76(24)第二會說法，廣度諸聲聞；九十四億人，令渡無明海。
aaa5c169a9bb457f95ad50289178ed5b,tṛtīya(ḥ) sannipāto 'sya śrāvakāṇāṃ bhaviṣyati | pūrṇā dvānavati koṭyo muktānāṃ śāntacetasām || 77 ||,tṛtīyaḥ sannipāto 'sya śrāvakāṇāṃ bhaviṣyati | pūrṇā dvāviṃśatiḥ koṭyaḥ śāntānāṃ śāntacetasām || 81 ||,...,། དེ་ཡི་འདུས་པ་གསུམ་པ་ནི་༎ སེམས་ཞི་རྣམ་པར་གྲོལ་གྱུར་པ་༎ དུང་ཕྱུར་ཕྲག་དགུ་བྱེ་ཕྲག་གཉིས་༎ ཚང་བའི་ཉན་ཐོས་འབྱུང་བར་འགྱུར་།༧༧,77第三會說法，廣度諸聲聞；九十二億人，令心善調伏。
bc9db32983a04946859bbd38e215c46f,dharmacakraṃ pravartyātha vinīya suramānuṣān | sārdhaṃ śrāvakasaṃghena pure piṇḍaṃ cariṣyati || 78 ||,dharmacakraṃ pravartyātha vinīya suramānuṣān | sārdhaṃ śrāvakasaṅghena pure piṇḍaṃ cariṣyati || 82 ||,...,། ཆོས་ཀྱི་འཁོར་ལོ་རབ་བསྐོར་ནས་༎ ༼༥༽ལྷ་དང་མི་རྣམས་རྣམ་བཏུལ་ཏེ་༎ ཉན་ཐོས་དགེ་འདུན་ཐབས་ཅིག་ཏུ་༎ གྲོང་དུ་བསོད་སྙོམས་སྤྱོད་ལ་རྒྱུ་།༧༨,78三轉法輪已，人天普純淨；將諸弟子眾，乞食入城中。
7c69a78af7fb48cea4e410620c19af32,tataḥ praveśatas tasya ramyāṃ ketumatīpurīm | māndāravāṇi puṣpāni patiṣyanti purottame | devatāḥ prakramiṣyanti tasmin pure gate munau || 79 ||,tataḥ praviśatas tasyāṃ ramyāṃ ketumatīṃ purīm | māndārakāṇi puṣpāni patiṣyanti purottame | devatāḥ prakariṣyanti tasmin puragate munau || 83 ||,...,། དེ་ནས་རྟོག་ལྡན་དགའ་ལྟ་ཡི་༎ གྲོང་ཁྱེར་དེར་ནི་གཤེགས་པ་ན་༎ གྲོང་ཁྱེར ༼༦༽མཆོག་ཏུ་མནདཱརའི་༎ མེ་ཏོག་ཆར་ཆེན་འབབ་པར་འགྱུར་༎ ཐུབ་པ་གྲོང་དེར་གཤེགས་པ་ལ་༎ ལྷ་ཡིས་མེ་ཏོག་འཐོར་བར་འགྱུར་།༧༩,79(428a1)既入妙幢城，衢巷皆嚴飾；為供養佛故，天雨曼陀花。
b1eb2fb119a645e5b0a125b1be6e3c54,catvāraś ca mahārājānaḥ śakraś ca tridaśādhipaḥ | brahma devagaṇaiḥ sārdhaṃ pūjāṃ tasya vidhāsyati || 80 ||,catvāraś ca mahārājāḥ śakraś ca tridaśādhipaḥ | brahmā devagaṇaiḥ sārdhaṃ pūjāṃ tasya kariṣyati || 84 ||,...,། རྒྱལ་པོ་ཆེན་པོ་བཞི་དག་དང་༎ བརྒྱ་བྱིན་སུམ་ཅུ ༼༧༽རྩ་གསུམ་དབང་༎ ཚངས་པ་ལྷ་སོགས་ཐབས་ཅིག་ཏུ་༎ དེ་ལ་མཆོད་པ་བྱེད་པར་འགྱུར་།༨༠,80(3)四王及梵王，並餘諸天眾；
cba85b5c17484d66b2259003cd36691f,utpalaṃ kumudaṃ padmaṃ puṇḍarīkaṃ sugandhikam | aguruṃ candanaṃ caiva divyamālyaṃ tathaiva ca || 81 ||,utpalaṃ kumudaṃ padmaṃ puṇḍarīkaṃ sugandhikam | aguruṃ candanaṃ cāpi divyaṃ mālyaṃ patiṣyati || 85 ||,...,། ལྷ་ཡི་བུ་ནི་མཐུ་ཆེན་གྱིས་༎ ཨུཏཔལ་པདམ་ཀུ་མུ་ཏ་༎ པདྨ་དཀར་པོ་དྲི་ཞིམ་དང་༎ ཨ་ག་རུ་དང ༼༤༩༥ཨ༡༽ཅནདན་དང་༎ དེ་བཞིན་ལྷ་རྫས་ཕྲེང་བ་དང་༎ ལྷ་རྫས་གོས་ཀྱང་འཐོར་པར་འགྱུར་།༨༡,81(4)香花鬘供養，輔翼大悲尊。
ab7bb28f97df424294345fd754fb2e71,cailakṣepaṃ vidhāsyanti devaputrā maharddhi(5b1)kāḥ | taṃ lokanātham udvīkṣya praviśantaṃ purottamam || 82 ||,cailakṣepaṃ kariṣyanti devaputrā maharddhikāḥ | taṃ lokanātham udvīkṣya praviśantaṃ purottamam || 86 ||,...,། འཇིག་རྟེན་མགོན་དེ་གྲོང་ཁྱེར་གྱི་༎ མཆོག་ཏུ་གཤེགས་པ་མཐོང་ནས ༼༢༽ནི་༎ ཤིང་བལ་འདབ་ལྟར་འཇམ་པ་ཡི་༎ ས་དེར་གདིང་བརྒྱ་ཆེར་འདིང་།༨༢,82大威德諸天，散以妙衣服；繽紛遍城邑，瞻仰大醫王。
3a1db36092ef483ca37f642bbd6b3ead,pathi tatra sthitā bhūmir mṛdus tūlapicūpamā | vicitraṃ ca tato mālyaṃ vikariṣyanti te pathi || 83 ||,divyaś ca tūryanirghoṣo divyaṃ mālyaṃ patiṣyati | devatā prakariṣyanti tasmin puragate munau || 87 || ye tu ketumatīṃ ke cid vāsayiṣyanti mānuṣāḥ | te pi taṃ pūjayiṣyanti praviśantaṃ purottamam || 88 || pathi bhūmyāstaraṃ tatra mṛdutūlapicopamam | vicitraṃ ca śubhaṃ mālyaṃ vikiriṣyanti te tadā || 89 ||,...,། དེ་དག་ལམ་གར་ཕྲེང་བ་ནི་༎ སྣ་ཚོགས་མཛེས་པ་རྣམ་པར་འགྲེམ་༎ ལྷ་ཡི་བུ་ནི་མཐུ་ཆེན་དང་༎ མི་རྣམས་ཡིད ༼༣༽ནི་རབ་དང་བ་།༨༣,83以妙寶香花，散灑諸衢街；履踐於其上，喻若覩羅綿。
31f1fb9abb044f8496e7105a7a07a641,chattradhvajapatākābhir gandhamālyānulepanaiḥ | śubhaiś ca tūryanirghoṣaiḥ prasannamanaso narāḥ | śāstuḥ pūjāṃ (6a1)kariṣyanti devaputrā maharddhikāḥ || 84 ||,chattradhvajapatākābhir arcayiṣyanti mānuṣāḥ | śubhaiś ca tūryanirghoṣaiḥ prasannamanaso narāḥ || 90 ||,...,། གདུགས་དང་རྒྱལ་མཚན་བ་དན་དང་༎ སྤོས་དང་ཕྲེང་བ་བྱུག་པ་དང་༎ རོལ་མོ་སྒྲ་སྙན་བསྒྲགས་པ་ཡིས་༎ སྟོན་པ་ལ་ནི་མཆོད་པར་འགྱུར་།༨༤,84音樂及幢幡，夾路而行列；
56ba4ded09724387be7c8f08a24b04bd,sa ca śakraḥ sahasrākṣo devarājo mahādyutiḥ | prahṛṣṭaḥ prāñjaliṃ kṛtvā stoṣyate lokanāyakam || 85 ||,taṃ ca śakraḥ sahasrākṣo devarājaḥ śacīpatiḥ | prahṛṣṭaḥ prāñjalirbhūtvā maitreyaṃ stoṣyate jinam || 91 ||,...,། བརྒྱ་བྱིན་མིག་སྟོང ༼༤༽ལྷ་རྣམས་ཀྱི་༎ རྒྱལ་པོ་བདེ་སོགས་བདག་པོ་དེ་༎ རབ་མགུ་ཐལ་མོ་སྦྱར་ནས་ནི་༎ འཇིག་རྟེན་མགོན་ལ་བསྟོད་པར་བྱེད་།༨༥,85(10)人天帝釋眾，稱讚大慈尊：
bf8e5b938b334727bbc06c2258c1057a,namas te puruṣasiṃha namas te puruṣottama | anukampasva janatāṃ bhagavann agrapudgala || 86 ||,namas te puruṣājanya namas te puruṣottama | anukampasva janatāṃ bhagavann agrapudgala || 92 ||,...,། སྐྱེས་བུ་ཅང་ཤེས་ཁྱོད་ལ་འདུད་༎ སྐྱེས་མཆོག་ཁྱེད ༼༥༽ལ་ཕྱག་འཚལ་ལོ་༎ གང་ཟག་མཆོག་གྱུར་བཅོམ་ལྡན་འདས་༎ སྐྱེ་རྒུ་ལ་ནི་ཐུགས་བརྩེར་མཛོད་།༨༦,86(11)『南謨天上尊，南謨士中勝；善哉薄伽梵，能哀愍世間。』
231e6fab57de4384bd12338beb4bf138,maharddhiko devaputras tasya māro bhaviṣyati | sa caiva prāñjali(ṃ) bhūtvā stoṣyate lokanāyakam || 87 ||,maharddhiko devaputras tasya māro bhaviṣyati | sa cāpi prāñjalirbhūtvā stoṣyate lokanāyakam || 93 ||,...,། དེ་ཡི་ཚེ་ན་ལྷ་ཡི་བུ་༎ མཐུ་ཆེན་བདུད་ཅེས་བྱ་བ་འབྱུང་༎ དེ་ཡང་ཐལ་མོ་རབ ༼༦༽སྦྱར་ནས་༎ འཇིག་རྟེན་མགོན་ལ་བསྟོད་པར་བྱེད་།༨༧,87有大威德天，當作魔王眾；歸心合掌禮，讚仰於導師。
8a46602c0a0e4d42a854b4533a4d5947,śuddhāvāsasahasraiś ca bahubhiḥ parivāritaḥ | pravekṣate ketumatīṃ maitreyo lokanandanaḥ || 88 ||,śuddhāvāsasahasraiś ca bahubhiḥ parivāritaḥ | pravekṣyate ca maitreyo lokanātho vināyakaḥ || 94 ||,...,། ཚངས་པའི་འཁོར་གྱིས་ཡོངས་བསྐོར་ཅིང་༎ ཚངས་པས་ཀྱང་ནི་མདུན་བདར་ཏེ་༎ ཚངས་པའི་དབྱངས་ནི་སྒྲོག་བཞིན་དུ་༎ དམ ༼༧༽པའི་ཆོས་ནི་གསུང་བར་འགྱུར་།༨༨,88梵王諸天眾，眷屬而圍遶；
55d3aa823f884a94bbe88fee963242a3,brāhmaṇaparivāreṇa brahmā caiva puraskṛtaḥ | kathayiṣyati saddharmaṃ brahmaghoṣam udīrayan || 89 ||,brāhmaṇaparivāreṇa brahmā cāpi girāsphuṭam | kathayiṣyati saddharmaṃ brahmaṃ ghoṣam udīrayan || 95 ||,...,། ཟག་ཟད་ཉེས་པ་རྣམས་བྲལ་ཞིང་༎ སྲིད་པའི་འཆིང་བ་རབ་སྤངས་པའི་༎ དགྲ་བཅོམ་རྣམས་ཀྱིས་ས་འདི་ནི་༎ ཐམས་ཅད་ཀུན་ཏུ་གང་བར ༼༤༩༥བ༡༽འགྱུར་།༨༩,89各以梵音聲，闡揚微妙法。
5509d6efb7cf4329841ae2e465dfa09b,ākīrṇā pṛthivī sarvā arhadbhiś ca bhaviṣyati | kṣīṇāsravair vāntadoṣaiḥ prahīṇabhavabandhanaiḥ || 90 ||,ākīrṇā pṛthivī sarvā arhadbhiś ca bhaviṣyati | kṣīṇāsravair vāntadoṣaiḥ prahīṇabhavabandhanaiḥ || 96 ||,...,། ལྷ་དང་མི་དང་དྲི་ཟ་དང་༎ གནོད་སྦྱིན་དང་ནི་སྲིན་པོ་ཀླུ་༎ མཐུ་ཆེན་རྣམས་ནི་མགུ་གྱུར་ནས་༎ སྟོན་ལ་མཆོད་པ་བྱེད་པར་འགྱུར་།༩༠,90於此世界中，多是阿羅漢；(18)蠲除有漏業，永離煩惱苦。
e2aed7bf649743b499fbc78114fa8cfa,hṛṣṭā devamanuṣyāś ca gandharvā yakṣarākṣasāḥ | śāstuḥ pūjāṃ kariṣyanti nāgāś cāpi maharddhikāḥ || 91 ||,hṛṣṭā devamanuṣyāś ca gandharvā yakṣarākṣasāḥ | śāstuḥ pūjāṃ kariṣyanti nāgāś cāpi maharddhikāḥ || 97 ||,...,། གང་དག་བྱམས་པའི་བསྟན་པ་ལ་༎ ཚངས ༼༢༽པར་སྤྱད་པ་སྤྱོད་གྱུར་པ་༎ དེ་དག་གདོན་མི་ཟ་བར་ནི་༎ ཉོན་མོངས་མེད་ཅིང་ཐེ་ཚོམ་མེད་།༩༡,91(19)人天龍神等，乾闥阿修羅；羅剎及藥叉，皆歡喜供養。
00e806462a3441e7bc597ced6ed12d08,te vai nūnaṃ bhaviṣyanti akhilāś chinnasaṃśayāḥ | chinnasrotā anādātā uttīrṇā bhavasāgarāt | brahmacaryaṃ cariṣyanti maitreyasyānuśasane || 92 ||,te vai nūnaṃ bhaviṣyanti cyānaghāś (?) chinnasaṃcayāḥ | utkṣiptaparikhāḥ dhīrā anādānā nirutsakāḥ | brahmacaryaṃ cariṣyanti maitreyasyānuśasane || 98 ||,...,། གང་དག་བྱམས་པའི་བསྟན་པ་ལ་༎ ཚངས་པར་སྤྱོད་པ་སྤྱོད་གྱུར་པ་༎ དེ་དག་གདོན་མི་ཟ་བར ༼༣༽ནི་༎ ང་ཡི་མེད་ཅིང་ཡོངས་འཛིན་མེད་༎ གསེར་དང་དངུལ་ལ་འཛིན་མེད་ཅིང་༎ གནས་མེད་ཆགས་པའང་ཡོད་པ་མིན་༎ གང་དག་བྱམས་པའི་བསྟན་པ་ལ་༎ ཚངས་པར་སྤྱད་པ་སྤྱོད ༼༤༽གྱུར་པ་།༩༢,92彼時諸大眾，斷障除疑惑；超越生死流，善修清淨行。
451108154d7d441d97e9fc364b5c6aaa,te vai nūnaṃ bhaviṣyanti amamā aparigrahāḥ | ajātarūparajatā aniketā asaṃbhavāḥ | brahmacaryaṃ cariṣyanti maitreyasyānuśasane || 93 ||,te 'pi nūnaṃ bhaviṣyanti amamā aparigrahāḥ | ajātarūparajatā aniketā asaṃstavāḥ | brahmacaryaṃ cariṣyanti ye maitreyānuśasane || 99 ||,...,། དེ་དག་གདོན་མི་ཟ་བར་ནི་༎ སྲེད་པའི་དྲ་བ་བཅད་པ་དང་༎ བསམ་གཏན་རྫོགས་པར་བྱས་ནས་ནི་༎ དགའ་དང་བདེ་དང་ཡང་དག་ལྡན་༎ འབྱུང་པོ་ཀུན་ལ་ཐུགས་བརྩེ་བ་༎ བྱམས ༼༥༽པ་རྐང་གཉིས་རྣམས་ཀྱི་མཆོག་།༩༣,93彼時諸大眾，離著棄珍財；無我我所心，善修清淨行。
4e335adee38847eabf951260deef1e25,te vai nūnaṃ bhaviṣyanti chinnajālam aśaktikāḥ | dhyānāny upasaṃpādya prītisaukhyasamanvitāḥ | brahmacaryaṃ cariṣyanti maitreyasyānuśasane || 94 ||,te vai pānaṃ gamiṣyanti chitvā jālam eva bhujāt | dhyānāni copasaṃpadya prītisaukhyasamanvitāḥ | brahmacaryaṃ cariṣyanti maitreyasyānuśasane || 100 ||,...,། ལོ་ནི་དྲུག་ཁྲི་དག་ཏུ་ཡང་༎ དམ་པའི་ཆོས་ནི་སྟོན་པར་འགྱུར་༎ དེ་ན་སྲོག་ཆགས་བརྒྱ་སྟོང་དང་༎ འབུམ་ཕྲག་རྣམ་པར་འདྲེན་པ་སྟེ་༎ དམ་པའི ༼༦༽ཆོས་ལ་བཏུལ་ནས་ནི་༎ དེ་ནས་མྱ་ངན་འདའ་བར་འགྱུར་།༩༤,94彼時諸大眾，毀破貪愛網；圓滿靜慮心，善修清淨行。
4438ddd4010e4b79a761bb8992e9fde7,ṣaṣṭivarṣasahasrāṇi maitreyo dvipadottamaḥ | deśayiṣyati saddharmaṃ sarvabhūtānukampakaḥ || 95 ||,ṣaṣṭiṃ varṣasahasrāṇi maitreyo dvipadottamaḥ | deśayiṣyati saddharmaṃ śāstā lokānukampayā || 101 ||,...,། ཐུབ་པ་ཆེན་པོས་གསུངས་པ་དེ་༎ ཡོངས་སུ་མྱ་ངན་འདས་ནས་ཀྱང་༎ དེ་ཚེ་དེ་ཡི་དམ་ཆོས་ནི་༎ ལོ་ཁྲི་དག་ཏུ་གནས་པར ༼༧༽འགྱུར་།༩༥,95慈氏天人尊，哀愍有情類；(28)期於六萬歲，說法度眾生。
86474183d89c4887bd8a9d873bbbbb3f,śatalakṣasahasrāṇi prāṇinaṃ sa vināyakaḥ | vinayitvā ca saddharme tato nirvāṇam eṣyati || 96 ||,śatāni ca sahasrāṇi prāṇinaṃ sa vināyakaḥ | vinīya dharmakāyena tato nirvāṇam eṣyati || 102 ||,...,། རྒྱལ་བ་ཤཱཀྱ་ཐུབ་དེ་ལ་༎ སེམས་ནི་རབ་ཏུ་དད་པར་གྱིས་༎ དེས་ན་བྱམས་པ་རྐང་གཉིས་མཆོག་། རྫོགས་པའི་སངས་རྒྱས་མཐོང་བར་འགྱུར་།༩༦,96(29)化滿百千億，令度煩惱海；(428b1)有緣皆拯濟，方入涅槃城。慈氏大悲尊，入般涅槃後；正法住於世，亦滿六萬年。
19d0dad5006b48618df988caef778b23,parinirvṛtasya tasyaiva maitreyasya mahāmuneḥ | daśavarṣasahasrāṇi saddharmaḥ sthāsyate tadā || 97 ||,tasmiṃś ca nirvṛte dhīre maitreye dvipadottame | daśavarṣasahasrāṇi saddharmaḥ sthāsyati kṣitau || 103 ||,...,། དེ་ཕྱིར་སངས་རྒྱས་ཆོས་དག ༼༤༩༦ཨ༡༽དང་༎ དགེ་འདུན་ཚོགས་ཀྱི་མཆོག་ལ་ནི་༎ སེམས་ནི་རབ་ཏུ་དད་གྱིས་དང་༎ དོན་ཆེན་རབ་ཏུ་འགྲུབ་པར་འགྱུར་།༩༧,97若於我法中，深心能信受；
dc6ff3f499e1451fb6d7ed3c4e649c79,prasādayiṣyatha cittāni tasmiṃ śākyamunau jine | tato drakṣyatha maitreyaṃ saṃbuddhaṃ dvipadottamam || 98 ||,prasādayati cittāni tasmāc chākyamunau jine | tato dṛkṣatha maitreyaṃ saṃbuddhaṃ dvipadottamam || 104 ||,...,། ཐུགས་རྗེ་ཆེ་ལྡན་དེ་ལྟ་བུའི་༎ ༼༢༽བྱམས་པ་རྐང་གཉིས་མཆོག་གྱུར་པ་༎ དེ་ཚེ་མཉེས་པར་བྱས་ནས་ནི་༎ དེ་ནས་མྱ་ངན་འདའ་བར་འགྱུར་།༩༨,98當來下生日，必奉大悲尊。
e85f4721da3c41dbacd7461693fb63da,idam āścaryakaṃ śrutvā imām ṛddhim anuttamām | ko vidvān na prasīdeta api kṛ(6b1)ṣṇābhijātikaḥ || 99 ||,tasmād dharme ca buddhe ca saṅghe cāpi gaṇottame | prasādayati cittāni bhaviṣyati maharddhikam || 105 || taṃ tādṛśaṃ kāruṇikaṃ maitreyaṃ dvipadottamam | ārādhayitvā kālena tato nirvāṇam eṣyatha || 106 || idam āścaryakaṃ śrutvā dṛṣṭvā ca vibhavānalpikām | ko vidvān na prasīdeta api kṛṣṇāsu jātiṣu || 107 ||,...,། ཡ་མཚན་འདི་དག་ཐོས་གྱུར་ཅིང་༎ འབྱོར་པ་མི་ཉུང་མཐོང ༼༣༽མཛད་དེ་༎ ནག་པོའི་རིགས་ཀྱང་དད་འགྱུར་ན་༎ མཁས་པ་སུ་ཞིག་དད་མི་འགྱུར་།༩༩,99若有聰慧者，聞說如是事；誰不起欣樂，願逢慈氏尊。
dce71a7855b94f08b8641ec96407e723,tasmād ihātmakāmena mahātmyam abhikāṃkṣatā | saddharmo gurukartavyaḥ smaratāṃ buddhaśāsanam || 100 ||,tasmād ihātmakāmena māhātmyam abhikāṅkṣatāḥ | saddharmo gurukartavyaḥ smaratā buddhaśāsanam || 108 ||,...,། དེ་ཕྱིར་འདི་ན་བདག་ཉིད་ཆེ་༎ འདོད་ཅིང་བདག་ལ་ལེགས་འདོད་པས་༎ སངས་རྒྱས ༼༤༽བསྟན་པ་དྲན་བཞིན་དུ་༎ དམ་པའི་ཆོས་ལ་གུས་པར་བྱ་།༡༠༠,100若求解脫人，希遇龍花會；(9)常供養三寶，當勤莫放逸。」
2e0106e2317046bc9cf4140352db99a1,iti maitreyavyākaraṇaṃ nāma mahāyānasūtraṃ samāptaṃ || ye dharmā hetuprabhavā hetu 7 teṣāṃ tathāgato | hy avadat teṣāṃ ca yo nirodha evaṃ vādī mahāśramaṇaḥ || śubham astu || abde glāvagnidvirade śita māghe guhānane | pūṣāyāṃ pūṣṇadivase sarvvānanda samāpta kṛt ||,maitreyavyākaraṇaṃ samāptam ||,...,། འཕགས་པ་བྱམས་པ་ལུང་བསྟན་པ་རྫོགས་སོ་༎  ༎ རྒྱ་གར་གྱི་མཁན་པོ་ཛི་ན་མི་ཏྲ ༼༥༽ དང་། ལོ་ཙཚ་བ་བནདྷེ་དཔལ་བརྩེགས་རཀṣཨི་ཏས་བསྒྱུར་༎༥,(10)爾時，世尊為舍利子及諸大眾，記說當來慈氏事已，復告舍利子：「若有善男子、善女人，聞此法已，受持讀誦、為他演說、如說修行、香花供養、書寫經卷，是諸人等當來之世，必得值遇慈氏下生，於三會中咸蒙救度。」(15) 爾時，世尊說此頌已，舍利子及諸大眾，歡喜信受，頂戴奉行。<5>
