id,P000931,P000932,P000933
4154102a92954b0cb674dad304deca09,Karmavastu,ལཱས་ཀཡཱི་གŹཨཱི,A SUBJECT MATTER OF LEGAL ACTION
57b46ad57f9746e7aaa3610c8293afec,(285b1) §1 uddānam* ||kāśiṣu vāsavagrāmakaṃ senāṃjayivastukaṃ |caṇpāyāṃ bhagavāṃ buddha akarmāṇi pratikṣipet* ||  ||,༼༡༣༤བ༣༽ འདུལ་བ་གཞི་། བམ་པོ་དྲུག་བཅུ་དགུ་པ་།༼H༡༩༩བ༣༽ ལས་ཀྱི་གཞིའི་སྡོམ་ནི་།ཀ་ཤིའི་གནས་པའི་གྲོང་ཁྱེར་ན་༎  སྡེ་འཇོམས་ཀྱིས་ནི ༼H༡༩༩བ༤༽ དངོས་པོ་དང་༎ ཙམ་པར ༼༡༣༤བ༤༽ སངས་རྒྱས་བཅོམ་ལྡན་འདས་༎ ལས་མ་ཡིན་དང་སླར་ལོག་པའོ་༎,"ContentsMatter of Senāṃjayin took place at the village of Vāsava, in the land of Kāśi. At Campā, Buddha the blessed one rejects illegal performances."
b6aca5e432654c769334c98273777548,§2 kāśiṣu vāsavagrāmake senāṃjayī nāma bhikṣuḥ prativasati |  tam āgamya vāsavagrāmakā brāhmaṇagṛhapatayo buddhadharmasaṃgheṣu kārān kurvanti┇  (2) ye āgantukā bhikṣavo vāsavagrāmak‹am› āgacchanti tān asau pratiśāmya sarvopakaraṇaiḥ pravārayitvā mārgaśrame prativinodite yeṣu kuleṣu piṇḍakā upanibaddhās teṣu bhoktuṃ preṣayati |  yāvad anyatamaḥ sālohito vāsavagrāmake varṣā uṣitaḥ | trayāṇāṃ (3) vārṣikāṇāṃ māsānām atyayāt kṛtacīvaro niṣṭhitacīvaraḥ samādāya pātracīvaraṃ yena śrāvastī tena cārikāṃ prakrānto ’nupūrveṇa cārikāṃ caran śrāvastīm anuprāptaḥ |,ཡུལ་ཀ་ཤིའི་གནས་པ་ཞེས་བྱ་བའི་གྲོང་ཁྱེར་ན་དགེ་སློང་སྡེ་འཇོམས་ཞེས་བྱ་བ ༼H༡༩༩བ༥༽ གནས་ཏེ་། དེ་ལ་བརྟེན་ནས་གནས་པའི་གྲོང་ཁྱེར་གྱི་བྲམ་ཟེ་དང་ཁྱིམ་བདག་རྣམས་སངས་རྒྱས་དང་། ཆོས་དང་། དགེ་འདུན ༼༥༽ ལ་བྱ་བ་བྱེད་དེ་༎ དགེ་སློང་གློ་བུར་བ་གང་དག་གནས་པའི ༼H༡༩༩བ༦༽ གྲོང་ཁྱེར་དུ་ལྷགས་ན་དེ་རྣམས་དེས་ངལ་བསོར་བཅུག་སྟེ་། ཡོ་བྱད་ཐམས་ཅད་ཀྱིས་བསྟབས་ནས་ལམ་གྱིས་དུབ་པ་ངལ་སོས་པ་དང་དགེ་སློང་རྣམས་ལ་བསོད་སྙོམས ༼H༡༩༩བ༧༽ སྦྱོར་བའི་ཁྱིམ་གང་ཡིན་པ་དེ་རྣམས་སུ་ཟས་ལ་གཏོང་བར ༼༦༽ བྱེད་དོ་༎ ཇི་ཙམ་ན་རྒན་ཞུགས་ཤིག་གནས་པའི་གྲོང་ཁྱེར་དུ་དབྱར་གནས་ནས་དབྱར་གྱི་ཟླ་བ་གསུམ་པོ་དག་འདས ༼H༢༠༠ཨ༡༽ པ་དང་ཆོས་གོས་བྱས་པ་དང་ལྡན་། ཆོས་གོས་ཟིན་པ་དང་ལྡན་ནས་དེ་ལྟུང་བཟེད་དང་ཆོས་གོས་ཁྱེར་ཏེ་མཉན་ཡོད་གང་ན་བ་དེར་རྒྱུ་ཞིང་དོང་སྟེ་། རིམ་གྱིས ༼H༢༠༠ཨ༢༽ རྒྱུ་ཞིང་དོང་བ་དང ༼༧༽ མཉན་ཡོད་དུ་ཕྱིན་ཏོ་༎,"A monk named Senāṃjayin lived in the village of Vāsava, at Kāśi.  Because of him, Vāsava-villagers, Brahmans and householders pay respect to Buddha, Dharma and Saṃgha.  When guest-monks came to Vāsava-village, he (Senāṃjayin bhikṣu) rejuvenated them, and then offered them all kinds of implements: when fatigue from a journey subsided, he sent them to eat in the families that the food is bound.  Until the time the other monk lived the monsoon (varṣā) at the Vāsava-village. After three months had passed, he had a robe prepared and arranged i.e., ready to put it on, took bowl and robe; where there is direction to Śrāvastī, he set out the journey in that direction, roaming stage by stage day by day, finally arrived at Śrāvastī."
e0ef17abd5ac4dc2ad7866e8e6b563dd,§3 ācaritaṃ ṣaḍvargikāṇāṃ aśūnyaṃ jetavanadvāram anyatarānyatareṇa ṣaḍvargikeṇa | upanando (4) jetavanadvāre tiṣṭhati | tenāsau dūrata eva dṛṣṭo būkākāraśirāḥ 1 pralambabhrūḥ | sa saṃlakṣayati |  ko ’py ayaṃ sthaviro bhikṣur āgacchati | pratyudgantavyam iti | sa pratyudgataḥ | svāgataṃ svāgataṃ sthavireti |  sa kathayati | vande ācāryeti | sa saṃlakṣayati | mahallo batāyaṃ | nāya(5)m ācāryaṃ jānīte nāpy upādhyāyam iti • sālohita kiyad dūrād āgacchasi | vāsavagrāmakāt* |  kin tatra | vihāraḥ | kim asau vihāraḥ | āhosvi‹d› vighātaḥ | kīdṛśo vihāraḥ | kīdṛśo vighātaḥ |  yatropakaraṇasaṃpat sa vihāra‹ḥ› | yatropakaraṇavaikalyaṃ sa vi(6)ghātaḥ |  yady evaṃ vihāro ’sau yatra senāṃjayī nāma bhikṣuḥ prativasati |  tam āgamya vāsavagrāmīyakā brāhmaṇagṛhapatayo buddhadharmasaṃgheṣu kārān kurvanti |  yataś ca tatrāgantuko bhikṣur āgacchati | tam asau pratiśāmya sarvopakaraṇaiḥ pravārayitvā (7) mārgaśrame prativinodite yeṣu kuleṣu bhikṣūṇāṃ piṇḍakā upanibaddhās teṣu bhoktuṃ preṣayati |,དྲུག་སྡེ་རྣམས་ཀྱི་ཀུན་ཏུ་སྤྱོད་པ་ནི་རྒྱལ་བུ་རྒྱལ་བྱེད་ཀྱི་ཚལ་གྱི་སྒོ་དྲུག་སྡེ་གང་ཡང་རུང་བས་སྟོང་པར་མི་འཇོག་པ་ཡིན་པས་རྒྱལ་བུ་རྒྱལ་བྱེད ༼H༢༠༠ཨ༣༽ ཀྱི་ཚལ་གྱི་སྒོ་ན་ཉེ་དགའ་འདུག་པ་དེས་རྒྱང་རིང་པོ་ཁོ་ན་ནས་མགོ་སྤྲ་བའི་མེ་ཏོག་ལྟར་སྐྱ་བ་སྨིན་མ་འཕྱང་བ་ཞིག་མཐོང་ནས ༼༡༣༥ཨ༡༽ དེས་བསམས་པ་། འདི་ནི་དགེ་སློང་གནས་བརྟན་ཞིག་ཡིན ༼H༢༠༠ཨ༤༽ ཏེ་འོང་གིས་བསུར་འགྲོའོ་ཞེས་དེས་བསུ་ནས་གནས་བརྟན་བྱོན་པ་ལེགས་སོ་༎ བྱོན་པ་ལེགས་སོ་༎ དེས་སྨྲས་པ་། སློབ་དཔོན་ཕྱག་འཚལ་ལོ་༎ དེས་བསམས་པ་། ཀྱེ་མ་འདི་ནི་རྒན ༼H༢༠༠ཨ༥༽ ཞུགས་ཤིག་ཡིན་ཏེ་། སློབ་དཔོན ༼༢༽ ཡང་མི་ཤེས་མཁན་པོ་ཡང་མི་ཤེས་སོ་སྙམ་ནས་རྒན་ཞུགས་ཇི་སྲིད་ཅིག་ནས་འོངས་། གནས་པའི་གྲོང་ཁྱེར་ནས་སོ་༎ ཅི་དེ་ན་གཙུག ༼H༢༠༠ཨ༦༽ ལག་ཁང་ཡོད་དམ་༎ དེ་ཅི་གཙུག་ལག་ཁང་ཡིན་ནམ་འོན་ཏེ་ཕོངས་པ་ཞིག་ཡིན་། གཙུག་ལག་ཁང་ནི་ཇི་ལྟ་བུ་། ཕོངས ༼༣༽ པ་ནི་ཇི་ལྟ་བུ་། གང་ན་ཡོ་བྱད་ཐམས་ཅད་ཕུན ༼H༢༠༠ཨ༧༽ སུམ་ཚོགས་པ་དེ་ནི་གཙུག་ལག་ཁང་ཡིན་ནོ་༎ གང་ན་ཡོ་བྱད་མེད་པ་དེ་ནི་ཕོངས་པ་ཡིན་ནོ་༎ གལ་ཏེ་དེ་ལྟ་ན་དེ་ནི་གཙུག་ལག་ཁང་ཡིན་ཏེ་། དེ་ན་དགེ་སློང་སྡེ་འཇོམས ༼H༢༠༠བ༡༽ ཞེས་བྱ་བ་ཞིག་གནས་སོ་༎ དེ་ལ་བརྟེན་ནས་གནས་པའི་གྲོང་ཁྱེར་གྱི ༼༤༽ བྲམ་ཟེ་དང་ཁྱིམ་བདག་རྣམས་སངས་རྒྱས་དང་། ཆོས་དང་། དགེ་འདུན་ལ་བྱ་བ་བྱེད་དེ་། དགེ་སློང་གློ་བུར་བ་གང་དག་དེར་ལྷགས་པ་དེ་རྣམས་ལ ༼H༢༠༠བ༢༽ དེས་ངལ་བསོར་བཅུག་སྟེ་། ཡོ་བྱད་ཐམས་ཅད་ཀྱིས་བསྟབས་ནས་ལམ་གྱིས་དུབ་པ་ངལ་སོས་པ་དང་དགེ་སློང་རྣམས་ལ་བསོད་སྙོམས་སྦྱོར་བའི ༼༥༽ ཁྱིམ་གང་ཡིན་པ་དེ་རྣམས་སུ་ཟས་ལ་གཏོང་བར་བྱེད་དོ་༎,"A gate of Jetavana is never unoccupied with the group of six monks (Ṣaḍvargika bhikṣu); one or another Ṣaḍvargika usually occupies it. Upananda stood at the entrance of Jetavana. By him (Upananda), that monk whose head appeared like a crane, and whose eyebrows are hanging down, was seen even from afar. He (Upananda) discerns,  “who is this elderly monk (sthavira bhikṣu) coming? I should go out to meet him.” He went out and says, “Welcome, welcome elder! I salute you teacher (ācārya)!”  He remarks, “oh! this sthavira is an old man; he is neither a teacher (ācārya) nor a preceptor (upādhyāya).”Upananda “Sālohita! how far away do you come from?”“From Vāsava-village.”  Upananda “What is there?”“There is a dwelling place (vihāra).”Upananda What about that dwelling place? Is there any difficulty (vighāta)?What does the vihāra is referring? Also that of the vighāta?  Upananda Where there is a place for all kinds of support, it is called vihāra. Where there is a lack of implement and support, it is called vighāta.  “If that is the case, it is a vihāra where a monk named Senāṃjayin lives.  Because of him, Vāsava-villagers, Brahmans and householders pay respect to Buddha, Dharma and Saṃgha.  Since when the guest-monks came to Vāsava-village, he rejuvenated them, and then offered them all kinds of implements: after fatigue from a journey subsided, he sent them to eat in the families that the food is bound.”"
0c01a06f564d4acba97d5df9b669bed7,§4 ācaritaṃ ṣaḍvargikāṇāṃ yat kiṃcid eva śṛṇvanti tad rātrau sannipatya parasparam ārocayanti | nandopananda kiyac ciram asmābhiẖ kṛcchram udvoḍhavyaṃ |  asti ki‹ṃ›(8)cid yuṣmākaṃ kiñcic chrutam* yatrodārāvabhāso bhaved iti |  upanandaẖ kathayaty | asti | kāśiṣu vāsavagrāmake senāṃjayī nāma bhikṣuḥ prativasati |  tam āgamya vāsavagrāmīyakā brāhmaṇagṛhapatayo pūrvavad yāvad bhoktuṃ preṣayati •  yady abhipretan tatra gacchāmaḥ | te samā(9)dāya pātracīvaraṃ yena vāsavagrāvakas tena cārikāṃ prakrāntānupūrveṇa cārikāṃ caranto vāsavagrāmakam anuprāptāḥ |,༼H༢༠༠བ༣༽ དྲུག་སྡེ་རྣམས་ཀྱི་ཀུན་ཏུ་སྤྱོད་པ་ནི་ཉིན་པར་ཅུང་ཟད་ཅི་ཐོས་པ་དེ་དག་དགོངས་ཀ་འདུས་ནས་ཕན་ཚུན་དུ་སྨྲ་བར་བྱེད་པ་ཡིན་པས་དགའ་བོ་ཉེ་དགའ་བདག་ཅག་གིས་ཇི་སྲིད་དུ་སྡུག་བསྔལ ༼H༢༠༠བ༤༽ ཕོག་སྙམ་བྱ་། ཁྱེད་ལས་འགའ་ཞིག་གིས་གང་ན ༼༦༽ རྒྱ་ཆེ་བ་སྣང་བ་ཡོད་པ་ལྟ་ཅུང་ཟད་ཅི་ཐོས་། ཉེ་དགས་སྨྲས་པ་། ཡུལ་ཀ་ཤིའི་གནས་པའི་གྲོང་ཁྱེར་ན་དགེ་སློང་སྡེ་འཇོམས་ཞེས་བྱ་བ་གནས་ཏེ་། དེ ༼H༢༠༠བ༥༽ ལ་བརྟེན་ནས་གནས་པའི་གྲོང་ཁྱེར་གྱི་བྲམ་ཟེ་དང་ཁྱིམ་བདག་རྣམས་ཞེས་བྱ་བ་ནས་། ཟས་ལ་གཏོང་བར་བྱེད་དོ་ཞེས་བྱ་བའི་བར་གོང་མ ༼༧༽ བཞིན་དུའོ་༎ གལ་ཏེ་འདོད་ན་དེར་འདོང་ངོ་ཞེས་དེ ༼H༢༠༠བ༦༽ རྣམས་ལྷུང་བཟེད་དང་ཆོས་གོས་བླངས་ནས་གནས་པའི་གྲོང་ཁྱེར་གང་ན་བ་དེར་རྒྱུ་ཞིང་དོང་སྟེ་། རིམ་གྱིས་རྒྱུ་ཞིང་དོང་བ་ལས་གནས་པའི་གྲོང་ཁྱེར་དུ་ཕྱིན་པ་དང་།,"Of Ṣaḍvargikas whatever they behaved, the monks heard what Ṣaḍvargikas did in the day; they assembled at night and told each other. “Nanda and Upananda! we have carried on with difficulty for so long.  Where there is something you heard, even a little, that could be a great light.”  Upananda says, yes it is. At Kāśi, in the Vāsava-village, there lives a monk named Senāṃjayin.  Vāsava-villagers, Brahmans and householders, because of him (Senāṃjayin) invite them to eat as done or mentioned before.  We will go there if intended. After having taken bowl and robe, they set out to where there are the direction of Vāsava-village, roaming stage by stage day by day, finally arrived at Vāsava-village."
00e8e53363c54c2181981d51cea578ab,§5 te senāṃjayinā dūrata eva dṛṣṭāḥ | sa saṃlakṣayaty |  āgatā hy ete duṣṭhulasamudācārā‹ḥ› | pratiśāmayitvā sarvopakaraṇaiḥ pravārayitavyā‹ḥ› | no tu kulāni bho(10)ktuṃ preṣayitavyā iti •  te ’nena pratiśāmayitvā sarvopakara‹na›iḥ pravāritā‹ḥ› | no tu kulāni bhoktuṃ preṣitāḥ | teṣām eke kathayanti |  nandopananda vayam anena mahallena sarvopakaraṇaiḥ pravāritā‹ḥ› | no tu kulāni bhoktuṃ preṣitā ity |  apare kathayanti | ekaṃ tāvat saṃpannaṃ kulāny api (286a1) preṣayiṣyatīti || yāvan navako bhikṣur āgataḥ |  sa tena pratiśāmayitvā sarvopakaraṇaiḥ pravārito mārgaśrame prativinodite kulāni bhoktuṃ preṣitaḥ |  ṣaḍvargikāḥ prakupitāẖ kathayanti | nandopananda paśya kīdṛśo ’yaṃ ‹mahalla› cchandadveṣī |  yadi tāvat pūrvam āgatās te vayaṃ | ‹yadi vṛddhās te vayam› |  atha bahuśru(2)tās te vayaṃ |  eṣa bhikṣur acireṇābhyāgato navako prakṛtijñaḥ |  so ’nena sarvopakaraṇaiḥ pravārayitvā kulāni bhoktuṃ preṣitaḥ no tu vayaṃ | sa tair upālabdhaḥ |,དེ་རྣམས་རྒྱང་རིང་པོ་ཁོ་ན་ནས་སྡེ ༼H༢༠༠བ༧༽ འཇོམས་ཀྱིས་མཐོང་ནས་དེས་བསམས ༼༡༣༥བ༡༽ པ་། གནས་ངན་ལེན་ཀུན་ཏུ་སྤྱོད་པ་འདི་དག་འོང་གིས་ངལ་བསོར་བཅུག་སྟེ་། མཁོ་བའི་ཡོ་བྱད་ཐམས་ཅད་ཀྱིས་བསྟབ་པར་བྱའི་ཁྱིམ་རྣམས་སུ་ཟས་ལ ༼H༢༠༡ཨ༡༽ ནི་གཏང་བར་མི་བྱའོ་སྙམ་ནས་། དེས་དེ་རྣམས་སུ་ཟས་ལ་ནི་གཏང་བར་མི་བྱའོ་སྙམ་ནས་། དེས་དེ་རྣམས་ངལ་བསོར་བཅུག་ནས་ཡོ་བྱད་ཐམས་ཅད་ཀྱིས་ནི་བསྟབས་ཀྱི་ཁྱིམ་རྣམས་སུ་ཟས་ལ་ནི་མ་བཏང ༼༢༽ ངོ་༎ དེ ༼H༢༠༡ཨ༢༽ རྣམས་ལས་ཁ་ཅིག་གིས་སྨྲས་པ་། དགའ་པོ་ཉེ་དགའ་བདག་ཅག་ལ་རྒན་ཞུགས་འདིས་ཡོ་བྱད་ཐམས་ཅད་ཀྱིས་ནི་བསྟབས་ཀྱིས་། ཁྱིམ་རྣམས་སུ་ཟས་ལ་ནི་མ་བཏང་ངོ་༎ གཞན ༼H༢༠༡ཨ༣༽ དག་གིས་སྨྲས་པ་། རེ་ཞིག་གཅིག་གྲུབ་ཟིན་པས་ཁྱིམ་རྣམས་སུ་ཡང་གཏོང་བར་བྱེད ༼༣༽ གྲང་། ཇི་ཙམ་ན་དགེ་སློང་གསར་བུ་ཞིག་འོངས་པ་དང དེས་དེ་ངལ་བསོར་བཅུག་སྟེ་། ༼H༢༠༡ཨ༤༽ ཡོ་བྱད་ཐམས་ཅད་ཀྱིས་བསྟབས་ནས་ལམ་གྱིས་དུབ་པ་ངལ་སོས་པ་དང་ཁྱིམ་རྣམས་སུ་ཟས་ལ་བཏང་ངོ་༎ དྲུག་སྡེ་རྣམས་ཁྲོས་ནས་སྨྲས་པ་། དགའ་པོ་ཉེ་དགའ་རྒན་ཞུགས ༼H༢༠༡ཨ༥༽ འདིའི་འདུན་པ་དང་ཞེ་སྡང ༼༤༽ ཅི་འདྲ་བ་ལྟོས་། རེ་ཞིག་གལ་ཏེ་སྔར་འོངས་པ་ཞིག་ཡིན་ན་ཡང་བདག་ཅག་ཡིན་ལ་། ཡང་ན་རྒན་པ་ཡིན་ན་ཡང་བདག་ཅག་ཡིན་ལ་། འོན་ཏེ་མང་དུ་ཐོས ༼H༢༠༡ཨ༦༽ པ་ཞིག་ཡིན་ན་ཡང་བདག་ཅག་ཡིན་ན་། དགེ་སློང་འདི་ནི་འོངས་ནས་རིང་པོ་མ་ལོན་པར་གསར་བུ་ཤེས་པ་དང་མི་ལྡན་པ་ཡིན་ན་། འདིས ༼༥༽ དེ་ལ་ཡོ་བྱད་ཐམས་ཅད་ཀྱིས་བསྟབས་ནས ༼H༢༠༡ཨ༧༽ ཁྱིམ་རྣམས་སུ་ཟས་ལ་བཏང་ལ་བདག་ཅག་ལ་ནི་མ་ཡིན་ནོ་ཞེས་དེ་རྣམས་ཀྱིས་དེ་ལ་སྤྱོས་པ་།,"Senāṃjayin saw them even from afar. He thinks,  “these wicked monks have come; after having them rejuvenated, I should offer them with all kinds of implements; but they should not be sent to families to eat.”  After rejuvenated them, they (Ṣaḍvargikas) were offered with all kinds of implements by him (Senāṃjayin), but were not sent to the families to eat. Some of them said;  “Nanda and Upananda! we were offered by all kinds of implements by this old man but were not sent to the families to eat.”  Others said; “the moment that a newly ordained monk navaka bhikṣu came, at that time Senāṃjayin will send that one navaka bhikṣu to the families to eat.”  As to that navaka after having rejuvenated, he was offered with all kinds of implements; when fatigue from a journey subsided, he was sent to the families to eat by Senāṃjayin.  Furious Ṣaḍvargikas say, you see! Nanda and Upananda, how is this old man who has likes and dislikes.  After all, it’s us who came first; it’s we who are a senior;  also it’s us who are the learned ones (bahuśruta).  This monk had just recently arrived, who is still a navaka who does not know any of this matter.  Still the navaka was offered by all kinds of implements and was sent to the families to eat by Senāṃjayin, but not us. Ṣaḍvargikas reproached Senāṃjayin."
2a8ac47b838548d4914000528556d83a,§6 mahalla īdṛśas tvaṃ cchandadveṣī |  yadi tāvat pūrvam āgatās te vayaṃ pūrvavad yāvat | sa tvayā sarvopakaraṇaiḥ pravārayitvā ku(3)lāni bhoktuṃ preṣito no tu vayaṃ |  sthavirā mā kiṃcit parihīyate |  ṣaḍvargikāḥ saṃjātāmarṣā‹ḥ› kathayaṃti |  na tūṣṇī‹ṃ› sthātavyaṃ | tad aparaṃ prativahasi 2 | sa tair abhyāhataḥ | tūṣṇīm avasthitaḥ |  tais tasya acodayitvā asmārayitvā avastukam apratijñāyā balād utkṣepaṇīyaṃ karma kṛtaṃ |,རྒན་ཞུགས་ཁྱོད་ཀྱི་འདུན་པ་དང་ཞེ་སྡང་ནི་དེ་འདྲའོ་༎ རེ་ཞིག་གལ་ཏེ ༼H༢༠༡བ༡༽ སྔར་འོངས་པ་ཞིག་ཡིན་ན་ཡང་བདག་ཅག་ཡིན་ལ་ཞེས་བྱ་བ་ནས་ཁྱོད་ཀྱིས ༼༦༽ དེ་ལ་ཡོ་བྱད་ཐམས་ཅད་ཀྱིས་བསྟབས་ནས་ཁྱིམ་རྣམས་སུ་ཟས་ལ་བཏང་ལ་། ཁོ་བོ་ཅག་ལ་ནི་མ་ཡིན་ནོ་༎ ཞེས་བྱ ༼H༢༠༡བ༢༽ བའི་བར་གོང་མ་བཞིན་དུའོ་༎ གནས་བརྟན་དག་ཅུང་ཟད་ཉམས་པར་མ་གྱུར་ཏམ་། དྲུག་སྡེ་རྣམས་ཀྱིས་མི་བཟོད་པ་སྐྱེས་ནས་སྨྲས་པ་། ཅང་མི་སྨྲ་བར་འདུག་པར ༼༧༽ བྱ་བ་གང་ཡིན་པ་དེས་སླར ༼H༢༠༡བ༣༽ སྨྲའམ་ཞེས་དེ་རྣམས་ཀྱིས་དེ་སྨྲར་བཅུག་ནས་ཅང་མི་སྨྲ་བར་འདུག་གོ་༎ དེ་རྣམས་ཀྱིས་དེ་ལ་གླེང་བ་མ་བྱས་། དྲན་པར་མ་བྱས་ཤིང་ཁས་བླངས་པ་མེད་པར་ནན་གྱིས་གཞི་མེད་པའི་གནས་ནས ༼H༢༠༡བ༤༽ དབྱུང་བའི་ལས་བྱས་སོ་༎,"“Old man! You are a person who has likes and dislikes.  After all, we came to you first …(as mentioned before)…”; he was offered by all kinds of implements and was sent to the families to eat by you, but not us.  Elders! what was wrong?  Ṣaḍvargikas whose anger arose said,  “it’s inappropriate to remain silent, or you have nothing else to say?”. Hence, he (Senāṃjayin) was reviled by them as he remained silent.  Then they (Ṣaḍvargikas) neither accused nor reminded; without basis, without acknowledgement, forcibly invoke the legal action of Utkṣepaṇīya against him (Senāṃjayin)."
58d7bb040080441b9d8f005727e08942,§7 sa saṃla(4)kṣayati | duḥkhaṃ brāhmaṇagṛhapatayaḥ prasādyante sukham aprasādyante |  yadi sthāsyāmi vāsavagrāmīyakā brāhmaṇagṛhapatayo prasādaṃ pravedayiṣyante | sarvadhā 3 prakramitavyam iti •  sa samādāya pātracīvaraṃ yena śrāvastī yena cārikāṃ prakrānto ’nupūrve(5)ṇa cārikāṃ caraṃ śrāvastīm anuprāptaḥ | sa bhikṣubhir dṛṣṭaḥ uktaś ca |  svāgataṃ svāgatam āyuṣmaṃ | senāñjayiṃ prītā vayaṃ tvaddarśanena no tv āgamanena |  kiṃ kāraṇaṃ | tvām āgamya vāsavagrāmīyakā brāhmaṇagṛhapatayo buddhadharmasaṃgheṣu kārān kurvanti •  āgantukānāṃ ga(6)mikānāṃ ca vāsavagrāmakaṃ pratisaraṇe •  asty etad evaṃ | mama tu ṣaḍvargikair acodayitvā asmārayitvā avastukam apratijñāyā balād utkṣepaṇīyaṃ karma kṛtam |  kiṃ kāraṇaṃ | tena yathāvṛttam ākhyātaṃ | te ’vadhyāyantaḥ kṣipanto vivācayantaḥ etat prakaraṇaṃ bhikṣavo (7) bhagavata ārocayanti |  bhagavān āha || tasmāt tarhi bhikṣavo  na bhikṣubhir acodayitvā asmārayitvā avastukam apratijñāyā balād utkṣepaṇīyaṃ karma kartavyaṃ |  kurvanti | sātisārā bhavanti ||  ||,དེས་བསམས་པ་། བྲམ་ཟེ་དང ༼༡༣༦ཨ༡༽ ཁྱིམ་བདག་རྣམས་དང་བར་བྱ་བ་ནི་དཀའ་ལ་། མ་དད་པར་འགྱུར་བ་ནི་སླ་བས་། གལ་ཏེ་འདུག་ན་གནས་པའི་གྲོང་ཁྱེར་གྱི ༼H༢༠༡བ༥༽ བྲམ་ཟེ་དང་ཁྱིམ་བདག་རྣམས་དད་པ་མ་ཡིན་པ་སྐྱེ་བར་འགྱུར་བས་བདག་ནི་རྣམ་པ་ཐམས་ཅད་དུ་འགྲོ་བར་བྱའོ་སྙམ་ནས་། དེས་ལྷུང་བཟེད་དང་ཆོས་གོས་ཁྱེར་ཏེ ༼༢༽ མཉན་ཡོད་གང་ན ༼H༢༠༡བ༦༽ བ་དེར་རྒྱུ་ཞིང་སོང་སྟེ་། རིམ་གྱིས་རྒྱུ་ཞིང་སོང་བ་ལས་མཉན་ཡོད་དུ་ཕྱིན་པ་དང་དེ་དགེ་སློང་རྣམས་ཀྱིས་མཐོང་ནས་སྨྲས་པ་། ཚེ་དང་ལྡན་པ་སྡེ་འཇོམས་འོངས་པ་ལེགས་སོ ༼H༢༠༡བ༧༽ འོངས་པ་ལེགས་སོ་༎ ཁྱོད་དོ་མཐོང་བ་ནི་བདག་ཅག་དགའ་ན་འོངས་པ་ནི་མ་ཡིན་ནོ་༎ ཅིའི་ཕྱིར ༼༣༽ ཁྱོད་ལ་བརྟེན་ནས་གནས་པའི་གྲོང་ཁྱེར་གྱི་བྲམ་ཟེ་དང་ཁྱིམ་བདག ༼H༢༠༢ཨ༡༽ རྣམས་སངས་རྒྱས་དང་། ཆོས་དང་། དགེ་འདུན་ལ་བྱ་བ་བྱེད་ལ་། དགེ་སློང་གློ་བུར་བ་གང་དག་ལྷགས་པ་དེ་རྣམས་ཀྱང་གནས་པའི་གྲོང་ཁྱེར་དུ་རྟེན་ཏོ་༎ དེ་ནི་བདེན་པ ༼H༢༠༢ཨ༢༽ བདག་ལ་དྲུག་སྡེ་རྣམས་ཀྱིས་གླེང་བ་མ་བྱས་། དྲན ༼༤༽ པར་མ་བྱས་ཤིང་ཁས་བླངས་པ་མེད་པར་ནན་གྱིས་གཞི་མེད་པའི་གནས་ནས་དབྱུང་བའི་ལས་བྱས་སོ་༎ ཅིའི་ཕྱིར་དེས་ཇི་ལྟར་གྱུར་པ ༼H༢༠༢ཨ༣༽ རྣམས་སྨྲས་པ་དང་དེ་རྣམས་སྨོད་པར་བྱེད་། གཞོགས་འཕྱས་བྱེད་། ཁ་ཟེར་བར་བྱེད་པའི་སྐབས་དེ་བཅོམ་ལྡན་འདས་ལ་དགེ་སློང་རྣམས་ཀྱིས་གསོལ ༼༥༽ པ་དང་། བཅོམ་ལྡན་འདས ༼H༢༠༢ཨ༤༽ ཀྱིས་བཀའ་སྩལ་པ་། དགེ་སློང་དག་དེ་ལྟ་བས་ན་དེང་ཕྱིན་ཆད་དགེ་སློང་གིས་གླེང་བ་མ་བྱས་༎ དྲན་པར་མ་བྱས་ཤིང་ཁས་བླངས་པ་མེད་པར་ནན་གྱིས་གཞི་མེད་པའི་གནས་ནས ༼H༢༠༢ཨ༥༽ དབྱུང་བའི་ལས་མི་བྱའོ་༎ བྱེད་ན་འགལ་ཚབས་ཅན་དུ་འགྱུར་རོ་༎,"Senāṃjayin thought, “as for Brahman and householders, when suffer they have faith, but when delight they do not have faith.  If I stay on here, members in the community, Brahman and householders will make known their faith; there are all reasons I should go.”  Then he took bowl and robe; where there is direction to Śrāvastī, he set out the journey in that direction, roaming stage by stage day by day, finally arrived at Śrāvastī. Monks saw him and said,  “Welcome! Welcome! Venerable (āyuṣmat)”. Senāñjayin! We are glad to see you, and we are glad that you came.  What happened? Because of you, the members in community, Brahman and householders, pay respect to Buddha, Dharma and Saṃgha.  For both guests and residents, when it concerns support, they seek or go to Vāsava-village.  Senāṃjayin speaks; That is the way it is. However, Ṣaḍvargikas neither accused nor reminded me; without basis, without acknowledgement, they forcibly invoked the legal action of Utkṣepaṇīya against me.  What happened? He told the story in accord with the situation that happened. They (the monks) thought ill of Ṣaḍvargikas, reviled and censured them, then informed the blessed one on that matter.  The blessed one said, “because of that, bhikṣus! Having not accused and reminded; the legal action of utkṣepaṇīya must not be forcibly invoked by monks without basis, without acknowledgement.  If they do it, they become guilty of sin."
fba10cdad82e4a5e8c1b7c0fc83a3049,§8 buddho bhagavāṃ caṇpāyāṃ viharati gargāyāḥ puṣkariṇyās tīre |  tena khalu (8) samayena ṣaḍvargikā bhikṣava imāny evaṃrūpāṇi adharmakarmāṇi kurvanti •  tadyathā adharmeṇa kurvanti vyagrāḥ |  adharmeṇa kurvanti samagrāḥ | etat prakaraṇaṃ bhikṣavo bhagavata ārocayanti •  bhagavān āha • tasmān na bhikṣubhir imāny evaṃrūpāṇi adharma‹karmāṇi› karaṇīyāni •  tadyathā a(9)dharmeṇa vyagraiḥ adharmeṇa samagraiḥ dharmeṇa vyagraiḥ |  kurvanti | sātisārā bhavanti ||  ||,སངས་རྒྱས ༼༦༽ བཅོམ་ལྡན་འདས་ཙམ་པའི་དྲང་སྲོང་གར་གའི་རྫིང་གི་འགྲམ་ན་བཞུགས་སོ་༎ དེའི་ཚེ་དགེ་སློང ༼H༢༠༢ཨ༦༽ དྲུག་སྡེ་རྣམས་ཆོས་མ་ཡིན་པའི་ལས་འདི་ལྟ་བུ་དག་བྱེད་དེ་། འདི་ལྟ་སྟེ་ཆོས་མ་ཡིན་པས་མི་མཐུན་པར་བྱེད་པ་དང་། ཆོས་མ་ཡིན་པས་མཐུན་པར་བྱེད་པ་དང་། ཆོས་ཀྱིས་མི་མཐུན ༼༧༽ ༼H༢༠༢ཨ༧༽ པར་བྱེད་པའི་སྐབས་དེ་བཅོམ་ལྡན་འདས་ལ་དགེ་སློང་རྣམས་ཀྱིས་གསོལ་པ་དང་། བཅོམ་ལྡན་འདས་ཀྱིས་བཀའ་སྩལ་པ་། དེ་ལྟ་བས་ན་དགེ་སློང་རྣམས་ཀྱིས་ཆོས་མ་ཡིན ༼H༢༠༢བ༡༽ པའི་ལས་འདི་ལྟ་བུ་བྱེད་པ་འདི་ལྟ་སྟེ་། ཆོས་མ་ཡིན་པས་མཐུན་པ་དང་། ཆོས་མ་ཡིན་པས་མི་མཐུན་པ ༼༡༣༦བ༡༽ དང་། ཆོས་ཀྱིས་མི་མཐུན་པ་མི་བྱའོ་༎ བྱེད་ན་འགལ་ཚབས་ཅན་དུ་འགྱུར་རོ་༎ ༎,"Buddha, the blessed one, dwells at the side of lotus-pool of Gargā, at Caṃpā.  At that time, Ṣaḍvargika bhikṣus did such illegal performances adharmakarmāṇi;  for examples, being in discord, they perform illegal actions;  being united, they perform illegal actions. Monks inform the blessed one about that matter.  The blessed one said, “due to that fact, by monks, such illegal performances are not to be committed,  viz., being in discord, they perform illegal action, being united but illegal, and being in discord even though it’s legal.  If they do it, they become guilty of sin.”"
ffcb6fce3466470da2a51308ff86c5df,§9 uddānam* ||na eka ekena ‹na› dvau na saṃbahulāḥ kṛtā‹ḥ› |na gaṇo gaṇasya karmāṇi paṃca saṃghakarmaṇāṃ svāminaḥ ||,སྡོམ་ལ་།གཅིག་གིས ༼H༢༠༢བ༢༽ གཅིག་མིན་གཉིས་མིན་ཏེ་༎ མང་པོ་རྣམས་ཀྱི་བྱ་བ་མིན་༎ཚོགས་ཀྱིས་ཚོགས་ཀྱི་ལས་མིན་ཏེ་༎ དགེ་འདུན་ལྔ་ནི་ལས་ལ་དབང་༎,ContentsA single monk could not perform the actions towards one monk; this as well applies to two monks or many monks. Even a group of monks could not perform the actions towards a group of monks; only five sets of monks have authority to perform the actions belonging to the saṃgha (saṃghakarman).
871ed81630f4498296744470a8ad4c49,§10 buddho bhagavāṃ caṇpāyāṃ viharati gargāyāḥ puṣkariṇyās tīre •  (10) tena khalu samayena ṣaḍvargikā bhikṣava imāny evaṃrūpāṇi adharmakarmāṇi kurvanti •  tadyathā eko ’py ekasya |  eko dvayor |  eke 4 saṃbahulānāṃ |  dvāv api dvayoḥ |  dvāv ekasya |  dvau saṃbahulānāṃ •  saṃbahulā api saṃbahulānāṃ |  saṃbahulaiḥ 5 ekasya |  saṃbahulā  dvayoḥ |  (286b1) gaṇo gaṇasya | etat prakaraṇaṃ bhikṣavo bhagavata ārocayanti •  bhagavān āha | tasmān na ekena ekasya karma kartavyaṃ |  na ekena dvayoḥ |  na ekena saṃbahulānāṃ |  ‹na› dvābhyāṃ dvayoḥ |  na dvābhyām ekasya |  na dvābhyāṃ saṃbahulānāṃ |  na saṃbahulais saṃbahulānāṃ |  na saṃbahulair ekasya |  na saṃbahulair dvayoḥ |  (2) na gaṇena gaṇasya |  kurvanti | sātisārā bhavaṃti ||,སངས་རྒྱས་བཅོམ་ལྡན་འདས་ཙམ ༼༢༽ པའི་དྲང་སྲོང་གར་གའི ༼H༢༠༢བ༣༽ རྫིང་འགྲམ་ན་བཞུགས་སོ་༎ དེའི་ཚེ་དགེ་སློང་དྲུག་སྡེ་རྣམས་ཆོས་མ་ཡིན་པའི་ལས་འདི་ལྟ་བུ་དག་བྱེད་དེ་། འདི་ལྟ་སྟེ་། གཅིག་གིས་གཅིག་གི་དང་། གཅིག་གིས་གཉིས་ཀྱི་དང་། གཅིག་གིས ༼H༢༠༢བ༤༽ མང་པོའི་དང་། གཉིས་ཀྱིས་གཉིས་ཀྱི་དང གཉིས་ཀྱིས ༼༣༽ གཅིག་གི་དང་། གཉིས་ཀྱིས་མང་པོའི་དང་།  མང་པོས་གཅིག་གི་དང་། མང་པོས་གཉིས་ཀྱི་དང་། ཚོགས་ཀྱིས་ཚོགས་ཀྱི་བྱེད་པའི ༼H༢༠༢བ༥༽ སྐབས་དེ་དགེ་སློང་རྣམས་ཀྱིས་བཅོམ་ལྡན་འདས་ལ་གསོལ་པ་དང་། བཅོམ་ལྡན་འདས་ཀྱིས་བཀའ་སྩལ་པ་། དེ་ལྟ་བས་ན་གཅིག་གིས་གཅིག་གི་ལས་མི ༼༤༽ བྱ་སྟེ་། གཅིག་གིས་གཉིས ༼H༢༠༢བ༦༽ ཀྱི་མ་ཡིན་། གཅིག་གིས་མང་པོའི་མ་ཡིན་། གཉིས་ཀྱིས་གཉིས་ཀྱི་མ་ཡིན་། གཉིས་ཀྱིས་གཅིག་གི་མ་ཡིན་། གཉིས་ཀྱིས་མང་པོའི་མ་ཡིན་། མང་པོས་མང་པོའི་མ་ཡིན་། མང་པོས ༼H༢༠༢བ༧༽ གཅིག་གི་མ་ཡིན་། མང་པོས་གཉིས་ཀྱི་མ་ཡིན་ཏེ་། ཚོགས་ཀྱིས ༼༥༽ ཚོགས་ཀྱི་མི་བྱའོ་༎ བྱེད་ན་འགལ་ཚབས་ཅན་དུ་འགྱུར་རོ་༎,"Buddha, the blessed one, dwells at the side of lotus-pool of Gargā, at Caṃpā.  At that time, Ṣaḍvargika bhikṣus performed such illegal performances;  for instance, one monk performed illegal performances towards another monk,  one monk towards two other monks,  one monk towards many monks;  two monks towards two other monks,  two monks towards one monk,  two monks towards many monks;  many monks towards many other monks,  many monks towards one monk,  many monks towards two monks;  a group of monks towards a group of other monks. The monks informed the blessed one about that matter.  The blessed one said, “due to that fact, single monk shall not perform action towards another monk,  one monk towards two other monks,  one monk towards many monks;  two monks towards two other monks,  two monks towards one monk,  two monks towards many monks;  many monks towards many other monks,  many monks towards one monk,  many monks towards two monks;  a group of monks towards a group of other monks.  If they perform, they become guilty of sin.”"
f3369443921b4df19ef00a0222538642,§11 api tu bhikṣavaḥ paṃca saṃghakarmaṇāṃ svāminaẖ |  katame paṃca •  catvāro bhikṣavaḥ saṃghaḥ |  paṃcāpi bhikṣavaḥ saṃghaḥ |  daśa bhikṣavaḥ ‹saṃghaḥ› |  viṃśati‹r› bhikṣavaḥ saṃgha uttare ‹ca› |  paṃca saṃghaḥ |,དགེ་སློང་དག་འོན་ཀྱང་ལས་ལ་དབང་བའི་དགེ ༼H༢༠༣ཨ༡༽ འདུན་ལྔ་ཡོད་དེ་། ལྔ་གང་ཞེ་ན་། དགེ་སློང་བཞིའི་དགེ་འདུན་དང་། དགེ་སློང་ལྔའི་དགེ་འདུན་དང་། དགེ་སློང་བཅུའི་དགེ་འདུན་དང་། དགེ་སློང་ཉི་ཤུའི་དགེ ༼H༢༠༣ཨ༢༽ འདུན་དང་། ལྷག་པའི ༼༦༽ དགེ་འདུན་ནོ་༎ ,"Still bhikṣus! These five sets of monks have authority to perform legal actions belonging to the saṃgha (saṃghakarman).  What are these five sets of monks?  There are a saṃgha as a collegium of the four monks,  a saṃgha as a collegium of the the five,  a saṃgha as a collegium of the the ten,  a saṃgha as a collegium of the the twenty and a saṃgha as a collegium even more than that of the twenty.  These are the five saṃghas."
f1d3720c51db4c55a1d9619cc5b1d48d,§12 tatra bhikṣavo yatra catvāro bhikṣavaḥ prativasanti | (3) arhati tatra saṃgho dharmeṇa sarvakarmāṇi kartuṃ |  sthāpayitvā paṃcānāṃ pravāraṇā‹ṃ› daśānām upasaṃpadaṃ viṃśatīnāṃ cāvarhaṇaṃ ||  yatra paṃca prativasaṃty | arhati tatra saṃghaḥ dharmeṇa sarvakarmāṇi kartuṃ | sthāpayitvā daśānāṃ upasaṃpadaṃ viṃśatīnāṃ cāvarhaṇam* ||  yatra bhikṣavaḥ daśa pra(4)tivasaṃti | arhati tatra saṃghaḥ sarvakarmāṇi kartuṃ | sthāpayitvā viṃśatīnāṃ āvarhaṇaṃ ||  yatra viṃśatir bhikṣavaḥ prativasanti uttare ca | arhati tatra saṃgha‹ḥ› dharmeṇa sarvakarmāṇi kartuṃ ||  ||,གང་ན་དགེ་སློང་བཞི་གནས་པ་དེ་ན་དགེ་འདུན་གྱིས་ཆོས་ཀྱི་ལས་བྱ་བ་ཐམས་ཅད་རུང་སྟེ་། ལྔའི་དགག་དབྱེ་དང་། བཅུའི་བསྙེན་བར་རྫོགས་པ ༼H༢༠༣ཨ༣༽ དང་། ཉི་ཤུའི་དབྱུང་བ་ནི་མ་གཏོགས་སོ་༎ གང་ན་དགེ་སློང་ལྔ་གནས་པ་དེ་ན་དགེ་འདུན་གྱིས་ལས་བྱ་བ་ཐམས་ཅད་རུང་སྟེ་། ༼༧༽ བཅུའི་བསྙེན་པར་རྫོགས་པ་དང་། ཉི་ཤུའི་དབྱུང་བ ༼H༢༠༣ཨ༤༽ ནི་མ་གཏོགས་སོ་༎ གང་ན་དགེ་སློང་བཅུ་གནས་པ་དེ་ན་དགེ་འདུན་གྱི་ལས་བྱ་བ་ཐམས་ཅད་རུང་སྟེ་། ཉི་ཤུའི་དབྱུང་བ་ནི་མ་གཏོགས་སོ་༎ གང་ན་དགེ་སློང་ཉི་ཤུའམ་ལྷག ༼H༢༠༣ཨ༥༽ པར་གནས་པ་དེ་ན་དགེ་འདུན་གྱིས་ཆོས་ཀྱི་ལས་བྱ་བ་ཐམས་ཅད་རུང ༼༡༣༧ཨ༡༽ ངོ་༎ ༎,"Therein, bhikṣus! Where there live four monks, this set of saṃgha deserves to do all kinds of legal actions;  except for the invitation (pravāraṇa), it is for a collegium of the five. The upasaṃpadā is for a collegium of the ten, and the āvarhaṇa is for a collegium of the twenty.  Where there live five monks, this set of saṃgha deserves to do all kinds of legal actions; except for the upasaṃpadā, it is for a collegium of the ten, whereas  the āvarhaṇa is for a collegium of the twenty.  Where there live ten monks, this set of saṃgha deserves to do all kinds of legal actions; except for the āvarhaṇa, it is for a collegium of the twenty.  Where there live twenty monks or more, this set of saṃgha deserves to do all kinds of legal actions."
afe56366bb264c40bbe253dfcdd8bebd,§13 uddānam* ||caturvargakaraṇīyaṃ pudgalāḥ tulikākṛtāḥ 6 |na pārivāsika(5)caturthena karmacatuṣṭayaṃ smṛtam* ||  ||,སྡོམ་ལ་།བཞི་ཡི་ཚོགས་ཀྱི་བྱ་བ་ལ་༎ གང་ཟག་སོ་སོས་བྱེད་པ་དང་༎སྤོ་བ་དག་དང་བཞི་ཡིས་ནི་༎ ༼H༢༠༣ཨ༦༽ ལས་བཞི་རྣམ་གཉིས་དྲན་པར་བྱ་༎,ContentsOne deficient person did an action that needs to be done by a collegium of the four. One should keep in mind that four sets of legal actions can’t be done by a monk who is temporarily excluded (pārivāsika) as the fourth person.
297e5dd5095646fa96dff388a08069ae,§14 caturvargakaraṇīyaṃ bhikṣavaḥ karma ūnāś catvāraẖ kurvanti |  adharmakarma ca tad avinayakarma ca |  na tat tathā karaṇīyaṃ | saṃghaś ca tena sātisāraḥ ||  caturvargakaraṇīyaṃ karma āgārikacaturthā‹ẖ› kurvanti |  adharmakarma (6) ca tad avinayakarma ca |  na ca tat tathā karaṇīyaṃ | saṃghaś ca tena sātisāraḥ ||  ||  evaṃ śrāmaṇerikaḥ śaṇḍhapaṇḍakaḥ bhikṣuṇīdūṣakaḥ mātṛghātakaḥ pitṛghātakaḥ arhadghātakaḥ saṃghabhedakaḥ tathāgatasyāntike duṣṭacittarudhirotpādakaḥ tīrthi(7)kaḥ tīrthikāvakrāntikaḥ steyāsaṃvāsikaḥ nānāsaṃvasiko ’saṃvāsikaḥ pārivāsikacaturthā‹ẖ› karma kurvaṃty | adharmakarma ca tad avinayakarma ca |  ‹na ca› tat tathā karaṇīyaṃ | saṃghaś ca tena sātisāraḥ ||,བཞིའི་ཚོགས་ཀྱི་བྱ་བ་དགེ་སློང་སོ་སོ་ནས་བྱེད་ན་། དེ་ནི་ཆོས་མ་ཡིན་པའི་ལས་དང་འདུལ་བ་མ་ཡིན་པའི་ལས་ཡིན ༼༢༽ ནོ་༎ དེ་ནི་དེ་ལྟ་བུར་མི ༼H༢༠༣ཨ༧༽ བྱ་སྟེ་། དེས་ནི་དགེ་འདུན་ཡང་འགལ་ཚབས་ཅན་དུ་འགྱུར་རོ་༎ བཞིའི་ཚོགས་ཀྱིས་བྱ་བ་བཞི་པ་ཁྱིམ་པ་དང་བྱེད་ན་། དེ་ནི་ཆོས་མ་ཡིན་པའི་ལས་དང་འདུལ་བ་མ་ཡིན ༼H༢༠༣བ༡༽ པའི་ལས་ཡིན་ནོ་༎ དེ་ནི་དེ་ལྟ་བུར་མི་བྱ་སྟེ་། དེས་ནི་དགེ་འདུན་ཡང་འགལ་ཚབས་ཅན་དུ ༼༣༽ འགྱུར་རོ་༎ དེ་བཞིན་དུ་བཞི་པ་དགེ་ཚུལ་དང་། ཟ་མ་དང་། མ་ནིང་དང་། དགེ་སློང་མ་སུན་ཕྱུང་བ ༼H༢༠༣བ༢༽ དང་། མ་གསོད་པ་དང་། ཕ་གསོད་པ་དང་། དགྲ་བཅོམ་པ་གསོད་པ་དང་། དགེ་འདུན་གྱི་དབྱེན་བྱེད་པ་དང་། དེ་བཞིན་གཤེགས་པ་ལ་ངན་སེམས་ཀྱིས་ཁྲག་འབྱིན་པ་དང་། མུ ༼༤༽ སྟེགས་ཅན ༼H༢༠༣བ༣༽ དང་། མུ་སྟེགས་ཅན་དུ་ཞུགས་པ་དང་། རྐུ་ཐབས་སུ་གནས་པ་དང་། ཐ་དད་དུ་གནས་པ་དང་། གནས་པར་མི་བྱ་བ་དང་། སྤོ་བ་དང་ལས་བྱེད་ན་དེ་ནི་ཆོས་མ་ཡིན་པའི་ལས་དང་འདུལ ༼H༢༠༣བ༤༽ བ་མ་ཡིན་པའི་ལས་ཡིན་ནོ་༎ དེ་ནི་དེ་ལྟ་བུར་མི་བྱ་སྟེ་། དེས་ནི་དགེ་འདུན་ཡང་འགལ་ཚབས ༼༥༽ ཅན་དུ་འགྱུར་རོ་༎,"The legal action which should be performed by a collegium of the four is achieved by less than four;  that action is illegal and not in accordance with the discipline.  They should not do it that way; and because of that, the saṃgha becomes guilty of sin.  If the fourth member of a collegium of the four is a householder,  the action is illegal and not in accordance with the discipline.  One should not do it that way; and because of that, the saṃgha becomes guilty of sin.  In the same way, if the fourth member, with abnormality acts; that action is illegal and not in accordance with the discipline. Those who are concerned with abnormality is as follows: a novice, a hermaphrodite as well as a weakling, one who hurts bhikṣuṇī, a matricide, a patricide, an arhaticide, one who causes schism, one whose mind is malignant towards tathāgata and ending in shedding his blood, a heretic, one who has gone over to being heretic, thief-like inhabitant, one who lives apart, one who is expelled from the saṃgha, or a monk who is temporarily excluded (pārivāsika).  They should not do it that way; and because of that, the saṃgha becomes guilty of sin."
18f67580da5049df91baa8715a2c9df1,§15 caturvargakaraṇīyaṃ karma pūrṇāś catvāro dharmeṇa kurvanti dharmaka(8)rma ca tad vinayakarma ca |  evaṃ ca tat karaṇīyaṃ | saṃghaś ca tena ‹na› sātisāraḥ || caturvargakaraṇīyaṃ karma nāgārikacaturthāḥ na śrāmaṇerakaḥ pūrvavad yāvan na pārivāsikacaturthāḥ kurvaṃti | dharmakarma ca tad vinayakarma ca |  evaṃ ca ‹‹ta››t karaṇīyaṃ | saṃghaś ca tena na sātisāraḥ |,བཞིའི་ཚོགས་ཀྱིས་བྱ་བ་བཞི་ཚང་བས་ཆོས་ཀྱི་ལས་བྱེད་ན་། དེ་ནི་ཆོས ༼H༢༠༣བ༥༽ ཀྱི་ལས་དང་འདུལ་བའི་ལས་ཡིན་ནོ་༎ དེ་ནི་དེ་ལྟ་བུར་བྱ་སྟེ་། དེས་ནི་དགེ་འདུན་ཡང་འགལ་ཚབས་ཅན་དུ་མི་འགྱུར་རོ་༎ བཞིའི་ཚོགས་ཀྱིས་བྱ་བའི་ལས་བཞི་པ་ཁྱིམ་པ་མ་ཡིན་། ༼H༢༠༣བ༦༽ དགེ་ཚུལ་མ ༼༦༽ ཡིན་ཞེས་བྱ་བ་ནས་བཞི་པ་གནས་པར་མི་བྱ་བ་མ་ཡིན་པ་དང་། སྤོ་བ་མ་ཡིན་པས་བྱེད་ན་ཞེས་བྱ་བའི་བར་གོང་མ་བཞིན་དུ་སྟེ་། དེ་ནི་ཆོས་ཀྱི་ལས་དང་འདུལ་བའི་ལས ༼H༢༠༣བ༧༽ ཡིན་ནོ་༎,"The legal action performed by a full collegium of four is legal and in accordance with the discipline.  One should do it this way; and because of that, the saṃgha is not guilty of sin.  If the fourth member of a collegium of the four is not a householder, not a novice, and so mentioned earlier … until a pārivāsika … acts; that action is legal and in accordance with the discipline."
2f8fe7d233224fe4969f019462982ecc,§16 paṃcavargaka(9)raṇīyaṃ karma ūnā‹ḫ› paṃca‹ẖ› kurvaṃty | adharmakarma ca tad avinayakarma ca |  na tathā karaṇīyaṃ | saṃghaś ca tena sātisāraḥ ||  paṃcavargakaraṇīyaṃ karmāgārikapaṃcamā‹ḫ› pūrvavad yāvat pārivāsikapaṃcamāẖ kurvanti • adharmakarma ca tad avinayakarma ca |  na ca tat tathā karaṇīyaṃ | saṃghaś ca te(10)na sātisāraḥ ||,དེ་ནི་དེ་ལྟ་བུར་བྱ་སྟེ་། དེས་ནི་དགེ་འདུན་ཡང་འགལ་ཚབས་ཅན་དུ་མི་འགྱུར་རོ་༎ ལྔའི་ཚོགས་ཀྱིས་བྱ་བ ༼༧༽ ལྔར་མ་ཚང་བས་ལས་བྱེད་ན་དེ་ནི་ཆོས་མ་ཡིན་པའི་ལས ༼H༢༠༤ཨ༡༽ དང་འདུལ་བ་མ་ཡིན་པའི་ལས་ཡིན་ནོ་༎ དེ་ནི་དེ་ལྟ་བུར་མི་བྱ་སྟེ་། དེས་ནི་དགེ་འདུན་ཡང་འགལ་ཚབས་ཅན་དུ་འགྱུར་རོ་༎ ལྔའི་ཚོགས་ཀྱིས་བྱ་བའི་ལས ༼H༢༠༤ཨ༢༽ ལྔ་པ་ཁྱིམ་པ་དང་ཞེས་བྱ་བ་ནས་ལྔ་པ་སྤོ་བས་བྱེད་ན་ཞེས་བྱ་བའི་བར་གོང་མ ༼༡༣༧བ༡༽ བཞིན་དུ་སྟེ་། དེ་ནི་ཆོས་མ་ཡིན་པའི་ལས་དང་། འདུལ་བ་མ་ཡིན་པའི་ལས་ཡིན་ནོ་༎,"They should do it this way; and because of that, the saṃgha is not guilty of sin.  The legal action which should be performed by a collegium of the five is achieved by less than five; that action is illegal and not in accordance with the discipline.  One should not do it that way; and because of that, the saṃgha becomes guilty of sin.  If the fifth member of a collegium of the five is a householder, a novice, and so mentioned earlier … until a monk a pārivāsika … acts; that action is illegal and not in accordance with the discipline."
1722f98aefa5428f9708e8f75d10aa0d,§17 paṃcavargakaraṇīyaṃ karma pūrṇā‹ḫ› paṃcavargeṇa kurvaṃti | dharmakarma ca tad vinayakarma ca |  eva‹ṃ› tat karaṇīyaṃ | saṃghaś ca tena ‹na› sātisāraḥ ||  paṃcavargakaraṇīyaṃ karma nāgārikapaṃcamā na śrāmaṇeraka‹ḫ› pūrvavad yāvan na pārivāsikapaṃcamāḥ dharmeṇa kurvanti |  (287a1) dharmakarma ca tad vinayakarma ca |  evaṃ ca taṣ 7 ka‹ra›ṇīyaṃ | saṃghaś ca tena na sātisāraḥ ||,དེ་ནི་དེ་ལྟ་བུར་མི་བྱ་སྟེ་། ༼H༢༠༤ཨ༣༽ དེས་ནི་དགེ་འདུན་ཡང་གལ་ཚབས་ཅན་དུ་འགྱུར་རོ་༎ ལྔའི་ཚོགས་ཀྱིས་བྱ་བའི་ལས་ལྔར་ཚང་བར་བྱེད་ན་དེ་ནི་ཆོས་ཀྱི་ལས་དང་། འདུལ་བའི་ལས་ནི་ཡིན་ནོ་༎ དེ་ནི་དེ ༼༢༽ ལྟ ༼H༢༠༤ཨ༤༽ བུར་བྱ་སྟེ་། དེས་ན་དགེ་འདུན་ཡང་འགལ་ཙ‹ཧ›ཨབས་ཅན་དུ་མི་འགྱུར་རོ་༎ ལྔའི་ཚོགས་ཀྱིས་བྱ་བའི་ལས་ལྔ་པ་ཁྱིམ་པ་མ་ཡིན་པ་དང་། དགེ་ཚུལ་མ་ཡིན་པ་དང་ཞེས་བྱ་བ་ནས་། ལྔ་པ་སྤོ་བ་མ ༼H༢༠༤ཨ༥༽ ཡིན་པས་བྱེད་ན་ཞེས་བྱ་བའི་བར་གོང་མ་བཞིན་དུ་སྟེ་། ཆོས་ཀྱིས་བྱེད་ན་དེ་ནི་ཆོས་ཀྱི་ལས ༼༣༽ དང་འདུལ་བའི་ལས་ཡིན་ནོ་༎,"They should not do it that way; and because of that, the saṃgha becomes guilty of sin.  The legal action performed by a full collegium of five is legal and in accordance with the discipline.  A saṃgha should do it this way; and because of that, the saṃgha is not guilty of sin.  If the fifth member of a collegium of the five is not a householder, not a novice, and so mentioned earlier … until a pārivāsika … acts;  that action is legal and in accordance with the discipline."
f51836e344814561832424bfe61ff664,§18 daśavargakaraṇīyaṃ karma ‹ū›ṇā daśavargeṇa kurvanti | adharmakarma ca tad avinayakarma ca |  na ca tat tathā karaṇīyaṃ | saṃghaś ca tena sātisāraḥ ||  daśavargakaraṇīyaṃ karma āgārikadaśamāḥ pūrvavad yāvat* (2) pārivāsikadaśamāḥ kurvanti |  adharmakarma ca tad avinayakarma ca |  na ca tat tathā karaṇīyaṃ | saṃghaś ca tena sātisāraḥ ||,དེ་ནི་དེ་ལྟ་བུར་བྱ་སྟེ་། དེས་ན་དགེ་འདུན་ཡང ༼H༢༠༤ཨ༦༽ འགལ་ཚབས་ཅན་དུ་མི་འགྱུར་རོ་༎ བཅུའི་ཚོགས་ཀྱིས་བྱ་བའི་ལས་བཅུར་མ་ཚང་བས་བྱེད་ན་དེ་ནི་ཆོས་མ་ཡིན་པའི་ལས་དང་འདུལ་བ་མ་ཡིན་པའི་ལས་ཡིན་ཏེ་། དེ་ནི ༼H༢༠༤ཨ༧༽ དེ་ལྟ་བུར་མི་བྱ་སྟེ་། དེས་ནི་དགེ་འདུན ༼༤༽ ཡང་འགལ་ཚབས་ཅན་དུ་འགྱུར་རོ་༎ བཅུའི་ཚོགས་ཀྱིས་བྱ་བའི་ལས་བཅུ་པ་ཁྱིམ་པ་དང་ཞེས་བྱ་པ་ནས་། བཅུ་པ་སྤོ་བས་བྱེད་ན་ཞེས་བྱ་བའི་བར ༼H༢༠༤བ༡༽ གོང་མ་བཞིན་དུ་སྟེ་། དེ་ནི་ཆོས་མ་ཡིན་པའི་ལས་དང་འདུལ་བ་མ་ཡིན་པའི་ལས་ཡིན་ནོ་༎,"They should do it this way; and because of that, the saṃgha is not guilty of sin.  The legal action which should be performed by a collegium of the ten is achieved by less than ten; that action is illegal and not in accordance with the discipline.  A saṃgha should not do it that way; and because of that, the saṃgha becomes guilty of sin.  If the tenth member of a collegium of the ten is a householder, a novice, and so mentioned earlier … until a pārivāsika … acts;  that action is illegal and not in accordance with the discipline."
94f78d6e281b4f49a1fa32decb72b8f8,§19 daśavargakaraṇīyaṃ karma pūrṇā daśavargeṇa kurvanti | dharmakarma ca tad vinayakarma ca |  evaṃ ca tat karma karaṇīyaṃ | saṃghaś ca tena na sātisāraḥ ||  daśavargakara(3)ṇīyaṃ karma nāgārikadaśamā‹ḫ› pūrvavad yāvan na pārivāsikadaśamā dharmeṇa kurvanti |  dharmakarma ca tad vinayakarma ca |  evaṃ ca karaṇīyaṃ | saṃghaś ca tena ‹na› sātisāraḥ ||,དེ་ནི་དེ་ལྟ་བུར་མི་བྱ་སྟེ་། དེས་ནི་དགེ་འདུན་ཡང ༼༥༽ འགལ་ཚབས་ཅན་དུ་འགྱུར་རོ་༎ བཅུའི ༼H༢༠༤བ༢༽ ཚོགས་ཀྱིས་བྱ་བའི་ལས་ཚོགས་བཅུར་ཚང་བས་ལས་བྱེད་ན་དེ་ནི་ཆོས་ཀྱི་ལས་དང་འདུལ་བའི་ལས་ཡིན་ནོ་༎ དེ་ནི་དེ་ལྟ་བུར་བྱ་སྟེ་། དེས་ན་དགེ་འདུན་ཡང་འགལ་ཚབས་ཅན་དུ ༼H༢༠༤བ༣༽ མི་འགྱུར་རོ་༎ བཅུའི་ཚོགས་ཀྱིས་བྱ་བའི་ལས་བཅུ་པ་ཁྱིམ་པ་མ་ཡིན་པ ༼༦༽ དང་ཞེས་བྱ་བ་ནས་བཅུ་པ་སྤོ་བ་མ་ཡིན་པས་ཆོས་ཀྱི་ལས་བྱེད་ན་ཞེས་བྱ་བའི་བར་གོང་མ་བཞིན་དུ་སྟེ་། དེ་ནི་ཆོས་ཀྱི ༼H༢༠༤བ༤༽ ལས་དང་འདུལ་བའི་ལས་ཡིན་ནོ་༎,"They should not do it that way; and because of that, the saṃgha becomes guilty of sin.  The legal action performed by a full collegium of the ten is legal and in accordance with the discipline.  A saṃgha should do it this way; and because of that, the saṃgha is not guilty of sin.  If the tenth member of a collegium of the ten is not a householder, not a novice, and so mentioned earlier … until a pārivāsika … acts;  that action is legal and in accordance with the discipline."
717fd6a32208470b83357ce4fbebabc7,§20 viṃśativargakaraṇīyaṃ karma ūnā viṃśati‹ẖ› kurvanti | adharmakarma ca tad avinayakarma ca |  ‹na ca tat tathā karaṇīyaṃ |› saṃghaś ca tena sātisā(4)raḥ ||  viṃśativargakaraṇīyaṃ karma āgārikaviṃśatimāḥ śrāmaṇerakaḥ pūrvavat parivāsikaviṃśatimāḥ kurvanty | adharmakarma ca tad avinayakarma ca |  na ca tat tathā karaṇīyaṃ | saṃghaś ca tena sātisāraḥ ||,དེ་ནི་དེ་ལྟར་བྱ་སྟེ་། དེས་ན་དགེ་འདུན་ཡང་འགལ་ཚབས་ཅན་དུ་མི་འགྱུར་རོ་༎ ཉི་ཤུའི་ཚོགས་ཀྱིས་བྱ་བའི་ལས་ཉི་ཤུར་མ་ཚང་བས་བྱེད་ན ༼༧༽ ༼H༢༠༤བ༥༽ དེ་ནི་ཆོས་མ་ཡིན་པ་དང་། འདུལ་བ་མ་ཡིན་པའི་ལས་ཡིན་ནོ་༎ དེ་ནི་དེ་ལྟ་བུར་མི་བྱ་སྟེ་། དེས་ནི་དགེ་འདུན་ཡང་འགལ་ཚབས་ཅན་དུ་འགྱུར་རོ་༎ ཉི་ཤུའི་ཚོགས་ཀྱིས་བྱ་བའི ༼H༢༠༤བ༦༽ ལས་ཉི་ཤུ་པ་ཁྱིམ་པ་དང་དགེ་ཚུལ་དང་ཞེས་བྱ་བ་ནས་༎ ཉི་ཤུ་པ་སྤོ་བས་བྱེད་ན་ཞེས་བྱ་བའི་བར་གོང་མ་བཞིན ༼༡༣༨ཨ༡༽ དུ་སྟེ་། དེ་ནི་ཆོས་མ་ཡིན་པའི་ལས་དང་འདུལ་བ་མ་ཡིན་པའི་ལས་ཡིན ༼H༢༠༤བ༧༽ ནོ་༎,"They should do it this way; and because of that, the saṃgha is not guilty of sin.  The legal action which should be performed by a collegium of the twenty is achieved by less than twenty; that action is illegal and not in accordance with the discipline.  A saṃgha should not do it that way; and because of that, the saṃgha becomes guilty of sin.  If the twentieth member of a collegium of the twenty is a householder, a novice, and so mentioned earlier … until a pārivāsika … acts; that action is illegal and not in accordance with the discipline."
cd6d092cefea4b4c9221267179022981,§21 viṃśativargakaraṇīyaṃ karma pūrṇā viṃśatidharme(5)ṇa kurvanti | dharmakarma ca tad vinayakarma ca |  evaṃ ca tat karaṇīyaṃ | saṃghaś ca  tena na sātisāraḥ ||  viṃśativargakaraṇīyaṃ karma nāgārikaviṃśatimāḥ na śrāmaṇeraka‹ḫ› pūrvavad yāvan na pārivāsikaviṃśatimāḥ dharmeṇa kurvanti |  dharmakarma tad vinayakarma ca |  evaṃ (6) ca tat karaṇīyaṃ | saṃghaś ca tena na sātisāraḥ ||  ||,དེ་ནི་དེ་ལྟ་བུར་མི་བྱ་སྟེ་། དེ་ནི་དགེ་འདུན་ཡང་འགལ་ཚབས་ཅན་དུ་འགྱུར་རོ་༎ ཉི་ཤུའི་ཚོགས་ཀྱིས་བྱ་བ་ཉི་ཤུར་ཚང་བས་ཆོས་ཀྱི་ལས་བྱེད་ན་། དེ་ནི་ཆོས་ཀྱི་ལས་དང ༼H༢༠༥ཨ༡༽ འདུལ་བའི་ལས་ཡིན ༼༢༽ ནོ་༎ དེ་ནི་དེ་ལྟ་བུར་བྱ་སྟེ་༎ དེས་ན་དགེ་འདུན་ཡང་འགལ་ཚབས་ཅན་དུ་མི་འགྱུར་རོ་༎ ཉི་ཤུའི་ཚོགས་ཀྱིས་བྱ་བའི་ལས་ཉི་ཤུ་པ་ཁྱིམ་པ་མ་ཡིན ༼H༢༠༥ཨ༢༽ པ་དང་དགེ་ཚུལ་མ་ཡིན་པ་དང་ཞེས་བྱ་བ་ནས་། ཉི་ཤུ་པ་སྤོ་བ་མ་ཡིན་པས་ཆོས་ཀྱི་ལས་བྱེད་ན་ཞེས་བྱ་བའི་བར་གོང་མ་བཞིན་དུ་སྟེ་། དེ་ནི ༼༣༽ ཆོས་ཀྱི་ལས་དང་འདུལ་བའི་ལས་ཡིན་ནོ་༎,"They should not do it that way; and because of that, the saṃgha becomes guilty of sin.  The legal action performed by a full collegium of the twenty is legal and in accordance with the discipline.  A saṃgha should do it this way; and because of that, the saṃgha is not guilty of sin.  If the twentieth member of a collegium of the twenty is not a householder, not a novice, and so mentioned earlier … until a pārivāsika … acts;  that action is legal and in accordance with the discipline."
252947904b7c4389b5982f0527f93780,§22 uddānam* |dharmādharmeṇa yat karma yac ca jñaptitayā 8 kṛtam* |saṃmukhaṃ ca pratijñā ca cakrapeyāla saṃkalāt* ||  ||,དེ་ནི ༼H༢༠༥ཨ༣༽ དེ་ལྟ་བུར་བྱ་སྟེ་། དེས་ན་དགེ་འདུན་ཡང་འགལ་ཚབས་ཅན་དུ་མི་འགྱུར་རོ་༎ ༎,"They should do it this way; and because of that, the saṃgha is not guilty of sin."
98cbaead1ceb47f1a1855a3886db06d1,§23 adharmakarma | dharmakarma |  adharma‹karma› katamat* |  aprāpte utsāraṇe aprāptam utsārayanti | yathāsyo(7)tsāryamāṇasya anuśrāvaṇaṃ bhavati || na tathā utsārayaṃty | adharmakarma┇||  dharmakarma katama‹t*›┇  prāpte utsāraṇe prāptam utsārayanti | yathā‹s›yotsāryamāṇasyānuśrāvaṇaṃ bhavati • tathā utsārayaṃti | dharmakarma |,སྡོམ་ལ་།ཆོས་དང་ཆོས་མིན་ལས་གང་དང་༎ གསོལ་བ་གང་ཡིན་དེས་བྱས་དང་༎མངོན་སུམ་དང་ནི་ཁས ༼H༢༠༥ཨ༤༽ བླངས་དང་༎ འཁོར་ལོ་ལྟ་བུར་བསྒྲེ་བས་འབྲེལ་།  ༼༤༽ ཆོས་མ་ཡིན་པའི་ལས་དང་ཆོས་ཀྱི་ལས་ཏེ་། ཆོས་མ་ཡིན་པའི་ལས་གང་ཞེ་ན་། མི་འོས་པ་ལ་བསླང་བ་ལ་མ་ཐུག་པར་སློང་ཞིང ༼H༢༠༥ཨ༥༽ བསླང་བར་བྱ་བ་ལ་ཇི་ལྟར་རྗེས་སུ་བསྒྲགས་པ་ཡིན་པ་དེ་བཞིན་དུ་མི་སློང་བ་ནི་ཆོས་མ་ཡིན་པའི་ལས་སོ་༎ ,"ContentsThe action performed based on legal principle and illegal principle; the action performed through a motion (jñapti), the action performed in his (the accused’s) presence, and also by means of his acknowledgement, and so forth. that is to say, from the sequential cycle of listed process  There is an illegal performance. There is a legal action.  What is an illegal performance?  When the cause to expel has not yet arisen, they discharge him from that unarisen cause. There must be proclamation (anuśrāvaṇa) in the precinct of the saṃgha for him who is in the legal action of being expelled. If they discharge him without proclamation, this action is illegal.  What is a legal action?"
e79c044efec84612a36459038184bff4,§24 aprāpte osāraṇe aprāpte 9 osārayanti | yathāsya osāryamāṇasyā(8)nuśrāvaṇaṃ bhavati | na tathā osārayanty | adharmakarma |  prāpte osāraṇe prāptam osārayanti | yathāsya osāryamāṇasyānuśrāvaṇaṃ bhavati | tathānuśrāvayanti | dharmakarma ||,འོས་པ་ལ་བསླང་བ་ལ་ཐུགས་པའི་ཚེ་སློང་ཞིང་བསླང ༼༥༽ བར་བྱ་བ་ལ་ཇི་ལྟར་བསྒྲགས་པ ༼H༢༠༥ཨ༦༽ ཡིན་པ་དེ་བཞིན་དུ་སློང་བ་ནི་ཆོས་ཀྱི་ལས་སོ་༎ མི་འོས་པ་བསླང་བ་ལ་མ་ཐུག་པར་སློང་ཞིང་བསླང་བར་བྱ་བ་ལ་ཇི་ལྟར་བསྒྲགས་པ་ཡིན་པ་དེ་བཞིན་དུ་མི་སློང་བ་ནི་ཆོས་མ་ཡིན་པའི་ལས ༼H༢༠༥ཨ༧༽ སོ་༎,"When the cause to expel has arisen, they discharge him from the arisen cause. There must be proclamation in the precinct of the saṃgha for him who is in the legal action of being expelled. If they discharge him in accordance with that proclamation, this action is legal.  When the cause of one being admitted to the saṃgha has not yet arisen, they accept him from that unarisen cause. There must be proclamation in the precinct of the saṃgha for him who is in the legal action of being admitted. If they accept him without proclamation, this action is illegal."
fd59619dc25e4347b2cdbb9f4d2dc931,§25 jñaptikarma jñaptim akṛtvā kurvanti | adharmakarma |  jñaptikarma jñaptiṃ kṛtvā kurvanti | dharmakarma ||  jñaptidvi(9)tīyaṃ karma | jñaptim akṛtvā ekaṃ vāram anuśrāvayaṃty | adharmakarma |  jñaptidvitīyaṃ karma | jñaptiṃ kṛtvā ekaṃ vāram anuśrāvayanti | dharmakarma ||  jñapticaturthaṃ karma | jñaptim akṛtvā trīn vāram anuśrāvayanty | adharmakarma ||  jñapticaturthaṃ karma | jñaptiṃ kṛtvā trīn vārā‹n a›nuśrāvaya‹n›ti || dharmakarma ||  (10) anyena karmaṇā jñaptiṃ kṛtvā niṣṭhāpayaṃty | adharmakarma ||  tenaiva karmaṇā jñaptiṃ kṛtvā niṣṭhāpayanti | dharmakarma ||,འོས་པ་ལ་བསླང་བ་ལ་ཐུག་པའི་ཚེ་སློང་ཞིང་བསླང་བར ༼༦༽ བྱ་བ་ལ་ཇི་ལྟར་རྗེས་སུ་བསྒྲགས་པ་ཡིན་པ་དེ་བཞིན་དུ་བསླང་བ་ནི་ཆོས་ཀྱི་ལས་སོ་༎ གསོལ་བ་མ་བྱས་པར་བྱེད་པ་ནི ༼H༢༠༥བ༡༽ ཆོས་མ་ཡིན་པའི་ལས་སོ་༎ གསོལ་བ་བྱས་ནས་བྱེད་པ་ནི་ཆོས་ཀྱི་ལས་སོ་༎ གསོལ་བ་དང་གཉིས་ཀྱི་ལས་ལ་གསོལ་བ་མ་བྱས་པར་ལན་གཅིག་རྗེས་སུ་སྒྲོགས་པར ༼༧༽ བྱེད་པ་ནི་ཆོས་མ་ཡིན་པའི་ལས ༼H༢༠༥བ༢༽ སོ་༎ གསོལ་བ་དང་གཉིས་ཀྱི་ལས་ལ་གསོལ་བ་བྱས་ནས་ལན་གཅིག་རྗེས་སུ་སྒྲོགས་པར་བྱེད་པ་ནི་ཆོས་ཀྱི་ལས་སོ་༎ གསོལ་བ་དང་བཞིའི་ལས་ལ་གསོལ་བ་མ་བྱས་པར་ལན་གསུམ་དུ་རྗེས་སུ ༼H༢༠༥བ༣༽ སྒྲོགས་པར་བྱེད་པ་ནི་ཆོས་མ་ཡིན་པའི་ལས་སོ་༎ གསོལ ༼༡༣༨བ༡༽ བ་དང་བཞིའི་ལས་ལ་གསོལ་བ་བྱས་ནས་ལན་གསུམ་དུ་རྗེས་སུ་སྒྲོགས་པར་བྱེད་པ་ནི་ཆོས་ཀྱི་ལས་སོ་༎ ལས་གཞན་གྱིས་གསོལ་བ་བྱས ༼H༢༠༥བ༤༽ ལ་ལས་གཞན་གྱིས་རྫོགས་པར་བྱེད་པ་ནི་ཆོས་མ་ཡིན་པའི་ལས་སོ་༎,"When the cause of one being admitted to the saṃgha has arisen, they accept him from that arisen cause. There must be proclamation in the precinct of the saṃgha for him who is in the legal action of being admitted. If they accept him to the saṃgha in accordance with that proclamation, this action is legal.  The monks perform the legal action, i.e., jñaptikarman; without having made a motion; this action is illegal.  The monks perform the legal action, i.e., jñaptikarman; having made a motion; this action is legal.  The monks perform the legal action, i.e., jñaptidvitīyakarman; having not made a motion, they proclaim once; this action is illegal.  The monks perform the legal action, i.e., jñaptidvitīyakarman; having made a motion, they proclaim once; this action is legal.  The monks perform the legal action, i.e., jñapticaturthakarman; having not made a motion, they proclaim three times; this action is illegal.  The monks perform the legal action, i.e., jñapticaturthakarman; having made a motion, they proclaim three times; this action is legal.  The monks made a motion but they conclude that object of motion because of another action; this action is illegal."
50cf7f4c7fd249bcb1f26362142b7266,§26 saṃmukhakaraṇīyaṃ karma asaṃmukhībhūtasya kurvanty | adharmakarma |  saṃmukhakaraṇīyaṃ karma saṃmukhībhūtasya kurvanti | dharmakarma |,ལས་དེ་ཉིད་ཀྱིས་གསོལ་བ་བྱས་ནས་རྫོགས་པར་བྱེད་པ་ནི་ཆོས་ཀྱི་ལས་སོ་༎ མངོན ༼༢༽ སུམ་དུ་བྱ་བའི་ལས་མངོན་སུམ་པ་མ ༼H༢༠༥བ༥༽ ཡིན་པ་ལ་བྱེད་པ་ནི་ཆོས་མ་ཡིན་པའི་ལས་སོ་༎,"The monks made the motion and they conclude that object of motion due to that exact action; this action is legal.  The monks perform the legal action, i.e. saṃmukha, which should be done in his presence, but the legal action is done without him being present; this action is illegal."
c8b80ac29ff0442583ee734f875e751e,§27 pratijñākaraṇīyaṃ karma apratijñayā ku‹rvanti | adharmakarma |  pratijñākaraṇīyaṃ karma pratijñayā ku›rvanti (287b1) dharmakarma ||,མངོན་སུམ་དུ་བྱ་བའི་ལས་མངོན་སུམ་པ་ལ་བྱེད་པ་ནི་ཆོས་ཀྱི་ལས་སོ་༎ ཁས་བླང་བར་བྱ་བའི་ལས་ཁས་མི་ལེན་པར་བྱེད་པ་ནི་ཆོས་མ་ཡིན་པའི ༼H༢༠༥བ༦༽ ལས་སོ་༎,"The monks perform the legal action, i.e., saṃmukha, which should be done in his presence, and the legal action is done with him being present; this action is legal.  The monks perform the legal action, i.e., pratijñā, which should be done by means of acknowledgement, but they do it without acknowledgement; this action is illegal."
ca922e706c42480b9f222df5ec6ebabc,§28 saṃmukhavinayārhāya smṛtivinayaṃ dadāti | adharmaka‹rma› |  amūḍhavinayaṃ tatsvabhāvaiṣīyaṃ yadbhūyaiṣīyaṃ pratijñākārakaṃ tṛṇaprastārakaṃ tarjanīyaṃ nigarhaṇīyaṃ pravāsanīyaṃ pratisaṃharaṇīyam adarśanāyotkṣepaṇīyam 10 apratikarmā‹rhā›yotkṣepaṇīyam apra(2)tinisṛṣṭe pāpake dṛṣṭigate utkṣepaṇīyaṃ karma |  parivāsaṃ mūlaparivāsaṃ mūlāpakarṣaparivāsaṃ mānāpyaṃ mūlamānāpyaṃ mūlāpakarṣamānāpyaṃ āvarṣanti 11 | adharmakarma ||,ཁས་བླང་བར་བྱ་བའི་ལས་ཁས་ལེན ༼༣༽ པར་བྱེད་པ་ནི་ཆོས་ཀྱི་ལས་སོ་༎ མངོན་སུམ་གྱིས་འདུལ་བར་འོས་པ་ལ་དྲན་པས་འདུལ་བ་སྦྱིན་པ་ནི་ཆོས་མ་ཡིན་པའི་ལས་སོ་༎ མ་མྱོས ༼H༢༠༥བ༧༽ པས་འདུལ་བ་དང་། དེའི་ངོ་བོ་ཉིད་ཚོལ་དུ་གཞུག་པ་དང་། གང་ཚུལ་ཤིང་མང་པོ་བྲིམ་པ་དང་། ཁས་བླང་བར་འོས་པ་དང་། རྩྭ་བཀྲམ་པ་ལྟ་བུ ༼༤༽ དང་། བསྡིགས་པ་དང་། སྨད་པ་དང་། ༼H༢༠༦ཨ༡༽ བསྐྲད་པ་དང་། སྤང་བ་དང་། མ་མཐོང་བས་གནས་ནས་དབྱུང་བ་དང་། ཕྱིར་མི་བྱེད་པས་གནས་ནས་དབྱུང་བ་དང་། སྡིག་པའི་ལྟ་བར་སོང་བ་མ་སྤངས་པས་གནས ༼H༢༠༦ཨ༢༽ ནས་དབྱུང་བའི་ལས་དང་།,"The monks perform the legal action, i.e., pratijñā, which should be done by means of acknowledgement, and they do it with acknowledgement; this action is legal.  The saṃgha grants smṛtivinaya to the monk who is subject to saṃmukhavinaya; this action is illegal.  This includes granting smṛtivinaya to the monk who is subject to amūḍhavinaya, tatsvabhāvaiṣīya, yadbhūyaiṣīya, pratijñākāraka, tṛṇaprastāraka, tarjanīya, nigarhaṇīya, pravāsanīya, pratisaṃharaṇīya, utkṣepaṇīya caused by not recognising the offence, not mending the guilt, not counteracting the wrong view."
536ac037be034370818b07f28273aede,§29 saṃmukhavinayārhaṃ 12 tu saṃmukhavinayam eva dadāti na smṛtivinayaṃ na yāvad āvarhanti | (3) dharmakarma ||  smṛtivinayārhāya amūḍhavinayaṃ dadāti | ‹‹a››dharmakarma ||  evaṃ yadbhūyaiṣīyaṃ pūrvavad yāvad āvarhanti saṃmukavinayaṃ dadāti | adharmakarma |  smṛtivinayārhāya tu smṛtivinayam eva dadāti na tatsvabhāvaiṣīyaṃ na yāvat saṃmukhavinayaṃ | dharmakarma ||,སྤོ་བ་དང་། གཞི་ནས་སྤོ་བ་དང་། ཡང་གཞི་ནས་བསླང ༼༥༽ སྟེ་སྤོ་བ་དང་། མགུ་བར་བྱ་བ་དང་། གཞི་ནས་མགུ་བར་བྱ་བ་དང་། ཡང་གཞི་ནས་བསླང་སྟེ་མགུ་བར་བྱ ༼H༢༠༦ཨ༣༽ བ་དང་འབྱིན་པར་བྱེད་པ་ནི་ཆོས་མ་ཡིན་པའི་ལས་སོ་༎ མངོན་སུམ་གྱིས་འདུལ་བར་འོས་པ་ལ་མངོན་སུམ་གྱིས་འདུལ་བ་ཉིད་སྦྱིན་གྱི་དྲན་པས་འདུལ་བ་མ་ཡིན་པ་དང་ཞེས་བྱ་བ་ནས་། ༼༦༽ འབྱིན ༼H༢༠༦ཨ༤༽ པར་བྱེད་པ་མ་ཡིན་པ་ཞེས་བྱ་བའི་བར་དུ་ཆོས་ཀྱི་ལས་སོ་༎ དྲན་པས་འདུལ་བར་འོས་པ་ལ་མ་མྱོས་པས་འདུལ་བ་སྦྱིན་པ་ནི་ཆོས་མ་ཡིན་པའི་ལས་སོ་༎ དེའི་ངོ་བོ་ཉིད་ཚོལ་དུ་གཞུག་པ་དང་ཞེས ༼H༢༠༦ཨ༥༽ བྱ་བ་ནས་འབྱིན་པར་བྱེད་པ་ཞེས་བྱ་བའི་བར་གོང་མ་བཞིན་དུ་སྟེ་། མངོན་སུམ་གྱིས ༼༧༽ འདུལ་བ་སྦྱིན་པ་ནི་ཆོས་མ་ཡིན་པའི་ལས་སོ་༎,"The monks free an offender from parivāsa, mūlaparivāsa, mūlāpakarṣaparivāsa, mānāpya, mūlamānāpya, mūlāpakarṣamānāpya; this action is illegal.  If the saṃgha grants the exact saṃmukhavinaya to the monk who is subject to saṃmukhavinaya; and not granting smṛtivinaya and so on, according to the list mentioned before; this action is legal.  The saṃgha grants amūḍhavinaya to the monk who is subject to smṛtivinaya; this action is illegal.  In this way, the saṃgha grants saṃmukhavinaya for yadbhūyaiṣīya etc.; this action is illegal."
e7de53377b6d4aafb04891634f493b05,§30 amūḍhavi(4)nayārhāya tatsvabhāvaiṣīyaṃ dadāti | adharmaka‹rma› ||  evaṃ yadbhūyaiṣīyaṃ yāvat saṃmukhavinayaṃ smṛtivinayaṃ dadāti | adharmakarma ||  ‹a›mūḍhavinayārhāya tu amūḍhavinayam eva dadāti tatsvabhāvaiṣīyaṃ na yāvat saṃmukhavinayaṃ smṛtivinayaṃ | dharmakarma |,དྲན་པས་འདུལ་བར་འོས་པ་ལ་དྲན་པས་འདུལ་བ ༼H༢༠༦ཨ༦༽ ཉིད་སྦྱིན་གྱི་མ་མྱོས་པས་འདུལ་བ་མ་ཡིན་། དེའི་ངོ་བོ་ཉིད་ཚོལ་དུ་གཞུག་པ་མ་ཡིན་ཞེས་བྱ་བ་ནས་། མངོན་སུམ་གྱིས་འདུལ་བ་མ་ཡིན་པ་ཞེས་བྱ་བའི་བར་ནི་ཆོས་ཀྱི་ལས་སོ་༎ མ་མྱོས་པས ༼༡༣༩ཨ༡༽ ༼H༢༠༦ཨ༧༽ འདུལ་བར་འོས་པ་ལ་དེའི་ངོ་བོ་ཉིད་ཚོལ་དུ་གཞུག་པ་སྦྱིན་པ་ནི་ཆོས་མ་ཡིན་པའི་ལས་སོ་༎ དེ་བཞིན་དུ་གང་ཚུལ་ཤིང་མང་པོ་སྦྱིན་པ་ཞེས་བྱ་བ་ནས་། མངོན་སུམ་གྱིས་འདུལ་བ་དང་དྲན ༼H༢༠༦བ༡༽ པས་འདུལ་བའི་བར་སྦྱིན་པ་ནི་ཆོས་མ་ཡིན་པའི་ལས་སོ་༎,"If the saṃgha grants the exact smṛtivinaya to the monk who is subject to smṛtivinaya and does not grant tatsvabhāvaiṣīya, saṃmukhavinaya and so forth; this action is legal.  The saṃgha grants tatsvabhāvaiṣīya to the monk who is subject to amūḍhavinaya; this action is illegal.  In this way, the saṃgha grants smṛtivinaya, saṃmukhavinaya, yadbhūyaiṣīya and so on; this action is illegal."
beb087e56bcb4d798e9fc4c9dca9a4b4,§31 tatsvabhāvaiṣīyārhāya (5) yadbhūyaiṣīyaṃ dadāti | adharmakarma |  tarjanīyārhāya pūrvavad yāvad*  amūḍhavinayaṃ dadāti | adharmakarma |  tatsvabhāvaiṣīyārhāya tu tatsvabhāvaiṣīyam eva dadāti na yadbhūyaiṣīyaṃ na yāvad amūḍhavinayaṃ | dharmakarma ||,མ་མྱོས་པས་འདུལ་བར་འོས་པ་ལ་མ ༼༢༽ མྱོས་པས་འདུལ་བ་ཉིད་སྦྱིན་གྱི་དེའི་ངོ་བོ་ཉིད་ཙོལ་དུ་གཞུག་པ་མ་ཡིན་ཞེས་བྱ་བ་ནས་། དྲན་པས་འདུལ་བ ༼H༢༠༦བ༢༽ མ་ཡིན་ཞེས་བྱ་བའི་བར་ཆོས་ཀྱི་ལས་སོ་༎ དེའི་ངོ་བོ་ཉིད་ཚོལ་དུ་གཞུག་པར་འོས་པ་ལ་གང་ཚུལ་ཤིང་མང་པོ་སྦྱིན་པ་ནི་ཆོས་མ་ཡིན་པའི་ལས་སོ་༎ བསྡིགས་པ་ཞེས་བྱ་བ་ནས་མ་མྱོས ༼༣༽ པས་འདུལ ༼H༢༠༦བ༣༽ བ་སྦྱིན་པ་ནི་ཞེས་བྱ་བའི་བར་གོང་མ་བཞིན་དུ་སྟེ་། ཆོས་མ་ཡིན་པའི་ལས་སོ་༎,"If the saṃgha grants the exact amūḍhavinaya to the monk who is subject to amūḍhavinaya and does not grant smṛtivinaya, saṃmukhavinaya, tatsvabhāvaiṣīya and so forth; this action is legal.  The saṃgha grants yadbhūyaiṣīya to the monk who is subject to tatsvabhāvaiṣīya; this action is illegal.  The saṃgha grants amūḍhavinaya to the monk who is subject to tarjanīya and so on; this action is illegal."
0597d720aedc49eea81a63ef5d18b0e8,§32 yadbhūyaiṣīyārhāya tarjanī(6)yakarma kurvanti | adharmakarma |  nigarhaṇīyaṃ pūrvavad yāvat tatsvabhāvaiṣīyaṃ dadāti | adharmakarma ||  yadbhūyaiṣīyārhāya yadbhūyaiṣīyam eva dadāti na tarjanīya‹ṃ› na yāva‹t› tatsvabhāvaiṣīyaṃ | dharmakarma ||,དེའི་ངོ་བོ་ཉིད་ཚོལ་དུ་གཞུག་པར་འོས་པ་ལ་དེའི་ངོ་བོ་ཉིད་ཚོལ་དུ་གཞུག་པ་ཉིད་སྦྱིན་གྱི་གང་ཚོལ་དུ་གཞུག་པ་ཉིད ༼H༢༠༦བ༤༽ སྦྱིན་གྱི་གང་ཚུལ་ཤིང་མང་པོ་སྦྱིན་པ་མ་ཡིན་ཞེས་བྱ་བ་ནས་། མ་མྱོས་པས་འདུལ་བ་མ་ཡིན་པ་ཞེས་བྱ་བའི་བར་ནི ༼༤༽ ཆོས་ཀྱི་ལས་སོ་༎ གང་ཚུལ་ཤིང་མང་པོ་སྦྱིན་པར་འོས་པ་ལ་བསྡིགས་པའི་ལས་བྱེད་པ ༼H༢༠༦བ༥༽ ནི་ཆོས་མ་ཡིན་པའི་ལས་སོ་༎ སྨད་པ་ཞེས་བྱ་བ་ནས་དེའི་ངོ་བོ་ཉིད་ཚོལ་དུ་གཞུག་པ་ནི་ཞེས་བྱ་བའི་བར་གོང་མ་བཞིན་དུ་སྟེ་། ཆོས་མ་ཡིན་པའི་ལས་སོ་༎,"If the saṃgha grants the exact tatsvabhāvaiṣīya to the monk who is subject to tatsvabhāvaiṣīya and does not grant amūḍhavinaya, yadbhūyaiṣīya and so forth; this action is legal.  The monks invoke tarjanīyakarman to the monk who is subject to yadbhūyaiṣīya; this action is illegal.  The saṃgha grants tatsvabhāvaiṣīya for nigarhaṇīya and so on; this action is illegal."
c4527864922142e4b6f33c95fcf90b6e,§33 tarjanīyakarmārhāya nigarhaṇīyaṃ karma kurvanti pratisaṃha(7)raṇīyaṃ pūrvavad yāvad yadbhūyaiṣīyaṃ dadāti | adharmakarma ||  tarjanīyakarmārhāya tu tarjanīyam eva karma kurvanti na pariśiṣṭānīti || anayā vartanyā cakrapeyālaḥ pūrvavad yāvad dharmakarma ||,གང་ཚུལ་ཤིང་མང་པོ་ཉིད ༼H༢༠༦བ༦༽ སྦྱིན་བར་འོས་པ ༼༥༽ ལ་གང་ཚུལ་ཤིང་མང་པོ་ཉིད་སྦྱིན་གྱི་བསྡིགས་པ་མ་ཡིན་ཞེས་བྱ་བ་ནས་། དེའི་ངོ་བོ་ཉིད་ཚོལ་དུ་གཞུག་པ་མ་ཡིན་ཞེས་བྱ་བའི་བར་ནི་ཆོས་ཀྱི་ལས་སོ་༎ བསྡིགས་པར་འོས ༼H༢༠༦བ༧༽ པའི་ལས་ལ་སྨད་པའི་ལས་བྱེད་པ་དང་སྤང་བའི་ལས་དང་ཞེས་བྱ་བ་ནས་། གང་ཚུལ་ཤིང་མང་པོ་སྦྱིན་པར་བྱེད་པ་ནི ༼༦༽ ཞེས་བྱ་བའི་བར་གོང་མ་བཞིན་དུ་སྟེ་། ཆོས་མ་ཡིན་པའི་ལས་སོ་༎,"If the saṃgha grants the exact yadbhūyaiṣīya to the monk who is subject to yadbhūyaiṣīya and does not grant tatsvabhāvaiṣīya, tarjanīya and so forth; this action is legal.  The monks invoke nigarhaṇīyakarman to the monk who is subject to the action of tarjanīya; and also if the saṃgha grants yadbhūyaiṣīya, pratisaṃharaṇīya and so on; this action is illegal."
fc879fb98c984eddae4d330432eee1af,§34 nigarhaṇīyārhāya pratisaṃharaṇīyaṃ karma kurvanti | adharmakarma pūrvavat* |  (8) nigarhaṇīyakarmārhāya tu nigarhaṇīyakarma eva kurvanti | dharmakamūm 13  pūrvavat* |,༼H༢༠༧ཨ༡༽ བསྡིགས་པར་འོས་པའི་ལས་ལ་བསྡིགས་པ་ཉིད་ཀྱི་ལས་བྱེད་ཀྱི་ལྷག་མ་གཞན་མ་ཡིན་པ་སྟེ་། བསྒྲེ་བ་འདིས་འཁོར་ལོ་བཞིན་དུ་བསྒྲེ་བ་ནི་ཆོས་ཀྱི་ལས་སོ་༎ སྨད ༼H༢༠༧ཨ༢༽ པར་འོས་པའི་ལས་ལ་སྤང་བའི་ལས་བྱེད་པ་ནི་ཆོས་མ ༼༧༽ ཡིན་པའི་ལས་སོ་ཞེས་བྱ་བ་གོང་མ་བཞིན་ནོ་༎,"If the monks invoke tarjanīyakarman to the monk who is subject to tarjanīya exactly and not the rest, according to the sequence mentioned before; this action is legal.  The monks invoke pratisaṃharaṇīyakarman to the monk who is subject to the nigarhaṇīyakarman; this action is illegal as before."
5f205800218b4ee2a04503ba6739aeb3,§35 pravāsanīyakarmārhāya pratisaṃharaṇīyaṃ karma ‹kurva›nti | adharmakarma pūrvavat* |  pravāsanīyakarmārhāya tu pravāsanīyam eva karma kurvanti | dharmakarma pūrvavat* |,སྨད་པར་འོས་པའི་ལས་ལ་སྨད་པའི་ལས་ཉིད་བྱེད་པ་ནི་ཆོས་ཀྱི་ལས་ཏེ་གོང་མ ༼H༢༠༧ཨ༣༽ བཞིན་ནོ་༎ བསྐྲད་པར་འོས་པའི་ལས་ལ་སྤང་བའི་ལས་བྱེད་པ་ནི་ཆོས་མ་ཡིན་པའི་ལས་ཏེ་གོང་མ་བཞིན་ནོ་༎,If the monks invoke nigarhaṇīyakarman to the monk who is subject to the action of nigarhaṇīyakarman exactly; this action is legal as before.  The monks invoke pratisaṃharaṇīyakarman to the monk who is subject to pravāsanīyakarman; this action is illegal as before.
085fb73f3adb49e7bcc71dccd4401701,§36 pratisaṃharaṇīyakarmārhāya adarśanāyotkṣepaṇī(9)yaṃ 14 karma kurvanty | adharmakarma pūrvavat* |  pratisaṃharaṇīyakarmārhāya tu pratisaṃharaṇīyam eva karma kurvanti | dharmakarma pūrvavat* |,བསྐྲད་པར་འོས་པའི་ལས་ལ་བསྐྲད་པའི་ལས་ཉིད ༼༡༣༩བ༡༽ བྱེད་པ་ནི་ཆོས ༼H༢༠༧ཨ༤༽ ཀྱི་ལས་ཏེ་གོང་མ་བཞིན་ནོ་༎ སྤང་བར་འོས་པའི་ལས་ལ་མ་མཐོང་བས་གནས་ནས་དབྱུང་བའི་ལས་བྱེད་པ་ནི་ཆོས་མ་ཡིན་པའི་ལས་ཏེ་གོང་མ་བཞིན་ནོ་༎,If the monks invoke pravāsanīyakarman to the monk who is subject to the action of pravāsanīyakarman exactly; this action is legal as before.  The monks invoke utkṣepaṇīyakarman caused by not recognising the offence to the monk who is subject to pratisaṃharaṇīyakarman; this action is illegal as before.
0949a02a6c254599937ed5837bf927ba,§37 adarśanī‹yo›tkṣepaṇīyaṃ karmārhāya apratikarmārhāyotkṣepaṇīyaṃ karma kurvanti | adharmakarma pūrvavat* |  adarśanāyotkṣepaṇīyakarmārhāya tu adarśanāyotkṣepaṇīyam eva (10) karma kurvanti | dharmakarma pūrvavat* |,སྤང་བར་འོས་པའི ༼H༢༠༧ཨ༥༽ ལས་ལ་སྤང་བ་ཉིད་ཀྱི་ལས་བྱེད་པ་ནི་ཆོས་ཀྱི་ལས་ཏེ་གོང་མ་བཞིན་ནོ་༎ མ་མཐོང་བས་གནས་ནས་དབྱུང ༼༢༽ བར་འོས་པའི་ལས་ལ་ཕྱིར་མི་བྱེད་པས་གནས་ནས་དབྱུང་བའི་ལས་བྱེད་པ ༼H༢༠༧ཨ༦༽ ནི་ཆོས་མ་ཡིན་པའི་ལས་ཏེ་གོང་མ་བཞིན་ནོ་༎,If the monks invoke pratisaṃharaṇīyakarman to the monk who is subject to pratisaṃharaṇīyakarman exactly; this action is legal as before.  The monks invoke utkṣepaṇīyakarman caused by not mending the guilt to the monk who is subject to utkṣepaṇīyakarman caused by not recognising the offence; this action is illegal as before.
5032aafd887648f6ada43dfd52868ded,§38 apratikarmārhāyotkṣepaṇīyakarmārhāya apratinisṛṣṭe pāpake dṛṣṭigate utkṣepaṇīyaṃ karma kurvanti | adharmakarma pūrvavat* |  apratikarmārhāyotkṣepaṇīyakarmārhāya tu apratikarmā‹rhā›yotkṣepaṇīyam eva ka(288a1)rma kurvanti | dharmakarma pūrvavat* |,མ་མཐོང་བས་གནས་ནས་དབྱུང་བར་འོས་པའི་ལས་ལ་མ་མཐོང་བས་གནས་ནས་དབྱུང་བ་ཉིད་ཀྱི་ལས་བྱེད་པ་ནི་ཆོས་ཀྱི་ལས ༼H༢༠༧ཨ༧༽ ཏེ་གོང་མ་བཞིན་ནོ་༎ ཕྱིར་མི་བྱེད་པས་གནས ༼༣༽ ནས་དབྱུང་བར་འོས་པའི་ལས་ལ་སྡིག་པ་ཅན་གྱི་ལྟ་བར་སོང་བ་མ་སྤངས་པས་གནས་ནས་དབྱུང་བའི་ལས་བྱེད་པ་ནི་ཆོས་མ ༼H༢༠༧བ༡༽ ཡིན་པའི་ལས་ཏེ་གོང་མ་བཞིན་ནོ་༎,If the monks invoke utkṣepaṇīyakarman caused by not recognising the offence to the monk who is subject to utkṣepaṇīyakarman caused by not recognising the offence exactly; this action is legal as before.  The monks invoke utkṣepaṇīyakarman caused by not counteracting the wrong view to the monk who is subject to utkṣepaṇīyakarman caused by not mending the guilt; this action is illegal as before.
61e875dcf1734ca0806b8804dc3da29b,§39 apratiniḥsṛṣṭe pāpake dṛṣṭigate utkṣepaṇīyaṃ karmārhāya parivāsaṃ dadāti | adharmakarma pūrvavat* |  apratiniḥsṛṣṭe pāpake dṛṣṭigate utkṣepaṇīyaṃ karmārhāya tu apratiniḥsṛṣṭe pāpake dṛṣṭigate utkṣepaṇīyaṃ karma eva kurvanti | dha(2)rma‹karma› pūrvavat* |,ཕྱིར་མི་བྱེད་པས་གནས་ནས་དབྱུང་བར་འོས་པའི་ལས་ལ་ཕྱིར་མི་བྱེད་པས་གནས་ནས་དབྱུང་བ་ཉིད་ཀྱི་ལས་བྱེད་པ་ནི་ཆོས་ཀྱི་ལས་ཏེ ༼༤༽ གོང་མ་བཞིན ༼H༢༠༧བ༢༽ ནོ་༎ སྡིག་པའི་ལྟ་བར་སོང་བ་མ་སྤངས་པས་གནས་ནས་དབྱུང་བར་འོས་པའི་ལས་ལ་སྤོ་བ་སྦྱིན་པ་ནི་ཆོས་མ་ཡིན་པའི་ལས་ཏེ་གོང་མ་བཞིན་ནོ་༎,If the monks  invoke utkṣepaṇīyakarman caused by not mending the guilt to the monk who is subject to utkṣepaṇīyakarman caused by not mending the guilt exactly; this action is legal as before.  The saṃgha grants parivāsa to the monk who is subject to utkṣepaṇīyakarman caused by not counteracting the wrong view; this action is illegal as before.
b5356fc1eb7d453d880b11df4519d74e,§40 parivāsakarmārhāya mūlaparivāsan dadāti • adharmakarma pūrvavat* |  parivāsakarmārhāya tu parivāsam eva tu dadāti | dharmakarma pūrvavat* |  mūlaparivāsārhāya mūlāpakarṣaparivāsaṃ dadāti | adharmakarma pūrvavat* |  mūlaparivāsārhāya tu mūlapari(3)vāsam eva dadāti | dharmakarma pūrvavat* |,སྡིག་པའི་ལྟ་བར་སོང་བ་མ་སྤངས་པས ༼H༢༠༧བ༣༽ གནས་ནས་དབྱུང་བར་འོས་པའི་ལས་ལ་སྡིག་པའི་ལྟ་བར་སོང་བ་མ་སྤངས་པས་གནས ༼༥༽ ནས་དབྱུང་བ་ཉིད་ཀྱི་ལས་བྱེད་པ་ནི་ཆོས་ཀྱི་ལས་ཏེ་གོང་མ་བཞིན་ནོ་། སྤོ་བར་འོས་པའི་ལས་ལ་བཞི་ནས ༼H༢༠༧བ༤༽ སྤོ་བ་སྦྱིན་པ་ནི་ཆོས་མ་ཡིན་པའི་ལས་ཏེ་གོང་མ་བཞིན་ནོ་༎ སྤོ་བར་འོས་པའི་ལས་ལ་སྤོ་བ་ཉིད་སྦྱིན་པ་ནི་ཆོས་ཀྱི་ལས་ཏེ་གོང་མ་བཞིན་ནོ་༎ གཞི་ནས་སྤོ་བར་འོས་པའི་ལས་ལ ༼༦༽ ༼H༢༠༧བ༥༽ ཡང་གཞི་ནས་བསླང་སྟེ་སྤོ་བ་སྦྱིན་པ་ནི་ཆོས་མ་ཡིན་པའི་ལས་ཏེ་གོང་མ་བཞིན་ནོ་༎,If the monks utkṣepaṇīyakarman caused by not counteracting the wrong view to the monk who is subject to utkṣepaṇīyakarman caused by not counteracting the wrong view exactly; this action is legal as before.  The saṃgha grants mūlaparivāsa to the monk who is subject to the legal action belongs to parivāsa; this action is illegal as before.  If the saṃgha grants the parivāsa to the monk who is subject to the legal action belongs to parivāsa exactly; this action is legal as before.  The saṃgha grants mūlāpakarṣaparivāsa to the monk who is subject to mūlaparivāsa; this action is illegal as before.
9bd738e16ae74066b87ed5a1c875913b,§41 aparyuṣitaparivāsāya mānāpyaṃ dadāti | adharmakarma pūrvavat* |  paryuṣitaparivāsāya tu mānāpyaṃ dadāti | dharmakarma pūrvavat* |,གཞི་ནས་སྤོ་བར་འོས་པའི་ལས་ལ་གཞི་ནས་སྤོ་བ་ཉིད་སྦྱིན་པ་ནི་ཆོས་ཀྱི་ལས་ཏེ་གོང ༼H༢༠༧བ༦༽ མ་བཞིན་ནོ་༎ སྤོ་བ་མ་སྤྱད་པ་ལ་མགུ་བར་བྱ་བ་སྦྱིན་པ་ནི་ཆོས་མ་ཡིན་པའི་ལས་ཏེ་གོང་མ་བཞིན་ནོ་།,If the saṃgha grants mūlaparivāsa to the monk who is subject to mūlaparivāsa exactly; this action is legal as before.  The saṃgha grants mānāpya to the monk who is subject to aparyuṣitaparivāsa; this action is illegal as before.
c02d97f32f824d49991c094e9019b00b,§42 acaritamānāpyam āvarhanti | adharmakarma pūrvavat* |  caritamānāpyaṃ āvarhanti | dharmakarma (4) pūrvavat* |  āvarhaṇārhāya saṃmukhavinayaṃ dadati | pūrvavad yāvan mānāpyaṃ dadanti | adharmakarma pūrvavat* |  āvarhaṇā‹rhā›ya tu āvarhaṇam eva kurvanti • na saṃmukhavinayaṃ dadati • na yāvan mānāpyaṃ | dharmakarma pūrvavat* |  evam eva navakeṇa cakra(5)peyālo vistareṇa boddhavyaṃ |,སྤོ་བ་སྤྱད་པ་ལ ༼༧༽ མགུ་བར་བྱ་བ་སྦྱིན་པ་ནི་ཆོས་ཀྱི་ལས་ཏེ་གོང་མ་བཞིན ༼H༢༠༧བ༧༽ ནོ་༎ མགུ་བར་བྱ་བ་མ་སྤྱད་པ་ལ་འབྱིན་པ་ནི་ཆོས་མ་ཡིན་པའི་ལས་ཏེ་གོང་མ་བཞིན་ནོ་༎ མགུ་བར་བྱ་བ་སྤྱད་པ་ལ་འབྱིན་པ་ནི་ཆོས་ཀྱི་ལས་ཏེ་གོང་མ་བཞིན་ནོ་༎ དབྱུང ༼H༢༠༨ཨ༡༽ བར་འོས་པ་ལ་མངོན་སུམ་གྱིས་འདུལ་བ་སྦྱིན་པ་ནི་ཞེས་བྱ་བ་ནས ༼༡༤༠ཨ༡༽ མགུ་བར་བྱ་བ་དང་མི་འབྱིན་པ་ཞེས་བྱ་བའི་བར་ནི་ཆོས་མ་ཡིན་པའི་ལས་ཏེ་གོང ༼H༢༠༨ཨ༢༽ མ་བཞིན་ནོ་༎ དབྱུང་བར་འོས་པ་ལ་དབྱུང་བ་ཉིད་བྱེད་ཀྱི་མངོན་སུམ་གྱིས་འདུལ་བ་སྦྱིན་པ་མ་ཡིན་ཞེས་བྱ་བ་ནས་༎ མགུ་བར་བྱ་བ་མ་ཡིན་ཞེས་བྱ་བའི་བར་ནི་ཆོས་ཀྱི་ལས་ཏེ་གོང་མ ༼H༢༠༨ཨ༣༽ བཞིན་ནོ་༎,"If the saṃgha grants mānāpya to the monk who is subject to paryuṣitaparivāsa; this action is legal as before.  The monks reintegrate a monk whose probation is not completed (acaritamānāpya) into the saṃgha; this action is illegal as before.  If the monks reintegrate a monk who completed his probation; this action is legal, as well as the cases mentioned before.  The monks grant saṃmukhavinaya to the monk who is subject to āvarhaṇa; or to grant mānāpya and so on; this action is illegal as before.  If the monks perform the exact āvarhaṇa to the monk who is subject to āvarhaṇa; and do not grant saṃmukhavinaya, mānāpya and so forth; this action is legal as before."
52d00f67fa064e20b782dc358c56d013,§43 uddānam* |vyagrās samagrā rohanti dharmādharmeṇa votkṣipet* |osāraṇayā etāni karmavastu samudditam* ||  ||,༼༢༽ དེ་བཞིན་དུ་རེ་རེས་མགོ་བཟུང་ནས་འཁོར་ལོ་བཞིན་དུ་བསྒྲེ་བ་རྒྱས་པར་ཁོང་དུ་ཆུད་པར་བྱའོ་༎,"According to this list, a new monk (navaka) should recognise fully."
773a6b3b4366472089c4f49d2e7a0b7d,§44 vyagrakarma | samagrakarma |  vyagrakarma katamat* |  yāvanto bhikṣavaḥ sīmāprāptāḥ kriyāprāptāḥ (6) te sarve samavahitāḥ saṃmukhībhūtāḥ chandārhebhyaś ca cchandena ānīto bhavati |  samavahitāś ca bhikṣavaḥ saṃmukhībhūtāḥ prativahanti pratikrośanti | yeṣāṃ prativahatāṃ pratikrośatāṃ pratikrośo rohati | karmāṇi ca kurvanti | idam ucyate vyagra(7)karma ||,སྡོམ་ལ་།མི་མཐུན་མཐུན་དང་འོས་པ་དང་༎ ཆོས་དང་ཆོས་མིན་གནས ༼H༢༠༨ཨ༤༽ ནས་འབྱིན་༎ བསླང་བ་ཉིད་དེ་འདི་དག་ནི་༎ ལས་ཀྱི་གཞིར་ནི་བསྡུས་པ་ཡིན་༎ མི་མཐུན་པའི་ལས་དང་མཐུན་པའི ༼༣༽ ལས་སོ་༎ མི་མཐུན་པའི་ལས་གང་ཞེ་ན་། མཚམས་ན་གནས ༼H༢༠༨ཨ༥༽ པའི་དགེ་སློང་བྱ་བར་འོས་པ་ཇི་སྙེད་པ་ཐམས་ཅད་མ་འདུས་ཤིང་མངོན་སུམ་དུ་མ་གྱུར་པ་དང་༎ འདུན་པ་བླང་བར་འོས་པ་རྣམས་ལས་འདུན་པ་མ་བླངས་པར་གྱུར་པ་དང་།,"ContentsMonks whether being in discord or being united would expel (a monk) in accordance with legal or illegal action; this system includes reintegration into the saṃgha (osāraṇā). The karmavastu originated as such.  There is a legal action performed by monks whether being in discord or being united.  What is the legal action performed by those being in discord?  As many as monks are located inside sīmā, ready to perform the action. All of them stay together, face to face; and he brought with him a consent from those who have a right to vote."
7cedb09edd3c4311ad8e32676800ebf2,§45 samagrakarma katamaḥ |  yāvanto bhikṣavaḥ sīmāprāptā‹ẖ› kriyāprāptāḥ te sarve samavahitāḥ saṃmukhībhūtāś chandārhebhyaś ca cchande‹na› ānīto bhavati •  samavahitāś ca bhikṣavaḥ saṃmukhībhūtā na prativahanti na pratikrośanti | yeṣāṃ prativahatāṃ pratikrośatāṃ ‹a›pratikro(8)śo rohati • karmāṇi ca kurvanti | idam ucyate samagrakarma ||,དགེ་སློང་རྣམས་འདུས ༼H༢༠༨ཨ༦༽ ཤིང་མངོན་སུམ་དུ་གྱུར་ཀྱང་མི ༼༤༽ བཏུབ་ཅིང་ཕྱིར་འདོང་བ་གང་དག་གི་གཤེ་བ་འོས་པ་རྣམས་མི་བཏུབ་ཅིང་ཕྱིར་དོང་བ་ལས་དག་ཀྱང་བྱེད་ན་འདི་ནི་མི་མཐུན་པའི་ལས་ཞེས་བྱའོ་༎ མཐུན ༼H༢༠༨ཨ༧༽ པའི་ལས་གང་ཞེ་ན་། མཚམས་ན་གནས་པའི་དགེ་སློང་བྱ་བར་འོས་པ་ཇི་སྙེད་པ་ཐམས་ཅད་འདུས་སིང་མངོན་སུམ་དུ་གྱུར་པ་དང་། འདུན ༼༥༽ པ་བླང་བར་འོས་པ་རྣམས་ལས་འདུན་པ ༼H༢༠༨བ༡༽ བླང་བར་གྱུར་པ་དང་།,"When the monks stay together, face to face; they oppose and reject. For those who oppose and reject, the rejection increases; and they perform the actions. It is said to be the legal action performed by those being in discord.  What is the legal action done by those united?  As many as monks are located inside sīmā, ready to perform the action. All of them stay together, face to face; and he brought with him a consent from those who have a right to vote."
2fd1cc329f7a40fdbfb360c27c2481cd,§46 āyuṣmān upālī buddhaṃ bhagavantaṃ pṛcchati •  katīnāṃ bhadanta pratikrośo na rohati |  daśān 15 upālin* ||  alajjinas sāntarasya bālasya mūḍhasyāvyaktasyākuśalasya bahissī‹mā›yāṃ sthitasya ‹āntarīkṣavāsinaḥ› īryāpathe cyutasya vācā (9) asaṃvṛtasya |  katīnāṃ bhadanta pratikrośo rohati • caturṇām upālin* |  prakṛtisthitasya antassīmāyāṃ sthitasya īryāpathād acyutasya vācā saṃyatasyeti ||,དགེ་སློང་རྣམས་འདུས་ཤིང་མངོན་སུམ་དུ་གྱུར་ཀྱང་མི་བཏུབ་ཅིང་ཕྱིར་འདོང་བ་གང་དག་གཤེ་བ་འོས་པ་རྣམས་བཏུབ་ཅིང་མི་གཤེ་བ་ལས་དག་བྱེད་པ་འདི་ནི་མཐུན་པའི ༼H༢༠༨བ༢༽ ལས་ཞེས་བྱའོ་༎ སངས་རྒྱས་བཅོམ་ལྡན་འདས་ལ་ཚེ ༼༦༽ དང་ལྡན་པ་ཉེ་བ་འཁོར་གྱིས་ཞུས་པ་། བཙུན་པ་དུ་ཞིག་གི་གཤེ་བ་མི་འོས་པ་ལགས་། ཉེ་བ་འཁོར་བཅུ་སྟེ་། ངོ་ཚ་མེད་པ་དང་། ༼H༢༠༨བ༣༽ ཀླན་ཀ་ཚོལ་བ་དང་། བུས་པ་དང་། བླུན་པོ་དང་། མི་གསལ་བ་དང་། མི་མཁས་པ་དང་། མཚམས་ཀྱི་ཕྱི་རོལ་ན་གནས་པ་དང་། བར་སྣང་ལ་གནས ༼༧༽ པ་དང་། སྤྱོད་ལམ་ལས་ལྡང་བ་དང་། ༼H༢༠༨བ༤༽ ཚིག་མ་བསྡམས་པའི་འོ་༎ བཙུན་པ་དུ་ཞིག་གི་གཤེ་བ་འོས་པ་ལགས་། ཉེ་བ་འཁོར་བཞི་སྟེ,"When the monks stay together, face to face; they neither oppose nor reject. But for those who oppose and reject, the rejection does not increase; they perform the actions. It is said to be the action done by those being united.  Venerable Upālin asked Buddha, the blessed one.  Bhadanta, how many reasons the rejection is not valid?  Upālin, there are ten.  There is shamelessness;  one who mingled with others (disturbing person); a child; a fool; a narrow-minded (unwise) person; an unwholesome person; one who stayed outside sīmā; ‹one who lives in the sky›; movement; one whose speech are uncontrolled.  Bhadanta, how many reasons the rejection is valid? Upālin, there are four."
b0f4ed55979a4967a1eedc4915316d66,§47 āyuṣmān upālī buddhaṃ bhagavantaṃ pṛcchati |  kati bhadanta utkṣepaṇīyakarmāṇi |  catvāry upālin* |  adharmeṇo(10)tkṣipanti vyagrāḥ |  adharmeṇa samagrāḥ |  dharmeṇa vyagrāḥ |  ‹dharmeṇa samagrāḥ› |  tatraikam utkṣepaṇakarma |  yad idaṃ dharmeṇotkṣipaṃti samagrāḥ ||,རང་བཞིན་དུ་གནས་པ་དང་། མཚམས་ཀྱི་ནང་ན་གནས་པ་དང་། སྤྱོད་ལམ ༼H༢༠༨བ༥༽ ལས་མ་ལངས་པ་དང་། ཚིག་བསྡམས་པའི་འོ་༎ སངས་རྒྱས ༼༡༤༠བ༡༽ བཅོམ་ལྡན་འདས་ལ་ཚེ་དང་ལྡན་པ་ཉེ་བ་འཁོར་གྱིས་ཞུས་པ་། བཙུན་པ་གནས་ནས་དབྱུང་བའི་ལས་དུ་ཞིག ༼H༢༠༨བ༦༽ མཆིས་ལགས་། ཉེ་བ་འཁོར་བཞི་སྟེ་། མི་མཐུན་པ་དག་གིས་ཆོས་མ་ཡིན་པས་གནས་ནས་འབྱིན་པ་དང་། མཐུན་པ་དག་གིས་ཆོས་མ་ཡིན་པས་དང་། མི་མཐུན་པ་དག ༼༢༽ གིས་ཆོས ༼H༢༠༨བ༧༽ ཀྱིས་དང་། མཐུན་པ་དག་གིས་ཆོས་ཀྱིས་འབྱིན་པའོ་༎ དེ་ལ་གནས་ནས་འབྱིན་པའི་ལས་ནི་གཅིག་ཡིན་ཏེ་། འདི་ལྟ་སྟེ་། མཐུན་པ་དག་གིས་ཆོས་ཀྱིས་གནས་ནས་འབྱིན ༼H༢༠༩ཨ༡༽ པའོ་༎,"There is normality; one who stayed inside sīmā; free from movement; and with controlled speech.  Venerable Upālin asked Buddha, the blessed one.  Bhadanta, how many actions are of utkṣepaṇīya?  Upālin, there are four.  The monks, being in discord, expel those accused persons not in accordance with the law;  being united but not in accordance with the law;  being in discord but in accordance with the law;  ‹being united and in accordance with the law›.  The one with, being united and in accordance with the law, is utkṣepaṇakarman."
42fe6381cdc74666a73a18e130f0d13a,§48 kati bhadanta osāraṇakarmāṇi | catvāry upāliṃ •  adharmeṇosārayanti vyagrāḥ |  adharmeṇa samagrāḥ |  dharmeṇa vyagrāḥ |  dharmeṇa samagrāḥ |  tatraikam osāra (288b1)ṇakarma yad idaṃ dharmeṇa kurvanti samagrāḥ ||  ||,བཙུན་པ་བསླང་བའི་ལས་དུ་མཆིས་ལགས་ཉེ་བ་འཁོར་བཞི་སྟེ་། མི་མཐུན་པ་དག་གིས ༼༣༽ ཆོས་མ་ཡིན་པས་སློང་བ་དང་། མཐུན་པ་དག ༼H༢༠༩ཨ༢༽ གིས་ཆོས་མ་ཡིན་པས་དང་། མི་མཐུན་པ་དག་གིས་ཆོས་ཀྱིས་དང་། མཐུན་པ་དག་གིས་ཆོས་ཀྱིས་སློང་བའོ་༎ དེ་ལ་སློང་བའི་ལས་ནི་གཅིག་ཡིན་ཏེ་། འདི་ལྟ་སྟེ་། མཐུན་པ་དག ༼H༢༠༩ཨ༣༽ གིས་ཆོས་ཀྱིས་སློང་བར་བྱེད་པའོ་༎,"Venerable Upālin asked Buddha, the blessed one. Bhadanta, how many actions are of osāraṇa? Upālin, there are four.  The monks, being in discord, (re)-integrate persons into the saṃgha not in accordance with the law;  being united but not in accordance with the law;  being in discord but in accordance with the law;  being united and in accordance with the law.  The one with, being united and in accordance with the law, is the legal action of osāraṇa."
35c80a3cb7a5458ca30504e384920e60,karmavastu samāptaḥ ||,ལས་ཀྱི ༼༡༤༠བ༤༽ གཞི་རྫོགས་སོ་༎ ༎,Ended Karmavastu
