id,P001829,P001830,P001831,P001832
49e217017bb242f9920b5da6d2d526cb,佛説菩薩本業經呉月氏優婆塞支謙譯,佛説兜沙經一卷後漢月氏三藏支婁迦讖譯,-,"Titles: 1) Based on Zhiqian: Pūrvapraṇidhāna(Pūrva)Parikarma (本業經, cf. Dbh s.v. 本業); 2) based on Lokakṣema’s three chapters: a) *Tuṣitasūtra (兜沙經), b) ... c) ...; 3) based on the Tibetan version: *Buddhāvataṃsakavaipulyasūtrād Buddhanāmanirdeśaparivartaḥ  (cf. below in the Tibetan text at the end of Bam po 15: || śin (7) tu rgyas pa chen po’i mdo | saṅs rgyas phal po che źes bya ba las | saṅs rgyas kyi mtshan śin tu bstan pa źes bya ba’i le’u ste | bcu gñis pa’o | || |)"
ea3d5a96ab8f48aaa0010a4ff0761eee,,一切諸佛威神恩。諸過去當來今現在亦爾。,ཀ་། བམ་པོ་བཅོ་ལྔ་པ་།,Nidāna
2c907ba92501482d90b45ff841dec222,聞如是。一時佛。遊於摩竭道場。初始得佛。光景甚明。自然蓮華寶師子座。古昔諸佛所坐皆爾。道徳威儀相好如一。身意清淨。福行普具。明所徹照人刹法處。去來現在無復罣礙。成興於世。一切悉等。,佛在摩竭提國時。法清淨處。其處號曰在所問清淨。始作佛時。光景甚明。自然金剛蓮華。周匝甚大。自然師子座。諸佛過去時。亦悉於上坐。儀法等無有異。極相法中。出生極過度已。諸佛身體行。悉等具足。明無所復罣礙。 不可計佛處。不可計法處。不可計諸大十方人民處。不可計佛刹處。過去當來今現在佛等所出生也。,བཅོམ་ལྡན་འདས་ཐོག་མ་མངོན་པར་སངས་རྒྱས་པ་མ་ག་དྷའི་ཆོས ༼༦༽ ཀྱི་དགོན་པའི་སྙིང་པོ་བྱང་ཆུབ་ན་བཞུགས་ཏེ་། བློ་ཤིན་ཏུ་རྣམ་པར་དག་པ་མི་གཉིས་པས་ཡང་དག་པར་སྤྱོད་པ་། ཆོས་མཚན་ཉིད་མེད་པ་ལ་ཤིན་ཏུ་གཞོལ་བ་། སངས་རྒྱས་ཀྱི ༼༧༽ རྣམ་པར་སྤྱོད་པས་སངས་རྒྱས་ཐམས་ཅད་དང་མཉམ་པ་ཉིད་བརྙེས་པ་། བསྒྲིབས་པ་མེད་པས་རྟོགས་པར་ཐུགས་སུ་ཆུད་པ་། ཕྱིར་མི་ལྡོག་པའི་ཆོས་ཅན་སྤྱོད་ཡུལ་འཕྲོག་པ་མེད ༼༢༥༦བ༡༽ པ་། རྣམ་པར་དགོད་པ་བསམ་གྱིས་མི་ཁྱབ་པ་དུས་གསུམ་མཉམ་པ་ཉིད་ལ་ཤིན་ཏུ་བྱུང་བ་། ཕོ་བྲང་ཀུན་ཏུ་འོད་ན་སེངགེའི་ཁྲི་པདམོའི་སྙིང་པོ་ཅན་ལ་བཞུགས་ཏེ་།,聞如是: evaṃ mayā śrutam; 一時: ekasmin samaye; 摩竭: Magadha; 道場: deśe; 相好: lakṣaṇa_anuvyañjana;
b5567a353d974fa095b7fd48170d4d4f,時會菩薩。盡一生補(5)處。神通妙達。周遍十方。  導利衆生。  開佛法(6)藏。  示泥洹要。  都入人根。宿命智徳。善權方(7)便。訓化以漸。解内外法。終始不搖。等諸佛(8)土。無所分別。讃揚佛名。不可稱極。  三塗之(9)事。靡不貫達。,諸菩薩等。各各從異國土來都大會。其數如十佛刹塵。一塵爲一菩薩。如是爲限。諸菩薩賜一生補處。  皆入十方人民典安隱。  皆入法處。皆入十方諸刹土。  皆入十方泥洹慧  皆入十方所作世間人宿命。皆入稍稍増深菩薩。皆入諸慧法中。皆入内外法中。皆入不動不搖法中。  皆入過去當來今現在法中。,བྱང་ཆུབ་སེམས་དཔའ ༼༢༽ སངས་རྒྱས་ཀྱི་ཞིང་བཅུའི་རྡུལ་ཤིན་ཏུ་ཕྲ་བ་སྙེད་ཀུན་ཀྱང་སྐྱེ་བ་གཅིག་གིས་ཐོགས་པ་། འཇིག་རྟེན་གྱི་ཁམས་གཞན་ནས་འདུས་པ་། སེམས་ཅན་གྱི་ཁམས་ལ་དཔྱོད་པ་། ཆོས་ཀྱི་དབྱིངས ༼༣༽ ལ་དཔྱོད་པ་། འཇིག་རྟེན་གྱི་ཁམས་ལ་དཔྱོད་པ་། མྱ་ངན་ལས་འདས་པའི་དབྱིངས་ལ་དཔྱོད་པ་། ལས་ཀྱི་རྣམ་པར་སྨིན་པ་ལ་དཔྱོད་པ་། བསམ་པའི་རྒྱུད་ལ་དཔྱོད་པ་། དོན་དང་ཡི་གེ་ལ ༼༤༽ དཔྱོད་པ་། འཇིག་རྟེན་པ་དང་འཇིག་རྟེན་ལས་འདས་པ་ལ་དཔྱོད་པ་། འདུས་བྱས་དང་འདུས་མ་བྱས་པ་ལ་དཔྱོད་པ་། འདས་པ་དང་། མ་འོངས་པ་དང་། ད་ལྟར་བྱུང་བ་ལ་དཔྱོད་པ་ཤ་སྟག ༼༥༽ དང་ཐབས་ཅིག་གོ་།,..  ..  法藏: dharmagañja(Vkn);  ..  人根: satva_āśaya(Vkn); 善權方便: upāya-kauśalya;  三塗: tryadhva(Vkn)
701f175910cf431990ad263ba737c890,至皆歎曰。,諸菩薩輩。議如是。,དེ་ནས་བྱང་ཆུབ་སེམས་དཔའ་དེ་དག་འདི་སྙམ་དུ་སེམས་ཏེ་།,..
0ce3f7b3776f4d03a4251489ddd54bd8,佛念吾等。建立大志。能悉現我諸佛世界所有好惡。殊勝之國。  佛所遊居。興隆道化。光明神足。教訓天人。啓示法意。佛之本業。,佛愛我曹等輩。 諸菩薩等所念。示現我等。諸佛刹。  如佛所行居處阿。彼聞所有。現我等諸佛刹清淨。現我等如佛法清淨。佛所説法。悉皆使我曹見矣。現我等佛刹成敗時。使我曹悉見矣。現我曹等諸佛起出時。現我等佛刹所有善惡。佛所有悉示我。See the previous record as well,བཅོམ་ལྡན་འདས་ཀྱིས་བདག་ཅག་ལ་ཐུགས་བརྩེ་བར་དགོངས་ཏེ་བྱང་ཆུབ་སེམས་དཔའ་རྣམས་ཀྱི༼༦༽ བསམ་པ་ཇི་ལྟ་བ་བཞིན་དུ་སངས་རྒྱས་ཀྱི་ཞིང་ཡོངས་སུ་བསྟན་ཀྱང་རུང་།  སངས་རྒྱས་ཀྱི་སྤྱོད་པ་ཡོངས་སུ་བསྟན་ཀྱང་རུང་། སངས་རྒྱས་ཀྱི་ཞིང་གི་རྒྱན་ཡོངས་སུ་བསྟན་ཀྱང་རུང་། སངས ༼༧༽ རྒྱས་ཀྱི་ཆོས་ཉིད་ཡོངས་སུ་བསྟན་ཀྱང་རུང་། སངས་རྒྱས་ཀྱི་ཞིང་ཡོངས་སུ་དག་པ་བསྟན་ཀྱང་རུང་། སངས་རྒྱས་ཀྱི་ཆོས་བཤད་པ་ཡོངས་སུ་བསྟན་ཀྱང་རུང་། སངས་རྒྱས་ཀྱི་ཞིང་གི ༼༢༥༧ཨ༡༽ རང་བཞིན་ཡོངས་སུ་བསྟན་ཀྱང་རུང་། སངས་རྒྱས་ཀྱི་མཐུ་ཡོངས་སུ་བསྟན་ཀྱང་རུང་། སངས་རྒྱས་ཀྱི་ཞིང་གི་རྒྱན་ཡོངས་སུ་བསྟན་ཀྱང་རུང་། སངས་རྒྱས་ཀྱི་བྱང ༼༢༽ ཆུབ་ཡོངས་སུ་བསྟན་ཀྱང་རུང་། ,殊勝: viśeṣa(Vkn);  
03649538104a41ce8dbd96909d730ff9,十地十智。十行十投。十藏十願。十明十定。十現十印。,示現我曹十方諸有刹土。現我等諸不可計佛所説。現我等菩薩十法住。現我等菩薩十法所行。現我等菩薩十法悔過經。現我等菩薩十道地。現我菩薩十鎭。現我等菩薩十居處所願。現我菩薩十黠。現我菩薩十三昧。現我菩薩十飛法。現我菩薩十印。,ཕྱོགས་བཅུའི་འཇིག་རྟེན་གྱི་ཁམས་སུ་སངས་རྒྱས་བཅོམ་ལྡན་འདས་རྣམས་ཀྱིས་བྱང་ཆུབ་སེམས་དཔའི་རྣམ་པར་བཀོད་པ་བཅུ་ཇི་ལྟར་རྣམ ༼༣༽ པར་བཀོད་པ་དེ་དག་ཡོངས་སུ་བསྟན་ཀྱང་རུང་། བྱང་ཆུབ་སེམས་དཔའི་སྤྱོད་པ་བཅུ་ཡོངས་སུ་བསྟན་ཀྱང་རུང་། བྱང་ཆུབ་སེམས་དཔའི་ཚད་མེད་པ་བཅུ་ཡོངས་སུ་བསྟན་ཀྱང ༼༤༽ རུང་། བྱང་ཆུབ་སེམས་དཔའི་གཏེར་རྣམས་ཡོངས་སུ་བསྟན་ཀྱང་རུང་། བྱང་ཆུབ་སེམས་དཔའི་ས་རྣམས་ཡོངས་སུ་བསྟན་ཀྱང་རུང་། བྱང་ཆུབ་སེམས་དཔའི་སྨོན་ལམ་རྣམས ༼༥༽ ཡོངས་སུ་བསྟན་ཀྱང་རུང་། བྱང་ཆུབ་སེམས་དཔའི་ཏིང་ངེ་འཛིན་བཅུ་རྣམས་ཡོངས་སུ་བསྟན་ཀྱང་རུང་། བྱང་ཆུབ་སེམས་དཔའི་རྣམ་པར་འཕྲུལ་པ་བཅུ་ཡོངས་སུ་བསྟན་ཀྱང ༼༦༽ རུང་། བྱང་ཆུབ་སེམས་དཔའི་མགོ་བཅུ་ཡོངས་སུ་བསྟན་ཀྱང་རུང་།,
238ba47d0c784444823e1cde32d40f6c,斷我瑕疵及諸疑妄。,現我菩薩悉飛來時。現我佛名無有盡。時佛使我皆護世間人民。十方佛諸有刹土。悉清淨無瑕穢。現我佛諸所知有無有也。現我諸惡根本。悉使清淨。諸法悉爲我説。諸所疑難。皆爲解之。悉爲解狐疑。皆過度矣。諸所有欲斷之。,བྱང་ཆུབ་སེམས་དཔའ་ཐམས་ཅད་ཡང་དག་པར་འབྱུང་བའི་ཕྱིར་དེ་བཞིན་གཤེགས་པའི་གདུང་མི་གཅད ༼༧༽ པ་དང་། སེམས་ཅན་ཐམས་ཅད་ཡོངས་སུ་བསྐྱབ་པ་དང་། འཇིག་རྟེན་གྱི་ཁམས་ཐམས་ཅད་ཉེ་བར་ཉོན་མོངས་པ་མེད་པར་བྱ་བ་དང་། འདུ་བྱེད་ཐམས་ཅད་ཡོངས་སུ་ཤེས ༼༢༥༧བ༡༽ པར་བྱ་བ་དང་། ཆོས་ཐམས་ཅད་ཡང་དག་པར་བསྟན་པར་བྱ་བ་དང་། ཀུན་ནས་ཉོན་མོངས་པ་ཐམས་ཅད་རྣམ་པར་དག་པར་བྱ་བ་དང་།ཐེ་ཚོམ་ཐམས་ཅད་ཡོངས་སུ་གཅད་པ་དང་། ༼༢༽ ནེམ་ནུར་ཐམས་ཅད་ཤིན་ཏུ་གསལ་བ་དང་། གནས་ཐམས་ཅད་རབ་ཏུ་གཞོམ་པར་བྱ་བའི་ཕྱིར་གོང་དུ་དེ་བཞིན་གཤེགས་པའི་ས་བསྟན་ཀྱང་རུང་།,
5c59fbf402d246c78ee8c0fd3a79d70e,悉爲我現佛行佛智。佛神佛力佛定。無量變化隨時。四時不護。四無所畏。十八不絶。一切敏慧。無上道徳。衆事敷露,現我佛所止處。現我佛諸法所部界。現我佛威神。現我佛所行。現我佛筋力。現我佛四事不護。現我佛三昧所入處。現我佛所變化在所爲。現我佛無有過勝者。現我佛所有尊號。無有能及逮者。現我佛所根。現我佛飛。現我佛光明。現我佛智慧。現我佛四事無所畏。佛悉知諸菩薩心所念。佛悉現光明威神,གོང་དུ་དེ་བཞིན་གཤེགས ༼༣༽ པའི་ཡུལ་བསྟན་ཀྱང་རུང་། གོང་དུ་དེ་བཞིན་གཤེགས་པའི་བྱིན་གྱི་རླབས་བསྟན་ཀྱང་རུང་། གོང་དུ་དེ་བཞིན་གཤེགས་པའི་སྤྱོད་ཡུལ་བསྟན་ཀྱང་རུང་། གོང་དུ་དེ་བཞིན ༼༤༽ གཤེགས་པའི་སྟོབས་བསྟན་ཀྱང་རུང་། གོང་དུ་དེ་བཞིན་གཤེགས་པའི་མི་བསྙེངས་པ་བསྟན་ཀྱང་རུང་། གོང་དུ་དེ་བཞིན་གཤེགས་པའི་ཏིང་ངེ་འཛིན་བསྟན་ཀྱང་རུང་། གོང ༼༥༽ དུ་དེ་བཞིན་གཤེགས་པའི་རྫུ་འཕྲུལ་བསྟན་ཀྱང་རུང་། གོང་དུ་དེ་བཞིན་གཤེགས་པའི་མངའ་ཆེན་པོ་བསྟན་ཀྱང་རུང་། གོང་དུ་དེ་བཞིན་གཤེགས་པའི་མི་འཕྲོག་པ་བསྟན་ཀྱང ༼༦༽ རུང་། གོང་དུ་དེ་བཞིན་གཤེགས་པའི་སྤྱན་བསྟན་ཀྱང་རུང་། གོང་དུ་དེ་བཞིན་གཤེགས་པའི་སྙན་བསྟན་ཀྱང་རུང་། གོང་དུ་དེ་བཞིན་གཤེགས་པའི་ཤངས་བསྟན་ཀྱང་རུང་། གོང ༼༧༽ དུ་དེ་བཞིན་གཤེགས་པའི་ལྗགས་བསྟན་ཀྱང་རུང་། གོང་དུ་དེ་བཞིན་གཤེགས་པའི་སྐུ་བསྟན་ཀྱང་རུང་། གོང་དུ་དེ་བཞིན་གཤེགས་པའི་ཐུགས་བསྟན་ཀྱང་རུང་། གོང་དུ་དེ ༼༢༥༨ཨ༡༽ བཞིན་གཤེགས་པའི་སྤོབས་པ་བསྟན་ཀྱང་རུང་། གོང་དུ་དེ་བཞིན་གཤེགས་པའི་ཡེ་ཤེས་བསྟན་ཀྱང་རུང་། གོང་དུ་དེ་བཞིན་གཤེགས་པའི་ཁྱུ་མཆོག ༼༢༽ གི་མཐུ་བསྟན་ཀྱང་རུང་སྙམ་པ་དང་། དེ་ནས་བཅོམ་ལྡན་འདས་ཀྱིས་བྱང་ཆུབ་སེམས་དཔའ་དེ་དག་གི་སེམས་ཀྱི་ཡོངས་སུ་རྣམ་པར་རྟོག་པ་ཐུགས་ཀྱིས་ཐུགས་སུ་ཆུད་ནས་དེ་བཞིན ༼༣༽ གཤེགས་པའི་རྫུ་འཕྲུལ་མངོན་པར་འདུ་བྱ་བ་མངོན་པར་འདུ་མཛད་དོ་༎,
3be1780e26974c4e9772d5e1dcb07504,東去無極　有香林刹 佛名入精進　菩薩字敬首,東方極遠不可計佛刹有佛。佛名阿逝墮。其刹名訖連桓。文殊師利菩薩。從是刹來。與諸菩薩倶。數如十方刹塵。皆前爲佛作禮。各各於自然師子座交7路帳中坐,རྫུ་འཕྲུལ་གྱི་རྣམ་པ་དེ་དག་མངོན་པར་འདུ་མཛད་པས་ཤར་ཕྱོགས་ལོགས་སུ་འཇིག་རྟེན་གྱི་ཁམས ༼༤༽ སངས་རྒྱས་ཀྱི་ཞིང་བཅུའི་རྡུལ་ཤིན་ཏུ་ཕྲ་བ་སྙེད་འདས་པའི་ཕ་རོལ་གྱི་འཇིག་རྟེན་གྱི་ཁམས་གསེར་གྱི་མདོག་ཅེས་བྱ་བ་། དེ་བཞིན་གཤེགས་པ་རིག་བྱེད་མི་གཡོ་པའི་སངས་རྒྱས ༼༥༽ ཀྱི་ཞིང་ནས་བྱང་ཆུབ་སེམས་དཔའ་འཇམ་དཔལ་བྱང་ཆུབ་སེམས་དཔའ་སངས་རྒྱས་ཀྱི་ཞིང་བཅུའི་རྡུལ་ཤིན་ཏུ་ཕྲ་བ་སྙེད་དང་ལྷན་ཅིག་ཏུ་བཅོམ་ལྡན་འདས་གང་ན་བ་དེར་དོང་སྟེ༼༦༽ ཕྱིན་ནས་བཅོམ་ལྡན་འདས་ལ་ཕྱག་འཚལ་ཏེ་། ཤར་ཕྱོགས་སུ་བརྟེན་ནས་སེངགེའི་ཁྲི་པདམོའི་སྙིང་པོ་ཅན་དག་མངོན་པར་སྤྲུལ་ཏེ་སྐྱེལ་མོ་ཀྲུང་བཅས་ནས་འཁོད་དོ་༎,香林刹: gandha-vana-kṣetra; 敬首: Mañjuśrī(Aṣṭ);
937b1b08a1c5432da3cc9531d1bf4cff,南去無極　有樂林刹 佛名不捨樂　菩薩字覺首,南方極遠不可計佛刹有佛。佛名阿泥羅墮羅。其刹名樓耆洹。佛陀師利菩薩。從是刹來。與諸菩薩倶。其數如十佛刹塵。皆前爲佛作禮。各各於自然師子座交＊路帳中坐,ལྷོ་ཕྱོགས ༼༧༽ ལོགས་སུ་འཇིག་རྟེན་གྱི་ཁམས་སངས་རྒྱས་ཀྱི་ཞིང་བཅུའི་རྡུལ་ཤིན་ཏུ་ཕྲ་བ་སྙེད་འདས་པའི་ཕ་རོལ་གྱི་འཇིག་རྟེན་གྱི་ཁམས་ཁ་དོག་ཡིད་དུ་འོང་བ་ཞེས་བྱ་བ་། དེ་བཞིན་གཤེགས ༼༢༥༨བ༡༽ པ་རིག་བྱེད་མི་བསྐྱོད་པའི་སངས་རྒྱས་ཀྱི་ཞིང་ནས་བྱང་ཆུབ་སེམས་དཔའ་སངས་རྒྱས་དཔལ་བྱང་ཆུབ་སེམས་དཔའ་སངས་རྒྱས་ཀྱི་ཞིང་བཅུའི་རྡུལ་ཤིན་ཏུ་ཕྲ་བ་སྙེད་དང་ལྷན་ཅིག་ཏུ་བཅོམ ༼༢༽ ལྡན་འདས་གང་ན་བ་དེར་དོང་སྟེ་ཕྱིན་ནས་བཅོམ་ལྡན་འདས་ལ་ཕྱག་འཚལ་ཏེ་། ལྷོ་ཕྱོགས་སུ་བརྟེན་ནས་སེངགེའི་ཁྲི་པདམོའི་སྙིང་པོ་ཅན་དག་མངོན་པར་སྤྲུལ་ཏེ་སྐྱིལ་མོ་ཀྲུང་བཅས་ནས ༼༣༽ འཁོད་དོ་༎,覺首: bodhi-śrī
7706e65273684e69a0479787c91c1930,西去無極　有華林刹 佛名習精進　菩薩字寶首,西方極遠不可計佛刹有佛。佛名阿斯墮陀。其刹名波頭洹。羅隣師利菩薩。從是刹來。與諸菩薩倶。其數如十佛刹塵。皆前爲佛作禮。各各於自然師子座交路帳中坐,ནུབ་ཕྱོགས་ལོགས་སུ་འཇིག་རྟེན་གྱི་ཁམས་སངས་རྒྱས་ཀྱི་ཞིང་བཅུའི་རྡུལ་ཤིན་ཏུ་ཕྲ་བ་སྙེད་འདས་པའི་ཕ་རོལ་གྱི་འཇིག་རྟེན་གྱི་ཁམས་པདམོའི་མདོག་ཅེས་བྱ་བ་། དེ ༼༤༽ བཞིན་གཤེགས་པ་རིག་བྱེད་བཅིངས་མེད་ཀྱི་སངས་རྒྱས་ཀྱི་ཞིང་ནས་བྱང་ཆུབ་སེམས་དཔའ་ནོར་དཔལ་བྱང་ཆུབ་སེམས་དཔའ་སངས་རྒྱས་ཀྱི་ཞིང་བཅུའི་རྡུལ་ཤིན་ཏུ་ཕྲ་བ་སྙེད ༼༥༽ དང་ལྷན་ཅིག་ཏུ་བཅོམ་ལྡན་འདས་གང་ན་བ་དེར་དོང་སྟེ་ཕྱིན་ནས་བཅོམ་ལྡན་འདས་ལ་ཕྱག་འཚལ་ཏེ་། ནུབ་ཕྱོགས་སུ་བརྟེན་ནས་སེངགེའི་ཁྲི་པདམོའི་སྙིང་པོ་ཅན་དག་མངོན་པར ༼༦༽ སྤྲུལ་ཏེ་སྐྱིལ་མོ་ཀྲུང་བཅས་ནས་འཁོད་དོ་༎,寶首: ratna-śrī
f86a0eac482a4d96ae8c5daf9ad4c01a,北去無極　有道林刹 佛名行精進　菩薩字慧首,北方極遠。不可計佛刹有佛。佛名阿闍墮。其刹名占倍洹。檀那師利菩薩。從是刹來。與諸菩薩倶。其數如十佛刹塵。皆前爲佛作禮。各各於自然師子座交＊路帳中坐,བྱང་ཕྱོགས་ལོགས་སུ་འཇིག་རྟེན་གྱི་ཁམས་སངས་རྒྱས་ཀྱི་ཞིང་བཅུའི་རྡུལ་ཤིན་ཏུ་ཕྲ་བ་སྙེད་འདས་པའི་ཕ་རོལ་གྱི་འཇིག་རྟེན་གྱི ༼༧༽ ཁམས་ཙམ་པ་ཀའི་མདོག་ཅེས་བྱ་བ་། དེ་བཞིན་གཤེགས་པ་རིག་བྱེད་ཀུན་སྤྱོད་ཀྱི་སངས་རྒྱས་ཀྱི་ཞིང་ནས་བྱང་ཆུབ་སེམས་དཔའ་རིན་ཆེན་དཔལ་བྱང་ཆུབ་སེམས་དཔའ་སངས ༼༢༥༩ཨ༡༽ རྒྱས་ཀྱི་ཞིང་བཅུའི་རྡུལ་ཤིན་ཏུ་ཕྲ་བ་སྙེད་དང་ལྷན་ཅིག་ཏུ་བཅོམ་ལྡན་འདས་གང་ན་བ་དེར་དོང་སྟེ་ཕྱིན་ནས་བཅོམ་ལྡན་འདས་ལ་ཕྱག་འཚལ་ཏེ་། ༼༢༽ བྱང་ཕྱོགས་སུ་བརྟེན་ནས་སེངགེའི་ཁྲི་པདམོའི་སྙིང་པོ་ཅན་དག་མངོན་པར་སྤྲུལ་ཏེ་སྐྱིལ་མོ་ཀྲུང་བཅས་ནས་འཁོད་དོ་༎,
973a6aab8bed41269950dfeb54e1d75f,東北無極　有青蓮刹 佛名悲精進　菩薩字徳首,東北方極遠。不可計佛刹有佛。佛名阿輸那墮國陀。其刹名優彼洹。群那師利菩薩。從是刹來。與諸菩薩倶。其數如十佛刹塵。皆前爲佛作禮。各各於自然師子座交路帳中坐,བྱང་ཤར་གྱི་ཕྱོགས་མཚམས་སུ་འཇིག་རྟེན་གྱི་ཁམས ༼༣༽ སངས་རྒྱས་ཀྱི་ཞིང་བཅུའི་རྡུལ་ཤིན་ཏུ་ཕྲ་བ་སྙེད་འདས་པའི་ཕ་རོལ་གྱི་འཇིག་རྟེན་གྱི་ཁམས་ཨཽཏཔ་ལའི་མདོག་ཅེས་བྱ་བ་། དེ་བཞིན་གཤེགས་པ་རིག་བྱེད་ཉི་མའི་སངས ༼༤༽ རྒྱས་ཀྱི་ཞིང་ནས་བྱང་ཆུབ་སེམས་དཔའ་ཡོན་ཏན་དཔལ་བྱང་ཆུབ་སེམས་དཔའ་སངས་རྒྱས་ཀྱི་ཞིང་བཅུའི་རྡུལ་ཤིན་ཏུ་ཕྲ་བ་སྙེད་དང་ལྷན་ཅིག་ཏུ་བཅོམ་ལྡན་འདས་གང་ན་བ ༼༥༽ དེར་དོང་སྟེ་ཕྱིན་ནས་བཅོམ་ལྡན་འདས་ལ་ཕྱག་འཚལ་ཏེ་། བྱང་ཤར་གྱི་ཕྱོགས་མཚམས་སུ་བརྟེན་ནས་སེངགེའི་ཁྲི་པདམོའི་སྙིང་པོ་ཅན་དག་མངོན་པར་སྤྲུལ་ཏེ་སྐྱིལ་མོ་ཀྲུང ༼༦༽ བཅས་ནས་འཁོད་དོ་༎,
26c4389d281f4f998ab45765aa2d3b04,東南無極　有金林刹 佛名盡精進　菩薩字目首,東南方極遠。不可計佛刹有佛。佛名阿旃陀墮陀。其刹名犍闍洹。那涅羅師利菩薩。從是刹來。與諸菩薩倶。其數如十佛刹塵。皆前爲佛作禮。各各於自然師子座交路帳中坐,ཤར་ལྷོའི་ཕྱོགས་མཚམས་སུ་འཇིག་རྟེན་གྱི་ཁམས་སངས་རྒྱས་ཀྱི་ཞིང་བཅུའི་རྡུལ་ཤིན་ཏུ་ཕྲ་བ་སྙེད་འདས་པའི་ཕ་རོལ་གྱི་འཇིག་རྟེན་གྱི་ཁམས ༼༧༽ གསེར་གྱི་མདོག་ཅེས་བྱ་བ་། དེ་བཞིན་གཤེགས་པ་རིག་བྱེད་མཐའ་རྒལ་གྱི་སངས་རྒྱས་ཀྱི་ཞིང་ནས་བྱང་ཆུབ་སེམས་དཔའ་མིག་གི་དཔལ་བྱང་ཆུབ་སེམས་དཔའ་སངས ༼༢༥༩བ༡༽ རྒྱས་ཀྱི་ཞིང་བཅུའི་རྡུལ་ཤིན་ཏུ་ཕྲ་བ་སྙེད་དང་ལྷན་ཅིག་ཏུ་བཅོམ་ལྡན་འདས་གང་ན་བ་དེར་དོང་སྟེ་ཕྱིན་ནས་བཅོམ་ལྡན་འདས་ལ་ཕྱག་འཚལ་ཏེ་། ཤར་ལྷོའི་ཕྱོགས་མཚམས ༼༢༽ སུ་བརྟེན་ནས་སེངགེའི་ཁྲི་པདམོའི་སྙིང་པོ་ཅན་དག་མངོན་པར་སྤྲུལ་ཏེ་། སྐྱིལ་མོ་ཀྲུང་བཅས་ནས་འཁོད་དོ་༎,金林刹: suvarṇa-vana-kṣetra;
d0a297e615514af8bda9e33aea853a0d,西南無極　有寶林刹 佛名上精進　菩薩字明首,西南方極遠。不可計佛刹有佛。佛名欝沈墮大。其刹名羅憐洹。惟闇師利菩薩。從是刹來。與諸菩薩倶。其數如十佛刹塵。皆前爲佛作禮。各各於自然師子座交路帳中坐,ལྷོ་ནུབ་ཀྱི་ཕྱོགས་མཚམས་ལོགས་སུ་འཇིག་རྟེན་གྱི་ཁམས་སངས་རྒྱས་ཀྱི ༼༣༽ ཞིང་བཅུའི་རྡུལ་ཤིན་ཏུ་ཕྲ་བ་སྙེད་འདས་པའི་ཕ་རོལ་གྱི་འཇིག་རྟེན་གྱི་ཁམས་རིན་པོ་ཆེའི་མདོག་ཅེས་བྱ་བ་། དེ་བཞིན་གཤེགས་པ་རིག་བྱེད་དམ་པའི་སངས་རྒྱས་ཀྱི་ཞིང་ནས་བྱང ༼༤༽ ཆུབ་སེམས་དཔའ་བརྩོན་འགྲུས་དཔལ་བྱང་ཆུབ་སེམས་དཔའ་སངས་རྒྱས་ཀྱི་ཞིང་བཅུའི་རྡུལ་ཤིན་ཏུ་ཕྲ་བ་སྙེད་དང་ལྷན་ཅིག་ཏུ་བཅོམ་ལྡན་འདས་གང་ན་བ་དེར་དོང་སྟེ་ཕྱིན་ནས ༼༥༽ བཅོམ་ལྡན་འདས་ལ་ཕྱག་འཚལ་ཏེ་། ལྷོ་ནུབ་ཀྱི་ཕྱོགས་མཚམས་སུ་བརྟེན་ནས་སེངགེའི་ཁྲི་པདམོའི་སྙིང་པོ་ཅན་དག་མངོན་པར་སྤྲུལ་ཏེ་སྐྱིལ་མོ་ཀྲུང་བཅས་ནས་འཁོད་དོ་༎ ,
b6620329818b47d7ae2041a1bf0daf99,西北無極　有金剛刹 佛名一乘度　菩薩字法首,西北方極遠。不可計佛刹有佛。佛名阿波羅墮。其刹名活逸洹。曇摩師利菩薩。從是刹來。與諸菩薩倶。其數如十佛刹塵。皆前爲佛作禮。各各於自然師子座交路帳中坐,༼༦༽ ནུབ་བྱང་གི་ཕྱོགས་མཚམས་སུ་འཇིག་རྟེན་གྱི་ཁམས་སངས་རྒྱས་ཀྱི་ཞིང་བཅུའི་རྡུལ་ཤིན་ཏུ་ཕྲ་བ་སྙེད་འདས་པའི་ཕ་རོལ་གྱི་འཇིག་རྟེན་གྱི་ཁམས་རྡོ་རྗེའི་མདོག་ཅེས་བྱ་བ་། ༼༧༽ དེ་བཞིན་གཤེགས་པ་རིག་བྱེད་དབང་ཕྱུག་གི་སངས་རྒྱས་ཀྱི་ཞིང་ནས་བྱང་ཆུབ་སེམས་དཔའ་ཆོས་ཀྱི་དཔལ་ཞེས་བྱ་བ་བྱང་ཆུབ་སེམས་དཔའ་སངས་རྒྱས་ཀྱི་ཞིང་བཅུའི་རྡུལ ༼༢༦༠ཨ༡༽ ཤིན་ཏུ་ཕྲ་བ་སྙེད་དང་ལྷན་ཅིག་ཏུ་བཅོམ་ལྡན་འདས་གང་ན་བ་དེར་སོང་སྟེ་ཕྱིན་ནས་བཅོམ་ལྡན་འདས་ལ་ཕྱག་འཚལ་ཏེ་། ནུབ་བྱང་གི་ཕྱོགས་མཚམས ༼༢༽ སུ་བརྟེན་ནས་སེངགེའི་ཁྲི་པདམོའི་སྙིང་པོ་ཅན་དག་མངོན་པར་སྤྲུལ་ཏེ་སྐྱིལ་མོ་ཀྲུང་བཅས་ནས་འཁོད་དོ་༎,金剛刹: vajra-kṣetra; 法首: dharma-śrī;
f006882e30f740d4867b6e1b67e9b151,下方無極　有水精刹 佛名梵精進　菩薩字智首,下方極遠。不可計佛刹有佛。佛名楓摩墮羅。其刹名潘利洹。那師利菩薩。從是刹來。與 諸菩薩倶。其數如十佛刹塵。皆前爲佛作禮。各各於自然師子座交路帳中坐,འོག་གི་ཕྱོགས་ལོགས་སུ་འཇིག་རྟེན་གྱི་ཁམས་སངས་རྒྱས་ཀྱི ༼༣༽ ཞིང་བཅུའི་རྡུལ་ཤིན་ཏུ་ཕྲ་བ་སྙེད་འདས་པའི་ཕ་རོལ་གྱི་འཇིག་རྟེན་གྱི་ཁམས་ཤེལ་གྱི་མདོག་ཅེས་བྱ་བ་། དེ་བཞིན་གཤེགས་པ་རིག་བྱེད་ཚངས་པའི་དབང་པོའི་སངས་རྒྱས༼༤༽ ཀྱི་ཞིང་ནས་བྱང་ཆུབ་སེམས་དཔའ་ཡེ་ཤེས་དཔལ་བྱང་ཆུབ་སེམས་དཔའ་སངས་རྒྱས་ཀྱི་ཞིང་བཅུའི་རྡུལ་ཤིན་ཏུ་ཕྲ་བ་སྙེད་དང་ལྷན་ཅིག་ཏུ་བཅོམ་ལྡན་འདས་གང་ན་བ་དེར ༼༥༽ དོང་སྟེ་ཕྱིན་ནས་བཅོམ་ལྡན་འདས་ལ་ཕྱག་འཚལ་ཏེ་། འོག་གི་ཕྱོགས་སུ་བརྟེན་ནས་སེངགེའི་ཁྲི་པདམོའི་སྙིང་པོ་ཅན་དག་མངོན་པར་སྤྲུལ་ཏེ་སྐྱིལ་མོ་ཀྲུང་བཅས་ནས་འཁོད ༼༦༽ དོ་༎,
4aeb94a927de4a0abe30de2a9a05be55,上方無極　有欲林刹 佛名至精進　菩薩字賢首是賢首等。皆彼第一。各與無數上人倶來。稽首佛足。坐一面蓮華上。,上方極遠。不可計佛刹有佛。佛名墮色。其刹名儨提拾洹。那軷陀師利菩薩。從是刹來。與諸菩薩倶。其數如十佛刹塵。皆前爲佛作禮。各各於自然師子座交路帳中坐,སྟེང་གི་ཕྱོགས་ལོགས་སུ་འཇིག་རྟེན་གྱི་ཁམས་སངས་རྒྱས་ཀྱི་ཞིང་བཅུའི་རྡུལ་ཤིན་ཏུ་ཕྲ་བ་སྙེད་འདས་པའི་ཕ་རོལ་གྱི་འཇིག་རྟེན་གྱི་ཁམས་འདྲ་བའི་མདོག་ཅེས ༼༧༽ བྱ་བ་། དེ་བཞིན་གཤེགས་པ་རིག་བྱེད་སྣ་ཚོགས་ཀྱི་སངས་རྒྱས་ཀྱི་ཞིང་ནས་བྱང་ཆུབ་སེམས་དཔའ་བཟང་པོའི་དཔལ་བྱང་ཆུབ་སེམས་དཔའ་སངས་རྒྱས་ཀྱི་ཞིང་བཅུའི་རྡུལ ༼༢༦༠བ༡༽ ཤིན་ཏུ་ཕྲ་བ་སྙེད་དང་ལྷན་ཅིག་ཏུ་བཅོམ་ལྡན་འདས་གང་ན་བ་དེར་དོང་སྟེ་ཕྱིན་ནས་བཅོམ་ལྡན་འདས་ལ་ཕྱག་འཚལ་ཏེ་། སྟེང་གི་ཕྱོགས་སུ་བརྟེན་ནས་སེངགེའི་ཁྲི་པདམོའི་སྙིང་པོ་ཅན ༼༢༽ དག་མངོན་པར་སྤྲུལ་ཏེ་སྐྱིལ་མོ་ཀྲུང་བཅས་ནས་འཁོད་དོ་༎,賢首: bhadra-śrī;
83f25030695e4ab1a5a8c77fb90785de,彼時敬首菩薩。承佛聖旨。歎曰,文殊師利菩薩。持佛威神。悉遍視諸菩薩。皆遍以便擧慧言。,དེ་ནས་བྱང་ཆུབ་སེམས་དཔའ་འཇམ་དཔལ་གྱིས་སངས་རྒྱས་ཀྱི་བྱིན་གྱི་རླབས་ཀྱིས་བྱང་ཆུབ་སེམས་དཔའི་དགེ་འདུན༼༣༽ ཐམས་ཅད་ལ་བལྟས་ཏེ་འདི་སྐད་ཅེས་སྨྲས་སོ་༎ ,敬首: Mañjuśrī(Aṣṭ);
1edad8d8694a4be59cb9598b9ec60982,快哉。今上人會。爲未曾有。,諸菩薩大衆會。何甚快耶。,བྱང་ཆུབ་སེམས་དཔའ་འདུས་པ་འདི་དག་ནི་། ངོ་མཚར་ཐོབ་པ་ཤ་སྟག་སྟེ་། ,上人: bodhisatva(Vkn); 未曾有: āścaryaprāptā(Vkn);
b0a4314bb04342d6a5bf078eb09cefcb,觀其所止。佛國清淨。至於被服如來徳戒。修行微妙成覺根力。演説經法。得佛威神。隨刹清濁。度人無極。分流道化。靡不周匝。於此佛土。國殊別者億百千姟。賢愚好醜。長短壽夭。種種言異。皆聞佛徳。各自名之。或有名佛爲大聖人。或有名佛爲大沙門。或號衆祐。或號神人。或稱勇智。或稱世尊。或謂能儒。或謂昇仙。或呼天師。或呼最勝。如是十方諸天人民。所稱名佛億萬無數。此皆佛本發意以來。班宣道化。所誨之徒也是時。佛放足下相輪光明。悉照佛界諸小國土。一小國土者。一須彌山日月運繞照四天下。東弗于逮。南閻浮提。西拘耶尼。北欝單越。四周大海。鐵垣圍表。上有二十八天。如此者爲一小國土。周匝十方合有百億。是時悉現百億須彌山百億日月。及四天王天。忉利天。炎天。兜術天。不憍樂天。化應聲天。梵天。梵衆天。梵輔天。大梵天。清明天。水行天。水微天。水無量天。水音天。約淨天。遍淨天。淨明天。守妙天。微妙天。廣妙天。極妙天。福愛天。愛勝天。近際天善觀天。快見天。無結愛天。識慧天。無所念慧天。至二十八無色天。各有百億。此爲一佛刹。號曰忍世界。釋迦文佛。分身百億。悉遍其中。於時天人。覩衆小國。諸佛菩薩。若近相見,不可復計諸佛刹。佛所居處。諸所處。諸所被服佛法。佛説法。佛刹威神。佛所行。佛筋力。佛刹善惡。不可計佛法。何因耶。十方諸佛刹土。所説道。所度脱十方人諸法甚深無極。如虚空。了無所罣礙。何因耶。是1蔡呵祇刹土四面種種人。各各異身體。各各異名。各各異色。各各有長短。各各有壽命。各各有形類。各各有思想。各各有念。各各異有聲。各各有聞佛聲。何因是國土。名波迦私提。四面中有呼佛名曰勝達。中有呼世世慢陀。中有呼夷阿那坭提。中有呼釋迦文尼。中有呼鼓師薩沈。中有呼墮樓延。中有呼倶滑提。中有呼摩呵沙門。中有呼晨那愁樓提。中有呼質多愁樓提等。爲四面如是輩。各各呼釋迦文佛名。合爲萬字。如是十方極過去不可復計諸佛刹。都人民種種各異語。共呼釋迦文佛。名佛字。一一佛刹。凡各十億萬字。釋迦文佛。從本未造學道已來。諸所教授弟子等輩時人。如是。佛放光明。先從足下出。照 一佛界中。極明現十億閻浮利天南。十億大海。十億須彌山。十億遮加惒山。十億弗于逮天東。十億倶耶匿天西。十億欝單曰天北。十億照頭摩羅天。十億忉利天。十億鹽天。十億兜術天。十億泥摩羅提羅鄰優天。十億波羅蜜和耶拔致天。十億梵天。十億梵迦夷天。十億梵弗還天。十億梵迦産天。十億摩訶梵天。十億廅天。十億波梨陀天。十億廅波摩那天。十億阿會亘羞天。十億7波栗羞訶天。十億阿波摩羞天。十億羞訖天。十億權呵天。十億波栗推呵天。十億阿＊波墮訶天。十億惟于潘天。十億阿惟潘天。十億阿陀波天。十億須音武天。十億呵迦膩吒天。十億阿惟先惟先尼如是等。各各照見諸天上人所止處。敢是佛界中。悉皆照明。釋迦文佛。都所典主。十方國一一方。各有一億小國土。皆有一大海一須彌山。上至三十三天。一小國土。如是所部。凡有十億小國土。合爲一佛刹名爲蔡呵祇。佛分身。悉遍至十億小國土。一一小國土。皆 有一佛。凡有十億佛。皆與諸菩薩。共坐十億小國土。諸天人民。皆悉見佛。諸菩薩諸天人民。皆持佛威神。相視如迎。相見,"སངས་རྒྱས་བཅོམ་ལྡན་འདས་རྣམས་ཀྱི་སངས་རྒྱས ༼༤༽ ཀྱི་ཞིང་ནི་། བསམ་གྱིས་མི་ཁྱབ་བོ་༎ སངས་རྒྱས་བཅོམ་ལྡན་འདས་རྣམས་ཀྱི་སངས་རྒྱས་ཀྱི་རྣམ་པར་སྤྱོད་པ་ནི་། བསམ་གྱིས་མི་ཁྱབ་བོ་༎ སངས་རྒྱས་བཅོམ་ལྡན་འདས་རྣམས ༼༥༽ ཀྱི་སངས་རྒྱས་ཀྱི་ཞིང་གི་རྒྱན་ནི་། བསམ་གྱིས་མི་ཁྱབ་བོ་༎ སངས་རྒྱས་བཅོམ་ལྡན་འདས་རྣམས་ཀྱི་སངས་རྒྱས་ཀྱི་ཆོས་ཉིད་ནི་། བསམ་གྱིས་མི་ཁྱབ་བོ་༎ སངས་རྒྱས་བཅོམ ༼༦༽ ལྡན་འདས་རྣམས་ཀྱི་སངས་རྒྱས་ཀྱི་ཞིང་ཡོངས་སུ་དག་པ་ནི་། བསམ་གྱིས་མི་ཁྱབ་བོ་༎ སངས་རྒྱས་བཅོམ་ལྡན་འདས་རྣམས་ཀྱི་སངས་རྒྱས་ཀྱི་ཆོས་བསྟན་པ་ནི་། བསམ་གྱིས ༼༧༽ མི་ཁྱབ་བོ་༎ སངས་རྒྱས་བཅོམ་ལྡན་འདས་རྣམས་ཀྱི་སངས་རྒྱས་ཀྱི་འབྱུང་བ་ནི་། བསམ་གྱིས་མི་ཁྱབ་བོ་༎ སངས་རྒྱས་བཅོམ་ལྡན་འདས་རྣམས་ཀྱི་སངས་རྒྱས་ཀྱི་ཞིང་ཀུན ༼༢༦༡ཨ༡༽ ཏུ་རྒྱུ་བ་ནི་། བསམ་གྱིས་མི་ཁྱབ་བོ་༎ སངས་རྒྱས་བཅོམ་ལྡན་འདས་རྣམས་ཀྱི་བླ་ན་མེད་པ་ཡང་དག་པར་རྫོགས་པའི་བྱང་ཆུབ་ནི་། བསམ་གྱིས་མི་ཁྱབ་སྟེ་། ༼༢༽ དེ་ཅིའི་ཕྱིར་ཞེ་ན་། འདི་ལྟར་སངས་རྒྱས་བཅོམ་ལྡན་འདས་རྣམས་ནི་། ཕྱོགས་བཅུའི་འཇིག་རྟེན་གྱི་ཁམས་དག་ཏུ་སེམས་ཅན་འདུལ་བ་རྣམས་ཀྱི་བསམ་པ་ཐུགས་སུ་ཆུད་ཅིང་། ༼༣༽ ནམ་མཁའི་དབྱིངས་ཀྱི་མཐས་གཏུགས་པ་ཆོས་ཀྱི་དབྱིངས་ཀྱིས་ཀླས་པ་དག་ཏུ་ཆོས་སྟོན་ཏེ་། དེ་ཅིའི་ཕྱིར་ཞེ་ན་། ཀྱེ་རྒྱལ་བའི་སྲས་དག་། འཇིག་རྟེན་གྱི་ཁམས་མི་མཇེད་འདི ༼༤༽ ཉིད་དང་། དེ་མ་ཡིན་པའི་གླིང་བཞི་པ་གཞན་དག་ནའང་སྐུ་གཞན་དང་གཞན་། མཚན་གཞན་དང་གཞན་། ཁ་དོག་དང་དབྱིབས་གཞན་དང་གཞན་། ཆུ་ཞེང་གཞན་དང ༼༥༽ གཞན་། སྐུ་ཚེའི་ཚད་གཞན་དང་གཞན་། སྐྱེ་མཆེད་བརྙེས་པ་གཞན་དང་གཞན་། དབང་པོ་བརྙེས་པ་གཞན་དང་གཞན་། འབྱུང་བའི་སྐྱེ་མཆེད་གཞན་དང་གཞན་། སྐུ ༼༦༽ གཟུགས་གཞན་དང་གཞན་དུ་དེ་བཞིན་གཤེགས་པ་སེམས་ཅན་རྣམས་ཀྱིས་རབ་ཏུ་ཤེས་སོ་༎ ཨཱིཏ་སེཨེམས་ཨིམཔོསསིབླེ་ཏོ་ཅོམཔརེ་ཐིས་ཆིནེསེ་པརགྲཕ་ཝིཐ་ཐེ་ཊིབེཏན་བེ༹རསིཨོན་དུཨེ་ཏོ་ཐེ་ཕ༹ཅཏ་ཐཏ་ཐེ་ཆིནེསེ་པརགྲཕ་ཨིས་མུཆ་ཤོརྟེར་ཐན་ཐཏ་ཨོཕ༹་ཐེ་ཊིབེཏན་ཎོནེཐེལེསས,་ཐེ་ཅོནཏེནཙ་ཨོཕ༹་ཐིས་ཆིནེསེ་པརགྲཕ་ཨརེ་སིམིལར་ཏོ་ཐེ་ཕོ༹ལློཝིང་ཊིབེཏན་སེནཏེནཅེས་Fཨོར་ཨེ྾ཨམཔླེ,་བོཐ་ཨོཕ༹་ཐེམ་དེསཅྲིབེ་ཐེ་ནམེ་ཨོཕ༹་ཊཐཱགཏ,་ཅཀṣཨུརདབི༹པ,་ཐེ་ཕོ༹ཨུར་དིརེཅཏིཨོནས,་ཨནད་ཐེ་སཧཝོརལད་Fཨུརཐེརྨོརེ,་ཐེ་བེགིནནིང་ཨོཕ༹་ཐེ་སེཅོནད་ཆཔཏེར་ཨོཕ༹་བོཐ་བེ༹རསིཨོནས་ཨརེ་སམེ་ཨིན་ཐཏ་ཐེཡ་སྟརཏ་ཝིཐ་ཐེ་ཅོནབེ༹རསཏིཨོན་བེཏྭེཨེན་ཏྭོ་བོདྷིསཏབ༹ས,་ནམེལཡ་ཐེ་བོདྷིསཏཏབ༹་མཉཇུཤརī་ཨནད་ཐེ་བོདྷིསཏཏབ༹་བྷདྲཤརī.་",經法: dharmaparyāya(Vkn); 佛威神: buddhānubhāva(Vkn); 弗于逮: Pūrva-Videha; 閻浮提: Jambudvīpa; 拘耶尼: Aparagodānīya; 欝單越: Uttarakuru;
ae939bdd11b9417a93e24f317df8500a,.,.,ཀྱེ་རྒྱལ་བའི་སྲས་དག་། གླིང་བཞི་པ་འདི་དང་འདབས་ཆགས་སུ་ལྷོ་ཕྱོགས་ལོགས་ན་གླིང་བཞི་པ་བཟོད་པར་དཀའ་བ་ཞེས་བྱ་བ་ཡོད་དེ་། དེ་ན་དེ་བཞིན་གཤེགས་པ་ལ ༼༣༽ དབང་པོ་ཞེས་བྱ་བར་རབ་ཏུ་ཤེས་སོ་༎ ནོར་གྲགས་ཞེས་བྱ་བར་རབ་ཏུ་ཤེས་སོ་༎ དྲི་མ་མེད་པ་ཞེས་བྱ་བར་རབ་ཏུ་ཤེས་སོ་༎ ཡང་དག་པར་གསུང་བ་ཞེས་བྱ་བར་རབ་ཏུ་ཤེས་སོ་༎ ༼༤༽ འདུལ་བ་ཞེས་བྱ་བར་རབ་ཏུ་ཤེས་སོ་༎ དགྱེས་པ་མངའ་བ་ཞེས་བྱ་བར་རབ་ཏུ་ཤེས་སོ་༎ རྣམ་པར་གྲགས་པ་ཞེས་བྱ་བར་རབ་ཏུ་ཤེས་སོ་༎ དོན་མཛད་པ་ཞེས་བྱ་བར་རབ་ཏུ་ཤེས ༼༥༽ སོ་༎ མཐའ་ཡས་པ་ཞེས་བྱ་བར་རབ་ཏུ་ཤེས་སོ་༎ དཔལ་དང་ལྡན་པ་ཞེས་བྱ་བར་རབ་ཏུ་ཤེས་ཏེ་། ཀྱེ་རྒྱལ་བའི་སྲས་དག་། དེ་དག་ལ་སོགས་པ་གླིང་བཞི་པ་བཟོད་པར་དཀའ ༼༦༽ བ་ན་མཚན་སྟོང་ཕྲག་བཅུར་དེ་བཞིན་གཤེགས་པ་སེམས་ཅན་རྣམས་ཀྱིས་རབ་ཏུ་ཤེས་སོ་༎ཀྱེ་རྒྱལ་བའི་སྲས་དག་། གླིང་བཞི་པ་འདི་དང་འདབས་ཆགས་སུ་ནུབ་ཕྱོགས ༼༧༽ ལོགས་ན་གླིང་བཞི་པ་གཉེན་དང་ལྡན་པ་ཞེས་བྱ་བ་ཡོད་དེ་། དེ་ན་དེ་བཞིན་གཤེགས་པ་ལ་ཆུའི་ལྷ་ཞེས་བྱ་བར་རབ་ཏུ་ཤེས་སོ་༎ བལྟ་ན་དགའ་བ་ཞེས་བྱ་བར་རབ་ཏུ་ཤེས ༼༢༦༢བ༡༽ སོ་༎ རྒྱལ་པོ་དམ་པ་ཞེས་བྱ་བར་རབ་ཏུ་ཤེས་སོ་༎ སེངགེ་འདུལ་བ་ཞེས་བྱ་བར་རབ་ཏུ་ཤེས་སོ་༎ བདེན་པའི་བློ་གྲོས་ཞེས་བྱ་བར་རབ་ཏུ་ཤེས་སོ་༎ མཐའ་ལས་འདས་པར་གཤེགས ༼༢༽ པ་ཞེས་བྱ་བར་རབ་ཏུ་ཤེས་སོ་༎ དགྱེས་པ་ཞེས་བྱ་བར་རབ་ཏུ་ཤེས་སོ་༎ ཆོས་ཀྱི་བློ་གྲོས་ཞེས་བྱ་བར་རབ་ཏུ་ཤེས་སོ་༎ འཕྲིན་ལས་གྲུབ་པ་ཞེས་བྱ་བར་རབ་ཏུ་ཤེས་སོ་༎ མཁས་པ ༼༣༽ ཞེས་བྱ་བར་རབ་ཏུ་ཤེས་ཏེ་། ཀྱེ་རྒྱལ་བའི་སྲས་དག་། དེ་དག་ལ་སོགས་པ་གླིང་བཞི་པ་གཉེན་དང་ལྡན་པ་ཞེས་བྱ་བ་དེ་ན་མཚན་སྟོང་ཕྲག་བཅུར་དེ་བཞིན་གཤེགས་པ་སེམས་ཅན ༼༤༽ རྣམས་ཀྱིས་རབ་ཏུ་ཤེས་སོ་༎ཀྱེ་རྒྱལ་བའི་སྲས་དག་། གླིང་བཞི་པ་འདི་དང་འདབས་ཆགས་སུ་བྱང་ཕྱོགས་ལོགས་ན་གླིང་བཞི་པ་སེངགེ་ཡོད་པ་ཞེས་བྱ་བ་ཡོད་དེ་། དེ་ན་དེ་བཞིན ༼༥༽ གཤེགས་པ་ལ་ཐུབ་པ་ཆེན་པོ་ཞེས་བྱ་བར་རབ་ཏུ་ཤེས་སོ་༎ དཀའ་ཐུབ་ཀྱིས་བསྒྲུབས་པ་ཞེས་བྱ་བར་རབ་ཏུ་ཤེས་སོ་༎ ཞིང་ལ་དཔའ་བ་ཞེས་བྱ་བར་རབ་ཏུ་ཤེས་སོ་༎ ཐམས ༼༦༽ ཅད་ཐུགས་སུ་ཆུད་པ་ཞེས་བྱ་བར་རབ་ཏུ་ཤེས་སོ་༎ ཡིད་བཟང་པོ་ཞེས་བྱ་བར་རབ་ཏུ་ཤེས་སོ་༎ ཡོངས་སུ་དག་པ་ཞེས་བྱ་བར་རབ་ཏུ་ཤེས་སོ་༎ ཤུགས་འཛིན་ཞེས་བྱ་བར་རབ་ཏུ ༼༧༽ ཤེས་སོ་༎ ལྡ་ལྡི་བཟང་པོ་ཞེས་བྱ་བར་རབ་ཏུ་ཤེས་སོ་༎ བརྟུལ་ཞུགས་བརྙེས་པ་ཞེས་བྱ་བར་རབ་ཏུ་ཤེས་ཏེ་། ཀྱེ་རྒྱལ་བའི་སྲས་དག་། དེ་དག་ལ་སོགས་པ་གླིང་བཞི་པ་སེངགེ་ཡོད ༼༢༦༣ཨ༡༽ པ་ན་མཚན་སྟོང་ཕྲག་བཅུར་དེ་བཞིན་གཤེགས་པ་སེམས་ཅན་རྣམས་ཀྱིས་རབ་ཏུ་ཤེས་སོ་༎ཀྱེ་རྒྱལ་བའི་སྲས་དག་། གླིང་བཞི་པ་འདི་དང་འདབས ༼༢༽ ཆགས་སུ་བྱང་ཤར་གྱི་ཕྱོགས་མཚམས་ན་གླིང་བཞི་པ་རྣམ་པར་བརྩེགས་པ་ཞེས་བྱ་བ་ཡོད་དེ་། དེ་ན་དེ་བཞིན་གཤེགས་པ་ལ་བདུད་རྣམ་པར་འཇོམས་པ་ཞེས་བྱ་བར་རབ ༼༣༽ ཏུ་ཤེས་སོ་༎ ཡང་དག་པར་འབྱུང་བ་ཞེས་བྱ་བར་རབ་ཏུ་ཤེས་སོ་༎ ཞི་བ་ཞེས་བྱ་བར་རབ་ཏུ་ཤེས་སོ་༎ བཟང་པོ་ལྷ་ཞེས་བྱ་བར་རབ་ཏུ་ཤེས་སོ་༎ འདོད་ཆགས་དང་བྲལ ༼༤༽ པ་ཞེས་བྱ་བར་རབ་ཏུ་ཤེས་སོ་༎ བློ་གྲོས་མཆོག་ཅེས་བྱ་བར་རབ་ཏུ་ཤེས་སོ་༎ ཐུགས་མཉམ་པ་ཞེས་བྱ་བར་རབ་ཏུ་ཤེས་སོ་༎ གཞན་གྱིས་མི་ཐུབ་པ་ཞེས་བྱ་བར་རབ་ཏུ་ཤེས ༼༥༽ སོ་༎ བློ་གྲོས་ཀྱི་དབྱངས་ཞེས་བྱ་བར་རབ་ཏུ་ཤེས་སོ་༎ རིང་དུ་བཞུད་པ་ཞེས་བྱ་བར་རབ་ཏུ་ཤེས་ཏེ་། ཀྱེ་རྒྱལ་བའི་སྲས་དག་། དེ་དག་ལ་སོགས་པ་གླིང་བཞི་པ་རྣམ་པར ༼༦༽ བརྩེགས་པ་ཞེས་བྱ་བ་ན་མཚན་སྟོང་ཕྲག་བཅུར་དེ་བཞིན་གཤེགས་པ་སེམས་ཅན་རྣམས་ཀྱིས་རབ་ཏུ་ཤེས་སོ་༎ཀྱེ་རྒྱལ་བའི་སྲས་དག་། གླིང་བཞི་པ་འདི་དང་འདབས ༼༧༽ ཆགས་སུ་ཤར་ལྷོའི་ཕྱོགས་མཚམས་ན་གླིང་བཞི་པ་དགའ་བ་ཞེས་བྱ་བ་ཡོད་དེ་། དེ་ན་དེ་བཞིན་གཤེགས་པ་ལ་འཇིགས་པ་ཞེས་བྱ་བར་རབ་ཏུ་ཤེས་སོ་༎ མེའི་ཕུང ༼༢༦༣བ༡༽ པོ་ཞེས་བྱ་བར་རབ་ཏུ་ཤེས་སོ་༎ ཐུགས་སུ་ཆུད་པ་ཞེས་བྱ་བར་རབ་ཏུ་ཤེས་སོ་༎ ཁྱབ་པ་དང་ལྡན་པ་ཞེས་བྱ་བར་རབ་ཏུ་ཤེས་སོ་༎ མི་ལྡན་པ་ཞེས་བྱ་བར་རབ་ཏུ་ཤེས་སོ་༎ ༼༢༽ རང་བཞིན་འཛིན་པ་ཞེས་བྱ་བར་རབ་ཏུ་ཤེས་སོ་༎ རིགས་པར་སྤྱོད་པ་ཞེས་བྱ་བར་རབ་ཏུ་ཤེས་སོ་༎ མིག་གི་རྒྱལ་པོ་ཞེས་བྱ་བར་རབ་ཏུ་ཤེས་སོ་༎ ཤིན་ཏུ་འཕགས་པ་ཞེས་བྱ ༼༣༽ བར་རབ་ཏུ་ཤེས་སོ་༎ སྟོབས་ཀྱི་བརྩོན་འགྲུས་ཞེས་བྱ་བར་རབ་ཏུ་ཤེས་ཏེ་། ཀྱེ་རྒྱལ་བའི་སྲས་དག་། དེ་དག་ལ་སོགས་པ་གླིང་བཞི་པ་དགའ་བ་ན་མཚན་སྟོང་ཕྲག་བཅུར་དེ་བཞིན ༼༤༽ གཤེགས་པ་སེམས་ཅན་རྣམས་ཀྱིས་རབ་ཏུ་ཤེས་སོ་༎ཀྱེ་རྒྱལ་བའི་སྲས་དག་། གླིང་བཞི་པ་འདི་དང་འདབས་ཆགས་སུ་ལྷོ་ནུབ་ཀྱི་ཕྱོགས་མཚམས་ན་གླིང་བཞི་པ་སྙིང་པོ་དམ་པ ༼༥༽ ཞེས་བྱ་བ་ཡོད་དེ་། དེ་ན་དེ་བཞིན་གཤེགས་པ་ལ་མི་གཡོ་བ་ཞེས་བྱ་བར་རབ་ཏུ་ཤེས་སོ་༎ མཁས་པའི་རྒྱལ་པོ་ཞེས་བྱ་བར་རབ་ཏུ་ཤེས་སོ་༎ ཡོངས་སུ་རྒྱས་པ་ཞེས་བྱ་བར་རབ ༼༦༽ ཏུ་ཤེས་སོ་༎ མི་བསྐྱོད་པ་ཞེས་བྱ་བར་རབ་ཏུ་ཤེས་སོ་༎ མཛེས་པའི་སྤྱན་ཅན་ཞེས་བྱ་བར་རབ་ཏུ་ཤེས་སོ་༎ རྒྱལ་པོའི་མཆོག་ཅེས་བྱ་བར་རབ་ཏུ་ཤེས་སོ་༎ དབྱངས་ཀྱི་དབང་ཕྱུག ༼༧༽ ཅེས་བྱ་བར་རབ་ཏུ་ཤེས་སོ་༎ ཐམས་ཅད་གཏོང་བ་ཞེས་བྱ་བར་རབ་ཏུ་ཤེས་སོ་༎ དྲང་སྲོང་འཛིན་པ་ཞེས་བྱ་བར་རབ་ཏུ་ཤེས་སོ་༎ རི་རབ་དཔལ་ཞེས་བྱ་བར་རབ་ཏུ་ཤེས་ཏེ་། ཀྱེ་རྒྱལ ༼༢༦༤ཨ༡༽ བའི་སྲས་དག་། གླིང་བཞི་པ་སྙིང་པོ་དམ་པ་ན་མཚན་སྟོང་ཕྲག་བཅུར་དེ་བཞིན་གཤེགས་པ་སེམས་ཅན་རྣམས་ཀྱིས་རབ་ཏུ་ཤེས་སོ་༎ཀྱེ་རྒྱལ་བའི ༼༢༽ སྲས་དག་། གླིང་བཞི་པ་འདི་དང་འདབས་ཆགས་སུ་ནུབ་བྱང་གི་ཕྱོགས་མཚམས་ན་གླིང་བཞི་པ་ས་བཟང་པོ་ཞེས་བྱ་བ་ཡོད་དེ་། དེ་ན་དེ་བཞིན་གཤེགས་པ་ལ་ཡང་དག ༼༣༽ པའི་མཐའ་ཞེས་བྱ་བར་རབ་ཏུ་ཤེས་སོ་༎ འོད་འཕྲོ་བ་དང་ལྡན་པ་ཞེས་བྱ་བར་རབ་ཏུ་ཤེས་སོ་༎ རིན་པོ་ཆེའི་གཙུག་ཕུད་ཅེས་བྱ་བར་རབ་ཏུ་ཤེས་སོ་༎ དྲན་པར་བྱ་བ་ཞེས ༼༤༽ བྱ་བར་རབ་ཏུ་ཤེས་སོ་༎ དོན་གྱི་མཆོག་ཅེས་བྱ་བར་རབ་ཏུ་ཤེས་སོ་༎ ཤིན་ཏུ་བཞད་པ་ཞེས་བྱ་བར་རབ་ཏུ་ཤེས་སོ་༎ རིགས་གཙང་མ་ཞེས་བྱ་བར་རབ་ཏུ་ཤེས་སོ་༎ འོད ༼༥༽ ཀྱི་དཀྱིལ་འཁོར་ཅེས་བྱ་བར་རབ་ཏུ་ཤེས་སོ་༎ ཕྱག་ཤིན་ཏུ་འཕྱང་བ་ཞེས་བྱ་བར་རབ་ཏུ་ཤེས་སོ་༎ ཐོག་མར་རབ་ཏུ་གནས་པ་ཞེས་བྱ་བར་རབ་ཏུ་ཤེས་ཏེ་། ཀྱེ་རྒྱལ་བའི་སྲས ༼༦༽ དག་། དེ་དག་ལ་སོགས་པ་གླིང་བཞི་པ་ས་བཟང་པོ་ན་མཚན་སྟོང་ཕྲག་བཅུར་དེ་བཞིན་གཤེགས་པ་སེམས་ཅན་རྣམས་ཀྱིས་རབ་ཏུ་ཤེས་སོ་༎ཀྱེ་རྒྱལ་བའི་སྲས་དག་། ༼༧༽ གླིང་བཞི་པ་འདི་དང་འདབས་ཆགས་སུ་འོག་ལོགས་ན་གླིང་བཞི་པ་འོད་འཕྲོ་བ་དང་ལྡན་པ་ཞེས་བྱ་བ་ཡོད་དེ་། དེ་ན་དེ་བཞིན་གཤེགས་པ་ལ་ཤིན་ཏུ་གྲུབ་པ་ཞེས་བྱ ༼༢༦༤བ༡༽ བར་རབ་ཏུ་ཤེས་སོ་༎ སེངགེའི་ཁ་དོག་ཅེས་བྱ་བར་རབ་ཏུ་ཤེས་སོ་༎ རྣོ་བ་ཞེས་བྱ་བར་རབ་ཏུ་ཤེས་སོ་༎ གསེར་གྱི་འོད་འཕྲོ་བ་ཞེས་བྱ་བར་རབ་ཏུ་ཤེས་སོ་༎ ཐམས་ཅད་ཀྱི་བཤེས་གཉེན ༼༢༽ ཞེས་བྱ་བར་རབ་ཏུ་ཤེས་སོ་༎ གསུང་མཐར་ཐུག་པ་ཞེས་བྱ་བར་རབ་ཏུ་ཤེས་སོ་༎ ཕན་པ་མཛད་པ་ཞེས་བྱ་བར་རབ་ཏུ་ཤེས་སོ་༎ མཐར་ཐུག་པ་ཞེས་བྱ་བར་རབ་ཏུ་ཤེས་སོ་༎ ལྷ་མ་ནོར ༼༣༽ བ་ཞེས་བྱ་བར་རབ་ཏུ་ཤེས་སོ་༎ སྦྱིན་པ་སྙོམས་པ་ཞེས་བྱ་བར་རབ་ཏུ་ཤེས་ཏེ་། ཀྱེ་རྒྱལ་བའི་སྲས་དག་། དེ་དག་ལ་སོགས་པ་གླིང་བཞི་པ་འོད་འཕྲོ་བ་དང་ལྡན་པ་ན་མཚན་སྟོང་ཕྲག ༼༤༽ བཅུར་དེ་བཞིན་གཤེགས་པ་སེམས་ཅན་རྣམས་ཀྱིས་རབ་ཏུ་ཤེས་སོ་༎ཀྱེ་རྒྱལ་བའི་སྲས་དག་། གླིང་བཞི་པ་འདི་དང་འདབས་ཆགས་སུ་སྟེང་ལོགས་ན་གླིང་བཞི་པ་ནོར་འཛིན ༼༥༽ ཅེས་བྱ་བ་ཡོད་དེ་། དེ་ན་དེ་བཞིན་གཤེགས་པ་ལ་བློ་གྲོས་དང་ལྡན་པ་ཞེས་བྱ་བར་རབ་ཏུ་ཤེས་སོ་༎ ཞལ་དག་པ་ཞེས་བྱ་བར་རབ་ཏུ་ཤེས་སོ་༎ བཤེས་གཉེན་དང་ལྡན་པ་ཞེས་བྱ ༼༦༽ བར་རབ་ཏུ་ཤེས་སོ་༎ ཐོག་མར་གཤེགས་པ་ཞེས་བྱ་བར་རབ་ཏུ་ཤེས་སོ་༎ བྱིན་རྣམ་པར་བཀོད་པ་ཞེས་བྱ་བར་རབ་ཏུ་ཤེས་སོ་༎ དགའ་བར་མཛད་པ་ཞེས་བྱ་བར་རབ་ཏུ་ཤེས་སོ་༎ ༼༧༽ དགོངས་པ་གྲུབ་པ་ཞེས་བྱ་བར་རབ་ཏུ་ཤེས་སོ་༎ མེ་ཞེས་བྱ་བར་རབ་ཏུ་ཤེས་སོ་༎ ཚུལ་ཁྲིམས་དང་ལྡན་པ་ཞེས་བྱ་བར་རབ་ཏུ་ཤེས་སོ་༎ གཅིག་ལ་བརྟེན་པ་ཞེས་བྱ་བར་རབ་ཏུ ༼༢༦༥ཨ༡༽ ཤེས་ཏེ་། ཀྱེ་རྒྱལ་བའི་སྲས་དག་དེ་དག་ལ་སོགས་པ་གླིང་བཞི་པ་ནོར་འཛིན་ན་མཚན་སྟོང་ཕྲག་བཅུར་དེ་བཞིན་གཤེགས་པ་སེམས་ཅན་རྣམས་ཀྱིས་རབ ༼༢༽ ཏུ་ཤེས་སོ་༎ཀྱེ་རྒྱལ་བའི་སྲས་དག་། དེ་ལྟར་དེ་དག་ལ་སོགས་པ་འཇིག་རྟེན་གྱི་ཁམས་མི་མཇེད་འདི་ན་གླིང་བཞི་པའི་འཇིག་རྟེན་གྱི་ཁམས་བྱེ་བ་ཕྲག་བརྒྱ་ཡོད་དེ་། དེ་དག ༼༣༽ ཀུན་ན་ཡང་དེ་བཞིན་གཤེགས་པ་ལ་མཚན་གཞན་དང་གཞན་གྱིས་བརྗོད་དེ་། མཚན་བྱེ་བ་བརྒྱ་སྟོང་ཕྲག་བཅུར་དེ་བཞིན་གཤེགས་པ་སེམས་ཅན་རྣམས་ཀྱིས་རབ་ཏུ་ཤེས ༼༤༽ སོ་༎ཀྱེ་རྒྱལ་བའི་སྲས་དག་། འཇིག་རྟེན་གྱི་ཁམས་མི་མཇེད་འདི་དང་འདབས་ཆགས་སུ་ཤར་ཕྱོགས་ལོགས་ན་འཇིག་རྟེན་གྱི་ཁམས་ཁེབས་པ་དང་ལྡན་པ་ཞེས་བྱ་བ་ཡོད་དེ་། ༼༥༽ དེ་ན་དེ་བཞིན་གཤེགས་པ་ལ་མཉམ་པ་ཞེས་བྱ་བར་རབ་ཏུ་ཤེས་སོ་༎ འཕགས་པ་ལྷག་པ་ཞེས་བྱ་བར་རབ་ཏུ་ཤེས་སོ་༎ དབུགས་ཕྱིན་པ་ཞེས་བྱ་བར་རབ་ཏུ་ཤེས་སོ་༎ བསམ ༼༦༽ པ་གྲོལ་བ་ཞེས་བྱ་བར་རབ་ཏུ་ཤེས་སོ་༎ ཉན་པའི་བདག་པོ་ཞེས་བྱ་བར་རབ་ཏུ་ཤེས་སོ་༎ ཁྱབ་པར་བཞུགས་པ་ཞེས་བྱ་བར་རབ་ཏུ་ཤེས་སོ་༎ དབང་དུ་གྱུར་པ་ཞེས་བྱ་བར ༼༧༽ རབ་ཏུ་ཤེས་སོ་༎ སའ་ལའི་ལྷུན་ཞེས་བྱ་བར་རབ་ཏུ་ཤེས་སོ་༎ རྩལ་ཆེན་པོ་ཞེས་བྱ་བར་རབ་ཏུ་ཤེས་སོ་༎ བློ་འདྲ་བ་མེད་པ་ཞེས་བྱ་བར་རབ་ཏུ་ཤེས་ཏེ་། ཀྱེ་རྒྱལ་བའི་སྲས ༼༢༦༥བ༡༽ དག་། དེ་དག་ལ་སོགས་པ་འཇིག་རྟེན་གྱི་ཁམས་ཁེབས་པ་དང་ལྡན་པ་ན་མཚན་བྱེ་བ་བརྒྱ་སྟོང་ཕྲག་བཅུར་དེ་བཞིན་གཤེགས་པ་སེམས་ཅན་རྣམས་ཀྱི་རབ་ཏུ་ཤེས་སོ་༎ཀྱེ་རྒྱལ་བའི ༼༢༽ སྲས་དག་། འཇིག་རྟེན་གྱི་ཁམས་མི་མཇེད་འདི་དང་འདབས་ཆགས་སུ་ལྷོ་ཕྱོགས་ལོགས་ན་འཇིག་རྟེན་གྱི་ཁམས་ལྷག་པ་ཞེས་བྱ་བ་ཡོད་དེ་། དེ་ན་དེ་བཞིན་གཤེགས་པ་ལ་རང་བཞིན ༼༣༽ ཐུགས་སུ་ཆུད་ཅེས་བྱ་བར་རབ་ཏུ་ཤེས་སོ་༎ བསམ་པ་གྲོལ་བ་ཞེས་བྱ་བར་རབ་ཏུ་ཤེས་ཏེ་། ཀྱེ་རྒྱལ་བའི་སྲས་དག་། དེ་དག་ལ་སོགས་པ་འཇིག་རྟེན་གྱི་ཁམས་ལྷག་པ་ན་མཚན་བྱེ ༼༤༽ བ་བརྒྱ་སྟོང་ཕྲག་བཅུར་དེ་བཞིན་གཤེགས་པ་སེམས་ཅན་རྣམས་ཀྱིས་རབ་ཏུ་ཤེས་སོ་༎ཀྱེ་རྒྱལ་བའི་སྲས་དག་། འཇིག་རྟེན་གྱི་ཁམས་མི་མཇེད་འདི་དང་འདབས་ཆགས་སུ་ནུབ་ཕྱོགས ༼༥༽ ལོགས་ན་འཇིག་རྟེན་གྱི་ཁམས་རྡུལ་བསལ་བ་ཞེས་བྱ་བ་ཡོད་དེ་། དེ་ན་དེ་བཞིན་གཤེགས་པ་ལ་དགོངས་པ་དང་ལྡན་པ་ཞེས་བྱ་བར་རབ་ཏུ་ཤེས་སོ་༎ ལམ་རྣམ་པར་བསྒོམས་པ ༼༦༽ ཞེས་བྱ་བར་རབ་ཏུ་ཤེས་སོ་༎ བརྟན་པའི་གཞི་ཞེས་བྱ་བར་རབ་ཏུ་ཤེས་སོ་༎ ཁྱབ་ཅིང་གྲོལ་བ་ཞེས་བྱ་བར་རབ་ཏུ་ཤེས་སོ་༎ དོན་མཁྱེན་པ་ཞེས་བྱ་བར་རབ་ཏུ་ཤེས་སོ་༎ བྱེ ༼༧༽ བྲག་ལ་དགྱེས་པ་ཞེས་བྱ་བར་རབ་ཏུ་ཤེས་སོ་༎ གཟིགས་པ་དམ་པ་ཞེས་བྱ་བར་རབ་ཏུ་ཤེས་སོ་༎ འདུལ་བ་ཐུགས་སུ་ཆུད་པ་ཞེས་བྱ་བར་རབ་ཏུ་ཤེས་སོ་༎ ཀུན་ཏུ་སྙོམས་པ་ཞེས ༼༢༦༦ཨ༡༽ བྱ་བར་རབ་ཏུ་ཤེས་སོ་༎ དགྱེས་པ་དང་ལྡན་པ་ཞེས་བྱ་བར་རབ་ཏུ་ཤེས་ཏེ་། ཀྱེ་རྒྱལ་བའི་སྲས་དག་། དེ་དག་ལ་སོགས་པ་འཇིག་རྟེན་གྱི་ཁམས་རྡུལ ༼༢༽ བསལ་བ་ན་མཚན་བྱེ་བ་བརྒྱ་སྟོང་ཕྲག་བཅུར་དེ་བཞིན་གཤེགས་པ་སེམས་ཅན་རྣམས་ཀྱིས་རབ་ཏུ་ཤེས་སོ་༎ཀྱེ་རྒྱལ་བའི་སྲས་དག་། འཇིག་རྟེན་གྱི་ཁམས་མི་མཇེད་འདི་དང ༼༣༽ འདབས་ཆགས་སུ་བྱང་ཕྱོགས་ལོགས་ན་འཇིག་རྟེན་གྱི་ཁམས་རྣམ་པར་བྱུང་བ་ཞེས་བྱ་བ་ཡོད་དེ་། དེ་ན་དེ་བཞིན་གཤེགས་པ་ལ་ཙམ་པ་ཀའི་ཁ་དོག་ཅེས་བྱ་བར་རབ་ཏུ་ཤེས ༼༤༽ སོ་༎ ཉི་མའི་སྙིང་པོ་ཞེས་བྱ་བར་རབ་ཏུ་ཤེས་སོ་༎ མཐུ་ཤིན་ཏུ་གནས་པ་ཞེས་བྱ་བར་རབ་ཏུ་ཤེས་སོ་༎ བྱིན་གྱི་རླབས་ཡང་དག་པར་འབྱུང་བ་ཞེས་བྱ་བར་རབ་ཏུ་ཤེས་སོ་༎ ༼༥༽ རང་བཞིན་དམ་པ་ཞེས་བྱ་བར་རབ་ཏུ་ཤེས་སོ་༎ བློ་གྲོས་ཀྱི་ཉི་མ་ཞེས་བྱ་བར་རབ་ཏུ་ཤེས་སོ་༎ ཐོགས་པ་མེད་པ་ཞེས་བྱ་བར་རབ་ཏུ་ཤེས་སོ་༎ ཟླ་བ་ཤར་བ་ཞེས་བྱ་བར་རབ་ཏུ ༼༦༽ ཤེས་སོ་༎ རླུང་གི་ཤུགས་ཞེས་བྱ་བར་རབ་ཏུ་ཤེས་སོ་༎ སྒྲ་ཤིན་ཏུ་གསལ་བ་ཞེས་བྱ་བར་རབ་ཏུ་ཤེས་ཏེ་། ཀྱེ་རྒྱལ་བའི་སྲས་དག་། དེ་དག་ལ་སོགས་པ་འཇིག་རྟེན་གྱི་ཁམས ༼༧༽ རྣམ་པར་བྱུང་བ་ན་མཚན་བྱེ་བ་བརྒྱ་སྟོང་ཕྲག་བཅུར་དེ་བཞིན་གཤེགས་པ་སེམས་ཅན་རྣམས་ཀྱིས་རབ་ཏུ་ཤེས་སོ་༎ཀྱེ་རྒྱལ་བའི་སྲས་དག་། འཇིག་རྟེན་གྱི་ཁམས་མི་མཇེད ༼༢༦༦བ༡༽ འདི་དང་འདབས་ཆགས་སུ་བྱང་ཤར་གྱི་ཕྱོགས་མཚམས་ལོགས་ན་འཇིག་རྟེན་གྱི་ཁམས་འཕོ་བར་བྱེད་པ་ཞེས་བྱ་བ་ཡོད་དེ་། དེ་ན་དེ་བཞིན་གཤེགས་པ་ལ་སྡུག་བསྔལ་དང ༼༢༽ བྲལ་བ་ཞེས་བྱ་བར་རབ་ཏུ་ཤེས་སོ་༎ ཐམས་ཅད་ལས་གྲོལ་བ་ཞེས་བྱ་བར་རབ་ཏུ་ཤེས་སོ་༎ རྒྱུ་དང་ལྡན་པ་ཞེས་བྱ་བར་རབ་ཏུ་ཤེས་སོ་༎ གྲོལ་ཞིང་མཁས་པ་ཞེས་བྱ་བར་རབ་ཏུ ༼༣༽ ཤེས་སོ་༎ འདས་པའི་གཏེར་ཞེས་བྱ་བར་རབ་ཏུ་ཤེས་སོ་༎ རིན་པོ་ཆེའི་འོད་ཅེས་བྱ་བར་རབ་ཏུ་ཤེས་སོ་༎ འཇིག་རྟེན་སྟོན་པ་ཞེས་བྱ་བར་རབ་ཏུ་ཤེས་སོ་༎ གནས་མེད་པའི་ས་ཐུགས ༼༤༽ སུ་ཆུད་པ་ཞེས་བྱ་བར་རབ་ཏུ་ཤེས་སོ་༎ དད་པའི་སྙིང་པོ་ཞེས་བྱ་བར་རབ་ཏུ་ཤེས་སོ་༎ ཐུགས་མི་སྒུལ་བ་ཞེས་བྱ་བར་རབ་ཏུ་ཤེས་ཏེ་། ཀྱེ་རྒྱལ་བའི་སྲས་དག་། དེ་དག་ལ་སོགས་པ ༼༥༽ འཇིག་རྟེན་གྱི་ཁམས་འཕོ་བར་བྱེད་པ་ན་མཚན་བྱེ་བ་བརྒྱ་སྟོང་ཕྲག་བཅུར་དེ་བཞིན་གཤེགས་པ་སེམས་ཅན་རྣམས་ཀྱིས་རབ་ཏུ་ཤེས་སོ་༎ཀྱེ་རྒྱལ་བའི་སྲས་དག་། འཇིག་རྟེན་གྱི་ཁམས ༼༦༽ མི་མཇེད་འདི་དང་འདབས་ཆགས་སུ་ཤར་ལྷོའི་ཕྱོགས་མཚམས་ན་འཇིག་རྟེན་གྱི་ཁམས་ཕན་པ་ཞེས་བྱ་བ་ཡོད་དེ་། དེ་ན་དེ་བཞིན་གཤེགས་པ་ལ་རབ་ཏུ་འཇོམས་པ་ཞེས་བྱ་བར ༼༧༽ རབ་ཏུ་ཤེས་སོ་༎ བྱང་བ་ཐུགས་སུ་ཆུད་པ་ཞེས་བྱ་བར་རབ་ཏུ་ཤེས་སོ་༎ གསུང་སྙན་པ་ཞེས་བྱ་བར་རབ་ཏུ་ཤེས་སོ་༎ རྩ་བ་ཁྱད་དུ་འཕགས་པ་ཞེས་བྱ་བར་རབ་ཏུ་ཤེས་སོ་༎ རྒྱུན ༼༢༦༧ཨ༡༽ གྱི་གདུགས་ཞེས་བྱ་བར་རབ་ཏུ་ཤེས་སོ་༎ རྒྱུ་ཤིན་ཏུ་སྦྱངས་པ་ཞེས་བྱ་བར་རབ་ཏུ་ཤེས་སོ་༎ རྣམ་པར་ཕྱེ་བའི་ཕ་རོལ་ཏུ་ཕྱིན་པ་ཞེས་བྱ་བར་རབ ༼༢༽ ཏུ་ཤེས་སོ་༎ དམ་པའི་བསམ་གཏན་མངའ་བ་ཞེས་བྱ་བར་རབ་ཏུ་ཤེས་སོ་༎ རན་པར་གསུང་བ་ཞེས་བྱ་བར་རབ་ཏུ་ཤེས་སོ་༎ བློ་རྒྱ་མཚོ་ཞེས་བྱ་བར་རབ་ཏུ་ཤེས་ཏེ་། ཀྱེ་རྒྱལ ༼༣༽ བའི་སྲས་དག་། དེ་དག་ལ་སོགས་པ་འཇིག་རྟེན་གྱི་ཁམས་ཕན་པ་ན་མཚན་བྱེ་བ་བརྒྱ་སྟོང་ཕྲག་བཅུར་དེ་བཞིན་གཤེགས་པ་སེམས་ཅན་རྣམས་ཀྱིས་རབ་ཏུ་ཤེས་སོ་༎ཀྱེ་རྒྱལ ༼༤༽ བའི་སྲས་དག་། འཇིག་རྟེན་གྱི་ཁམས་མི་མཇེད་འདི་དང་འདབས་ཆགས་སུ་ལྷོ་ནུབ་ཀྱི་ཕྱོགས་མཚམས་ན་འཇིག་རྟེན་གྱི་ཁམས་ཀུན་ཏུ་སོང་བ་ཞེས་བྱ་བ་ཡོད་དེ་། དེ་ན་དེ་བཞིན ༼༥༽ གཤེགས་པ་ལ་ཐུབ་པའི་དབང་པོ་ཞེས་བྱ་བར་རབ་ཏུ་ཤེས་སོ་༎ མངོན་པར་སེལ་བ་ཞེས་བྱ་བར་རབ་ཏུ་ཤེས་སོ་༎ དུས་ལས་ཤིན་ཏུ་གྲོལ་བ་ཞེས་བྱ་བར་རབ་ཏུ་ཤེས་སོ་༎ ངོ་བོ ༼༦༽ ཉིད་ཡོངས་སུ་མཁྱེན་པ་ཞེས་བྱ་བར་རབ་ཏུ་ཤེས་སོ་༎ བཀའ་ཉམས་པ་མེད་པ་ཞེས་བྱ་བར་རབ་ཏུ་ཤེས་སོ་༎ སྐལ་པ་མཉམ་པ་མེད་པར་གཟིགས་པ་ཞེས་བྱ་བར་རབ་ཏུ་ཤེས་སོ་༎ ༼༧༽ དབང་ཕྱུག་གི་དམ་པ་ཞེས་བྱ་བར་རབ་ཏུ་ཤེས་སོ་༎ དྲང་སྲོང་སྟོན་པ་ཞེས་བྱ་བར་རབ་ཏུ་ཤེས་སོ་༎ འཕྲིན་ལས་བརྩམས་པ་ཞེས་བྱ་བར་རབ་ཏུ་ཤེས་སོ་༎ རྡོ་རྗེའི་སེངགེ་ཞེས་བྱ ༼༢༦༧བ༡༽ བར་རབ་ཏུ་ཤེས་ཏེ་། ཀྱེ་རྒྱལ་བའི་སྲས་དག་། དེ་དག་ལ་སོགས་པ་འཇིག་རྟེན་གྱི་ཁམས་ཀུན་ཏུ་སོང་བ་ན་མཚན་བྱེ་བ་བརྒྱ་སྟོང་ཕྲག་བཅུར་དེ་བཞིན་གཤེགས་པ་སེམས་ཅན་རྣམས་ཀྱིས ༼༢༽ རབ་ཏུ་ཤེས་སོ་༎ཀྱེ་རྒྱལ་བའི་སྲས་དག་། འཇིག་རྟེན་གྱི་ཁམས་མི་མཇེད་འདི་དང་འདབས་ཆགས་སུ་ནུབ་བྱང་གི་ཕྱོགས་མཚམས་ན་འཇིག་རྟེན་གྱི་ཁམས་ཡོངས་སུ་དགའ་བ་ཞེས ༼༣༽ བྱ་བ་ཡོད་དེ་། དེ་ན་དེ་བཞིན་གཤེགས་པ་ལ་མེ་ཏོག་ཡང་དག་པར་བརྩེགས་པ་ཞེས་བྱ་བར་རབ་ཏུ་ཤེས་སོ་༎ ཙནདན་གྱི་གདུགས་ཞེས་བྱ་བར་རབ་ཏུ་ཤེས་སོ་༎ པདམོའི་སྙིང་པོ་ཞེས་བྱ ༼༤༽ བར་རབ་ཏུ་ཤེས་སོ་༎ ཤིན་ཏུ་འདས་པའི་ཆོས་ཞེས་བྱ་བར་རབ་ཏུ་ཤེས་སོ་༎ ཆོས་ཀྱི་ལྡུམ་བུ་ཞེས་བྱ་བར་རབ་ཏུ་ཤེས་སོ་༎ ཤིན་ཏུ་འཕགས་པ་ཞེས་བྱ་བར་རབ་ཏུ་ཤེས་སོ་༎ ཤིན་ཏུ ༼༥༽ སྦྱངས་པའི་གདུགས་ཞེས་བྱ་བར་རབ་ཏུ་ཤེས་སོ་༎ སྤྱན་ཤིན་ཏུ་ཡངས་པ་ཞེས་བྱ་བར་རབ་ཏུ་ཤེས་སོ་༎ ཚུལ་བཟང་པོ་དང་ལྡན་པ་ཞེས་བྱ་བར་རབ་ཏུ་ཤེས་སོ་༎ ཆོས་རྩེ་གཅིག་ཅེས ༼༦༽ བྱ་བར་རབ་ཏུ་ཤེས་སོ་༎ དྲ་བའི་སྙིང་པོ་ཞེས་བྱ་བར་རབ་ཏུ་ཤེས་ཏེ་། ཀྱེ་རྒྱལ་བའི་སྲས་དག་། དེ་དག་ལ་སོགས་པ་འཇིག་རྟེན་གྱི་ཁམས་ཡོངས་སུ་དགའ་བ་ན་མཚན་བྱེ་བ་བརྒྱ་སྟོང་ཕྲག་བཅུར་དེ ༼༧༽ བཞིན་གཤེགས་པ་སེམས་ཅན་རྣམས་ཀྱིས་རབ་ཏུ་ཤེས་སོ་༎ཀྱེ་རྒྱལ་བའི་སྲས་དག་། འཇིག་རྟེན་གྱི་ཁམས་མི་མཇེད་འདི་དང་འདབས་ཆགས་སུ་འོག་གི་ཕྱོགས་ན་འཇིག་རྟེན་གྱི་ཁམས་མི་ཆེ་བ་ཞེས་བྱ་བ ༼༢༦༨ཨ༡༽ ཡོད་དེ་། དེ་ན་དེ་བཞིན་གཤེགས་པ་ལ་འོད་འཕྲོ་འགྱེད་པ་ཞེས་བྱ་བར་རབ་ཏུ་ཤེས་སོ་༎ ཤིན་ཏུ་འདུལ་བ་ཞེས་བྱ་བར་རབ་ཏུ་ཤེས་སོ་༎ དབང་པོའི་མཚོན ༼༢༽ ཆ་ཞེས་བྱ་བར་རབ་ཏུ་ཤེས་སོ་༎ མི་རྟག་པ་ཞེས་བྱ་བར་རབ་ཏུ་ཤེས་སོ་༎ རྩ་བ་ཐུགས་སུ་ཆུད་པ་ཞེས་བྱ་བར་རབ་ཏུ་ཤེས་སོ་༎ འཕྲོ་བ་མེད་པ་ཞེས་བྱ་བར་རབ་ཏུ་ཤེས་སོ་༎ རླུང ༼༣༽ དང་མཉམ་པ་ཞེས་བྱ་བར་རབ་ཏུ་ཤེས་སོ་༎ གཏོང་བ་ལ་མོས་པ་ཞེས་བྱ་བར་རབ་ཏུ་ཤེས་སོ་༎ ལམ་ཤིན་ཏུ་བརྟགས་པ་ཞེས་བྱ་བར་རབ་ཏུ་ཤེས་སོ་༎ འཇོམས་པའི་རྒྱལ ༼༤༽ མཚན་ཞེས་བྱ་བར་རབ་ཏུ་ཤེས་ཏེ་། ཀྱེ་རྒྱལ་བའི་སྲས་དག་། དེ་དག་ལ་སོགས་པ་འཇིག་རྟེན་གྱི་ཁམས་མི་ཆེ་བ་ན་མཚན་བྱེ་བ་བརྒྱ་སྟོང་ཕྲག་བཅུར་དེ་བཞིན་གཤེགས་པ ༼༥༽ སེམས་ཅན་རྣམས་ཀྱིས་རབ་ཏུ་ཤེས་སོ་༎ཀྱེ་རྒྱལ་བའི་སྲས་དག་། འཇིག་རྟེན་གྱི་ཁམས་མི་མཇེད་འདི་དང་འདབས་ཆགས་སུ་སྟེང་གི་ཕྱོགས་ན་འཇིག་རྟེན་གྱི་ཁམས་དབྱངས ༼༦༽ སྒྲོག་པ་ཞེས་བྱ་བ་ཡོད་དེ་། དེ་ན་དེ་བཞིན་གཤེགས་པ་ལ་དཔའ་བའི་རྒྱལ་མཚན་ཞེས་བྱ་བར་རབ་ཏུ་ཤེས་སོ་༎ རིན་པོ་ཆེ་ཚད་མེད་པ་ཞེས་བྱ་བར་རབ་ཏུ་ཤེས་སོ་༎ མཆོད ༼༧༽ སྦྱིན་ལ་བརྩོན་པ་ཞེས་བྱ་བར་རབ་ཏུ་ཤེས་སོ་༎ ལྷའི་འོད་ཅེས་བྱ་བར་རབ་ཏུ་ཤེས་སོ་༎ དཔལ་འབྱུང་པ་ཞེས་བྱ་བར་རབ་ཏུ་ཤེས་སོ་༎ འཁོར་ལས་འཕགས་པ་ཞེས་བྱ་བར ༼༢༦༨བ༡༽ རབ་ཏུ་ཤེས་སོ་༎ ཐམས་ཅད་ཀྱི་བདག་པོ་ཞེས་བྱ་བར་རབ་ཏུ་ཤེས་སོ་༎ འཁོར་ལོ་མི་ལྡོག་པ་ཞེས་བྱ་བར་རབ་ཏུ་ཤེས་སོ་༎ བྱ་བ་དང་བཞུད་པ་མེད་པ་ཞེས་བྱ་བར་རབ་ཏུ་ཤེས་སོ་༎ ༼༢༽ ཐམས་ཅད་མཁྱེན་པས་ཤིན་ཏུ་གྲོལ་བ་ཞེས་བྱ་བར་རབ་ཏུ་ཤེས་ཏེ་། ཀྱེ་རྒྱལ་བའི་སྲས་དག་། དེ་དག་ལ་སོགས་པ་འཇིག་རྟེན་གྱི་ཁམས་དབྱངས་སྒྲོག་པ་ན་མཚན་བྱེ་བ་བརྒྱ་སྟོང་ཕྲག ༼༣༽ བཅུར་དེ་བཞིན་གཤེགས་པ་སེམས་ཅན་རྣམས་ཀྱིས་རབ་ཏུ་ཤེས་སོ་༎ཀྱེ་རྒྱལ་བའི་སྲས་དག་། ཇི་ལྟར་འཇིག་རྟེན་གྱི་ཁམས་མི་མཇེད་འདི་ན་དེ་བཞིན་གཤེགས་པ་སེམས་ཅན་རྣམས ༼༤༽ ཀྱིས་རབ་ཏུ་ཤེས་པ་དེ་བཞིན་དུ་ཤར་ཕྱོགས་ཀྱི་འཇིག་རྟེན་གྱི་ཁམས་བྱེ་བ་བརྒྱ་སྟོང་ཚད་མེད་པ་། གྲངས་མེད་པ་། དཔག་ཏུ་མེད་པ་། བསམ་གྱིས་མི་ཁྱབ་པ་། མཚུངས་པ་མེད་པ་། ཀུན ༼༥༽ ཏུ་མཐའ་ཡས་པ་། མུ་མེད་པ་། ས་མཚམས་མེད་པ་། བརྗོད་དུ་མེད་པ་། ཆོས་ཀྱི་དབྱིངས་ཀྱིས་ཀླས་པ་། ནམ་མཁའི་དབྱིངས་ཀྱི་མཐས་གཏུགས་པའི་འཇིག་རྟེན་གྱི་ཁམས་ཐམས་ཅད་ན ༼༦༽ ཡང་དེ་བཞིན་གཤེགས་པ་སེམས་ཅན་རྣམས་ཀྱིས་རབ་ཏུ་ཤེས་སོ་༎གཞུང་དེ་ལྟར་ལྷོ་ཕྱོགས་དང་། དེ་བཞིན་དུ་ནུབ་ཕྱོགས་དང་། དེ་བཞིན་དུ་བྱང་ཕྱོགས་དང་། དེ་བཞིན་དུ་བྱང ༼༧༽ ཤར་གྱི་ཕྱོགས་མཚམས་དང་། དེ་བཞིན་དུ་ཤར་ལྷོའི་ཕྱོགས་མཚམས་དང་། དེ་བཞིན་དུ་ལྷོ་ནུབ་ཀྱི་ཕྱོགས་མཚམས་དང་། དེ་བཞིན་དུ་ནུབ་བྱང་གི་ཕྱོགས་མཚམས་དང ༼༢༦༩ཨ༡༽ དེ་བཞིན་དུ་འོག་གི་ཕྱོགས་དང་། དེ་བཞིན་དུ་སྟེང་གི་ཕྱོགས་ཀྱི་འཇིག་རྟེན་གྱི་ཁམས་བྱེ་བ་བརྒྱ་སྟོང་ཚད་མེད་པ་། གྲངས་མེད་པ་། དཔག་ཏུ ༼༢༽ མེད་པ་། བསམ་གྱིས་མི་ཁྱབ་པ་། མཚུངས་པ་མེད་པ་། ཀུན་ཏུ་མཐའ་ཡས་པ་། མུ་མེད་པ་། ས་མཚམས་མེད་པ་། བརྗོད་དུ་མེད་པ་། ཆོས་ཀྱི་དབྱིངས་ཀྱིས་ཀླས་པ་། ནམ ༼༣༽ མཁའི་དབྱིངས་ཀྱི་མཐས་གཏུགས་པའི་འཇིག་རྟེན་གྱི་ཁམས་ཐམས་ཅད་ན་ཡང་དེ་བཞིན་གཤེགས་པ་སེམས་ཅན་རྣམས་ཀྱིས་རབ་ཏུ་ཤེས་ཏེ་། སྔོན་བཅོམ་ལྡན་འདས ༼༤༽ ཀྱིས་བྱང་ཆུབ་སེམས་དཔར་གྱུར་པའི་ཚེ་ཡོངས་སུ་སྨིན་པར་མཛད་པ་དེ་དག་གིས་ནི་། སྤྱོད་པ་རྣམ་པ་ཐ་དད་པ་དང་། གསུང་གི་རྣམ་པ་ཐ་དད་པ་དང་། ང་རོ་རྣམ་པ་ཐ་དད ༼༥༽ པ་དང་། འཕྲིན་ལས་རྣམ་པ་ཐ་དད་པ་དང་། རྣམ་པར་སྨིན་པ་རྣམ་པ་ཐ་དད་པ་དང་། སྐྱེ་མཆེད་རྣམ་པ་ཐ་དད་པ་དང་། སྦྱོར་བ་རྣམ་པ་ཐ་དད་པ་དང་། དབང་པོ་རྣམ་པ ༼༦༽ ཐ་དད་པ་དང་། མོས་པ་རྣམ་པ་ཐ་དད་པ་དང་། སྐྱེ་མཆེད་རབ་ཏུ་ཐོབ་པ་གཞན་དང་གཞན་གྱིས་སེམས་ཅན་རྣམས་ལ་ཆོས་ཡོངས་སུ་བསྟན་པའང་རབ་ཏུ་ཤེས་སོ་༎,
f6abaa576019418ab63e6ba1efb568f7,See the previous record,.,དེ་ཅིའི་ཕྱིར་ཞེ་ན་། ཀྱེ་རྒྱལ་བའི་སྲས་དག་། འཇིག་རྟེན་གྱི་ཁམས་མི་མཇེད་འདི༼༤༽ ཉིད་དང་། དེ་མ་ཡིན་པའི་གླིང་བཞི་པ་གཞན་དག་ནའང་སྐུ་གཞན་དང་གཞན་། མཚན་གཞན་དང་གཞན་། ཁ་དོག་དང་དབྱིབས་གཞན་དང་གཞན་། ཆུ་ཞེང་གཞན་དང ༼༥༽ གཞན་། སྐུ་ཚེའི་ཚད་གཞན་དང་གཞན་། སྐྱེ་མཆེད་བརྙེས་པ་གཞན་དང་གཞན་། དབང་པོ་བརྙེས་པ་གཞན་དང་གཞན་། འབྱུང་བའི་སྐྱེ་མཆེད་གཞན་དང་གཞན་། སྐུ ༼༦༽ གཟུགས་གཞན་དང་གཞན་དུ་དེ་བཞིན་གཤེགས་པ་སེམས་ཅན་རྣམས་ཀྱིས་རབ་ཏུ་ཤེས་སོ་༎,
25190f7696f240178b64df920e1fe511,See the previous record,.,དེ་ཅིའི་ཕྱིར་ཞེ་ན་། ཀྱེ་རྒྱལ་བའི་སྲས་དག་། འཇིག་རྟེན་གྱི་ཁམས་གླིང ༼༧༽ བཞི་པ་བཅོམ་པ་དང་ལྡན་པ་ཞེས་བྱ་བ་འདི་ཉིད་ནའང་དེ་བཞིན་གཤེགས་པ་ལ་དོན་ཐམས་ཅད་གྲུབ་པ་ཞེས་བྱ་བར་རབ་ཏུ་ཤེས་སོ་༎ ཟླ་བའི་དཀྱིལ་འཁོར་ཞེས་བྱ་བར ༼༢༦༡བ༡༽ རབ་ཏུ་ཤེས་སོ་༎ སེངགེའི་ང་རོ་ཅན་ཞེས་བྱ་བར་རབ་ཏུ་ཤེས་སོ་༎ ཤའཀྱ་ཐུབ་པ་ཞེས་བྱ་བར་རབ་ཏུ་ཤེས་སོ་༎ དྲང་སྲོང་དམ་པའི་མཆོག་ཅེས་བྱ་བར་རབ་ཏུ་ཤེས་སོ་༎ རྣམ་པར་སྣང ༼༢༽ མཛད་ཅེས་བྱ་བར་རབ་ཏུ་ཤེས་སོ་༎ གོའུ་ཏ་མའི་རིགས་ཞེས་བྱ་བར་རབ་ཏུ་ཤེས་སོ་༎ དགེ་སྦྱོང་ཆེན་པོ་ཞེས་བྱ་བར་རབ་ཏུ་ཤེས་སོ་༎ རྒྱལ་བ་དམ་པ་ཞེས་བྱ་བར་རབ་ཏུ་ཤེས་སོ་༎ ༼༣༽ མུ་སྟེགས་བྱེད་ཅེས་བྱ་བར་རབ་ཏུ་ཤེས་ཏེ་། ཀྱེ་རྒྱལ་བའི་སྲས་དག་། དེ་དག་ལ་སོགས་པ་འཇིག་རྟེན་གྱི་ཁམས་གླིང་བཞི་པ་བཅོམ་པ་དང་ལྡན་པ་ན་མཚན་སྟོང་ཕྲག་བཅུར་དེ་བཞིན ༼༤༽ གཤེགས་པ་སེམས་ཅན་རྣམས་ཀྱིས་རབ་ཏུ་ཤེས་སོ་༎,
16ff6c7ae9bd433a951d2eb3c032948c,See the previous record,.,ཀྱེ་རྒྱལ་བའི་སྲས་དག་། གླིང་བཞི་པ་འདི་དང་འདབས་ཆགས་སུ་ཤར་ཕྱོགས་ལོགས་ན་གླིང་བཞི་པ་ཤིན་ཏུ་བསྲུངས ༼༥༽ པ་ཞེས་བྱ་བ་ཡོད་དེ་། དེ་ན་དེ་བཞིན་གཤེགས་པ་ལ་རྡོ་རྗེ་ཞེས་བྱ་བར་རབ་ཏུ་ཤེས་སོ་༎ དབང་ཕྱུག་ཅེས་བྱ་བར་རབ་ཏུ་ཤེས་སོ་༎ བློ་གྲོས་མངའ་བ་ཞེས་བྱ་བར་རབ་ཏུ་ཤེས་སོ་༎ ༼༦༽ ཐུབ་པར་དཀའ་བ་ཞེས་བྱ་བར་རབ་ཏུ་ཤེས་སོ་༎ སྤྲིན་གྱི་རྒྱལ་པོ་ཞེས་བྱ་བར་རབ་ཏུ་ཤེས་སོ་༎ ཉོན་མོངས་པ་མེད་པ་ཞེས་བྱ་བར་རབ་ཏུ་ཤེས་སོ་༎ སྐྱབས་མཛད་པ་ཞེས་བྱ་བར་རབ ༼༧༽ ཏུ་ཤེས་སོ་༎ ཐུགས་དགྱེས་པ་ཞེས་བྱ་བར་རབ་ཏུ་ཤེས་སོ་༎ མཚུངས་པ་མེད་པ་ཞེས་བྱ་བར་རབ་ཏུ་ཤེས་སོ་༎ ཚིག་གཅོད་པ་ཞེས་བྱ་བར་རབ་ཏུ་ཤེས་ཏེ་། ཀྱེ་རྒྱལ་བའི་སྲས་དག ༼༢༦༢ཨ༡༽ དེ་དག་ལ་སོགས་པ་གླིང་བཞི་པ་ཤིན་ཏུ་བསྲུངས་པ་ཞེས་བྱ་བ་ན་དེ་བཞིན་གཤེགས་པ་ལ་མཚན་སྟོང་ཕྲག་བཅུར་སེམས་ཅན་རྣམས་ཀྱིས་རབ་ཏུ་ཤེས ༼༢༽ སོ་༎,
d7a6183754b242669022ce27f33f8403,See the previous record,.,ཀྱེ་རྒྱལ་བའི་སྲས་དག་། གླིང་བཞི་པ་འདི་དང་འདབས་ཆགས་སུ་ལྷོ་ཕྱོགས་ལོགས་ན་གླིང་བཞི་པ་བཟོད་པར་དཀའ་བ་ཞེས་བྱ་བ་ཡོད་དེ་། དེ་ན་དེ་བཞིན་གཤེགས་པ་ལ ༼༣༽ དབང་པོ་ཞེས་བྱ་བར་རབ་ཏུ་ཤེས་སོ་༎ ནོར་གྲགས་ཞེས་བྱ་བར་རབ་ཏུ་ཤེས་སོ་༎ དྲི་མ་མེད་པ་ཞེས་བྱ་བར་རབ་ཏུ་ཤེས་སོ་༎ ཡང་དག་པར་གསུང་བ་ཞེས་བྱ་བར་རབ་ཏུ་ཤེས་སོ་༎ ༼༤༽ འདུལ་བ་ཞེས་བྱ་བར་རབ་ཏུ་ཤེས་སོ་༎ དགྱེས་པ་མངའ་བ་ཞེས་བྱ་བར་རབ་ཏུ་ཤེས་སོ་༎ རྣམ་པར་གྲགས་པ་ཞེས་བྱ་བར་རབ་ཏུ་ཤེས་སོ་༎ དོན་མཛད་པ་ཞེས་བྱ་བར་རབ་ཏུ་ཤེས ༼༥༽ སོ་༎ མཐའ་ཡས་པ་ཞེས་བྱ་བར་རབ་ཏུ་ཤེས་སོ་༎ དཔལ་དང་ལྡན་པ་ཞེས་བྱ་བར་རབ་ཏུ་ཤེས་ཏེ་། ཀྱེ་རྒྱལ་བའི་སྲས་དག་། དེ་དག་ལ་སོགས་པ་གླིང་བཞི་པ་བཟོད་པར་དཀའ ༼༦༽ བ་ན་མཚན་སྟོང་ཕྲག་བཅུར་དེ་བཞིན་གཤེགས་པ་སེམས་ཅན་རྣམས་ཀྱིས་རབ་ཏུ་ཤེས་སོ་༎,
526f361eacea4ef99f257d751ceb78dc,See the previous record,.,ཀྱེ་རྒྱལ་བའི་སྲས་དག་། གླིང་བཞི་པ་འདི་དང་འདབས་ཆགས་སུ་ནུབ་ཕྱོགས ༼༧༽ ལོགས་ན་གླིང་བཞི་པ་གཉེན་དང་ལྡན་པ་ཞེས་བྱ་བ་ཡོད་དེ་། དེ་ན་དེ་བཞིན་གཤེགས་པ་ལ་ཆུའི་ལྷ་ཞེས་བྱ་བར་རབ་ཏུ་ཤེས་སོ་༎ བལྟ་ན་དགའ་བ་ཞེས་བྱ་བར་རབ་ཏུ་ཤེས ༼༢༦༢བ༡༽ སོ་༎ རྒྱལ་པོ་དམ་པ་ཞེས་བྱ་བར་རབ་ཏུ་ཤེས་སོ་༎ སེངགེ་འདུལ་བ་ཞེས་བྱ་བར་རབ་ཏུ་ཤེས་སོ་༎ བདེན་པའི་བློ་གྲོས་ཞེས་བྱ་བར་རབ་ཏུ་ཤེས་སོ་༎ མཐའ་ལས་འདས་པར་གཤེགས ༼༢༽ པ་ཞེས་བྱ་བར་རབ་ཏུ་ཤེས་སོ་༎ དགྱེས་པ་ཞེས་བྱ་བར་རབ་ཏུ་ཤེས་སོ་༎ ཆོས་ཀྱི་བློ་གྲོས་ཞེས་བྱ་བར་རབ་ཏུ་ཤེས་སོ་༎ འཕྲིན་ལས་གྲུབ་པ་ཞེས་བྱ་བར་རབ་ཏུ་ཤེས་སོ་༎ མཁས་པ ༼༣༽ ཞེས་བྱ་བར་རབ་ཏུ་ཤེས་ཏེ་། ཀྱེ་རྒྱལ་བའི་སྲས་དག་། དེ་དག་ལ་སོགས་པ་གླིང་བཞི་པ་གཉེན་དང་ལྡན་པ་ཞེས་བྱ་བ་དེ་ན་མཚན་སྟོང་ཕྲག་བཅུར་དེ་བཞིན་གཤེགས་པ་སེམས་ཅན ༼༤༽ རྣམས་ཀྱིས་རབ་ཏུ་ཤེས་སོ་༎,
7a6ccbce343e457ab2e22f3ae56ea212,See the previous record,.,ཀྱེ་རྒྱལ་བའི་སྲས་དག་། གླིང་བཞི་པ་འདི་དང་འདབས་ཆགས་སུ་བྱང་ཕྱོགས་ལོགས་ན་གླིང་བཞི་པ་སེངགེ་ཡོད་པ་ཞེས་བྱ་བ་ཡོད་དེ་། དེ་ན་དེ་བཞིན ༼༥༽ གཤེགས་པ་ལ་ཐུབ་པ་ཆེན་པོ་ཞེས་བྱ་བར་རབ་ཏུ་ཤེས་སོ་༎ དཀའ་ཐུབ་ཀྱིས་བསྒྲུབས་པ་ཞེས་བྱ་བར་རབ་ཏུ་ཤེས་སོ་༎ ཞིང་ལ་དཔའ་བ་ཞེས་བྱ་བར་རབ་ཏུ་ཤེས་སོ་༎ ཐམས ༼༦༽ ཅད་ཐུགས་སུ་ཆུད་པ་ཞེས་བྱ་བར་རབ་ཏུ་ཤེས་སོ་༎ ཡིད་བཟང་པོ་ཞེས་བྱ་བར་རབ་ཏུ་ཤེས་སོ་༎ ཡོངས་སུ་དག་པ་ཞེས་བྱ་བར་རབ་ཏུ་ཤེས་སོ་༎ ཤུགས་འཛིན་ཞེས་བྱ་བར་རབ་ཏུ ༼༧༽ ཤེས་སོ་༎ ལྡ་ལྡི་བཟང་པོ་ཞེས་བྱ་བར་རབ་ཏུ་ཤེས་སོ་༎ བརྟུལ་ཞུགས་བརྙེས་པ་ཞེས་བྱ་བར་རབ་ཏུ་ཤེས་ཏེ་། ཀྱེ་རྒྱལ་བའི་སྲས་དག་། དེ་དག་ལ་སོགས་པ་གླིང་བཞི་པ་སེངགེ་ཡོད ༼༢༦༣ཨ༡༽ པ་ན་མཚན་སྟོང་ཕྲག་བཅུར་དེ་བཞིན་གཤེགས་པ་སེམས་ཅན་རྣམས་ཀྱིས་རབ་ཏུ་ཤེས་སོ་༎,
0435e917877347d49786d2b347a2a619,See the previous record,.,ཀྱེ་རྒྱལ་བའི་སྲས་དག་། གླིང་བཞི་པ་འདི་དང་འདབས ༼༢༽ ཆགས་སུ་བྱང་ཤར་གྱི་ཕྱོགས་མཚམས་ན་གླིང་བཞི་པ་རྣམ་པར་བརྩེགས་པ་ཞེས་བྱ་བ་ཡོད་དེ་། དེ་ན་དེ་བཞིན་གཤེགས་པ་ལ་བདུད་རྣམ་པར་འཇོམས་པ་ཞེས་བྱ་བར་རབ ༼༣༽ ཏུ་ཤེས་སོ་༎ ཡང་དག་པར་འབྱུང་བ་ཞེས་བྱ་བར་རབ་ཏུ་ཤེས་སོ་༎ ཞི་བ་ཞེས་བྱ་བར་རབ་ཏུ་ཤེས་སོ་༎ བཟང་པོ་ལྷ་ཞེས་བྱ་བར་རབ་ཏུ་ཤེས་སོ་༎ འདོད་ཆགས་དང་བྲལ ༼༤༽ པ་ཞེས་བྱ་བར་རབ་ཏུ་ཤེས་སོ་༎ བློ་གྲོས་མཆོག་ཅེས་བྱ་བར་རབ་ཏུ་ཤེས་སོ་༎ ཐུགས་མཉམ་པ་ཞེས་བྱ་བར་རབ་ཏུ་ཤེས་སོ་༎ གཞན་གྱིས་མི་ཐུབ་པ་ཞེས་བྱ་བར་རབ་ཏུ་ཤེས ༼༥༽ སོ་༎ བློ་གྲོས་ཀྱི་དབྱངས་ཞེས་བྱ་བར་རབ་ཏུ་ཤེས་སོ་༎ རིང་དུ་བཞུད་པ་ཞེས་བྱ་བར་རབ་ཏུ་ཤེས་ཏེ་། ཀྱེ་རྒྱལ་བའི་སྲས་དག་། དེ་དག་ལ་སོགས་པ་གླིང་བཞི་པ་རྣམ་པར ༼༦༽ བརྩེགས་པ་ཞེས་བྱ་བ་ན་མཚན་སྟོང་ཕྲག་བཅུར་དེ་བཞིན་གཤེགས་པ་སེམས་ཅན་རྣམས་ཀྱིས་རབ་ཏུ་ཤེས་སོ་༎,
0567f3f9fd3b44b3b1b84f8562dd3f76,See the previous record,.,ཀྱེ་རྒྱལ་བའི་སྲས་དག་། གླིང་བཞི་པ་འདི་དང་འདབས ༼༧༽ ཆགས་སུ་ཤར་ལྷོའི་ཕྱོགས་མཚམས་ན་གླིང་བཞི་པ་དགའ་བ་ཞེས་བྱ་བ་ཡོད་དེ་། དེ་ན་དེ་བཞིན་གཤེགས་པ་ལ་འཇིགས་པ་ཞེས་བྱ་བར་རབ་ཏུ་ཤེས་སོ་༎ མེའི་ཕུང ༼༢༦༣བ༡༽ པོ་ཞེས་བྱ་བར་རབ་ཏུ་ཤེས་སོ་༎ ཐུགས་སུ་ཆུད་པ་ཞེས་བྱ་བར་རབ་ཏུ་ཤེས་སོ་༎ ཁྱབ་པ་དང་ལྡན་པ་ཞེས་བྱ་བར་རབ་ཏུ་ཤེས་སོ་༎ མི་ལྡན་པ་ཞེས་བྱ་བར་རབ་ཏུ་ཤེས་སོ་༎ ༼༢༽ རང་བཞིན་འཛིན་པ་ཞེས་བྱ་བར་རབ་ཏུ་ཤེས་སོ་༎ རིགས་པར་སྤྱོད་པ་ཞེས་བྱ་བར་རབ་ཏུ་ཤེས་སོ་༎ མིག་གི་རྒྱལ་པོ་ཞེས་བྱ་བར་རབ་ཏུ་ཤེས་སོ་༎ ཤིན་ཏུ་འཕགས་པ་ཞེས་བྱ ༼༣༽ བར་རབ་ཏུ་ཤེས་སོ་༎ སྟོབས་ཀྱི་བརྩོན་འགྲུས་ཞེས་བྱ་བར་རབ་ཏུ་ཤེས་ཏེ་། ཀྱེ་རྒྱལ་བའི་སྲས་དག་། དེ་དག་ལ་སོགས་པ་གླིང་བཞི་པ་དགའ་བ་ན་མཚན་སྟོང་ཕྲག་བཅུར་དེ་བཞིན ༼༤༽ གཤེགས་པ་སེམས་ཅན་རྣམས་ཀྱིས་རབ་ཏུ་ཤེས་སོ་༎,
6a0b8fc7dda64e37998ca52d9459dae9,See the previous record,.,ཀྱེ་རྒྱལ་བའི་སྲས་དག་། གླིང་བཞི་པ་འདི་དང་འདབས་ཆགས་སུ་ལྷོ་ནུབ་ཀྱི་ཕྱོགས་མཚམས་ན་གླིང་བཞི་པ་སྙིང་པོ་དམ་པ ༼༥༽ ཞེས་བྱ་བ་ཡོད་དེ་། དེ་ན་དེ་བཞིན་གཤེགས་པ་ལ་མི་གཡོ་བ་ཞེས་བྱ་བར་རབ་ཏུ་ཤེས་སོ་༎ མཁས་པའི་རྒྱལ་པོ་ཞེས་བྱ་བར་རབ་ཏུ་ཤེས་སོ་༎ ཡོངས་སུ་རྒྱས་པ་ཞེས་བྱ་བར་རབ ༼༦༽ ཏུ་ཤེས་སོ་༎ མི་བསྐྱོད་པ་ཞེས་བྱ་བར་རབ་ཏུ་ཤེས་སོ་༎ མཛེས་པའི་སྤྱན་ཅན་ཞེས་བྱ་བར་རབ་ཏུ་ཤེས་སོ་༎ རྒྱལ་པོའི་མཆོག་ཅེས་བྱ་བར་རབ་ཏུ་ཤེས་སོ་༎ དབྱངས་ཀྱི་དབང་ཕྱུག ༼༧༽ ཅེས་བྱ་བར་རབ་ཏུ་ཤེས་སོ་༎ ཐམས་ཅད་གཏོང་བ་ཞེས་བྱ་བར་རབ་ཏུ་ཤེས་སོ་༎ དྲང་སྲོང་འཛིན་པ་ཞེས་བྱ་བར་རབ་ཏུ་ཤེས་སོ་༎ རི་རབ་དཔལ་ཞེས་བྱ་བར་རབ་ཏུ་ཤེས་ཏེ་། ཀྱེ་རྒྱལ ༼༢༦༤ཨ༡༽ བའི་སྲས་དག་། གླིང་བཞི་པ་སྙིང་པོ་དམ་པ་ན་མཚན་སྟོང་ཕྲག་བཅུར་དེ་བཞིན་གཤེགས་པ་སེམས་ཅན་རྣམས་ཀྱིས་རབ་ཏུ་ཤེས་སོ་༎,
a903439a09fe41e5b978f159e15c5d03,See the previous record,.,ཀྱེ་རྒྱལ་བའི ༼༢༽ སྲས་དག་། གླིང་བཞི་པ་འདི་དང་འདབས་ཆགས་སུ་ནུབ་བྱང་གི་ཕྱོགས་མཚམས་ན་གླིང་བཞི་པ་ས་བཟང་པོ་ཞེས་བྱ་བ་ཡོད་དེ་། དེ་ན་དེ་བཞིན་གཤེགས་པ་ལ་ཡང་དག ༼༣༽ པའི་མཐའ་ཞེས་བྱ་བར་རབ་ཏུ་ཤེས་སོ་༎ འོད་འཕྲོ་བ་དང་ལྡན་པ་ཞེས་བྱ་བར་རབ་ཏུ་ཤེས་སོ་༎ རིན་པོ་ཆེའི་གཙུག་ཕུད་ཅེས་བྱ་བར་རབ་ཏུ་ཤེས་སོ་༎ དྲན་པར་བྱ་བ་ཞེས ༼༤༽ བྱ་བར་རབ་ཏུ་ཤེས་སོ་༎ དོན་གྱི་མཆོག་ཅེས་བྱ་བར་རབ་ཏུ་ཤེས་སོ་༎ ཤིན་ཏུ་བཞད་པ་ཞེས་བྱ་བར་རབ་ཏུ་ཤེས་སོ་༎ རིགས་གཙང་མ་ཞེས་བྱ་བར་རབ་ཏུ་ཤེས་སོ་༎ འོད ༼༥༽ ཀྱི་དཀྱིལ་འཁོར་ཅེས་བྱ་བར་རབ་ཏུ་ཤེས་སོ་༎ ཕྱག་ཤིན་ཏུ་འཕྱང་བ་ཞེས་བྱ་བར་རབ་ཏུ་ཤེས་སོ་༎ ཐོག་མར་རབ་ཏུ་གནས་པ་ཞེས་བྱ་བར་རབ་ཏུ་ཤེས་ཏེ་། ཀྱེ་རྒྱལ་བའི་སྲས ༼༦༽ དག་། དེ་དག་ལ་སོགས་པ་གླིང་བཞི་པ་ས་བཟང་པོ་ན་མཚན་སྟོང་ཕྲག་བཅུར་དེ་བཞིན་གཤེགས་པ་སེམས་ཅན་རྣམས་ཀྱིས་རབ་ཏུ་ཤེས་སོ་༎,
0d0938d40814466ab1fb375bde369c91,See the previous record,.,ཀྱེ་རྒྱལ་བའི་སྲས་དག་། ༼༧༽ གླིང་བཞི་པ་འདི་དང་འདབས་ཆགས་སུ་འོག་ལོགས་ན་གླིང་བཞི་པ་འོད་འཕྲོ་བ་དང་ལྡན་པ་ཞེས་བྱ་བ་ཡོད་དེ་། དེ་ན་དེ་བཞིན་གཤེགས་པ་ལ་ཤིན་ཏུ་གྲུབ་པ་ཞེས་བྱ ༼༢༦༤བ༡༽ བར་རབ་ཏུ་ཤེས་སོ་༎ སེངགེའི་ཁ་དོག་ཅེས་བྱ་བར་རབ་ཏུ་ཤེས་སོ་༎ རྣོ་བ་ཞེས་བྱ་བར་རབ་ཏུ་ཤེས་སོ་༎ གསེར་གྱི་འོད་འཕྲོ་བ་ཞེས་བྱ་བར་རབ་ཏུ་ཤེས་སོ་༎ ཐམས་ཅད་ཀྱི་བཤེས་གཉེན ༼༢༽ ཞེས་བྱ་བར་རབ་ཏུ་ཤེས་སོ་༎ གསུང་མཐར་ཐུག་པ་ཞེས་བྱ་བར་རབ་ཏུ་ཤེས་སོ་༎ ཕན་པ་མཛད་པ་ཞེས་བྱ་བར་རབ་ཏུ་ཤེས་སོ་༎ མཐར་ཐུག་པ་ཞེས་བྱ་བར་རབ་ཏུ་ཤེས་སོ་༎ ལྷ་མ་ནོར ༼༣༽ བ་ཞེས་བྱ་བར་རབ་ཏུ་ཤེས་སོ་༎ སྦྱིན་པ་སྙོམས་པ་ཞེས་བྱ་བར་རབ་ཏུ་ཤེས་ཏེ་། ཀྱེ་རྒྱལ་བའི་སྲས་དག་། དེ་དག་ལ་སོགས་པ་གླིང་བཞི་པ་འོད་འཕྲོ་བ་དང་ལྡན་པ་ན་མཚན་སྟོང་ཕྲག ༼༤༽ བཅུར་དེ་བཞིན་གཤེགས་པ་སེམས་ཅན་རྣམས་ཀྱིས་རབ་ཏུ་ཤེས་སོ་༎,
cd9b99f6e55d44328220c0fbd23d8526,See the previous record,.,ཀྱེ་རྒྱལ་བའི་སྲས་དག་། གླིང་བཞི་པ་འདི་དང་འདབས་ཆགས་སུ་སྟེང་ལོགས་ན་གླིང་བཞི་པ་ནོར་འཛིན ༼༥༽ ཅེས་བྱ་བ་ཡོད་དེ་། དེ་ན་དེ་བཞིན་གཤེགས་པ་ལ་བློ་གྲོས་དང་ལྡན་པ་ཞེས་བྱ་བར་རབ་ཏུ་ཤེས་སོ་༎ ཞལ་དག་པ་ཞེས་བྱ་བར་རབ་ཏུ་ཤེས་སོ་༎ བཤེས་གཉེན་དང་ལྡན་པ་ཞེས་བྱ ༼༦༽ བར་རབ་ཏུ་ཤེས་སོ་༎ ཐོག་མར་གཤེགས་པ་ཞེས་བྱ་བར་རབ་ཏུ་ཤེས་སོ་༎ བྱིན་རྣམ་པར་བཀོད་པ་ཞེས་བྱ་བར་རབ་ཏུ་ཤེས་སོ་༎ དགའ་བར་མཛད་པ་ཞེས་བྱ་བར་རབ་ཏུ་ཤེས་སོ་༎ ༼༧༽ དགོངས་པ་གྲུབ་པ་ཞེས་བྱ་བར་རབ་ཏུ་ཤེས་སོ་༎ མེ་ཞེས་བྱ་བར་རབ་ཏུ་ཤེས་སོ་༎ ཚུལ་ཁྲིམས་དང་ལྡན་པ་ཞེས་བྱ་བར་རབ་ཏུ་ཤེས་སོ་༎ གཅིག་ལ་བརྟེན་པ་ཞེས་བྱ་བར་རབ་ཏུ ༼༢༦༥ཨ༡༽ ཤེས་ཏེ་། ཀྱེ་རྒྱལ་བའི་སྲས་དག་དེ་དག་ལ་སོགས་པ་གླིང་བཞི་པ་ནོར་འཛིན་ན་མཚན་སྟོང་ཕྲག་བཅུར་དེ་བཞིན་གཤེགས་པ་སེམས་ཅན་རྣམས་ཀྱིས་རབ ༼༢༽ ཏུ་ཤེས་སོ་༎,
0934a917e0e5455db7e1796a642397cd,See the previous record,.,ཀྱེ་རྒྱལ་བའི་སྲས་དག་། དེ་ལྟར་དེ་དག་ལ་སོགས་པ་འཇིག་རྟེན་གྱི་ཁམས་མི་མཇེད་འདི་ན་གླིང་བཞི་པའི་འཇིག་རྟེན་གྱི་ཁམས་བྱེ་བ་ཕྲག་བརྒྱ་ཡོད་དེ་། དེ་དག ༼༣༽ ཀུན་ན་ཡང་དེ་བཞིན་གཤེགས་པ་ལ་མཚན་གཞན་དང་གཞན་གྱིས་བརྗོད་དེ་། མཚན་བྱེ་བ་བརྒྱ་སྟོང་ཕྲག་བཅུར་དེ་བཞིན་གཤེགས་པ་སེམས་ཅན་རྣམས་ཀྱིས་རབ་ཏུ་ཤེས ༼༤༽ སོ་༎,
63ee3e5e480f43d2b8bad1587c1274ff,See the previous record,.,ཀྱེ་རྒྱལ་བའི་སྲས་དག་། འཇིག་རྟེན་གྱི་ཁམས་མི་མཇེད་འདི་དང་འདབས་ཆགས་སུ་ཤར་ཕྱོགས་ལོགས་ན་འཇིག་རྟེན་གྱི་ཁམས་ཁེབས་པ་དང་ལྡན་པ་ཞེས་བྱ་བ་ཡོད་དེ་། ༼༥༽ དེ་ན་དེ་བཞིན་གཤེགས་པ་ལ་མཉམ་པ་ཞེས་བྱ་བར་རབ་ཏུ་ཤེས་སོ་༎ འཕགས་པ་ལྷག་པ་ཞེས་བྱ་བར་རབ་ཏུ་ཤེས་སོ་༎ དབུགས་ཕྱིན་པ་ཞེས་བྱ་བར་རབ་ཏུ་ཤེས་སོ་༎ བསམ ༼༦༽ པ་གྲོལ་བ་ཞེས་བྱ་བར་རབ་ཏུ་ཤེས་སོ་༎ ཉན་པའི་བདག་པོ་ཞེས་བྱ་བར་རབ་ཏུ་ཤེས་སོ་༎ ཁྱབ་པར་བཞུགས་པ་ཞེས་བྱ་བར་རབ་ཏུ་ཤེས་སོ་༎ དབང་དུ་གྱུར་པ་ཞེས་བྱ་བར ༼༧༽ རབ་ཏུ་ཤེས་སོ་༎ སའ་ལའི་ལྷུན་ཞེས་བྱ་བར་རབ་ཏུ་ཤེས་སོ་༎ རྩལ་ཆེན་པོ་ཞེས་བྱ་བར་རབ་ཏུ་ཤེས་སོ་༎ བློ་འདྲ་བ་མེད་པ་ཞེས་བྱ་བར་རབ་ཏུ་ཤེས་ཏེ་། ཀྱེ་རྒྱལ་བའི་སྲས ༼༢༦༥བ༡༽ དག་། དེ་དག་ལ་སོགས་པ་འཇིག་རྟེན་གྱི་ཁམས་ཁེབས་པ་དང་ལྡན་པ་ན་མཚན་བྱེ་བ་བརྒྱ་སྟོང་ཕྲག་བཅུར་དེ་བཞིན་གཤེགས་པ་སེམས་ཅན་རྣམས་ཀྱི་རབ་ཏུ་ཤེས་སོ་༎,
3842a095164c41a7b5bb37c9f50fb5be,See the previous record,.,ཀྱེ་རྒྱལ་བའི ༼༢༽ སྲས་དག་། འཇིག་རྟེན་གྱི་ཁམས་མི་མཇེད་འདི་དང་འདབས་ཆགས་སུ་ལྷོ་ཕྱོགས་ལོགས་ན་འཇིག་རྟེན་གྱི་ཁམས་ལྷག་པ་ཞེས་བྱ་བ་ཡོད་དེ་། དེ་ན་དེ་བཞིན་གཤེགས་པ་ལ་རང་བཞིན ༼༣༽ ཐུགས་སུ་ཆུད་ཅེས་བྱ་བར་རབ་ཏུ་ཤེས་སོ་༎ བསམ་པ་གྲོལ་བ་ཞེས་བྱ་བར་རབ་ཏུ་ཤེས་ཏེ་། ཀྱེ་རྒྱལ་བའི་སྲས་དག་། དེ་དག་ལ་སོགས་པ་འཇིག་རྟེན་གྱི་ཁམས་ལྷག་པ་ན་མཚན་བྱེ ༼༤༽ བ་བརྒྱ་སྟོང་ཕྲག་བཅུར་དེ་བཞིན་གཤེགས་པ་སེམས་ཅན་རྣམས་ཀྱིས་རབ་ཏུ་ཤེས་སོ་༎,
65f447f159494dafa5bca106f61f3cd6,See the previous record,.,ཀྱེ་རྒྱལ་བའི་སྲས་དག་། འཇིག་རྟེན་གྱི་ཁམས་མི་མཇེད་འདི་དང་འདབས་ཆགས་སུ་ནུབ་ཕྱོགས ༼༥༽ ལོགས་ན་འཇིག་རྟེན་གྱི་ཁམས་རྡུལ་བསལ་བ་ཞེས་བྱ་བ་ཡོད་དེ་། དེ་ན་དེ་བཞིན་གཤེགས་པ་ལ་དགོངས་པ་དང་ལྡན་པ་ཞེས་བྱ་བར་རབ་ཏུ་ཤེས་སོ་༎ ལམ་རྣམ་པར་བསྒོམས་པ ༼༦༽ ཞེས་བྱ་བར་རབ་ཏུ་ཤེས་སོ་༎ བརྟན་པའི་གཞི་ཞེས་བྱ་བར་རབ་ཏུ་ཤེས་སོ་༎ ཁྱབ་ཅིང་གྲོལ་བ་ཞེས་བྱ་བར་རབ་ཏུ་ཤེས་སོ་༎ དོན་མཁྱེན་པ་ཞེས་བྱ་བར་རབ་ཏུ་ཤེས་སོ་༎ བྱེ ༼༧༽ བྲག་ལ་དགྱེས་པ་ཞེས་བྱ་བར་རབ་ཏུ་ཤེས་སོ་༎ གཟིགས་པ་དམ་པ་ཞེས་བྱ་བར་རབ་ཏུ་ཤེས་སོ་༎ འདུལ་བ་ཐུགས་སུ་ཆུད་པ་ཞེས་བྱ་བར་རབ་ཏུ་ཤེས་སོ་༎ ཀུན་ཏུ་སྙོམས་པ་ཞེས ༼༢༦༦ཨ༡༽ བྱ་བར་རབ་ཏུ་ཤེས་སོ་༎ དགྱེས་པ་དང་ལྡན་པ་ཞེས་བྱ་བར་རབ་ཏུ་ཤེས་ཏེ་། ཀྱེ་རྒྱལ་བའི་སྲས་དག་། དེ་དག་ལ་སོགས་པ་འཇིག་རྟེན་གྱི་ཁམས་རྡུལ ༼༢༽ བསལ་བ་ན་མཚན་བྱེ་བ་བརྒྱ་སྟོང་ཕྲག་བཅུར་དེ་བཞིན་གཤེགས་པ་སེམས་ཅན་རྣམས་ཀྱིས་རབ་ཏུ་ཤེས་སོ་༎,
655453e285224774b5f806cb3985d384,See the previous record,.,ཀྱེ་རྒྱལ་བའི་སྲས་དག་། འཇིག་རྟེན་གྱི་ཁམས་མི་མཇེད་འདི་དང ༼༣༽ འདབས་ཆགས་སུ་བྱང་ཕྱོགས་ལོགས་ན་འཇིག་རྟེན་གྱི་ཁམས་རྣམ་པར་བྱུང་བ་ཞེས་བྱ་བ་ཡོད་དེ་། དེ་ན་དེ་བཞིན་གཤེགས་པ་ལ་ཙམ་པ་ཀའི་ཁ་དོག་ཅེས་བྱ་བར་རབ་ཏུ་ཤེས ༼༤༽ སོ་༎ ཉི་མའི་སྙིང་པོ་ཞེས་བྱ་བར་རབ་ཏུ་ཤེས་སོ་༎ མཐུ་ཤིན་ཏུ་གནས་པ་ཞེས་བྱ་བར་རབ་ཏུ་ཤེས་སོ་༎ བྱིན་གྱི་རླབས་ཡང་དག་པར་འབྱུང་བ་ཞེས་བྱ་བར་རབ་ཏུ་ཤེས་སོ་༎ ༼༥༽ རང་བཞིན་དམ་པ་ཞེས་བྱ་བར་རབ་ཏུ་ཤེས་སོ་༎ བློ་གྲོས་ཀྱི་ཉི་མ་ཞེས་བྱ་བར་རབ་ཏུ་ཤེས་སོ་༎ ཐོགས་པ་མེད་པ་ཞེས་བྱ་བར་རབ་ཏུ་ཤེས་སོ་༎ ཟླ་བ་ཤར་བ་ཞེས་བྱ་བར་རབ་ཏུ ༼༦༽ ཤེས་སོ་༎ རླུང་གི་ཤུགས་ཞེས་བྱ་བར་རབ་ཏུ་ཤེས་སོ་༎ སྒྲ་ཤིན་ཏུ་གསལ་བ་ཞེས་བྱ་བར་རབ་ཏུ་ཤེས་ཏེ་། ཀྱེ་རྒྱལ་བའི་སྲས་དག་། དེ་དག་ལ་སོགས་པ་འཇིག་རྟེན་གྱི་ཁམས ༼༧༽ རྣམ་པར་བྱུང་བ་ན་མཚན་བྱེ་བ་བརྒྱ་སྟོང་ཕྲག་བཅུར་དེ་བཞིན་གཤེགས་པ་སེམས་ཅན་རྣམས་ཀྱིས་རབ་ཏུ་ཤེས་སོ་༎,
973ef31c84604170ac90016e825abd84,See the previous record,.,ཀྱེ་རྒྱལ་བའི་སྲས་དག་། འཇིག་རྟེན་གྱི་ཁམས་མི་མཇེད ༼༢༦༦བ༡༽ འདི་དང་འདབས་ཆགས་སུ་བྱང་ཤར་གྱི་ཕྱོགས་མཚམས་ལོགས་ན་འཇིག་རྟེན་གྱི་ཁམས་འཕོ་བར་བྱེད་པ་ཞེས་བྱ་བ་ཡོད་དེ་། དེ་ན་དེ་བཞིན་གཤེགས་པ་ལ་སྡུག་བསྔལ་དང ༼༢༽ བྲལ་བ་ཞེས་བྱ་བར་རབ་ཏུ་ཤེས་སོ་༎ ཐམས་ཅད་ལས་གྲོལ་བ་ཞེས་བྱ་བར་རབ་ཏུ་ཤེས་སོ་༎ རྒྱུ་དང་ལྡན་པ་ཞེས་བྱ་བར་རབ་ཏུ་ཤེས་སོ་༎ གྲོལ་ཞིང་མཁས་པ་ཞེས་བྱ་བར་རབ་ཏུ ༼༣༽ ཤེས་སོ་༎ འདས་པའི་གཏེར་ཞེས་བྱ་བར་རབ་ཏུ་ཤེས་སོ་༎ རིན་པོ་ཆེའི་འོད་ཅེས་བྱ་བར་རབ་ཏུ་ཤེས་སོ་༎ འཇིག་རྟེན་སྟོན་པ་ཞེས་བྱ་བར་རབ་ཏུ་ཤེས་སོ་༎ གནས་མེད་པའི་ས་ཐུགས ༼༤༽ སུ་ཆུད་པ་ཞེས་བྱ་བར་རབ་ཏུ་ཤེས་སོ་༎ དད་པའི་སྙིང་པོ་ཞེས་བྱ་བར་རབ་ཏུ་ཤེས་སོ་༎ ཐུགས་མི་སྒུལ་བ་ཞེས་བྱ་བར་རབ་ཏུ་ཤེས་ཏེ་། ཀྱེ་རྒྱལ་བའི་སྲས་དག་། དེ་དག་ལ་སོགས་པ ༼༥༽ འཇིག་རྟེན་གྱི་ཁམས་འཕོ་བར་བྱེད་པ་ན་མཚན་བྱེ་བ་བརྒྱ་སྟོང་ཕྲག་བཅུར་དེ་བཞིན་གཤེགས་པ་སེམས་ཅན་རྣམས་ཀྱིས་རབ་ཏུ་ཤེས་སོ་༎,
15ca027983c9425f896867cf97e4108f,See the previous record,.,ཀྱེ་རྒྱལ་བའི་སྲས་དག་། འཇིག་རྟེན་གྱི་ཁམས ༼༦༽ མི་མཇེད་འདི་དང་འདབས་ཆགས་སུ་ཤར་ལྷོའི་ཕྱོགས་མཚམས་ན་འཇིག་རྟེན་གྱི་ཁམས་ཕན་པ་ཞེས་བྱ་བ་ཡོད་དེ་། དེ་ན་དེ་བཞིན་གཤེགས་པ་ལ་རབ་ཏུ་འཇོམས་པ་ཞེས་བྱ་བར ༼༧༽ རབ་ཏུ་ཤེས་སོ་༎ བྱང་བ་ཐུགས་སུ་ཆུད་པ་ཞེས་བྱ་བར་རབ་ཏུ་ཤེས་སོ་༎ གསུང་སྙན་པ་ཞེས་བྱ་བར་རབ་ཏུ་ཤེས་སོ་༎ རྩ་བ་ཁྱད་དུ་འཕགས་པ་ཞེས་བྱ་བར་རབ་ཏུ་ཤེས་སོ་༎ རྒྱུན ༼༢༦༧ཨ༡༽ གྱི་གདུགས་ཞེས་བྱ་བར་རབ་ཏུ་ཤེས་སོ་༎ རྒྱུ་ཤིན་ཏུ་སྦྱངས་པ་ཞེས་བྱ་བར་རབ་ཏུ་ཤེས་སོ་༎ རྣམ་པར་ཕྱེ་བའི་ཕ་རོལ་ཏུ་ཕྱིན་པ་ཞེས་བྱ་བར་རབ ༼༢༽ ཏུ་ཤེས་སོ་༎ དམ་པའི་བསམ་གཏན་མངའ་བ་ཞེས་བྱ་བར་རབ་ཏུ་ཤེས་སོ་༎ རན་པར་གསུང་བ་ཞེས་བྱ་བར་རབ་ཏུ་ཤེས་སོ་༎ བློ་རྒྱ་མཚོ་ཞེས་བྱ་བར་རབ་ཏུ་ཤེས་ཏེ་། ཀྱེ་རྒྱལ ༼༣༽ བའི་སྲས་དག་། དེ་དག་ལ་སོགས་པ་འཇིག་རྟེན་གྱི་ཁམས་ཕན་པ་ན་མཚན་བྱེ་བ་བརྒྱ་སྟོང་ཕྲག་བཅུར་དེ་བཞིན་གཤེགས་པ་སེམས་ཅན་རྣམས་ཀྱིས་རབ་ཏུ་ཤེས་སོ་༎,
3702f245c9fd40aaaf1fe31272a596aa,See the previous record,.,ཀྱེ་རྒྱལ ༼༤༽ བའི་སྲས་དག་། འཇིག་རྟེན་གྱི་ཁམས་མི་མཇེད་འདི་དང་འདབས་ཆགས་སུ་ལྷོ་ནུབ་ཀྱི་ཕྱོགས་མཚམས་ན་འཇིག་རྟེན་གྱི་ཁམས་ཀུན་ཏུ་སོང་བ་ཞེས་བྱ་བ་ཡོད་དེ་། དེ་ན་དེ་བཞིན ༼༥༽ གཤེགས་པ་ལ་ཐུབ་པའི་དབང་པོ་ཞེས་བྱ་བར་རབ་ཏུ་ཤེས་སོ་༎ མངོན་པར་སེལ་བ་ཞེས་བྱ་བར་རབ་ཏུ་ཤེས་སོ་༎ དུས་ལས་ཤིན་ཏུ་གྲོལ་བ་ཞེས་བྱ་བར་རབ་ཏུ་ཤེས་སོ་༎ ངོ་བོ ༼༦༽ ཉིད་ཡོངས་སུ་མཁྱེན་པ་ཞེས་བྱ་བར་རབ་ཏུ་ཤེས་སོ་༎ བཀའ་ཉམས་པ་མེད་པ་ཞེས་བྱ་བར་རབ་ཏུ་ཤེས་སོ་༎ སྐལ་པ་མཉམ་པ་མེད་པར་གཟིགས་པ་ཞེས་བྱ་བར་རབ་ཏུ་ཤེས་སོ་༎ ༼༧༽ དབང་ཕྱུག་གི་དམ་པ་ཞེས་བྱ་བར་རབ་ཏུ་ཤེས་སོ་༎ དྲང་སྲོང་སྟོན་པ་ཞེས་བྱ་བར་རབ་ཏུ་ཤེས་སོ་༎ འཕྲིན་ལས་བརྩམས་པ་ཞེས་བྱ་བར་རབ་ཏུ་ཤེས་སོ་༎ རྡོ་རྗེའི་སེངགེ་ཞེས་བྱ ༼༢༦༧བ༡༽ བར་རབ་ཏུ་ཤེས་ཏེ་། ཀྱེ་རྒྱལ་བའི་སྲས་དག་། དེ་དག་ལ་སོགས་པ་འཇིག་རྟེན་གྱི་ཁམས་ཀུན་ཏུ་སོང་བ་ན་མཚན་བྱེ་བ་བརྒྱ་སྟོང་ཕྲག་བཅུར་དེ་བཞིན་གཤེགས་པ་སེམས་ཅན་རྣམས་ཀྱིས ༼༢༽ རབ་ཏུ་ཤེས་སོ་༎,
6aa46911638449c0844beabf4d19501f,See the previous record,.,ཀྱེ་རྒྱལ་བའི་སྲས་དག་། འཇིག་རྟེན་གྱི་ཁམས་མི་མཇེད་འདི་དང་འདབས་ཆགས་སུ་ནུབ་བྱང་གི་ཕྱོགས་མཚམས་ན་འཇིག་རྟེན་གྱི་ཁམས་ཡོངས་སུ་དགའ་བ་ཞེས ༼༣༽ བྱ་བ་ཡོད་དེ་། དེ་ན་དེ་བཞིན་གཤེགས་པ་ལ་མེ་ཏོག་ཡང་དག་པར་བརྩེགས་པ་ཞེས་བྱ་བར་རབ་ཏུ་ཤེས་སོ་༎ ཙནདན་གྱི་གདུགས་ཞེས་བྱ་བར་རབ་ཏུ་ཤེས་སོ་༎ པདམོའི་སྙིང་པོ་ཞེས་བྱ ༼༤༽ བར་རབ་ཏུ་ཤེས་སོ་༎ ཤིན་ཏུ་འདས་པའི་ཆོས་ཞེས་བྱ་བར་རབ་ཏུ་ཤེས་སོ་༎ ཆོས་ཀྱི་ལྡུམ་བུ་ཞེས་བྱ་བར་རབ་ཏུ་ཤེས་སོ་༎ ཤིན་ཏུ་འཕགས་པ་ཞེས་བྱ་བར་རབ་ཏུ་ཤེས་སོ་༎ ཤིན་ཏུ ༼༥༽ སྦྱངས་པའི་གདུགས་ཞེས་བྱ་བར་རབ་ཏུ་ཤེས་སོ་༎ སྤྱན་ཤིན་ཏུ་ཡངས་པ་ཞེས་བྱ་བར་རབ་ཏུ་ཤེས་སོ་༎ ཚུལ་བཟང་པོ་དང་ལྡན་པ་ཞེས་བྱ་བར་རབ་ཏུ་ཤེས་སོ་༎ ཆོས་རྩེ་གཅིག་ཅེས ༼༦༽ བྱ་བར་རབ་ཏུ་ཤེས་སོ་༎ དྲ་བའི་སྙིང་པོ་ཞེས་བྱ་བར་རབ་ཏུ་ཤེས་ཏེ་། ཀྱེ་རྒྱལ་བའི་སྲས་དག་། དེ་དག་ལ་སོགས་པ་འཇིག་རྟེན་གྱི་ཁམས་ཡོངས་སུ་དགའ་བ་ན་མཚན་བྱེ་བ་བརྒྱ་སྟོང་ཕྲག་བཅུར་དེ ༼༧༽ བཞིན་གཤེགས་པ་སེམས་ཅན་རྣམས་ཀྱིས་རབ་ཏུ་ཤེས་སོ་༎,
7150bd910e4c45c2ba3f67fa37ca053d,See the previous record,.,ཀྱེ་རྒྱལ་བའི་སྲས་དག་། འཇིག་རྟེན་གྱི་ཁམས་མི་མཇེད་འདི་དང་འདབས་ཆགས་སུ་འོག་གི་ཕྱོགས་ན་འཇིག་རྟེན་གྱི་ཁམས་མི་ཆེ་བ་ཞེས་བྱ་བ ༼༢༦༨ཨ༡༽ ཡོད་དེ་། དེ་ན་དེ་བཞིན་གཤེགས་པ་ལ་འོད་འཕྲོ་འགྱེད་པ་ཞེས་བྱ་བར་རབ་ཏུ་ཤེས་སོ་༎ ཤིན་ཏུ་འདུལ་བ་ཞེས་བྱ་བར་རབ་ཏུ་ཤེས་སོ་༎ དབང་པོའི་མཚོན ༼༢༽ ཆ་ཞེས་བྱ་བར་རབ་ཏུ་ཤེས་སོ་༎ མི་རྟག་པ་ཞེས་བྱ་བར་རབ་ཏུ་ཤེས་སོ་༎ རྩ་བ་ཐུགས་སུ་ཆུད་པ་ཞེས་བྱ་བར་རབ་ཏུ་ཤེས་སོ་༎ འཕྲོ་བ་མེད་པ་ཞེས་བྱ་བར་རབ་ཏུ་ཤེས་སོ་༎ རླུང ༼༣༽ དང་མཉམ་པ་ཞེས་བྱ་བར་རབ་ཏུ་ཤེས་སོ་༎ གཏོང་བ་ལ་མོས་པ་ཞེས་བྱ་བར་རབ་ཏུ་ཤེས་སོ་༎ ལམ་ཤིན་ཏུ་བརྟགས་པ་ཞེས་བྱ་བར་རབ་ཏུ་ཤེས་སོ་༎ འཇོམས་པའི་རྒྱལ ༼༤༽ མཚན་ཞེས་བྱ་བར་རབ་ཏུ་ཤེས་ཏེ་། ཀྱེ་རྒྱལ་བའི་སྲས་དག་། དེ་དག་ལ་སོགས་པ་འཇིག་རྟེན་གྱི་ཁམས་མི་ཆེ་བ་ན་མཚན་བྱེ་བ་བརྒྱ་སྟོང་ཕྲག་བཅུར་དེ་བཞིན་གཤེགས་པ ༼༥༽ སེམས་ཅན་རྣམས་ཀྱིས་རབ་ཏུ་ཤེས་སོ་༎,
c644bb7bf450493fba8fb77349703caa,See the previous record,.,ཀྱེ་རྒྱལ་བའི་སྲས་དག་། འཇིག་རྟེན་གྱི་ཁམས་མི་མཇེད་འདི་དང་འདབས་ཆགས་སུ་སྟེང་གི་ཕྱོགས་ན་འཇིག་རྟེན་གྱི་ཁམས་དབྱངས ༼༦༽ སྒྲོག་པ་ཞེས་བྱ་བ་ཡོད་དེ་། དེ་ན་དེ་བཞིན་གཤེགས་པ་ལ་དཔའ་བའི་རྒྱལ་མཚན་ཞེས་བྱ་བར་རབ་ཏུ་ཤེས་སོ་༎ རིན་པོ་ཆེ་ཚད་མེད་པ་ཞེས་བྱ་བར་རབ་ཏུ་ཤེས་སོ་༎ མཆོད ༼༧༽ སྦྱིན་ལ་བརྩོན་པ་ཞེས་བྱ་བར་རབ་ཏུ་ཤེས་སོ་༎ ལྷའི་འོད་ཅེས་བྱ་བར་རབ་ཏུ་ཤེས་སོ་༎ དཔལ་འབྱུང་པ་ཞེས་བྱ་བར་རབ་ཏུ་ཤེས་སོ་༎ འཁོར་ལས་འཕགས་པ་ཞེས་བྱ་བར ༼༢༦༨བ༡༽ རབ་ཏུ་ཤེས་སོ་༎ ཐམས་ཅད་ཀྱི་བདག་པོ་ཞེས་བྱ་བར་རབ་ཏུ་ཤེས་སོ་༎ འཁོར་ལོ་མི་ལྡོག་པ་ཞེས་བྱ་བར་རབ་ཏུ་ཤེས་སོ་༎ བྱ་བ་དང་བཞུད་པ་མེད་པ་ཞེས་བྱ་བར་རབ་ཏུ་ཤེས་སོ་༎ ༼༢༽ ཐམས་ཅད་མཁྱེན་པས་ཤིན་ཏུ་གྲོལ་བ་ཞེས་བྱ་བར་རབ་ཏུ་ཤེས་ཏེ་། ཀྱེ་རྒྱལ་བའི་སྲས་དག་། དེ་དག་ལ་སོགས་པ་འཇིག་རྟེན་གྱི་ཁམས་དབྱངས་སྒྲོག་པ་ན་མཚན་བྱེ་བ་བརྒྱ་སྟོང་ཕྲག ༼༣༽ བཅུར་དེ་བཞིན་གཤེགས་པ་སེམས་ཅན་རྣམས་ཀྱིས་རབ་ཏུ་ཤེས་སོ་༎,
05a2c4d26bae4c3591c004011bc88ab2,See the previous record,.,ཀྱེ་རྒྱལ་བའི་སྲས་དག་། ཇི་ལྟར་འཇིག་རྟེན་གྱི་ཁམས་མི་མཇེད་འདི་ན་དེ་བཞིན་གཤེགས་པ་སེམས་ཅན་རྣམས ༼༤༽ ཀྱིས་རབ་ཏུ་ཤེས་པ་དེ་བཞིན་དུ་ཤར་ཕྱོགས་ཀྱི་འཇིག་རྟེན་གྱི་ཁམས་བྱེ་བ་བརྒྱ་སྟོང་ཚད་མེད་པ་། གྲངས་མེད་པ་། དཔག་ཏུ་མེད་པ་། བསམ་གྱིས་མི་ཁྱབ་པ་། མཚུངས་པ་མེད་པ་། ཀུན ༼༥༽ ཏུ་མཐའ་ཡས་པ་། མུ་མེད་པ་། ས་མཚམས་མེད་པ་། བརྗོད་དུ་མེད་པ་། ཆོས་ཀྱི་དབྱིངས་ཀྱིས་ཀླས་པ་། ནམ་མཁའི་དབྱིངས་ཀྱི་མཐས་གཏུགས་པའི་འཇིག་རྟེན་གྱི་ཁམས་ཐམས་ཅད་ན ༼༦༽ ཡང་དེ་བཞིན་གཤེགས་པ་སེམས་ཅན་རྣམས་ཀྱིས་རབ་ཏུ་ཤེས་སོ་༎,
a29f64d42be246cda4eaa7f284814967,See the previous record,.,གཞུང་དེ་ལྟར་ལྷོ་ཕྱོགས་དང་། དེ་བཞིན་དུ་ནུབ་ཕྱོགས་དང་། དེ་བཞིན་དུ་བྱང་ཕྱོགས་དང་། དེ་བཞིན་དུ་བྱང ༼༧༽ ཤར་གྱི་ཕྱོགས་མཚམས་དང་། དེ་བཞིན་དུ་ཤར་ལྷོའི་ཕྱོགས་མཚམས་དང་། དེ་བཞིན་དུ་ལྷོ་ནུབ་ཀྱི་ཕྱོགས་མཚམས་དང་། དེ་བཞིན་དུ་ནུབ་བྱང་གི་ཕྱོགས་མཚམས་དང ༼༢༦༩ཨ༡༽ དེ་བཞིན་དུ་འོག་གི་ཕྱོགས་དང་། དེ་བཞིན་དུ་སྟེང་གི་ཕྱོགས་ཀྱི་འཇིག་རྟེན་གྱི་ཁམས་བྱེ་བ་བརྒྱ་སྟོང་ཚད་མེད་པ་། གྲངས་མེད་པ་། དཔག་ཏུ ༼༢༽ མེད་པ་། བསམ་གྱིས་མི་ཁྱབ་པ་། མཚུངས་པ་མེད་པ་། ཀུན་ཏུ་མཐའ་ཡས་པ་། མུ་མེད་པ་། ས་མཚམས་མེད་པ་། བརྗོད་དུ་མེད་པ་། ཆོས་ཀྱི་དབྱིངས་ཀྱིས་ཀླས་པ་། ནམ ༼༣༽ མཁའི་དབྱིངས་ཀྱི་མཐས་གཏུགས་པའི་འཇིག་རྟེན་གྱི་ཁམས་ཐམས་ཅད་ན་ཡང་དེ་བཞིན་གཤེགས་པ་སེམས་ཅན་རྣམས་ཀྱིས་རབ་ཏུ་ཤེས་ཏེ་། སྔོན་བཅོམ་ལྡན་འདས ༼༤༽ ཀྱིས་བྱང་ཆུབ་སེམས་དཔར་གྱུར་པའི་ཚེ་ཡོངས་སུ་སྨིན་པར་མཛད་པ་དེ་དག་གིས་ནི་། སྤྱོད་པ་རྣམ་པ་ཐ་དད་པ་དང་། གསུང་གི་རྣམ་པ་ཐ་དད་པ་དང་། ང་རོ་རྣམ་པ་ཐ་དད ༼༥༽ པ་དང་། འཕྲིན་ལས་རྣམ་པ་ཐ་དད་པ་དང་། རྣམ་པར་སྨིན་པ་རྣམ་པ་ཐ་དད་པ་དང་། སྐྱེ་མཆེད་རྣམ་པ་ཐ་དད་པ་དང་། སྦྱོར་བ་རྣམ་པ་ཐ་དད་པ་དང་། དབང་པོ་རྣམ་པ ༼༦༽ ཐ་དད་པ་དང་། མོས་པ་རྣམ་པ་ཐ་དད་པ་དང་། སྐྱེ་མཆེད་རབ་ཏུ་ཐོབ་པ་གཞན་དང་གཞན་གྱིས་སེམས་ཅན་རྣམས་ལ་ཆོས་ཡོངས་སུ་བསྟན་པའང་རབ་ཏུ་ཤེས་སོ་༎,
7647a68b7e034383a8d9dde19724b930,See the previous record  ,.  文殊師利菩薩　復有文殊師利菩薩羅鄰師利菩薩　檀那師利菩薩群那師利菩薩　佛陀師利菩薩涅羅師利菩薩　惟闍師利菩薩那師利菩薩　軷陀師利菩薩曇摩師利菩薩如是等菩薩。其所止佛刹。刹極快好。其刹皆各各自有名阿栴墮還佛　阿泥羅墮還佛阿闍陀墮還佛　阿樓那墮還佛阿栴陀墮還佛　欝沈墮還佛伊豆羅墮還佛　梵摩墮還佛惟夷羅還佛佛説兜沙經,"ཤིན ༼༧༽ ཏུ་རྒྱས་པ་ཆེན་པོའི་མདོ་། སངས་རྒྱས་ཕལ་པོ་ཆེ་ཞེས་བྱ་བ་ལས་། སངས་རྒྱས་ཀྱི་མཚན་ཤིན་ཏུ་བསྟན་པ་ཞེས་བྱ་བའི་ལེའུ་སྟེ་། བཅུ་གཉིས་པའོ་༎ ཎོ་པརལླེལས་ཨིན་ཐེ་ཊིབེཏན,་བུཏ་ཨ་སིམིལར་ལིསཏ་ཨོཕ༹་བོདྷིསཏབ༹ས་ཨཔཔེཨརས་ཨིན་ཐེ་བེགིནནིང་ཨོཕ༹་ཐེ་ནེ྾ཏ་ཆཔཏེར ༼༡༩༡བ༧.༡༩༢ཨ༡༽,་ཨས་ཕོ༹ལློཝས༔་“…་དེ་དག་ཐམས་ཅད་དུའང་སངས་རྒྱས་ཀྱི་བྱིན་གྱི་རླབས་ཀྱིས་ཕྱོགས་བཅུ་ནས་བྱང་ཆུབ་སེམས་དཔའ་བཅུ་བཅུ་འོངས་པར་གྱུར་ཏེ་། བྱང་ཆུབ་སེམས་དཔའ་དེ་དག་ཐམས་ཅད་ཀྱང་མིང་འདི་ཞེས་བྱ་བ་དག་སྟེ་། འདི་ལྟར་འཇམ་དཔལ་དང་། སངས་རྒྱས་དཔལ་དཀ་། ནོར་དཔལ་དང་། རིན་ཆེན་དཔལ་དང་། ཡོན་ཏན་དཔལ་དང་། མིག་གི་དཔལ་དང་། བརྩོན་འགྲུས་དཔལ་དང་། ཆོས་ཀྱི་དཔལ་དང་། ཡེ་ཤེས་དཔལ་དང་། བཟང་པོའི་དཔལ་ཞེས་བྱ་བ་དག་གོ…”",  
a05f3f1bd79247f68a0a50d7fbe1d147,願行品第二  智首菩薩。問敬首曰。本何修行。成佛聖道。身口意淨。不念人惡。亦使天下不得其短。  仁慈至大。内性明了。殊過弟子別覺之上。一切衆邪莫能迴動。  出生端正。色相無比。族姓尊貴。  知重佛法。自守志強。常行四等。高才敏達。精進勇健。習衆徳本。諸度無極。所爲無量。恒生福地。  言見信用。降心正意。攝念入禪。曉空無想不願之法。  出入四大。五陰六入。十二縁起。七覺不閡。通十力智。博入諸道。濟危解厄。爲釋梵所敬。  除闇冥如燭火。明天下如日月。度衆人如船師。賢過三界而爲上首。欲成斯道。當何修行  敬首答曰。善哉佛子。志仰高遠。極大慈哀。愍傷十方。若族姓子族姓女。欲成佛道者。當先正身。言念相應。口習經典。心思可行。  改往修來。不釋道意。積徳累善。施恩不惓。然則所問悉可得也。爲菩薩者。必諦受學。如佛法教。無得増減。以誓自要。念安世間。奉戒行願。以立徳本  居家奉戒　當願衆生　貪欲意解　入空法中  孝事父母　當願衆生　一切護視　使得佛道  順教妻子　當願衆生　令出愛獄　無戀慕心  若得五欲　當願衆生　皆入清淨　心無所著  若在伎樂　當願衆生　悉得法樂　歡喜之忍  著寶瓔珞　當願衆生　解去重擔　諸綺可意  見諸婇女　當願衆生　棄捐色愛　無婬妷態  若上樓閣　當願衆生　　皆昇法堂　受佛諸經  身在房室 　當願衆生　覺知惡露　無有更樂  布施所有　當願衆生　興福救之　莫墮慳貪  See two records ahead  若患厭家　當願衆生　疾得解脱　無所拘綴  若棄家出　當願衆生　離苦惱罪　從正得安  入佛宗廟　當願衆生　近佛行法　無復罣礙  詣師友所　當願衆生　　開達入正　悉得如願  請求捨罪　當願衆生　得成就志　學不中悔  脱去白衣　當願衆生　解道修徳　無有懈怠  受著袈裟　當願衆生　　被法服行　心無沾汚  除剔鬚髮　當願衆生　除捐飾好　無有衆勞    已作沙門　當願衆生　受行佛意　開導天下  受成就戒　當願衆生　　得道方便　慧度無極  守護道禁　當願衆生　皆奉法律　不犯法教  始受和上　當願衆生　令如禪意　思惟解脱  受大小師　當願衆生　　承佛聖教　所受不忘  自歸於佛　當願衆生　體解大道　發無上意  自歸於法　當願衆生　深入經藏　智慧如海  自歸於僧　當願衆生　依附聖衆　從正得度  凡開門戸　當願衆生　開現道法　至於泥洹  關閉門戸　當願衆生　閉塞惡道　罪得除盡入室當願　一切衆生　安隱寂寞　得止觀意  敷床當願　一切衆生　入大乘道　濟安天下  宴坐當願　一切衆生　坐佛道樹　　心無所猗  入衆當願　一切衆生　　成戒定慧　解度知見    數息當願　一切衆生　得捨家中　無世間念  守意當願　一切衆生　心不放逸　無有雜念    早起當願　一切衆生　　覺識非常　興精進意  下床當願　一切衆生　履踐佛迹　心不動搖  著裳當願　一切衆生　常知慚愧　　攝意守道  結帶當願　一切衆生　　束帶修善　志無解已  次著中衣　當願衆生　恭敬畏愼　無有慢墮  被上法服　當願衆生　服聖表式　敏於道行  左右便利　當願衆生　　蠲除汚穢　無婬怒癡  See the next record(two records following)  已而就水　當願衆生　柔和軟弱　清淨謹飾 用水既淨　當願衆生　以法自洗　無復惡態  手執楊枝　當願衆生　　學以法句　擿去諸垢澡漱口齒　當願衆生　　蕩滌情性　如清淨住  See the previous record (four records ahead)  See the previous record (three records ahead)  盥手當願　一切衆生　得柔淨掌　執受經道  澡面當願　一切衆生　　常向清淨　心無瑕疵  See the following record(47 records following)  See the following record(47 records following)  出門當願　一切衆生　如佛所欲　出度三界  向道當願　一切衆生　向無上道　　志不退轉  行道當願　一切衆生　　遊於無際　不中休息  上坂當願　一切衆生　樂昇上道　無所疑難  下坂當願　一切衆生　深入廣博　　微妙法中  行於曲路　當願衆生　　棄邪曲意　行不忮忮  行於直路　當願衆生　得中正意　言無諛諂  見風揚塵　當願衆生　經明行修　心不紛亂  見雨淹塵　當願衆生　　大慈伏意　不起諸想  涼息樹下　當願衆生　伏心在道　經意不疲    入林澤中　當願衆生　學爲儒林　　養徒以徳  行見高山　當願衆生　　志仰高大　積徳無厭  行見刺棘　　當願衆生　三毒消滅　無賊害心  得好葉樹　當願衆生　以道自蔭　　入禪三昧  樹華繁熾　當願衆生　　三十二相　諸好滿具  果蓏盛好　當願衆生　起道樹行　成無上果  覩諸流水　當願衆生　得正溝流　入佛海智  覩諸陂池　當願衆生　　一切功徳　慧行充滿  See the next record (three records following)  若見泉水　當願衆生　入佛淵智　所問無窮  遙望江海　當願衆生　入深佛藏　無盡之法  見人汲井　當願衆生　　開心受法　得一味道  過度橋梁　當願衆生　興造法橋　度人不休  見修園圃　當願衆生　耘除穢惡　不生欲根  見田稻穀　當願衆生　　廣殖福徳　不爲災患  見好園圃　當願衆生　得周滿持　道法備具  見丘聚舍　當願衆生　常處仁智　道無危殆    See the previous record (five records ahead)  見精學堂　當願衆生　　講誦經道　日進不衰  見人衆聚　當願衆生　功滿得佛　成弟子衆  見人閑居　當願衆生　恬惔無爲　遊志典籍  See the next records (23 records following)  See the next record (23 records following)    See the next record (23 records following)  See the next record (21 records following)  See the next record (23 records following)  See the next record (21 records following)   See the next record (23 records following)  See the next record (21 records following)  See the next record (22 records following)  See the next record (22 records following)  得見沙門　當願衆生　　多聞戒具　誨人不惓  見異道人　當願衆生　遠去邪見　入八正道  得見仙人　當願衆生　意行具足　所欲者成  行到城郭　當願衆生　　持戒完具　心無虧缺望見宮闕　當願衆生　　聰明遠照　諸善普立  See the next record(six records following)    若見帝王　當願衆生　得奉聖化　如正道教  見帝王子　當願衆生　　履佛子行　化生法中  若見公卿　當願衆生　明於道理　助利天下  見諸臣吏　當願衆生　忠正順善　無固賊心  見被鎧甲　當願衆生　　誓被法鎧　不違本願見魯鈍人　當願衆生　　勇於道義　成四無畏  See the previous record(eight records ahead)  見憂愁人　當願衆生　離諸恐怖　無復憂戚  見喜笑人　當願衆生　　捨非常樂　五欲自娯  見勤苦人　當願衆生　得泥洹道　免度諸厄　  見安樂人　當願衆生　安快如佛　惔怕無患  見疾病人　當願衆生　　知空非身　無苦痛意  見強健人　當願衆生　得金剛形　無有衰耗　  見醜陋人　當願衆生　去醜惡行　以善自嚴  見端正人　當願衆生　　意行質直　愛好道法  見報恩人　當願衆生　念佛恩徳　行菩薩行  見背恩人　當願衆生　降心伏意　棄捐諸惡  見貪欲人　當願衆生　　法施天下　無慳貪意  行持錫杖　當願衆生　依仗於法　分流徳化  挾持應器　當願衆生　受而知施　修六重法  入里分衞　當願衆生　　如戒法求　無得疑妄  到人門戸　當願衆生　入總持門　悉見諸法  入人堂室　當願衆生　昇佛聖堂　深行微妙  人不與食　當願衆生　　得般若意　無望無惜  主人未辦　當願衆生　離三惡道　無飢渇想  授空應器　當願衆生　皆得至空　無欲之性  受滿應器　當願衆生　　一切成滿　道品之法  挾持鉢飯　當願衆生　爲法供養　志在大道　  與廉人坐　當願衆生　廉潔知恥　所作不妄  坐有貪人　當願衆生　　無有強顏　貪鄙之心  得香美食　當願衆生　知節少欲　情無所著  得不美食　當願衆生　知身幻法　好惡無異  擧飯向口　當願衆生　　悉得諸經　諸佛法味  所噉雜味　當願衆生　味味如佛　化成甘露  飯食已訖　當願衆生　徳行充盈　成十種力  講經説法　當願衆生　　志意開達　聞法即寤呪願達嚫　當願衆生　　悉令通佛　十二部經  罷坐退去　當願衆生　一切究竟　得三甘露  若欲入水　當願衆生　　身口意淨　等於三塗  澡浴身體　當願衆生　  蕩除心垢　見生死際  盛暑熱極　當願衆生　得清涼定　滅一切苦  氷凍寒甚　當願衆生 　心冷愛除　無復情欲  誦讀經偈　當願衆生　博解諸法　無復漏忘  若得見佛　當願衆生　常與佛會　行七覺意  見佛圖像　當願衆生  　悉覩十方　眼無障蔽  拜謁佛時　當願衆生　得道如佛　莫能見頂  稽首而起　當願衆生　皆如佛意　尊貴無上  始欲旋塔　當願衆生　　施行福祐　究暢道意  遶塔三匝　當願衆生　得一向意　不斷四喜  行詠歌經　當願衆生　念佛恩徳　行法供養畢住讃佛　當願衆生　光明神徳　如佛法身  暮將洗足　當願衆生　得四神足　周遍十方  See the previous record (two records ahead)  昏夜寢息　當願衆生　離於闇冥　無復五蓋  臥覺當願　都使衆生　得佛十八　不絶之法  是爲菩薩　誡願倶行　兼愛博施　不捨十方  十地品第三  於是忍世界。百億天帝釋。皆於忉利紫紺殿上。化作七寶師子之座。施交露帳席以綵縶已。各稽首請佛。  佛意悉知。即爲分身。遍諸釋殿。一一佛者。從衆菩薩。一切天帝。莫不悦豫。其下百億小國。續自見佛。如故不減。  時十方刹。復來雲集。法意菩薩。首意菩薩。賢意菩薩。勤意菩薩。思意。知意審意。專意重意。盡意菩薩等。各從十方。與無數上人倶來。稽首佛足坐一面。蓮華上  法意菩薩。即如其像。正坐定意。入於無量會見三昧。悉見十方。無數諸佛。  各伸右手摩其頭。倶言  善哉。法意。菩薩勇健。乃得是定。  十方如來。及釋迦牟尼佛。已皆拜汝成立功徳。修微妙辯。知空無著行。究暢法要。通諸佛語。知衆生意。汝行已備。得佛不久。今使汝説菩薩十住。令諸學者普知所行。  於是法意菩薩。得佛辯辭。明哲至眞。不忘不難。  從定意覺而言曰。  諸族姓子。欲求佛者。有十地住。往古來今。皆由此成。衆祐所歎。是合無量。具陳演説。如佛所言。  何等爲十。  第一發意。第二治地。第三應行。第四生貴。第五修成。第六行登。第七不退。第八童眞。第九了生。第十補處  何謂發意。    菩薩法住。有十事。謂初見佛。十功徳起。  一見佛端正。二身色相具。三神足現化。四道徳深奧。五儀法無比。六謂知人意。七出經教明。八所言諦解。九見生死苦。十體樂佛法。  稍稍開解。便發道意。欲曉了佛十力之智。  其學有十。當知禮事諸佛。當曉説菩薩徳。當諦了生死本。當願修貴治福。當令行勝三界。當學諸佛功徳業。當求更見諸佛。當習行諸深三昧。當悲念諸罪苦人。當從生死輪還。是爲上頭初發意地  何謂治地。菩薩法住。有十事。以次學。  一念人善。二淨潔心。三柔軟意。四安靜志。五常布施。六行慈愛。七利天下。八助平均。九視彼如己。十敬人如師。  復有十學。當多諷經。當遠郷土。當近明師。  當學善言。當知時。當精進。當入要。當曉行。當不忘。當安志。是爲次第治地之行  何謂應行。菩薩法住。有十事入如經。  一見無常。二見生苦。三見行空。四見非身。五見無主。六無所貪。七無所著。八無爲。九無欲。十無求。  復有十學。當念人。當念刹。當念法。當念地種。當念水種。當念火種。當念風種。當念欲界。當念色界。當念無色界。心無戀慕。是爲分別應行之地  何謂生貴。菩薩法住。有十事隨佛行。  一不還邪道。二專心向佛。三思惟法意。四觀功徳行。五見人如化。六見刹如夢。七見殃福空。八見諸法如幻。九苦樂無異。十解泥洹淨。  復有學。當知思念。去佛意空。來佛意空。今佛意空。去佛法淨。來佛法淨。今佛法淨。  去佛自然。來佛自然。今佛自然。諸佛興等。皆無所異。是爲平等生貴之地  何謂修成。菩薩法住。有十事行濟人。  一爲人方便。二令人安隱。三賑救天下人。四慈念一切。五悲傷衆生。六令人歡喜。七護視人物。八勸令隨道。九爲現清淨。十令得泥洹。  復有十學。當知衆生。無有要。無有種。無有數。無有造。無有正。不可思。不可稱不可度。不可具説。爲一切空。是爲聖行修成之地。  何謂行登。菩薩法住。有十事度輒成。  一聞稱佛譏佛心無異。二聞譽法毀法心無異。三聞菩薩善菩薩惡心無異。四聞人相評論心無異。五聞人衆人寡心無異。六聞經多經少心無異。七聞生苦生樂心無異。八聞人難度人易度心無異。九聞法興法衰心無異。十遭有道遭無道心無異。  復有十學。心無想不受想。不計身。無我所。無有見。無有主。無有受。爲如化。爲不成。無所有。是爲盡信行登之地  何謂不退轉。菩薩法住。有十事志牢強。  一言有佛無佛不退轉。二言有法無法不退轉。三言有菩薩無菩薩不退轉。四六言有求佛無求佛不退轉。五有得佛無得佛不退轉。六曰古有聖道無聖道不退轉。七今有聖道無聖道不退轉。八後有聖道無聖道不退轉。九言三塗同三塗異不退轉。十言佛智有盡佛智無盡不退轉。  復有十學。開微慧入大智。開大智入微慧。現一法入衆經。現衆經入一法。解衆生入空要。解空要入衆生。釋有想入寂定。釋寂定入有想。説少淨入多想。説多想入少淨。是爲轉進不退之地  何謂童眞。菩薩法住。有十事隨所入。  一身口意不犯。二一切無瑕疵。三志壹在所生。四見人知内慈。五知人心所信。六知人意所解。七不受彼雜想。八知諸刹成敗。九神足疾遍到十方。十周滿持諸法。  復有十事。學知佛世界。學如佛智能。學現佛神足行。學莊嚴諸佛刹。學遍遊諸國土。學法答衆問。學化無不現。學佛聲出諸法。學轉頃匝十方。學作一念見無數佛。是爲清淨童眞之地  何謂了生。菩薩法住。有十事受慧見。  一知一切生何道。二知衆生所習縛。三知人本所更來。四知人所行殃福之報。五知人受行何法。六知人心所入好惡。七知人意念若干變。八知十方國清濁。九知三塗無量慧。十知諦要説如應。  復有十事。學法王正行。學法王禮儀。學法王興立。學法王出入。學法王周旋。學法王威嚴。學法王坐起。學法王教令。學法王拜人。學法王巡行刹土。是爲受決了生之地  何謂補處。菩薩法住。有十事智難及。  一當念感動無數國。二當爲無數國現明。三當爲無數國立法。四當爲開度無數國。五當利安無數國。六當聲曉無數人。七當觀察知衆生意。八當知衆生無極念。九當令無數人入法。十以次第現人慧  了。生所不能及補處者十。不能知其身事志行。神足定念。達古知今。見後明處。及修刹法。聖意之事。補處所欲。  又有十事。學佛三塗無際之慧。學具足諸佛法。學法法無所著。學諸佛無底藏。學神智成其刹。學光明照十方。學佛定感動諸國。學權道隨意化。學遍教令成就。學合會轉法輪。  所以學者。欲一切知。已一切敏。無所復學。是名爲補處。從十十法成。現世得紹代無上正眞之道。爲最正覺。度脱天下。  佛言。善哉善哉。法意菩薩。可謂佛子。一切十方去來現在佛。皆由此興。是法無際。所照無量。度人無極。智心無盡。  佛説是已。皆大歡喜。爲佛作禮佛説菩薩本業經,"諸菩薩求佛本業經一卷西晋優婆塞聶道眞譯　  若那師利菩薩。問文殊師利菩薩。菩薩何因身有所行。不令他人得長短。口所言。不令他人得長短。心所念。不令他人得長短。何縁身不法他人長短。口不説他人長短。心不念他人長短。持是身所行口所言心所念。  衆阿羅漢辟支佛。及諸天人世間人民。所不能及知。身所行口所言心所念。無能逮者。無有能動轉者。身所行口所言心所念。無有能害者。身所行口所言心所念。皆成就遂意。身所行事淨潔。口所言淨潔。心所念淨潔。身所行無瑕穢。口所言無瑕穢。心所念無瑕穢。身所行智慧在上頭。口所言智慧在上頭。心所念智慧在上頭。  生時端正。生時智慧。生時布施。生時種類中好。生時於尊貴家。生時面色好。生時善相與衆異。  意所念皆強。多所護持不忘。無所愛惜。高才猛健。猛中尊。猛中貴。 猛中勇。猛中勇猛。猛中無有比。所識爲無有能斟量者。所議無有央數。所議爲不可計。無有邊幅。無有能勝者。慈愛於佛經。皆前世筋力行所致。  多所出入語者。人皆信用之。無有不敬附者。身所行。無有不淨潔者。諸所視經。無有不了知者。一心降意。思惟明曉。迴念入禪。  出入五音中。入於四事中。入於三事中。入於十二事中過去當來今現在所出生福祐功徳中。入於七覺意中。入於虚空無常無所罣礙中。入於六波羅蜜經中。悉具足念善慈愛愍傷等。心悉無所憎愛。入於十種力慧中。爲諸天梵釋。阿須輪鬼神龍所供養。  悉愛護十方人。諸有驚怖者。皆歸仰得解。諸有恐懼急縁者。無不得安隱者。明於十方。如燈火如炬火。如大火如日月。過度諸世間人。如船佐。如船中人。有尊師。於諸天世間人民蜎飛蠕動之類。極善極豪。都於大衆中。最獨尊雄中復重雄。極上無有與等者。如是法當何以致之。  文殊師利菩薩。謂若那師利菩薩言。善哉善哉。佛子所問。乃爾極大慈愛。多所度脱。乃作是發意問。所問者皆有佛子菩薩身所行。有口所言。有心所念。  有意所念道。諸所施行功徳悉可得。未曾増減。佛經時。過去當來今現在佛。悉受得之。皆從是起成。皆使世間人民悉安隱。諸所説經悉諦受。諸所有宿命惡悉消盡。諸經悉受得之。諸所有皆快。諸所有皆好。無有與等者。如是佛子。行於大道者。悉皆得之  菩薩居家法。心念言。十方天下人。皆使莫爲愛欲所拘繋。悉入虚空法中。  菩薩孝順供養父母時。心念言。十方天下人。皆使早得佛道。以當度脱十方天下人。  菩薩妻子共居時。心念言。十方天下人。皆使諸有愛欲悉消去。  菩薩居家。有所思時。心念言。十方天下人。皆使脱於愛欲中。得道極過度。  菩薩居家相娯樂。作音樂時。心念言。十方天下人。皆使聽受諸經。悉得聞如是作音樂時欲聽聞。  菩薩著七寶時。心念言。十方天下人。皆使脱於重擔去。悉得止休息。  菩薩在婇女中相娯樂時。心念言。十方天下人。皆使悉入佛經中。拔棄於婬泆。  菩薩在樓上時。心念言。十方天下人。皆使上佛經講堂上。悉受諸經無有與等者。  See the record after next  菩薩布施時。心念言。十方天下人。皆使諸所有。但欲施與人。無有貪愛者。  菩薩與妻子恩愛時。心念言。十方天下人。皆使早脱去於婬泆惡露悉棄捐。令覺知入虚空中。  菩薩患厭家中時。心念言。十方天下人。皆使早得脱解。無所復拘著。  菩薩棄家行學道時。心念言。十方天下人。皆使得出去莫復還入愛欲中。無所復貪。  若菩薩到佛寺時。心念言。十方天下人。皆使但念佛。悉入諸經中。無所復罣礙。  菩薩至師和上所時。心念言。十方天下人。皆使心所念善。無有不得者。悉入正經中。  菩薩索作沙門時。心念言。十方天下人。皆使所至到。悉令得成就。莫復中悔止。  菩薩去白衣時。心念言。十方天下人。皆使極照明。於功徳中。莫令有懈怠。  菩薩受袈裟時。心念言。十方天下人。皆使無所沾汚。持心如佛。  菩薩剃頭髮時。心念言。十方天下人。皆使垢濁悉除去。莫復與共會。  菩薩作大沙門時。心念言。十方天下人。皆使還漚和拘舍羅波羅蜜悉得經。  菩薩作沙門時。心念言。十方天下人。皆使作沙門時。令如佛悉度十方天下人。  菩薩持戒時。心念言。十方天下人。皆使護持禁戒。莫令犯如法。    菩薩受和上時。心念言。十方天下人。皆使念所知禪。極過度。無所一罣礙。  菩薩受師時。心念言。十方天下人。皆使所作。悉爲狎習。如所教法。持不失。  菩薩自歸於佛時。心念言。十方天下人。皆使無不歡樂於佛法。悉生極好處。  菩薩自歸於經時。心念言。十方天下人。皆使無不得深經藏。所得智慧如大海。  菩薩自歸於僧時。心念言。十方天下人。皆使無不得依度如比丘僧。有所依度樂於佛道徳。  菩薩開戸時。心念言。十方天下人。皆使早開天門。入佛經門。莫復厭還者。及自到佛泥洹道。  菩薩入室中時。心念言。十方天下人。皆使得度脱。所居止處。早如佛所止處。早逮得深經。衆阿羅漢辟支佛所不能及。菩薩閉戸時。心念言。十方天下人。皆使早閉塞惡道門。諸所有宿命惡悉燒盡。  菩薩敷床時。心念言。十方天下人。皆使早入至深經中。悉視十方人虚空。  菩薩坐時。心念言。十方天下人。皆使坐安如佛坐於師子座上時。莫令心有所著。    菩薩正坐時。心念言。十方天下人。皆使入正功徳中。無令有狐疑増減佛經中。  菩薩喘息時。心念言。十方天下人。皆使喘息定成止足。    菩薩佪念觀時。心念言。十方天下人。皆使當作是念。見無常法。  菩薩起坐時。心念言。十方天下人。皆使所見虚空法。無有不了知者。  菩薩足蹈地時。心念言。十方天下人。皆使住安隱。不復動搖。  菩薩著泥洹僧時。心念言。十方天下人。皆使撿持功徳。悉愧於世間諸所有早令得佛道。  菩薩繋帶時。心念言。十方天下人。皆使結諸功徳悉令堅。  菩薩被安和時。心念言。十方天下人。皆使重益得諸功徳。悉入諸經中。極過度去。  菩薩被震越時。心念言。十方天下人。皆使常樂喜於佛經。未曾有離時。  See the next record (four records following)  菩薩持楊枝時。心念言。十方天下人。皆使學諸經。悉淨潔得。  See the next record (three records following)  菩薩漱齒洗口時。心念言。十方天下人。皆使諸垢濁。悉淨潔去清淨住。  菩薩左右時。心念言。十方天下人。皆使棄衆惡。斷絶婬泆瞋恚愚癡。  菩薩行至水時。心念言。十方天下人。皆使上佛經。悉淨潔。菩薩持水行時。心念言。十方天下人。皆使無不謹勅軟好心淨潔。  菩薩澡手時。心念言。十方天下人。皆使軟好手取諸經道法。  菩薩洗面時。心念言。十方天下人。皆使入佛經道。面門莫令有瑕穢  See the following record(47 records following)  See the following record(47 records following)  菩薩向出門時。心念言。十方天下人。皆使逮所求索。悉疾得無所復罣礙。  菩薩向道時。心念言。十方天下人。皆使早得佛。莫復令還。  菩薩行道時。心念言。十方天下人。皆使入無底經中。悉深入經。淨潔身體。無所罣礙。  菩薩行道上坂時。心念言。十方天下人。皆使喜樂佛經。無有厭極時。  菩薩行道下坂時。心念言。十方天下人。皆使入佛大道中。悉貫諸智慧。  菩薩行曲道中時。心念言。十方天下人。皆使莫有邪念。無令有惡口。  菩薩行直道中時。心念言。十方天下人。皆使心念正道。無令有諛諂。  菩薩見揚塵滿道時。心念言。十方天下人。皆使諸欲去。常得明經。  菩薩見淹塵滿道時。心念言。十方天下人。皆使常柔軟心。悉得諸慈哀。  菩薩見陰涼樹時。心念言。十方天下人。皆使諸所惡法。悉除去通利。入佛經中悉覺知。  菩薩見講堂精舍時。心念言。十方天下人。皆使聽受諸經悉入中。  菩薩見林大樹時。心念言。十方天下人。皆使無不歸仰。供養者天上世間皆悉然。  菩薩見山時。心念言。十方天下人。皆使心念高才。明諸功徳法。無有能勝者。  菩薩見棘樹時。心念言。十方天下人。皆使疾遠離於婬泆瞋怒愚癡。  菩薩見葉樹時。心念言。十方天下人。皆使道覆蓋得禪。迴入三昧。  菩薩見華樹時。心念言。十方天下人。皆使莊身得三十二相。  菩薩見實樹時。心念言。十方天下人。皆使得華實。悉具足於佛經中。  菩薩見流水時。心念言。十方天下人。皆使入佛經流淵中。悉得佛智。(also, see thefollowing record)  See the previous record and following record  菩薩見井時。心念言。十方天下人。皆使早開經門。一味無有異。菩薩見汲水時。心念言。十方天下人。皆使所道智悉具足。開入功徳法中。  菩薩見泉水時。心念言。十方天下人。皆使所問慧者。多所解。悉會於佛經道中。  菩薩見大水時。心念言。十方天下人。皆使悉重持諸功徳法。無有盡。時無有能過者。  See the previous record (three records ahead)  菩薩見橋梁時。心念言。十方天下人。皆使得諸經。極過度人。如橋梁過人。無有極止時。        菩薩見宅舍時心念言。十方天下人。皆使遠離於愛欲。十方人心所念者皆悉知。  菩薩見園時。心念言。十方天下人。皆使心無所拘著。不樂於五音樂五所思。  菩薩見果園時。心念言。十方天下人。皆使心無所愁憂。悉得深智本根。  菩薩見戲園時。心念言。十方天下人。皆使無不精進者。莫令離於佛諸經。  菩薩見莊嚴大衆出時。心念言。十方天下人。皆使莊嚴於三十二相悉逮得。    菩薩見人愁憂時。心念言。十方天下人。皆使莫復愁憂。  菩薩見人樂時。心念言。十方天下人。皆使樂喜深經。  菩薩見人不樂時。 心念言。十方天下人。皆使恩愛。無所著。  菩薩見人安隱時。心念言。十方天下人。皆使安隱。逮得如佛安隱。  菩薩見人勤苦時。心念言。十方天下人。皆使滅諸勤苦。悉見正眞道。  菩薩見人強健時。心念言。十方天下人。皆使強健如佛。時身強健。  菩薩見人病時。心念言。十方天下人。皆使念無常。悉入虚空中。盡究竟於佛經。莫復還。  菩薩見端正人時。心念言。十方天下人。皆使愛樂於佛經。  菩薩見醜人時。心念言。十方天下人。皆使莫墮醜惡中。  菩薩見報恩時。心念言。十方天下人。皆使報恩於諸菩薩。  菩薩見不報恩人時。心念言。十方天下人。皆使無有慳貪。悉示人於正道。  菩薩見沙門時。心念言。十方天下人。皆使受諸經。悉究竟得。  菩薩見異道人時。心念言。十方天下人。皆使諸惡根本。悉消盡賜。究竟諸經。  菩薩見仙人時。心念言。十方天下人。皆使所求願。盡悉得。所作爲皆成足。  See the next record(eight records following)  菩薩見被鎧人時。心念言。十方天下人。皆使受鎧悉具足於佛經。菩薩見愚鈍時。心念言。十方天下人。皆使黠健。所作爲。莫墮衆惡中。  菩薩見講經時。心念言。十方天下人。皆使所聞知。無不解慧者。  菩薩見帝王時。心念言。十方天下人。皆使自致爲經中王。自然轉經。説道無有休絶時。  菩薩見太子時。心念言。十方天下人。皆使作佛子。常化生於經中。  菩薩見公卿時。心念言。十方天下人。皆使明於深經中所問慧。莫不解遣承用者。  菩薩見旁臣長吏時。心念言。十方天下人。皆使念正莫用有惡。無令遠離於諸菩薩。  See the previous record(six records ahead)  菩薩見城時。心念言。十方天下人。皆使身體。無有與等者。悉令人善無有能過者。菩薩見宮闕時。心念言。十方天下人。皆使樂明於心。常念與善功徳相値。  See the previous record (23 records ahead)  See the previous record (23 records ahead)  See the previous record (21 records ahead)  See the previous record (23 records ahead)  See the previous record (21 records ahead)  See the previous record (23 records ahead)  See the previous record (21 records ahead)  See the previous record (23 records ahead)  See the previous record (22 records ahead)  See the previous record (22 records ahead)    菩薩見持錫杖時。心念言。十方天下人。皆使常作善。爲人所仰。常欲施與人。教人爲善法。  菩薩持鉢時。心念言。十方天下人。皆使多所饋遺。悉受所供養。皆入於無底功徳中。  菩薩行分越時。心念言。十方天下人。皆使入佛法處。無有忘誤時。  菩薩至人家門時。心念言。十方天下人。皆使至佛經門。  菩薩入門内時。心念言。十方天下人。皆使入佛智慧内。  菩薩未受飯食時。心念言。十方天下人。皆使無有逆難。悉入般若波羅蜜經中。  菩薩未得飯時。心念言。十方天下人。皆使莫復墮泥犁。禽獸。薜荔。監樓。惡道中。  菩薩見空鉢時。心念言。十方天下人。皆使空於愛欲中。  菩薩見滿鉢時。心念言。十方天下人。皆使滿諸功徳中。  菩薩見受飯鉢時。心念言。十方天下人。皆使奉行佛道事。  菩薩見慚愧人時。心念言。十方天下人。皆使無不慚愧於愛欲者。  菩薩見不慚愧人時。心念言。十方天下人。皆使心所念惡悉棄捐。莫不慈哀者。  菩薩得美食時。心念言。十方天下人。皆使所願。無不悉得者。心無沾汚。  菩薩得麁飯食時。心念言。十方天下人。皆使柔軟心。無不愍傷者。  菩薩飯時。心念言。十方天下人。皆使如禪食足。常飽於經。  菩薩食味時。心念言。十方天下人。皆使飽味。如佛喉咽所化味時。悉令逮得於甘露名經。  菩薩飽已時。心念言。十方天下人。皆使所作。爲悉成足。入佛經極過去。  菩薩説經呪願時。心念言。十方天下人。皆説所道。無有盡時。悉入佛諸深經中。  菩薩説經呪願已出去時。心念言。十方天下人。皆使出於三處色。無常空中。悉受得佛智慧。  菩薩入水時。心念言。十方天下人。皆使入佛智慧中。過去當來今現在悉平等。  菩薩浴時。心念言。十方天下人。皆使洗除心垢。悉令去明極照至邊。  菩薩見熱時。心念言。十方天下人。皆使遠離於熱極過度去。  菩薩見寒時。心念言。十方天下人。皆使作人中將。得極明涼好處。  菩薩見誦經時。心念言。十方天下人。皆使解於諸經處。盡求索智。悉攬持諸慧。  菩薩見佛時。心念言。十方天下人。皆使與諸佛共會。心無所罣礙。  菩薩上向視佛時。心念言。十方天下人。皆使眼所視。無所罣礙。見無極處。  菩薩爲佛禮拜。頭腦著地時。心念言。十方天下人。皆使無有能逮見佛頭上者。天上天下。  菩薩拜起。正視佛時。心念言。十方天下人。皆使行經無有與等者。  菩薩繞佛一匝時。心念言。十方天下人。皆使繞極善所作。爲皆究竟賜經明。  菩薩繞佛三匝時。心念言。十方天下人。皆使所作爲。心常勇。未常遠離於佛道。  菩薩稱譽佛功徳威神時。心念言。十方天下人。皆使所作爲。功徳不可計。威神不可計。功中極過度。See the also next records(two records following)  菩薩洗足時。心念言。十方天下人。皆使悉得佛神足念飛。無所復罣礙。悉入具。  菩薩稱譽佛相時。心念言。十方天下人。皆使身體。悉具足。如佛經身。  菩薩臥坐時。心念言。十方天下人。皆使得佛智慧。得十力。    是爲菩薩常所行道   (or see the next record, four records following)   是釋迦文佛刹。凡有百億釋提桓因坻。皆忉利天上。悉各思想欲請佛。諸釋提桓因坻皆爲佛於紫紺正殿上。施七寶師子座。以天所有名好劫波育雜色。若干種絶殊好。皆敷著座上。皆施絶好交露帳。皆各於適已。  佛即悉知之。佛便分身威神。悉皆在百億忉利天上釋提桓因抵外門。一一釋提桓因坻。皆有一佛。凡有百億佛。皆與諸菩薩等倶。諸釋提桓因坻。皆大歡喜。悉出迎。爲佛作禮。請佛入。佛即與諸菩薩等倶入。至紫紺正殿上帳中坐。諸菩薩等。悉各於一一七寶蓮華師子座交露帳中坐。佛續在是百億小國土。與諸菩薩共坐。威神不動  十方諸菩薩大復來會曇昧摩提菩薩。復有曇昧摩提菩薩。師利摩提菩薩。倶那摩提菩薩。墮夜摩提菩薩。沙頭摩提菩薩。若那摩提菩薩。沙遮摩提菩薩。阿迦摩提菩薩。沙羅摩提菩薩。薩和摩提菩薩諸菩薩求佛本業經  菩薩十住行道品一卷西晋三藏竺法護譯曇昧摩提菩薩。持佛威神。便於佛前。於是阿難波渝迦三昧。悉見十方諸佛。十方諸佛者。其數如千佛刹塵等。一塵者。爲一佛刹。一佛刹如是十方四面。  見十方諸佛。皆悉言。  善哉善哉。曇昧摩提菩薩。  十方諸佛。皆賜與智慧。悉語曇昧摩提菩薩言。是釋迦文佛。前世本願。所結成功徳。威神使若益。諸經益者。佛威神益。深入經處。悉示諸十方。虚空法心無所著。悉入無所罣礙中。悉入大道中。疾近逮佛。悉知諸經。諸十方人所思想。悉學知十方諸所説經。皆悉知用。是故悉爲諸菩薩等。説菩薩十法住。悉及得持佛威神。悉能説。  爾時曇昧摩提菩薩。所語説。無所罣礙。無所難也。無有盡賜時。無有能升量者。無有極止時。無有能逮者。無有能得長短者。未曾有忘時。無不得明者。悉等無異。無有懈慢時。衆所不能及。  持是三昧力。十方諸佛等。皆各各伸右手。著曇昧摩提菩薩頭上。以曇昧摩提菩薩。使於三昧中覺。便語菩薩言。  諸佛子皆聽。菩薩舍甚大。悉如虚空。經處何因。菩薩舍甚大。過去諸佛悉那中生。當來諸佛悉那中生。今現在諸佛悉那中生。何因菩薩入大道中。從何因縁。入是大道中。何因正爾。菩薩有十法住。用分別如過去當來今現在佛等所説。  何等爲諸菩薩十法住  第一者。波藍耆兜波菩薩法住第二者。名阿闍浮菩薩法住第三者。名渝阿闍菩薩法住第四者。名闍摩期菩薩法住第五者。名波渝三般菩薩法住第六者。名阿耆三般菩薩法住第七者。名阿惟越致菩薩法住第八者。名鳩摩羅浮童男菩薩法住第九者。名渝羅闍菩薩法住第十者。名阿惟顏菩薩法住  一何等爲波藍耆兜波菩薩法住者。  上頭見佛。端政無比。視面色無有厭。時無有及逮者。尊貴無有能過者。飛無有能過者。所教授無有能過者。是菩薩。見佛威神儀法如是。使稍入佛道中。轉開導之。皆隨其意教度。既見勤苦者皆愍傷。稍稍近曉佛語。信向之。新發起意。學佛道。悉欲得了佛智十難處。悉欲逮得知之。何等爲十難處十種力。  波藍耆兜波菩薩教。有十事。何等爲十事。  一者當供養佛諸菩薩。二者隨其所樂當教語。三者所生處皆尊貴。四者天上天下。一無有能及者。五者佛所有智悉當逮得。六者波羅世所生處。常見無央數佛。七者所有深三昧經悉當逮得。八者死生道無邊幅處以來。九者命既去不久。十者若悉當度脱十方人。  所以者何。益入於佛法中故    二何等爲阿闍浮菩薩法住者。有十意。念十方人。何等爲十意。  一者悉念世間人善。二者淨潔心。三者皆安隱心。四者柔軟心。五者悉愛等。六者心念但欲施與人。七者心悉當護。八者心念人與我身無異。九者心念十方人我觀如師。十者心念十方人視如佛。  阿闍浮菩薩法。當多學經。既多學經。以當獨處止。既獨處止。當與善師從事。既與善師從事。當在善師邊。  既在善師邊。當易使。既易使。當隨時。既隨所作爲。當勇所作爲。既勇。當學入慧中。既學入慧中。以所受法。當悉持。既當悉持法。當不忘。既不忘。當安隱處止。所以者何。益於閔傷十方人故。  三何等爲渝阿闍菩薩法住者。入於諸法中。用十事。何等爲十事。  一者諸所有皆無常。二者諸所有皆勤苦。三者諸所有皆虚空。四者諸所有皆非我所。五者諸所有皆無所住。六者諸所有皆無利。七者諸所有皆無所止。八者諸所有皆無有處。九者諸所有皆無所著。十者諸所有皆無所有。諸法悉入中不復還。  渝阿闍菩薩教法。悉當念於十方人。念於十方人已。悉當念法處。念法處已。悉當念諸佛刹。念諸佛刹已。悉當念地法。念地法已。悉當念水法。念水法已。悉當念火法。念火法已。悉當念風法。念風法已。悉當念欲法。念欲法已。悉當念色法。念色法已。當念無有欲色法處。念無所欲色法處已。心無所貪。所以者何。用是故。悉當法明  四何等爲闍摩期菩薩法住者。常念於佛處生。有十事。何事爲十事。  一者不復還。二者多深慈於佛。三者深思惟法。四者皆視十方人慈心。五者思惟十方了無所有。六者十方佛刹皆虚空。七者宿命所作了無所有。八者諸所有皆虚空。譬如作幻耳。九者諸所有勤苦無所有。十者泥洹虚空無所有。用是故。生於佛法中。  是爲闍摩期菩薩教法。過去諸佛虚空無所有。當來諸佛虚空無所有。今現在諸佛虚空無所有。過去諸佛法無所有。當來諸佛法無所有。今現在諸佛法無所有  過去諸佛法。念從何所出生索了無所有。當來諸佛法。念從何所出生索了無所有。今現在諸佛法。念從何所生索了無所有。諸佛法等悉了無所有。所以者何。是三世法。等皆了無所有一  五何等爲波渝三般菩薩法住者。所作功徳。悉度十方人。有十事。何等爲十事。  一者悉護十方人。二者悉令十方人善。三者悉念十方人命安隱。四者悉愛十方人。五者悉哀十方人。六者悉教十方人莫使作惡。七者悉引十方人著菩薩道中。八者悉清淨於十方人。九者悉度十方人。十者悉脱十方人令般泥洹。  不可復計十方人。不可復數十方人。不可復議十方人。不可復稱十方人。不可復量十方人。了不可議説十方人。何等爲十方人者。都盧十方人。皆虚空人。皆非我所人。皆無所有人。皆所有皆無他奇。所以者何。心無所著故  六何等爲阿耆三般菩薩法住者。有十法深慈心哀。何等爲十法。  一者用説佛善惡心無有異。二者説法善説法惡心無有異。三者説菩薩善説菩薩惡心無有異。四者求菩薩道人共相道善惡心無有異。五者中有人言十方人多十方人少心無有異。六者都十方人轉相道善惡心無有異。七者中有人説言十方人易脱難脱心無有異。八者説法多説法少心無有異。九者説法壞説法不壞心無有異。十者有法處無法處心無有異。是菩薩當學。是諸法無有處。  復有十事。何等爲十事。一者諸法無有處。二者諸法不可得見處。三者學諸法譬如化作。四者諸法皆虚空。五者諸法若干種虚空。六者諸法無有罣礙極虚空處。七者諸法譬若幻所化。八者諸法譬夢中所有。九者諸法不可計。十者諸法無所有不可得視。所以者何。益深入佛法中。無有能勝者  七阿惟越致菩薩者。何等法住。菩薩聞十事堅住。何等爲十事。  一者有佛無佛不動還。二者言有法無法不動還。三者有菩薩無菩薩不動還。四者有求菩薩道者無有求菩薩道者不動還。五者持是法得持是法不得不動還。六者有諸過去佛無諸過去佛不動還。七者有諸當來佛無諸當來佛不動還。八者有諸現在佛無諸現在佛不動還。九者佛智慧盡佛智慧不盡不動還。十者過去世事。當來世事今現在世事。乎若干種乎一種心終不復動還。  是菩薩當教令學此十事。何等爲十。一者向一慧。入若干慧。二者持若干慧。入一慧。三者一慧入若干事。四者從若干事。入一慧。五者持十方人。處虚空。六者持虚空。皆入十方人。七者持思想。入不動搖。八者持不動搖。入思想中。九者持虚空入想中。十者持想。入虚空中。所以者何。諸功徳法悉入中。用是故不復動  八鳩摩羅浮童男菩薩者。爲何等法住。菩薩於十事中住。何等十。  一者身所行。口所言。心所念。悉淨潔。二者無有能得長短者。三者心一反念在欲生何所。四者十方人知誰慈心者。五者十方人所信用悉知。六者十方人若干種悉知。七者十方人所作爲悉知。八者諸刹土成敗悉知。九者神足念飛在所到。十者諸法清淨學。  是菩薩。當復學十事。何等爲十事。一者當學知諸佛刹佛刹。二者當學感動諸佛刹。三者當學自在所作威神。四者當學視諸佛刹。五者當學從一佛刹復至一佛刹。六者當學往到無央數佛刹。七者當學知無央數法在所問。八者當學變化。譬如幻自在所作。九者當學佛音聲響。十者當學一反念。供養無央佛所。即悉遍至到。所以者何。入於一法中多所遣  九者渝阿羅闍菩薩者。何等法住。菩薩用十事得。何等爲十事。  一者諸十方人。所出生悉知。二者十方人。所繋恩愛悉知。三者十方人。所念本末所從來悉知。四者十方人。所作爲宿命善惡所趣向悉知。五者若干種諸法悉知。六者十方人所念。若干種變化悉知。七者諸佛刹壞敗善惡悉知。八者過去當來今現在。無央數世事悉知。九者十方人。等不等悉知。十者教授十方人。説虚空法悉知是。  菩薩復有十處當學知。何等爲十處。一者佛法宮當學。二者造佛法宮當學。三者佛宮中所有當學。四者佛宮中所教勅當學。五者佛所出入宮當學。六者法宮當學。七者法王宮當學。八者法所教勅當學。九者安行法王當學。十者更造作法中王所教勅。當承用學。所以者何。心稍稍入佛大道中。所聞法自用教  十阿惟顏菩薩者。爲何法住。菩薩入於若干十智中。悉分別知。何等爲十智中。  一者當何因感動無央數佛刹。二者當明無央數佛刹中事。三者我日日當置無央數佛刹中菩薩。四者我日日當度無央數佛刹中人。五者我當安隱無央數佛刹中衆。生六者十方人無央數。皆聞我聲。七者悉知十方人民。八者十方人所思想善惡。我悉當知。九者十方人。我悉當内佛道中。十者十方人。我悉當度脱。  渝羅闍菩薩。不能及知阿惟顏身所行口所言心所念所作爲。了不能及知阿惟顏菩薩事。不能及知神足念。不能知飛。亦不能逮知阿惟顏菩薩過去當來今現在事。亦不能還知所念佛刹。亦不能逮知心所念所行。爲智慧用十事。渝羅闍菩薩。不能逮知阿惟顏菩薩所行事。  是阿惟顏菩薩。逮入佛十智中。何等爲十智中。一者過去當來今現在。無端亟從佛學。二者諸佛法悉具足。從佛學。三者諸法處無所罣礙。從佛學。四者諸法處。無邊幅無崖底。從佛學。五者諸所有刹土。我悉當護持是功徳威神。從佛學。六者不可復計刹土處無邊幅。悉當明知。從佛學。七者十方無央數佛刹。悉當安隱。從佛學。八者十方人所行。爲悉當從佛學。九者諸法智慧悉入中。從佛學。十者佛所有智慧。悉當知。從佛學。  所以者何。悉具足知。皆曉了佛智慧。都無所復從誰學道。是爲阿惟顏。以十法菩薩行道如是菩薩十住行道經","དེ་ནས་བྱང་ཆུབ་སེམས་དཔའ་ཡེ་ཤེས་དཔལ་གྱིས་བྱང་ཆུབ་སེམས་དཔའ་འཇམ་དཔལ་ལ་འདི་སྐད་ཅེས་སྨྲས་སོ་༎ ཀྱེ་རྒྱལ་བའི་སྲས་བྱང་ཆུབ་སེམས་དཔའ་རྣམས་ཇི་ལྟར་ན་ཁ་ན་མ་ཐོ་བ་མེད་པའི་ལུས་ཀྱི་ལས་དང་ལྡན་པ་ཡིན་། ཁ་ན་མ་ཐོ་བ་མེད་པའི་ངག་གི་ལས་དང་ལྡན་པ་ཡིན་། ཁ་ན་མ་ཐོ་བ་མེད་པའི་ཡིད་ཀྱི་ལས་དང་ལྡན་པ་ཡིན་། ལུས་ཀྱི་ལས་རྣམ་པར་མ་ཉམས་པ་ཡིན་། ངག་གི་ལས་རྣམ་པར་མ་ཉམས་པ་ཡིན་། ཡིད་ཀྱི་ལས་རྣམ་པར་མ་ཉམས་པ་ཡིན་། ལུས་ཀྱི་ལས་མ་སྨད་པ་ཡིན་། ངག་གི་ལས་མ་སྨད་པ་ཡིན་། ཡིད་ཀྱི་ལས་མ་སྨད་པ་ཡིན་། ལུས་ཀྱི་ལས་མི་འཕྲོགས་པ་ཡིན་། ངག་གི་ལས་མི་འཕྲོགས་པ་ཡིན་། ཡིད་ཀྱི་ལས་མི་འཕྲོགས་པ་ཡིན་། ལུས་ཀྱི་ལས་མི་ཟློག་པ་ཡིན་། ངག་གི་ལས་མི་ཟློག་པ་ཡིན་། ཡིད་ཀྱི་ལས་མི་ཟློག་པ་ཡིན་། ལུས་ཀྱི་ལས་མི་འཁྲུགས་པ་ཡིན་། ངག་གི་ལས་མི་འཁྲུགས་པ་ཡིན་། ཡིད་ཀྱི་ལས་མི་འཁྲུགས་པ་ཡིན་། ལུས་ཀྱི་ལས་བསྔགས་པ་ཡིན་། ངག་གི་ལས་བསྔགས་པ་ཡིན་། ཡིད་ཀྱི་ལས་བསྔགས་པ་ཡིན་། ལུས་ཀྱི་ལས་རྣམ་པར་དག་པ་ཡིན་། ངག་གི་ལས་རྣམ་པར་དག་པ་ཡིན་། ཡིད་ཀྱི་ལས་རྣམ་པར་དག་པ་ཡིན་།ལུས་ཀྱི་ལས་ཉེ་བར་ཉོན་མོངས་པ་མེད་པ་ཡིན་། ངག་གི་ལས་ཉེ་བར་ཉོན་མོངས་པ་མེད་པ་ཡིན་། ཡིད་ཀྱི་ལས་ཉེ་བར་ཉོན་མོངས་པ་མེད་པ་ཡིན་། ལུས་ཀྱི་ལས་ཡེ་ཤེས་སྔོན་དུ་འགྲོ་བ་ཡིན་། ངག་གི་ལས་ཡེ་ཤེས་སྔོན་དུ་འགྲོ་བ་ཡིན་། ཡིད་ཀྱི་ལས་ཡེ་ཤེས་སྔོན་དུ་འགྲོ ༼༢༡༡ཨ༡༽ བ་ཡིན་།  ཋེ་ཊིབེཏན་དོཨེས་ནོཏ་ཅོརྲེསྤོནད་ཏོ་བོཐ་ཆིནེསེ་བེ༹རསིཨོནས་ཨནད་ཨིས་མུཆ་ལོངེར་ཐན་ཐེམ,་བུཏ་སྟིལལ,་ཨལལ་ཐེ་ཐྲེཨེ་བེ༹རསིཨོནས་སེཨེམ་ཏོ་ཤརེ་ཐེ་སམེ་ཏོཔིཅས་ཨནད་ཀེཡཝོརདས,་སུཆ་ཨས་ཀཱཡཀརྨན,་བཱ༹ཀཀརྨན་ཨནད་མནསྐརྨན སེཨེ་ཐེ་པྲེབི༹ཨོཨུས་རེཅོརད རིགས་ཕུན་སུམ་ཚོགས་པ་ཡིན་། རུས་ཕུན་སུམ་ཚོགས་པ་ཡིན་། རྒྱུད་ཕུན་སུམ་ཚོགས་པ་ཡིན་། གཟུགས་ཕུན་སུམ་ཚོགས་པ་ཡིན་། མཚན་ཕུན་སུམ་ཚོགས་པ་ཡིན་། དྲན་པ་ཕུན་སུམ་ཚོགས་པ་ཡིན་། བློ་གྲོས་ཕུན་སུམ་ཚོགས་པ་ཡིན་། རྟོགས་པ་ཕུན་སུམ་ཚོགས་པ་ཡིན་། དགའ་བ་ཕུན་སུམ་ཚོགས་པ་ཡིན་། བློ་ཕུན་སུམ་ཚོགས་པ་ཡིན་། བློ་གྲོས་མཆོག་ཏུ་གྱུར་པ་ཡིན་། བློ་གྲོས་དམ་པར་གྱུར་པ་ཡིན་། བློ་གྲོས་རབ་ཏུ་གྱུར་པ་ཡིན་། བློ་གྲོས་ཚད་མེད་པ་ཡིན་། བློ་གྲོས་གྲངས་མེད་པ་ཡིན་། བློ་གྲོས་བསམ་གྱིས་མི་ཁྱབ་པ་ཡིན་། བློ་གྲོས་མཚུངས་པ་མེད་པ་ཡིན་། བློ་གྲོས་གཞལ་དུ་མེད་པ་ཡིན་། བློ་གྲོས་བརྗོད་དུ་མེད་པ་ཡིན་། སྟོང་པ་ཉིད་ཡོངས་སུ་བསྒོམས་པ་ཡིན་། མཚན་མ་མེད་པ་ཡོངས་སུ་བསྒོམས་པ་ཡིན་། སྨོན་པ་མེད་པ་ཡོངས་སུ་བསྒོམས་པ་ཡིན་།  རྒྱུའི་སྟོབས་ཅན་ཡིན་། བསམ་པའི་སྟོབས་ཅན་ཡིན་། སྦྱོར་བའི་སྟོབས་ཅན་ཡིན་། རྐྱེན་གྱི་སྟོབས་ཅན་ཡིན་། དམིགས་པའི་སྟོབས་ཅན་ཡིན་། དབང་པོའི་སྟོབས་ཅན་ཡིན་། རྣམ་པར་ལྟ་བའི་སྟོབས་ཅན་ཡིན་། ཞི་གནས་ཀྱི་སྟོབས་ཅན་ཡིན་། ལྷག་མཐོང་གི་སྟོབས་ཅན་ཡིན་། ངེས་པར་རྟོགས་པའི་སྟོབས་ཅན་ཡིན་།ཕུང་པོ་ལ་མཁས་པ་ཡིན་། ཁམས་ལ་མཁས་པ་ཡིན་། སྐྱེ་མཆེད་ལ་མཁས་པ་ཡིན་། རྟེན་ཅིང་འབྲེལ་པར་འབྱུང་བ་ལ་མཁས་པ་ཡིན་། གཟུགས་ཀྱི་ཁམས་ལ་མཁས་པ་ཡིན་། གཟུགས་མེད་པའི་ཁམས་ལ་མཁས་པ་ཡིན་། འདས་པ་ལ་མཁས་པ་ཡིན་། མ་འོངས་པ་ལ་མཁས་པ་ཡིན་། ད་ལྟར་བྱུང་བ་ལ་མཁས་པ་ཡིན་། དྲན་པ་ཡང་དག་བྱང་ཆུབ་ཀྱི་ཡན་ལག་ལ་མཁས་པ་ཡིན་། ཆོས་རྣམ་པར་འབྱེད་པ་ཡང་དག་བྱང་ཆུབ་ཀྱི་ཡན་ལག་ལ་མཁས་པ་ཡིན་། བརྩོན་འགྲུས་ཡང་དག་བྱང་ཆུབ་ཀྱི་ཡན་ལག་ལ་མཁས་པ་ཡིན་། དགའ་བ་ཡང་དག་བྱང་ཆུབ་ཀྱི་ཡན་ལག་ལ་མཁས་པ་ཡིན་། རབ་ཏུ་བྱང་བ་ཡང་དག་བྱང་ཆུབ་ཀྱི་ཡན་ལག་ལ་མཁས་པ་ཡིན་། ཏིང་ངེ་འཛིན་ཡང་དག་བྱང་ཆུབ་ཀྱི་ཡན་ལག་ལ་མཁས་པ་ཡིན་། བཏང་སྙོམས་ཡང་དག ༣༥.༡.༢༡༡བ་བྱང་ཆུབ་ཀྱི་ཡན་ལག་ལ་མཁས་པ་ཡིན་།སྦྱིན་པའི་ཕ་རོལ་ཏུ་ཕྱིན་པ་ཡིན་། ཚུལ་ཁྲིམས་ཀྱི་ཕ་རོལ་ཏུ་ཕྱིན་པ་ཡིན་། བཟོད་པའི་ཕ་རོལ་ཏུ་ཕྱིན་པ་ཡིན་། བརྩོན་འགྲུས་ཀྱི་ཕ་རོལ་ཏུ་ཕྱིན་པ་ཡིན་། བསམ་གཏན་གྱི་ཕ་རོལ་ཏུ་ཕྱིན་པ་ཡིན་། ཤེས་རབ་ཀྱི་ཕ་རོལ་ཏུ་ཕྱིན་པ་ཡིན་། བྱམས་པའི་ཕ་རོལ་ཏུ་ཕྱིན་པ་ཡིན་། སྙིང་རྗེའི་ཕ་རོལ་ཏུ་ཕྱིན་པ་ཡིན་། དགའ་བའི་ཕ་རོལ་ཏུ་ཕྱིན་པ་ཡིན་། བཏང་སྙོམས་ཀྱི་ཕ་རོལ་ཏུ་ཕྱིན་པ་ཡིནལྷ་ཡི་དབང་པོས་ཡོངས་སུ་བཟུང་བ་ཡིན་། ཀླུའི་དབང་པོས་ཡོངས་སུ་བཟུང་བ་ཡིན་། གནོད་སྦྱིན་གྱི་དབང་པོས་ཡོངས་སུ་བཟུང་བ་ཡིན་། དྲི་ཟའི་དབང་པོས་ཡོངས་སུ་བཟུང་བ་ཡིན་། ལྷ་མ་ཡིན་གྱི་དབང་པོས་ཡོངས་སུ་བཟུང་བ་ཡིན་། ནམ་མཁའ་ལྡིང་གི་དབང་པོས་ཡོངས་སུ་བཟུང་བ་ཡིན་། མི་འམ་ཅིའི་དབང་པོས་ཡོངས་སུ་བཟུང་བ་ཡིན་། ལྟོ་འཕྱེ་ཆེན་པོའི་དབང་པོས་ཡོངས་སུ་བཟུང་བ་ཡིན་། མིའི་དབང་པོས་ཡོངས་སུ་བཟུང་བ་ཡིན་། ཚངས་པའི་དབང་པོས༣༥.༡.༢༡༢ཨ་ཡོངས་སུ་བཟུང་བ་ཡིན་། ལྷ་ཡི་དབང་པོས་བཀུར་བ་ཡིན་། ཀླུ་ཡི་དབང་པོས་བཀུར་བ་ཡིན་། གནོད་སྦྱིན་གྱི་དབང་པོས་བཀུར་བ་ཡིན་། དྲི་ཟའི་དབང་པོས་བཀུར་བ་ཡིན་། ལྷ་མ་ཡིན་གྱི་དབང་པོས་བཀུར་བ་ཡིན་། ནམ་མཁའ་ལྡིང་གི་དབང་པོས་བཀུར་བ་ཡིན་། མི་འམ་ཅིའི་དབང་པོས་བཀུར་བ་ཡིན་། ལྟོ་འཕྱེ་ཆེན་པོའི་དབང་པོས་བཀུར་བ་ཡིན་། མི་ཡི་དབང་པོས་བཀུར་བ་ཡིན་། ཚངས་པའི་དབང་པོས་བཀུར་བ་ཡིན་།  སེམས་ཅན་ཐམས་ཅད་ཀྱི་གནས་སུ་གྱུར་པ་ཡིན་། སྐྱབས་སུ་གྱུར་པ་ཡིན་། དཔུང་གཉེན་དུ་གྱུར་པ་ཡིན་། མགོན་དུ་གྱུར་པ་ཡིན་། སྒྲོན་མར་གྱུར་པ་ཡིན་། སྣང་བར་གྱུར་པ་ཡིན་། འོད་དུ་གྱུར་པ་ཡིན་། འདྲེན་པར་གྱུར་པ་ཡིན་། རྣམ་པར་འདྲེན་པར་གྱུར་པ་ཡིན་། ཡོངས་སུ་འདྲེན་པར་གྱུར་པ་ཡིན་། སེམས་ཅན་ཐམས་ཅད་ཀྱི་མཆོག་ཏུ་གྱུར་པ་ཡིན་། གཙོ་བོར་གྱུར་པ་ཡིན་། ཐུ་བོར་གྱུར་པ་ཡིན་། རབ་ཏུ་གྱུར་པ་ཡིན་། དམ་པར་གྱུར་པ་ཡིན་། ཕུལ་དུ་གྱུར་པ་ཡིན་། བླ་ན་མེད་པར་གྱུར་པ་ཡིན་། ཀྱེ་རྒྱལ་བའི་སྲས་ཇི་ལྟར་ན་བྱང་ཆུབ་སེམས་དཔའ་རྣམས་མཉམ་པ་མེད་པ་ཡིན་། དེ་སྐད་ཅེས་སྨྲས་པ་དང་། བྱང་ཆུབ་སེམས་དཔའ་འཇམ་དཔལ་གྱིས་། བྱང་ཆུབ་སེམས་དཔའ་ཡེ་ཤེས་དཔལ་ལ་འདི་སྐད་ཅེས་སྨྲས་སོ་༎ ཀྱེ་རྒྱལ་བའི་སྲས་དེ་ལྟར་ཁྱོད་སྐྱེ་བོ་མང་པོ་ལ་ཕན་པ་དང་། སྐྱེ་བོ་མང་པོ་ལ་བདེ་བ་དང་འཇིག་རྟེན་ལ་སྙིང་བརྩེ་བ་དང་། ལྷ་དང་མི་རྣམས་ཀྱི་དོན་དང་ཕན་པ་དང་། བདེ་བ་དང་བདེ་བར་རྣམ་པར་གཟུད་པའི་ཕྱིར་ཞུགས་ཤིང་། དེ་ལྟར་ཁྱོད་རྣམ་པ་འདི་ལྟ་བུའི་གནས་དག་ཡོངས་སུ་འདྲི་བར་སེམས་པ་ནི་། ཀྱེ་རྒྱལ་བའི་སྲས་ལེགས་སོ་ལེགས་སོ་༎                                                      འཁར་བ་ལེན་པའི་ཚེ་བྱང་ཆུབ་སེམས་དཔས་སེམས་ཅན་ཐམས་ཅད་མཆོད་སྦྱིན་བྱས་ཤིང་ལམ་སྟོན་པར་གྱུར་ཅིག་ཅེས་སེམས་བསྐྱེད་དོ་༎   ལྷུང་བཟེད་ལེན་པའི་ཚེ་། བྱང་ཆུབ་སེམས་དཔས་སེམས་ཅན་ཐམས་ཅད་འགྲོ་བ་ཐམས་ཅད་ཀྱིས་མཆོད་པར་འོས་ཤིང་སྣོད་དུ་གྱུར་ཅིག་ཅེས་སེམས་བསྐྱེད་དོ་༎",Praṇidhānacaryā
