id,P000940,P000941,P000942
baaab25cc4364c59a3f9856b5970f747,Pārivāsikavastu,སྤོ་བའི་གཞི,A SUBJECT MATTER OF ONE WHO IS TEMPORARILY EXCLUDED FROM THE SAṂGHA
cf170ac9f12e40018030c46edb59ff4a,(309b9) §1 vastutrayasya pi(10)ṇḍoddānam* ||abhivādanaṃ ca ṣaṣṭiś ca aśuddhaś codanāhi ca •adhārmikaś ca śākyaś ca glānakaẖ kalahena ca ||  ||,༼༡༧༧ཨ༦༽ ༼H༢༦༥བ༥༽ འདུལ་བ་གཞི་། བམ་པོ་བདུན་བཅུ་གསུམ་པ་།གཞི་གསུམ་གྱིས་བསྡུས་པའི་སྡོམ་ལ་།མངོན་དུ་སྨྲ་དང་དྲུག་དང་ནི་༎མ་དག་པ་དང་གླེང ༼H༢༦༥བ༦༽ བ་དང་༎ཆོས་མ་ཡིན་དང་ཤཱཀྱ་དང་༎ནད་པ་དང་ནི་རྩོད་པའོ་༎,"Collective contents of the three matters (vastus):salutation; sixty; false accusation, invalid (charge), śākya, illness, and quarrel."
7ec95fc877fa48579fbcf7f81759a92f,§2 pārivāsikavastūddānam* ||abhivādanaṃ caṃkramaṇam āsanāni kulāni ca •ekacchadane na saṃvaset na pravrājayed api •na gacched api ‹a›bhikṣu(309b1)kam āvāsaṃ aḍodeśam 1 ca sarvalābhikam* ||  ||,སྤོ་བའི་གཞིའི་སྡོམ་ལ་།༼༧༽ མངོན་དུ་སྨྲ་དང་འཆག་པ་དང་༎སྟན་རྣམས་དང་ནི་ཁང་པ་དང་༎ཐོག་གཅིག་གཡོགས་པར ༼H༢༦༥བ༧༽ མི་གནས་དང་༎རབ་ཏུ་མི་དབྱུང་མི་འགྲོ་ཞིང་༎དགེ་སློང་མེད་པའི་གནས་པ་དང་༎ཀུན་གྱི་འོག་ཏུ་སྦྱིན་བྱ་བའོ་༎,"Contents belonged to matter about one who is temporarily excluded from the saṃgha (hereafter called a pārivāsika)Salutation, walking, sitting posture, families, one should not dwell in the same hut; also one should not enter someone into the monastic life, one should not go to the place where there is no monk, and a pārivāsika gets the very last benefits."
bb229eece06c4a03ad800fa9eb36929c,§3 buddho bhagavān śrāvastyāṃ viharati jetavane anāthapiṇḍadasyārāme |  asati vairāgye bhikṣavaḥ saṃghāvaśeṣām āpattim āpadyante | te vipratisārajātāḥ saṃlakṣayaṃti |  katham idānīṃ vayaṃ sāpattikās saṃtaḥ sakaukṛtyās savilo(2)lāḥ sakaraṇīyāḥ khaṇḍakāriṇaḥ śavalakāriṇaḥ kalmaṣakāriṇaḥ āpattipātālād avyutthitāḥ prakṛtisthakānāṃ bhikṣūṇām antikād abhivādanavandanapratyutthānāṃjalisāmīcīkarma svīkariṣyāmi 2 |  śrāddhānāṃ ca brāhmaṇagṛhapatīnāṃ sakāśād agrāsanam agrodakam agrapiṇḍapā(3)taṃ paribhokṣyāmo |  ’lpakālikasya ca sukhasyārthāya bahukālikaṃ duḥkham ābheṣyāmo narakatiryakpretebhyaḥ paribhramantaḥ |,སངས་རྒྱས་བཅོམ་ལྡན་འདས་རྒྱལ་བུ་རྒྱལ་བྱེད་ཀྱི་ཚལ་མགོན ༼༡༧༧བ༡༽ ༼H༢༦༦ཨ༡༽ མེད་ཟས་སྦྱིན་གྱི་ཀུན་དགའ་ར་བ་ན་བཞུགས་སོ་༎ དགེ་སློང་རྣམས་འདོད་ཆགས་དང་བྲལ་བ་མ་ཡིན་པས་དགེ་འདུན་ལྷག་མའི་ལྟུང་བ་བྱུང་སྟེ་འགྱོད་པ་སྐྱེས་ནས ༼H༢༦༦ཨ༢༽ བསམས་པ་། ད་ལྟར་བདག་ཅག་ལྟུང་བ་དང་བཅས་། འགྱོད་པ་དང་བཅས་། འཚེར་བ་དང་བཅས་། ཡིད་ལ ༼༢༽ གཅགས་པ་དང་བཅས་། བྱ་བ་དང་བཅས་པ་སྟེ་། འདྲལ་བར་བྱེད་པ་། རྨ་འབྱིན ༼H༢༦༦ཨ༣༽ པར་བྱེད་པ་། འདྲེན་མར་བྱེད་པ་། ནག་ནོག་ཅན་དུ་བྱེད་པ་། ལྟུང་བའི་གཞི་ནས་མ་ལངས་པ་རྣམས་ཀྱིས་ཇི་ལྟར་རང་བཞིན་དུ་གནས་པའི་དགེ་སློང་རྣམས་ལས་མངོན་དུ་སྨྲ་བ་དང་། ཕྱག ༼H༢༦༦ཨ༤༽ དང་། ༼༣༽ ལྡང་བ་དང་། ཐལ་མོ་སྦྱར་བ་དང་། འདུད་པའི་ལས་ཀྱང་བདག་གིར་བྱ་། བྲམ་ཟེ་དང་ཁྱིམ་བདག་དད་པ་ཅན་རྣམས་ལས་ཀྱང་། སྟན་གྱི་ཐོག་མ་དང་། བཏུང་བའི་ཐོག་མ ༼H༢༦༦ཨ༥༽ དང་། བསོད་སྙོམས་ཀྱི་ཐོག་མ་ཡོངས་སུ་ཡོངས་སྤྱད་པ་། བདེ་བ་ཡུན་ཐུང་བའི་ཕྱིར་དམྱལ་བ་དང་། དུད་འགྲོ ༼༤༽ དང་། ཡི་དབ༹གས་རྣམས་སུ་སྡུག་བསྔལ་བ་ཡུན་རིང་པོར་ཉམས་སུ་མྱོང་ཞིང་འཁྱམ ༼H༢༦༦ཨ༦༽ པར་འགྱུར་གྱིས་།,"Buddha, the blessed one, dwells in the park of Anāthapiṇḍada namely Jetavana, at Śrāvastī.  When there is no state of absence of passion, the monks commit a saṃghāvaśeṣa offence. They feel remorseful and they reflect:  “How is it that we are sinner, full of remorse, disturbing, having so many things to do to accomplish being a good monk, we are breaking the vinaya into pieces, having blemish in monastic life, having moral stain, we will not rise above the underground due to those offences; how shall we practice all kinds of respected postures, namely, abhivādana; respectful salutation / vandana; greeting / pratyutthāna; rising from a seat to welcome a visitor / añjali; the open hands placed side by side and slightly hollowed / sāmīcī; homage, respectful behaviour, in the nearness of the normal monks.  We will not enjoy good alms-food, good water, a good seat from faithful brahmans and householders.  We will continue our existence merely a short time happiness but a long time suffering; we will go roaming about with the hellish beings, animals and the unhappy spirits."
bec3b3bb1d854c8d837a9389d11d8a27,§4 yan nu vayaṃ śikṣāṃ pratyākhyāya hānāyāvartamaha iti te śikṣāṃ pratyākhyāya hānāyāvartante 3 | pravrajyābhilaṣiṇaṃ ca janaṃ vipralaṃbhayanti | bhavanto duścaraṃ brahmacaryaṃ ala‹ṃ› ca (4) pravrajyayeti •  teṣām apravrajitā‹nā›m apravrāja‹ya›tāṃ ca alpībhūtā bhikṣavaḥ |  kṣayam āpannāc chidrībhūtas tanubhūto bhikṣusaṃghaḥ |  jānakā‹ḥ› pṛcchakā buddhā bhagavantaḥ | pṛcchati buddho bhagavān āyuṣmantam ānandaṃ |  ka ānanda hetuḥ kaḥ pratyayo yen‹a› etarhy alpībhūtā bhikṣavaḥ |  kṣayam āpannāc chidrībhūta(5)s tanubhūto bhikṣusaṃgha iti •  sa etat prakaraṇaṃ bhagavate vistareṇārocayati |,མ་ལ་བདག་ཅག་གིས་བསླབ་པ་ཕུལ་ལ་འབབས་སོ་སྙམ་ནས་དེ་དག་གིས་བསླབ་པ་ཕུལ་ནས་བབས་ཏེ་རབ་ཏུ་འབྱུང་བར་འདོད་པའི་སྐྱེ་བོ་ལ་ཡང་ཤེས་ལྡན ༼H༢༦༦ཨ༧༽ དག་ཚངས་པར་སྤྱོད་པ་ནི ༼༥༽ སྤྱད་དཀས་ཁྱོད་རབ་ཏུ་འབྱུང་བ་ཐོང་ཤིག་ཅེས་སླུ་བར་བྱེད་པས་དེ་རྣམས་རབ་ཏུ་མ་བྱུང་ངོ་༎ རབ་ཏུ་མ་བྱུང་བས་དགེ་སློང་རྣམས་ཉུང་བར་གྱུར་། འགྲིབ ༼H༢༦༦བ༡༽ པར་གྱུར་ཏེ་། དགེ་སློང་གི་དགེ་འདུན་ཉམས་པར་གྱུར་། བསྲབས་པར་གྱུར་ཏོ་༎ སངས་རྒྱས་བཅོམ་ལྡན་འདས་རྣམས་ནི་མཁྱེན་བཞིན་དུ ༼༦༽ རྨེད་པ་ཡིན་པས་སངས་རྒྱས་བཅོམ་ལྡན་འདས ༼H༢༦༦བ༢༽ ཀྱིས་ཚེ་དང་ལྡན་པ་ཀུན་དགའ་བོ་ལ་རྨས་པ་། ཀུན་དགའ་བོ་རྒྱུ་གང་དང་རྐྱེན་གང་གིས་ན་ད་ལྟར་དགེ་སློང་ཉུང་བར་གྱུར་། འགྲིབ་པར་གྱུར་ཏེ་། དགེ་སློང་གི་དགེ་འདུན་དག་ཉམས་པར་གྱུར་།  ༼H༢༦༦བ༣༽ བསྲབས་པར་གྱུར་དེས་སྐབས་དེ་བཅོམ་ལྡན་འདས་ལ ༼༧༽ རྒྱས་པར་གསོལ་བ་དང་།,"Well now!, when we repudiated the discipline, we are behaving so as to keep rejecting it”. They, having repudiated the discipline, they keep on rejecting it. They deceive (hinder) ordinary people who are desirous of pravrajyā. “You fellow! the practice of brahmacaryā celibacy is very difficult, now it’s enough with abandoning the secular life (pravrajya).”  When the situation arises that laymen did not leave a secular life in the past nor do it in the present, the number of monks became smaller.  Bhikṣusaṃgha fell into decay due to the fact that they fell into the offence, it is scattered and diminished.  It is said that all buddhas are ones who know when to ask; so that the blessed ones ask. Buddha, the blessed one, asks venerable Ānanda.  What happens! Ānanda! why now the monks became diminished?  Bhikṣusaṃgha fell into decay due to the fact that they fell into the offence, it is scattered and diminished.  He informs the blessed one on that matter in details."
8fc38f6ff3ad4b5d96152727bbc4de78,§5 atha bhagavata etad abhavat* |  yan ‹n›v ahaṃ saṃghāvaśeṣām āpattim āpannānāṃ bhikṣūṇāṃ hastoddhāram anupradadyām anugraham aneneti viditvā bhi‹kṣu›saṃghaṃ saṃnipātya purastād bhikṣusaṃghasya (6) prajñapta evāsane niṣaṇṇo |  niṣadya bhagavān bhikṣūn āmantrayate sma •  śrutaṃ  mayā bhikṣavaḥ saṃghāvaśeṣām āpattim āpannāḥ vipratisārajātāḥ śikṣāṃ pratyākhyāya hānāyāvṛttā iti •  tasmād yuṣmābhiḥ śāsanasthitaye teṣāṃ cānukaṃpayā saṃghāvaśeṣām āpatti(7)m āpannānāṃ bhikṣūṇāṃ parivāso deyo mūlāpakarṣo mānāpyaṃ mūlamānāpyaṃ mūlāpakarṣamānāpyam āvarhitavyāś ca |,དེ་ནས་བཅོམ་ལྡན་འདས་འདི་སྙམ་དུ་དགོངས་ཏེ་། མ་ལ་ངས་དགེ་སློང་གི་དགེ་འདུན་ལྷག་མའི་ལྟུང་བ་བྱུང ༼H༢༦༦བ༤༽ བ་རྣམས་རྗེས་སུ་བཟུང་བ་བཅའ་བས་ལག་ནས་དྲང་བ་དང་འདྲ་བ་སྦྱིན་པར་བྱའོ་སྙམ་དུ་དགོངས་ནས་དགེ་སློང་གི་དགེ་འདུན་གྱི་གུང་ལ་གདན་བཤམས་པ་ཉིད་ལ་བཞུགས་སོ་༎ བཞུགས ༼༡༧༨ཨ༡༽ ༼H༢༦༦བ༥༽ ནས་བཅོམ་ལྡན་འདས་ཀྱིས་དགེ་སློང་རྣམས་ལ་བཀའ་སྩལ་བ་། དགེ་སློང་དག་ངས་དགེ་འདུན་ལྷག་མའི་ལྟུང་བ་བྱུང་བ་རྣམས་འགྱོད་པ་སྐྱེས་ཏེ་བསླབ་པ་ཕུལ་ནས་བབས་སོ་ཞེས་ཐོས་ཀྱིས་།  ༼H༢༦༦བ༦༽ དེའི་ཕྱིར་ཁྱེད་ཀྱིས་བསྟན་པ་གནས་པར་བྱ་བའི་ཕྱིར་དང་། དགེ་སློང་གི་དགེ་འདུན་ལྷག་མའི་ལྟུང་བ ༼༢༽ བྱུང་བའི་ལྟུང་བ་བྱུང་བ་དེ་རྣམས་ལ་སྙིང་བརྩེ་བའི་ཕྱིར་སྤོ་བ་དང་། གཞི་ནས་སྤོ་བ་དང་། གཞི་ནས་བསླང ༼H༢༦༦བ༧༽ བ་དང་། མགུ་བར་བྱ་བ་དང་གཞི་ནས་བསླང་སྟེ་མགུ་བར་བྱ་བ་བྱིན་ལ་དབྱུང་བར་བྱའོ་༎,"At that time, the blessed one thought and realised:  “Well now, I should, out of kindness, grant these afflicted monks who committed a saṃghāvaśeṣa offence, to help them by this manner.”  After bhikṣusaṃgha assembled; having sat down at the arranged seat in front of the bhikṣusaṃgha, the blessed one addressed the monks.  “I heard; ‘the monks commit a saṃghāvaśeṣa offence, they became remorseful, they repudiated the discipline and kept rejecting it’.”  Therefore, for the sake of lasting of the order, and for the compassion of those monks who committed a saṃghāvaśeṣa offence; you are to grant a parivāsa, mūlāpakarṣa, mānāpya, mūlamānāpya, mūlāpakarṣamānāpya and in the end, they are to be integrated into the saṃgha (āvarhitavya)."
790b17e38bc144a5b15c5dbad4e52a2f,§6 evaṃ ca punar deyaḥ |  śayanāsanaprajñaptiṃ kṛtvā gaṇḍīm ākoṭya pṛṣṭhavācikayā 4 bhikṣūn samanuyujya sarvasaṃghe sanniṣaṇṇe sannipatite apaścimake(8) caturvargamaṇḍalake |  saṃghāvaśeṣakeṇa bhikṣuṇā yathāvṛddhikayā sāmīcīṃ kṛtvā vṛddhānte utkuṭukena sthitvā añjaliṃ pragṛhya parivāso yācitavyaḥ |  evaṃ ca punar yācitavya‹ḥ› •,སྦྱིན་པ་ཡང་འདི་ལྟར་བྱ་སྟེ་། གནས་མལ་བཤམས་ལ་གངṭī་བ་རྡུངས་ལ་དྲིས་པའི་ཚིག་གིས ༼H༢༦༧ཨ༡༽ དགེ་སློང་རྣམས་ལ ༼༣༽ ཡང་དག་པར་བསྒོ་ལ་། དགེ་འདུན་ཐམས་ཅད་དམ་ཐ་མ་མེད་པ་དགེ་སློང་བཞིའི་ཚོགས་ཀྱིས་དཀྱིལ་འཁོར་བར་ཚོགས་ཤིང་འདུས་པར ༼H༢༦༧ཨ༢༽ གྱུར་པ་དང་། དགེ་འདུན་ལྷག་མའི་ལྟུང་བ་བྱུང་བའི་དགེ་སློང་དེས་རྒན་རིམས་ཇི་ལྟ་བ་བཞིན་དུ་འདུད་པ་བྱས་ལ་རྒན་རིམས་ཀྱི་མཐར་ཙོག་ཙོག་པོར་འདུག་སྟེ་ཐལ་མོ ༼༤༽ སྦྱར་བ་བཏུད ༼H༢༦༧ཨ༣༽ ལ་སྤོ་བ་གསོལ་བར་བྱའོ་༎ གསོལ་བ་ནི་འདི་ལྟར་བྱ་སྟེ་།,"This should be implemented as follows;  having arranged the seats and rang the gong, questioning the monks by words involving the matter asked about. When all of the saṃgha have been assembled and seated, or at least a group, in a circle, of not less than four monks.  After having made the respected posture, according to age, stood with squatting posture in that assembly; then made the hand gesture; a parivāsa is to be asked by a convicted monk.  It is to be asked like this."
926fa0276c974e6f9bad333f54d49062,§7 śṛṇotu bhadantaḥ saṃgha |  aham evaṃnāmā bhikṣuḥ saṃbahulā‹ḥ› saṃghāvaśeṣā (9) āpattīr āpannaḥ saṃcintyaśukravisṛṣṭisamutthitā‹m a›rdhamāsapraticchannāṃ |  so ’ham evaṃnāmā bhikṣus tāsāṃ saṃbahulānāṃ saṃghāvaśeṣā‹ṇā›m āpattīnāṃ saṃcintyaśukravisṛṣṭisamutthitām ardhamāsapraticchannāṃ saṃghād ardhamāsaṃ parivāsaṃ yāce |  dadātu me bhadaṃtās saṃgha‹ḥ› mamaivaṃnāmno bhikṣor āsāṃ saṃbahulā(10)nāṃ saṃghāvaśeṣāṇāṃ āpattīnāṃ saṃcintyaśukravisṛṣṭisamutthitānāṃ ardhamāsapraticchannānāṃ ardhamāsaṃ parivāsam anukaṃpakam anukaṃpām upādāya |  evaṃ dvir api tṛr api | tataḥ paścād ekena bhikṣuṇā jñaptiṃ kṛtvā karma kartavyaṃ •,དགེ་འདུན་བཙུན་པ་རྣམས་གསན་དུ་གསོལ་། བདག་དགེ་སློང་མིང་འདི་ཞེས་བགྱི་བ་ལ་ཆེད་དུ་བསམས་ཏེ་ཁུ་བ་ཕྱུང་བ ༼H༢༦༧ཨ༤༽ ལས་གྱུར་བའི་དགེ་འདུན་ལྷག་མའི་ལྟུང་བ་མང་པོས་འདི་རྣམས་བྱུང་བ་ཟླ་བ་ཕྱེད་བཅབས་ཏེ་། བདག་དགེ ༼༥༽ སློང་མིང་འདི་ཞེས་བགྱི་བ་ལ་ཆེད་དུ་བསམས་ཏེ་ཁུ་བ་ཕྱུང་བ་ལས་གྱུར་བའི ༼H༢༦༧ཨ༥༽ དགེ་འདུན་ལྷག་མའི་ལྟུང་བ་མང་པོ་འདི་རྣམས་བྱུང་བ་ཟླ་བ་ཕྱེད་བཅབས་པ་དགེ་འདུན་ལས་ཟླ་བ་ཕྱེད་ཀྱི་སྤོ་བ་གསོལ་ན་། དགེ་འདུན་བཙུན་པ་ཐུགས་བརྩེ་བ་ཅན་ཐུགས་བརྩེ ༼H༢༦༧ཨ༦༽ བ་ཉེ་བར་བཟུང་སྟེ་། བདག་དགེ་སློང་མིང་འདི ༼༦༽ ཞེས་བགྱི་བ་ལ་ཆེད་དུ་བསམས་ཏེ་ཁུ་བ་ཕྱུང་བ་ལས་གྱུར་བའི་དགེ་འདུན་ལྷག་མའི་ལྟུང་བ་མང་པོ་འདི་རྣམས་བྱུང་བ་ཟླ་བ་ཕྱེད ༼H༢༦༧ཨ༧༽ བཅབས་པ་ལ་ཟླ་བ་ཕྱེད་ཀྱི་སྤོ་བ་སྩལ་དུ་གསོལ་། དེ་སྐད་ལན་གཉིས་ལན་གསུམ་དུ་བརྗོད་པར་བྱའོ་༎ དེ་ནས་དགེ་སློང་གཅིག་གིས་གསོལ་བ་བྱས་ཏེ་ལས་བྱའོ་༎,"Let venerable saṃgha listen!  I, N.N. bhikṣu committed numerous saṃghāvaśeṣa offences, which sprang from an intentional emission of semen and concealed for a half month.  I, N.N. bhikṣu, that very person, ask for a half-monthly parivāsa from the saṃgha out of those numerous saṃghāvaśeṣa offences, which sprang from an intentional emission of semen and concealed for a half month.  May venerable saṃgha, having taken up compassion, grant me N.N. bhikṣu, a half-monthly parivāsa, by compassion, out of these numerous saṃghāvaśeṣa offences, which sprang from an intentional emission of semen and concealed for a half month.  Also, saying that for the second and third times. Then after that, a certain monk shall make a motion, and this motion proposing as a legal action is to be performed as follows:"
6ce4a27a9bb54e0faa4b901469a9a22d,§8 śṛṇotu bhadantās 5 saṃgha |  ayam evaṃnāmā bhikṣu‹ḥ› saṃbahulā‹ḥ› saṃghā(310a1)vaśeṣā  āpattī‹r› āpannaḥ saṃcintyaśukravisṛṣṭisamutthitām ardhamāsapraticchannāṃ |  so ’ham 6 evaṃnāmā bhikṣur āsāṃ saṃbahulānāṃ saṃghāvaśeṣāṇām āpattīnāṃ saṃcintyaśukravisṛṣṭisamutthitānāṃ ardhamāsapraticchannānāṃ saṃghād ardhamāsaṃ parivāsaṃ yācate |  sacet saṃghasya prāptakālaṃ (2) kṣametānujānīyāt saṃgho yat saṃgha evaṃnāmā 7 bhikṣor āsāṃ saṃbahulānāṃ saṃghāvaśeṣāṇāṃ āpattīnāṃ saṃcintyaśukravisṛṣṭisamutthitānām ardhamāsapraticchannānām ardhamāsaṃ parivāsaṃ dadyāt |  ity eṣā jñapti |,དགེ ༼༧༽ འདུན ༼H༢༦༧བ༡༽ བཙུན་པ་རྣམས་གསན་དུ་གསོལ་། དགེ་སློང་མིང་འདི་ཞེས་བགྱི་བ་ལ་ཆེད་དུ་བསམས་ཏེ་ཁུ་བ་བྱུང་བ་ལས་གྱུར་པའི་དགེ་འདུན་ལྷག་མའི་ལྟུང་བ་མང་པོ་བྱུང་བ་ཟླ་བ་ཕྱེད་བཅབས་ནས་། དགེ་སློང ༼H༢༦༧བ༢༽ མིང་འདི་ཞེས་བགྱི་བ་ལ་ཆེད་དུ་བསམས་ཏེ་ཁུ་བ་ཕྱུང་བ་ལས་གྱུར་བའི་དགེ་འདུན་ལྷག་མའི ༼༡༧༨བ༡༽ ལྟུང་བ་མང་པོ་འདི་རྣམས་བྱུང་བ་ཟླ་བ་ཕྱེད་བཅབས་པ་ལ་དགེ་འདུན་ལས་ཟླ་བ་ཕྱེད་ཀྱི་སྤོ་བ་གསོལ་ན་།  ༼H༢༦༧བ༣༽ གལ་ཏེ་དགེ་འདུན་གྱི་དུས་ལ་བབ་ཅིང་བཟོད་ན་དགེ་འདུན་གྱིས་གནང་བར་མཛོད་ཅིག་དང་། དགེ་འདུན་གྱིས་དགེ་སློང་མིང་འདི་ཞེས་བགྱི་བ་ལ་ཆེད་དུ་བསམས་ཏེ་ཁུ་བ་ཕྱུང་བ་ལས ༼༢༽ གྱུར ༼H༢༦༧བ༤༽ པའི་དགེ་འདུན་ལྷག་མའི་ལྟུང་བ་མང་པོ་འདི་རྣམས་བྱུང་བ་ཟླ་བ་ཕྱེད་བཅབས་པ་ལ་ཟླ་བ་ཕྱེད་ཀྱི་སྤོ་བ་སྩོལ་བར་མཛད་དོ་༎ འདི་ནི་གསོལ་བའོ་༎,"Let venerable saṃgha listen!  This N.N. bhikṣu committed numerous saṃghāvaśeṣa offences, which sprang from an intentional emission of semen and concealed for a half month.  This N.N.bhikṣu, that very person, asks for a half-monthly parivāsa from the saṃgha out of those numerous saṃghāvaśeṣa offences, which sprang from an intentional emission of semen and concealed for a half month.  If it seems good and the saṃgha should agree that it is the right time for the saṃgha. In case, the saṃgha should grant a half-monthly parivāsa to N.N.bhikṣu out of these numerous saṃghāvaśeṣa offences, which sprang from an intentional emission of semen and concealed for a half month.  This statement is the motion."
cbe454289add488dbdb0d9f967294fed,§9 karma kartavyaṃ • śṛṇotu bhadantāḥ 8 saṃgha |  ayam evaṃnāmā bhikṣuḥ saṃbahulā‹s› saṃghāva(3)śeṣā āpattīr āpannaḥ saṃcintyaśukravisṛṣṭisamutthitāḥ ardhamāsapraticchannā‹ḥ› |  so ’yam evaṃnāmā bhikṣur āsāṃ saṃbahulānāṃ saṃghāvaśeṣāṇām āpattīnāṃ saṃcintyaśukravisṛṣṭisamutthitānāṃ ardhamāsapraticchannānāṃ saṃghād ardhamāsaṃ parivāsaṃ yācate |  tat saṃgha evaṃnāmno bhikṣor ā(4)sāṃ saṃbahulānāṃ saṃghāvaśeṣāṇām āpattīnāṃ saṃcintyaśukravisṛṣṭisamutthitānāṃ ardhamāsaṃ parivāsaṃ dadāti |  yeṣām āyuṣmatāṃ kṣamate evaṃnāmno bhikṣor āsāṃ saṃbahulānāṃ saṃghāvaśeṣāṇām āpattīnāṃ saṃcintyaśukravisṛṣṭisamutthitānāṃ ardhamāsapra(5)ticchannānāṃ ardhamāsa‹ṃ› parivāsaṃ dātuṃ te tūṣṇīṃ |  na kṣamate bhāṣantām |  iyaṃ  prathamā karmavācanā vaktavyā |    dattas saṃghena evaṃnāmnor bhikṣor āsāṃ saṃbahulānāṃ saṃghāvaśeṣāṇām āpattīnāṃ saṃcintyaśukravisṛṣṭisamutthitānām ardhamāsapraticchannānām ardhamāsaṃ parivā(6)saḥ | kṣāntam anujñātaṃ saṃghena yasmāt tūṣṇīm evam etad dhārayāmi ||  uktaṃ bhagavatā | parivāso dātavyo mūlaparivāsa iti vistaraḥ |,ལས་བྱ་བ་ནི་དགེ་འདུན་བཙུན་པ་རྣམས ༼H༢༦༧བ༥༽ གསན་དུ་གསོལ་། དགེ་སློང་མིང་འདི་ཞེས་བགྱི་བ་འདི་ལ་ཆེད་དུ་བསམས་ཏེ་ཁུ་བ་ཕྱུང ༼༣༽ བ་ལས་གྱུར་པའི་དགེ་འདུན་ལྷག་མའི་ལྟུང་བ་མང་པོ་བྱུང་བ་ཟླ་བ་ཕྱེད་བཅབས་ནས་། དགེ་སློང་མིང་འདི ༼H༢༦༧བ༦༽ ཞེས་བགྱི་བ་འདི་ལ་ཆེད་དུ་བསམས་ཏེ་ཁུ་བ་ཕྱུང་བ་ལས་གྱུར་པའི་དགེ་འདུན་ལྷག་མའི་ལྟུང་བ་མང་པོ་འདི་རྣམས་བྱུང་བ་ཟླ་བ་ཕྱེད་བཅབས་པ་དགེ་འདུན་ལས་ཟླ་བ་ཕྱེད ༼༤༽ ཀྱི་སྤོ་བ་གསོལ་ཏེ་།  ༼H༢༦༧བ༧༽ དེའི་སླད་དུ་དགེ་འདུན་གྱིས་དགེ་སློང་མིང་འདི་ཞེས་བགྱི་བ་ལ་ཆེད་དུ་བསམས་ཏེ་ཁུ་བ་ཕྱུང་བ་ལས་གྱུར་བའི་དགེ་འདུན་ལྷག་མའི་ལྟུང་བ་མང་པོ་འདི་རྣམས་བྱུང་བ་བྱུང་བ་ཟླ་བ་ཕྱེད་བཅབས་པ་ལ ༼H༢༦༨ཨ༡༽ ཟླ་བ་ཕྱེད་ཀྱི་སྤོ་བ་སྩོལ་བར་མཛད་ན་། ཚེ་དང་ལྡན་པ་གང་དག་དགེ་སློང ༼༥༽ མིང་འདི་ཞེས་བགྱི་བ་ལ་ཆེད་དུ་བསམས་ཏེ་ཁུ་བ་ཕྱུང་བ་ལས་གྱུར་པའི་དགེ་འདུན་ལྷག་མའི ༼H༢༦༨ཨ༢༽ ལྟུང་བ་མང་པོ་འདི་རྣམས་བྱུང་བ་ཟླ་བ་ཕྱེད་བཅབས་པ་ལ་ཟླ་བ་ཕྱེད་ཀྱི་སྤོ་བ་སྩོལ་བར་མཛད་པར་བཟོད་པ་དེ་དག་ནི་ཅང་མ་གསུང་ཤིག་། གང་དག་མི་བཟོད་པ་དེ་དག་ནི་གསུང ༼H༢༦༨ཨ༣༽ ཤིག་། འདི་ནི་ལས ༼༦༽ བརྗོད་པ་དང་པོ་ཡིན་ཏེ་། དེ་བཟིན་དུ་ལས་བརྗོད་པ་གཉིས་པ་དང་། གསུམ་གྱི་བར་དུ་བརྗོད་པར་བྱའོ་༎ དགེ་འདུན་གྱིས་བཟོད་ཅིང་གནང་ནས་དགེ་འདུན་གྱིས་དགེ ༼H༢༦༨ཨ༤༽ སློང་མིང་འདི་ཞེས་བགྱི་བ་ལ་ཆེད་དུ་བསམས་ཏེ་ཁུ་བ་ཕྱུང་བ་ལས་གྱུར་བའི་དགེ་འདུན་ལྷག་མའི་ལྟུང་བ་མང ༼༧༽ པོ་འདི་རྣམས་བྱུང་བ་ཟླ་བ་ཕྱེད་བཅབས་པ་ལ་ཟླ་བ་ཕྱེད་ཀྱི་སྤོ་བ་སྩལ་ལགས ༼H༢༦༨ཨ༥༽ ཏེ་། འདི་ལྟར་ཅང་མི་གསུང་བས་དེ་དེ་བཞིན་དུ་འཛིན་ཏོ་༎ བཅོམ་ལྡན་འདས་ཀྱིས་སྤོ་བ་དང་། གཞི་ནས་སྤོ་བ་སྦྱིན་པར་བྱའོ་ཞེས་རྒྱས་པར་བཀའ་སྩལ་པ་དང་།,"  Then the legal action i.e., karmavācanā is to be performed as follows: Let venerable saṃgha listen!  This N.N. bhikṣu committed numerous saṃghāvaśeṣa offences, which sprang from an intentional emission of semen and concealed for a half month.  This N.N. bhikṣu, that very person, asks for a half-monthly parivāsa from the saṃgha out of these numerous saṃghāvaśeṣa offences, which sprang from an intentional emission of semen and concealed for a half month.  In that case, the saṃgha grant me, N.N.bhikṣu, a half-monthly parivāsa out of these numerous saṃghāvaśeṣa offences, which sprang from an intentional emission of semen and concealed for a half month.  Venerable sirs, for those who are in favour of granting a half-monthly parivāsa out of these numerous saṃghāvaśeṣa offences, which sprang from an intentional emission of semen and concealed for a half month, please remain silent.  For those who are not, please speak up.  This is the first statement of this legal action (hereafter called, karmavācanā) declared.  Also the second and third time declared.  The saṃgha grants the half-monthly parivāsa out of these numerous saṃghāvaśeṣa offences, which sprang from an intentional emission of semen and concealed for a half month to N.N. bhikṣu. It is good for the saṃgha, that is why it is silent; thus I do understand this."
2ca1c6dbe76f4544be533dcc6d7aa888,§10 ṣaḍvargikā bhikṣavaḥ pārivāsikamānāpyacārikāḥ santa‹ḥ› prakṛtisthakānāṃ bhikṣūṇām antikād abhivādanavandanapratyutthānāṃjali(7)sāmīcīkarma svīkurvanti |  alpārthā bhikṣavo ’vadhyāyanti kṣipaṃti vivācayanti tad idaṃ na cchekaṃ na pratirūpaṃ yatredānīṃ pārivāsikamānāpyacārikā bhikṣavaḥ prakṛtisthakānāṃ bhikṣūṇām antikād abhivādanavandanapratyutthānāñjalisāmīcīkarma svīkurvantīti • etat prakaraṇaṃ bhikṣavo bhaga(8)vata ārocayanti |  bhagavān āha ||  pārivāsikamānāpyacārikāṇām ahaṃ bhikṣavo bhikṣūṇām āsamudācārikāṃ dharmāṃ prajñapayāmi •  pārivāsikamānāpyacārikair bhikṣubhir prakṛtisthakānāṃ bhikṣūṇām antikād abhivādanavandanapratyutthānāṃjalisāmīcīkarma ‹na› svīkartavyaṃ |  naikāsa(9)ne niṣattavyaṃ | nāpi samāsane | sacen niṣīdanti nīcataram āsanaṃ gṛhītvā niṣattavyaṃ •  na caṃkrame yugapac caṃkramitavyaṃ • nāpy agrataḥ |  sacec caṃkrame caṃkramyanti padaparihāṇikayā |,དྲུག་སྡེའི་དགེ ༼H༢༦༨ཨ༦༽ སློང་སྤོ་བ་དང་། མགུ་བར་བྱ་བ་སྤྱོད་པ་རྣམས ༼༡༧༩ཨ༡༽ ཀྱིས་རང་བཞིན་དུ་གནས་པའི་དགེ་སློང་རྣམས་ལས་མངོན་དུ་སྨྲ་བ་དང་། ཕྱག་དང་། ལྡང་བ་དང་། ཐལ་མོ་སྦྱར་བ་དང་། འདུད་པའི་ལས ༼H༢༦༨ཨ༧༽ བདག་གིར་བྱེད་པ་ལ་དོན་ཉུང་བའི་དགེ་སློང་རྣམས་སྨོད་པར་བྱེད་། གཞོགས་འཕྱས་བྱེད་། ཁ་ཟེར་བར་བྱེད་དེ་། དེ་ལྟར་སྤོ་བ་དང་མགུ་བར་བྱ་བ ༼༢༽ སྤྱོད་པ་རྣམས་ཀྱིས་རང་བཞིན ༼H༢༦༨བ༡༽ དུ་གནས་སུ་གནས་པའི་དགེ་སློང་རྣམས་ལས་མངོན་དུ་སྨྲ་བ་དང་། ཕྱག་དང་། ལྡང་བ་དང་། ཐལ་མོ་སྦྱར་བ་དང་། འདུད་པའི་ལས་བདག་གིར་བྱེད་པ་ནི་བཟང་པོ་མ་ཡིན་ཞིང་འཚམ་པ་མ་ཡིན་ནོ ༼H༢༦༨བ༢༽ ཞེས་པའི་སྐབས་དེ་དགེ་སློང་རྣམས་ཀྱིས་བཅོམ་ལྡན་འདས་ལ་གསོལ ༼༣༽ བ་དང་། བཅོམ་ལྡན་འདས་ཀྱིས་བཀའ་སྩལ་པ་། དགེ་སློང་དག་ངས་སྤོ་བ་དང་མགུ་བར་བྱ་བ་སྤྱོད་པའི་དགེ ༼H༢༦༨བ༣༽ སློང་རྣམས་ཀྱི་ཀུན་དུ་སྤྱོད་པའི་ཆོས་བཅའ་བར་བྱ་སྟེ་། སྤོ་བ་དང་མགུ་བར་བྱ་བ་སྤྱོད་པའི་དགེ་སློང་རྣམས་ཀྱིས་རང་བཞིན་དུ་གནས་པའི་དགེ་སློང་རྣམས་ལས་མངོན་དུ་སྨྲ་བ་དང་། ཕྱག ༼H༢༦༨བ༤༽ དང་། ༼༤༽ ལྡང་བ་དང་། ཐལ་མོ་སྦྱར་བ་དང་། འདུད་པའི་ལས་བདག་གིར་མི་བྱའོ་༎ སྟན་གཅིག་ལ་མ་ཡིན་། སྟན་མཉམ་པར་མ་ཡིན་ཏེ་། སྟན་ཆེས་དམའ་བ་བླངས་ཏེ་འདུག་པར་བྱའོ་༎  ༼H༢༦༨བ༥༽ འཆག་སར་ལྷན་ཅིག་བཅག་པར་མི་བྱ་མདུན་དུ་མ་ཡིན་ཏེ་། གལ་ཏེ་འཆག་སར་འཆག་ན་གོམ་པ་བསྲིའོ་༎,"The blessed one said, “parivāsa is to be granted, so as to mūlaparivāsa and so forth”.  Ṣaḍvargika-bhikṣus being pārivāsikas and mānāpyacārikas accept all kinds of respectful postures from normal monks (prakṛtibhikṣu).  Those who were modest monks looked down upon, criticized, spread it about, saying: “this is not good, this is not suitable, that now, pārivāsikas and mānāpyacārikas accept all kinds of respectful postures from normal monks”. The monks inform the blessed one on that matter.  The blessed one said,  “Bhikṣus! I prescribe the law applying to monks who are pārivāsikas and mānāpyacārikas.  The monks who are pārivāsikas and mānāpyacārikas shall not accept all kinds of respectful postures from normal monks;  nor shall they sit alone without normal monks or sit together with them. If the normal monks sit down, they (pārivāsikas and mānāpyacārikas) shall take a seat and sit behind the normal monks.  They shall not walk in the place of walking (caṅkrama) at the same time with the normal monks."
545da59d58254023a97068fda5159112,§11 na brāhmaṇakulāni upasaṃkramitavyaṃ |  saced upasaṃkramati paścācchramaṇanyāyena |  naika cchadane (10) vastavyaṃ |  na pravrājayitavyaṃ |  nopasaṃpādayitavyam* |  na niśrayo deyaḥ |  na śramaṇoddeśa upasthāpayitavyaḥ |  na karma kartavyaḥ |  na karmakārakaḥ saṃmantavyaḥ |  na bhikṣuṇyo ’vavaditavyāḥ |  na bhikṣuṇyavavāda‹‹ka››‹ḥ› saṃmantavyaḥ |  na pūrvasaṃmatena bhikṣuṇyo ’vavaditavyā‹ḥ› •  na bhikṣuś codayitavyaḥ (310b1) smārayitavyaḥ śīlavipatyā dṛṣṭivipatyā ācāravipatyā ājīvavipatyā |  nānenāvavādaḥ sthāpayitavyo | na poṣadho na pravāraṇā na jñaptir na jñaptidvitīyaṃ na jñapticaturthaṃ karma |,༼༥༽ བྲམ་ཟེ་དང་ཁྱིམ་བདག་གི་ཁྱིམ་དུ་འགྲོ་བར་མི་བྱའོ་། གལ་ཏེ་འགྲོ་ན ༼H༢༦༨བ༦༽ ཕྱི་བཞིན་འབྲང་བའི་དགེ་སྦྱོང་གི་ཚུལ་དུ་བྱའོ་༎ སྟེང་གཡོགས་གཅིག་ཏུ་གནས་པར་མི་བྱའོ་༎ རབ་ཏུ་དབྱུང་བར་མི་བྱ་། བསྙེན་པར་རྫོགས་པར་མི་བྱ་། གནས་མི་སྦྱིན་། དགེ་ཚུལ་མི་གཞག་།  ༼H༢༦༨བ༧༽ ལས་མི་བྱ་། ལས་བྱེད ༼༦༽ པར་བསྐོ་བར་མི་བྱ་། དགེ་སློང་མ་རྣམས་ལ་གདམས་ངག་དབོག་པར་མི་བྱ་། དགེ་སློང་མ་རྣམས་ཀྱི་གདམས་ངག་དབོག་པར་བསྐོ་བར་མི་བྱ་། སྔོན ༼H༢༦༩ཨ༡༽ བསྐོས་པ་ཞིག་ཡིན་ན་ཡང་དགེ་སློང་མ་རྣམས་ལ་གདམས་ངག་དབོག་པར་མི་བྱ་། དགེ་སློང་ལ་ཚུལ་ཁྲིམས་ཉམས་པ་དང་། ལྟ་བ ༼༧༽ ཉམས་པ་དང་། སྤྱོད་པ་ཉམས ༼H༢༦༩ཨ༢༽ པ་དང་། འཚོ་བ་ཉམས་པས་གླེང་བར་མི་བྱ་། དྲན་པར་མི་བྱ་སྟེ་། འདིས་གདམས་ངག་དབོག་པར་མི་བྱ་། གསོ་སྦྱོང་མ་ཡིན་། དགག་དབྱེ་མ་ཡིན་། གསོལ་བ་མ་ཡིན་། གསོལ་བ ༼H༢༦༩ཨ༣༽ དང་གཉིས་མ་ཡིན་ཏེ་། གསོལ་བ་དང་བཞིའི་ལས་མི་བྱའོ་༎,"If the normal monks are walking in the place of walking, they shall walk with one step behind.  As a pārivāsika or mānāpyacārika, one shall not approach brāhmaṇa families.  If one i.e., a  pārivāsika or mānāpyacārika approaches brāhmaṇa families, one shall approach the families by way of walking behind a normal monk (paścāt śramaṇa).  One shall not dwell in a leaf hut.  One shall not proceed someone to enter ascetic life (pravrājayati),  nor to ordain (upasaṃpādayati) someone to the saṃgha.  One shall not give lesson in that on which a navaka monk should rely on (niśraya).  One shall not have a novice as a servant.  One shall not initiate legal action.  One shall not agree to be the presiding officer (one who makes a motion, namely karmakāraka).  One shall not instruct a nun.  One shall not agree to be the instructor of nuns.  One shall not instruct nuns even if it is by means of earlier agreement.  One shall not accuse nor remind a monk by the accusation regarding falling away from moral behaviour, falling away from right views, falling away from good habits, or falling away from a right mode of livelihood."
6376257b11ee4284a8b0cb3b0f8cc790,§12 kālyam evotthāya dvāraṃ moktavyaṃ |  dīpasthālaka udvartavyaḥ |  vihāraḥ sektavyaḥ | sammārṣṭavyaḥ |  sukumārī (2) gomayakārṣī anupradātavyā ┇  prasrāvoccārakuṭī dhāvayitavye 9 |  mṛttikā upasthāpayitavyā patrāṇi pānīyaṃ śītalaṃ vā kālānurūpataḥ |  pranāḍikāmukhāni 10 dhāvitavyāni 11 |  kālaṃ jñātvā āsanaprajñaptiṃ kṛtvā dhūpakaṭacchuko dhūpaś copasthāpayitavyaḥ |  sacet pratibalo bhavati śāstu(3)r guṇasaṃkīrtanaṃ kartuṃ svayam eva kartavyam* |  noced bhāṣaṇako ’py eṣṭavyaḥ upanvāhāraṃ 12 pratyavekṣyopanvāhṛtaṃ cec charaṇapṛṣṭham abhiruhya gaṇḍir dātavyā |  nidāghakāle bhikṣūṇāṃ vyajanaṃ grahetavyaṃ |  tatas sarvopasaṃpannānāṃ copariṣṭāc chānteneryāpathavartinābhikṣusaṃjñām upasthāpya bhoktavyaṃ |  (4) kṛtabhaktakṛtyena śayanāsanaṃn channe gopayitavyaṃ |  pātrādhiṣṭhānaṃ chorayitavyaṃ |  kālaṃ jñātvā tathāgatakeśanakhastūpā‹ḥ› saṃmārṣṭavyāḥ sukumārī gomayakārṣī anupradātavyā |  sāmagrīvelāyāṃ punaḥ śayanāsanaprajñaptiẖ kartavyā • dhūpakaṭacchuka upasthāpayitavyaḥ |,ནང་པར་སྔར ༼༡༧༩བ༡༽ ལངས་ལ་སྒོ་དབྱེ་བར་བྱའོ་༎ མར་མེའི་སྡོང་བུ་བསལ་ལ་གཙུག་ལག་ཁང་ཆག་ཆག་གདབ་པར་བྱ་། ཕྱག ༼H༢༦༩ཨ༤༽ དར་བྱ་། བའི་ལྕི་བ་འཇམ་པོས་བྱུག་པར་བྱའོ་༎ ཆབ་ཀུང་ས་དང་། སྣམ་ཕྱིས་ཕྱག་དར་བྱས་ལ་ས་དང་ལོ་མའམ་དུས་དང་མཐུན་པའི་ཆུ་བསིལ་བ་གཞག་པར་བྱའོ་༎  ༼༢༽ ཝ་ཁ་དག་བསལ་བར ༼H༢༦༩ཨ༥༽ བྱའོ་༎ དུས་ཤེས་པར་བྱ་སྟེ་སྟན་གདིང་བར་བྱའོ་༎ བདུག་པ་དང་པོག་ཕོར་གཞག་པར་བྱའོ་༎ གལ་ཏེ་སྟོན་པའི་ཡོན་ཏན་བསྒྲགས་པར་བྱ་བར་ནུས་ན་བདག་ཉིད་ཀྱིས་བྱའོ་༎ གལ ༼H༢༦༩ཨ༦༽ ཏེ་མི་ནུས་ན་འཆད་པ་པོ་ལ་གསོལ་བ་གདབ་པར་བྱའོ་༎ ཁ་ཟས་ཀྱི་གཡོས་ལ ༼༣༽ བརྟགས་ཏེ་གཡོས་ཟིན་ན་ཁང་པའི་སྟེང་དུ་འཛེགས་ཏེ་གངḍī་བརྡུང་པར་བྱའོ་༎ སོས་ཀ་ཚ་བའི་དུས་སུ ༼H༢༦༩ཨ༧༽ བསིལ་ཡབ་བླངས་ཏེ་དགེ་སློང་རྣམས་ལ་གཡབ་པར་བྱའོ་༎ དེའི་འོག་ཏུ་བསྙེན་པར་རྫོགས་པ་ཐམས་ཅད་ཀྱི་ནི་ཐ་མ་། བསྙེན་པར་མ་རྫོགས་པ་རྣམས་ཀྱི་གོང་དུ་སྤྱོད་ལམ་ཞི་བས་འདུག ༼H༢༦༩བ༡༽ སྟེ་། ༼༤༽ དགེ་སློང་མ་ཡིན་པའི་འདུ་ཤེས་གཞག་ལ་ཟས་བཟའ་བར་བྱའོ་༎ ཟས་ཀྱི་བྱ་བ་བྱས་ནས་། གནས་མལ་རྣམས་སྐྱབས་ཡོད་པར་བརྟུལ་བར་བྱའོ་༎ ལྟུང་བཟེད་ཀྱི་གཞི་ཡང་བྱི་དོར་བར་བྱའོ་༎ དུས ༼H༢༦༩བ༢༽ ཤེས་པར་བྱས་ལ་དེ་བཞིན་གཤེགས་པའི་དབུ་སྐྲ་དང་། སེན་མོའི་མཆོད་རྟེན་རྣམས་བྱི་དོར་བྱའོ་༎  ༼༥༽ བའི་ལྕི་བ་འཇམ་པོས་བྱུག་པར་བྱའོ་༎ དགོངས་ཀའི་དུས་སུ་ཡང་གནས་མལ་བཤམ་པར་བྱའོ་༎ ༼H༢༦༩བ༣༽ པོག་ཕོར་ཉེ་བར་གཞག་པར་བྱའོ་༎,"One shall not suspend giving advice (instruction) or any other legal action such as, poṣadha, pravāraṇā, jñapti, jñaptidvitīya, and jñapticaturtha.  After having arisen in the morning time, one shall open the door (or clear a passageway).  One shall set up the lamp.  One shall sprinkle the monastery and sweep it with mop.  One shall apply a soft coating of cowdung to the building for extra clean.  One shall clean a hut for urinating and excrement.  One shall apply earth, leaves and cold water if it’s in the right season.  One shall wash the drain.  When it's the time, after having arranged the seats, one shall prepare incense as well as an incense burner.  If one is able to praise the instructor, one shall do it himself.  If it’s not desirable that one’s speaking, one having waited for food preparation, if it is ready, one shall climb up the top of the hut (or the roof) and strike a gong.  When it’s hot, one shall provide the fan for (or perhaps, they shall fan) the normal monks.  After having formed the thought that I am not a normal monk, conducting himself with calm posture; then one shall eat after all those normal monks.  After the meal is finished, one shall set up the seat in the shed.  One shall take away the bowl which was used by the normal monks.  When it's the time, one shall clean stupas retaining the Tathagata’s hair and nail and apply a soft coating of cowdung."
ddefae7bb62c446183269268b008323e,§13 śastur guṇasaṃkī(5)rtanaṃ pūrvavat kartavyaṃ | divasa ārocayitavyaḥ |  śṛṇotu bhadaṃtās 13 saṃgha •  anya pakṣasya daśamīty evamādi yathā upadhivārikā ārocayanti •  tataḥ parivāsa ārocayitavyaḥ |  śṛṇotu bhadantās 14 saṃgha |  aham evaṃnāmā bhikṣuḥ evaṃrūpāṃ caivaṃrūpāṃ ca saṃghāvaśeṣām ā(6)pattim āpannaḥ iyatkālapraticchannāṃ |  tasya mama saṃghena iyatkāla‹ṃ›  parivāso dattaḥ | tato mayā iyaccaritaṃ śiṣṭaṃ caritavyam* |  pārivāsikaṃ māṃ bhadantās 15 saṃgho dhārayatu mānāpyacārikaṃ ceti ||,སྟོན་པའི་ཡོན་ཏན་ཡང་དག་པར་བསྒྲགས་པ་ཞེས་བྱ་བའི་བར་གོང་མ་བཞིན་དུ་བྱའོ་༎ དགེ་སྐོས་རྣམས་ཇི་སྐད་བརྗོད་པ་བཞིན་དུ་དགེ་འདུན་བཙུན་པ་རྣམས ༼༦༽ ༼H༢༦༩བ༤༽ གསན་དུ་གསོལ་། དེང་དུ་ཟླ་བ་ཕྱེད་ཀྱི་ཚེས་བཅུ་ཡང་འདས་ལགས་སོ་༎ ཞེས་བྱ་བ་དེ་ལྟ་བུ་ལ་སོགས་པ་ཉི་མ་བརྗོད་པར་བྱའོ་༎ དེ་ནས་སྤོ་བ་བརྗོད་པར་བྱ་སྟེ་། དགེ་འདུན་བཙུན་པ་རྣམས ༼H༢༦༩བ༥༽ གསན་དུ་གསོལ་། བདག་དགེ་སློང་མིང་འདི་ཞེས་བགྱི་བ་ལ་དགེ་འདུན་ལྷག་མའི་ལྟུང་བ་འདི་ལྟ ༼༧༽ བུ་དང་འདི་ལྟ་བུ་བྱུང་བ་དུས་འདི་ཙམ་ཞིག་ཏུ་བཅབས་པ་དང་། བདག་ལ་དགེ་འདུན ༼H༢༦༩བ༦༽ གྱིས་དུས་འདི་ཙམ་ཞིག་གྱིས་སྤོ་བ་སྩལ་བ་དེ་ལས་དུས་འདི་ཙམ་ཞིག་ནི་བདག་གིས་སྤྱད་ལགས་ཏེ་ལྷག་མ་ཡང་སྤྱད་པར་བགྱི་ན་། དགེ་འདུན་བཙུན་པ་རྣམས་ཀྱིས་བདག་ལ་སྤོ་བ་པོ ༼H༢༦༩བ༧༽ དང་མགུ་བར་བགྱི་བ་སྤྱོད་པ་ལགས་པར ༼༡༨༠ཨ༡༽ གཟུང་དུ་གསོལ་།,"When it is the time of a meeting, one shall also arrange the seats and prepare incense burner.  One shall praise the instructor as before. In the daytime, the saṃgha is to be informed.  “Let the venerable saṃgha listen!” As monks in charge of ceremony announce, “now is the tenth day of a half month and so on”;  and then, the parivāsa is to be announced.  “Let the venerable saṃgha listen!  I N.N. bhikṣu committed such and such saṃghāvaśeṣa offence, and it was concealed for such time. Therefore, the saṃgha granted parivāsa to him, namely me, for such a length.  After that, I completed such practice of being a pārivāsika, and the rest should be imposed on me."
346c74d610ae4c5c956ce00c8e8c88f6,§14 uktaṃ bhagavatā | parivāsa ārocayitavyaḥ ity āgaṃtukānāṃ nārocaya(7)nti || bhagavān āha || āgantukānām ārocayitavyam iti || uktaṃ bhagavatā |  āgantukānām apy ārocayitavyam iti || anyatamaś ca bhikṣur āgaṃtuka āgataḥ |  sa yāvan na pātracīvaraṃ sthāpayati tāvat pārivāsiko ’sya purataḥ sthitvā kathayati |  samanvāhara māyuṣmann aha‹m› evaṃnāmā (8) bhikṣuḥ saṃghāvaśeṣām āpattim āpannaḥ | pūrvavad yāvat pārivāsikaṃ mām āyuṣmān dhārayatv iti |,བཅོམ་ལྡན་འདས་ཀྱིས་སྤོ་བ་བརྗོད་པར་བྱའོ་ཞེས་གསུང་ན་གློ་བུར་དུ་འོངས་པ་རྣམས་ལ་ནི་མི་བརྗོད་པས་། བཅོམ་ལྡན་འདས ༼H༢༧༠ཨ༡༽ ཀྱིས་བཀའ་སྩལ་པ་། གློ་བུར་དུ་འོངས་པ་རྣམས་ལ་བརྗོད་པར་བྱའོ་༎ བཅོམ་ལྡན་འདས་ཀྱིས་གློ་བུར་དུ་འོངས་པ་རྣམས ༼༢༽ ལ་སྤོ་བ་བརྗོད་པར་བྱའོ་ཞེས་གསུངས་པ་དང ༼H༢༧༠ཨ༢༽ དགེ་སློང་གློ་བུར་བ་ཞིག་འོངས་ནས དེས་རེ་ཞིག་ལྟུང་བཟེད་དང་། ཆོས་གོས་ཀྱང་མཁོས་སུ་མ་ཕབ་པར་དེའི་མདུན་དུ་སྤོ་བ་པོ་འདུག་ནས་སྨྲས་པ་། ཚེ་དང་ལྡན་པ་དགོངས་སུ་གསོལ་། བདག ༼H༢༧༠ཨ༣༽ དགེ་སློང་མིང་འདི་ཞེས་བགྱི ༼༣༽ བ་ལ་དགེ་འདུན་ལྷག་མའི་ལྟུང་བ་བྱུང་བ་ཞེས་བྱ་བ་ནས་ཚེ་དང་ལྡན་པ་བདག་ལ་སྤོ་བ་པོར་གཟུང་དུ་གསོལ་ཞེས་བྱ་བའི་བར་གོང་མ་བཞིན་དུའོ་༎,"May the venerable saṃgha support me, a pārivāsika, also in being a mānāpyacārika.”  “Parivāsa is to be announced,” this is said by the blessed one, but they don’t do it when the guest-monks come so the blessed one directs them: “parivāsa is to be announced to guest-monks too.” Then another guest-monk came.  He had not yet even put down his bowl and robe before the pārivāsika stood in front of him and announced,"
d22baf4832634fac9bc646a42b119734,§15 sa tasyāntike paryavasthitaḥ kathayati |  apehi mama purastān mohapuruṣa mā parivāso mā tvam iti |  sa lajjāparigatahṛdayo ’vāṅmukho mandagatipracāratayā tasya bhikṣos sakāśāt prakrā(9)nta‹ḥ› |  etat prakaraṇaṃ bhikṣavo bhagavata ārocayanti |  bhagavān āha |  āgantukasya bhikṣoḥ pātracīvare apratiśāmite na ārocayitavyaṃ | api tu na ekaikasyārocayitavyaṃ | kiṃ tu sarvasaṃghe saṃniṣaṇṇe sannipatiteti |  bhagavān āha • gaṇḍyā‹m ā›koṭitāyāṃ yathā sannihitānāṃ ārocayita(10)vyam* |,དེས་དེ་ལ་ཀུན ༼H༢༧༠ཨ༤༽ ནས་དཀྲིས་པས་སྨྲས་པ་། མི་གཏི་མུག་ཅན་སྤོ་བ་ཡང་མི་དགོས་ཁྱོད་ཀྱང་མི་དགོས་ཀྱིས་ངའི་མདུན་དུ་མ་འདུག་པར ༼༤༽ སོང་། དེ་ངོ་ཚ་བ་སྙིང་ལ་ཕོག་པས་ངོ་སྨད་ནས་སྤྱོད་ལམ་དལ་གྱིས་དགེ ༼H༢༧༠ཨ༥༽ སློང་དེའི་དྲུང་ནས་སོང་ངོ་༎ སྐབས་དེ་དགེ་སློང་རྣམས་ཀྱིས་བཅོམ་ལྡན་འདས་ལ་གསོལ་པ་དང་། བཅོམ་ལྡན་འདས་ཀྱིས་བཀའ་སྩལ་པ་། གློ་བུར་དུ་འོངས་པའི་དགེ་སློང་གིས་ལྟུང་བཟེད ༼H༢༧༠ཨ༦༽ དང་། ཆོས་གོས ༼༥༽ མཁོས་སུ་མ་ཕབ་པར་བརྗོད་པར་མི་བྱའོ་༎ གཞན་ཡང་རེ་རེ་ལ་ཡང་བརྗོད་པར་མི་བྱའི་འོན་ཀྱང་དགེ་འདུན་ཐམས་ཅད་ཚོགས་ཤིང་མཐུན་པར་གྱུར་པ་ལའོ་༎ དགེ ༼H༢༧༠ཨ༧༽ འདུན་ཐམས་ཅད་ཚོགས་ནས བཅོམ་ལྡན་འདས་ཀྱིས་བཀའ་སྩལ་པ་། གངḍī་བརྡུངས་པ་ན་ཇི་སྙེད་ཚོགས་པ་ལ་བརྗོད་པར ༼༦༽ བྱའོ་། །,"“venerable sir!, may I have your attention: I N.N bhikṣu committed such and such saṃghāvaśeṣa offence, … as stated above until, may the venerable saṃgha grant me, the pārivāsika, to become mānāpyacārika.  The guest-monk became angry, speaks in the presence of him that pārivāsika.  “Go away from me! Vain fellow! No, I have no interest in your parivāsa, nor you.”  He, having become shameful and speechless, slowly walk away from the sight of that visiting- monk.  The monks inform the blessed one on that matter.  The blessed one said;  “when the robe and bowl of the guest-monk are not yet put away, parivāsa is not to be announced; also it is not to be announced to every single visiting monk. But it is to be announced when all the saṃgha sat together in the assembly.”"
e572609d4a654c84a9a870ca3e707f29,§16 na cānenābhikṣukaṃ vihāraṃ gantavyaṃ |  saced gacchate 16 na tatra vastavyaṃ •  vikāle bhikṣūṇām uṣṇena śītāmbunā vā yathākālaṃ pādā‹ḥ› śocitavyāḥ | mrakṣayitavyā‹ḥ› | na ced icchanti | snehalābhopasaṃhāraẖ kartavyaḥ |  tataḥ smṛtim upasthāpyotthānasaṃjñinā śayyā kalpayitavyā ┇,འདིས་དགེ་སློང་མེད་པའི་གཙུག་ལག་ཁང་དུ་འགྲོ་བར་མི ༼H༢༧༠བ༡༽ བྱའོ་༎ གལ་ཏེ་སོང་ན་དེར་གནས་པར་མི་བྱའོ་༎ དགོངས་ཀར་དུས་ཇི་ལྟ་བ་བཞིན་དུ་ཆུ་དྲོན་པོའམ་བསིལ་བས་དགེ་སློང་རྣམས་ཀྱི་རྐང་པ་བཀྲུ་བར་བྱའོ་༎ གལ་ཏེ་མི་འདོད་ན་སྣུམ་གྱིས་བྱུག ༼H༢༧༠བ༢༽ པར་བྱའོ་༎ དེ་ནས ༼༧༽ དྲན་པ་ཉེ་བར་བཞག་སྟེ་ལྡང་བའི་འདུ་ཤེས་ཀྱིས་ཉལ་བར་བྱའོ་༎,"The blessed one said: “as the gong rang, and they are all readily present, it is then to be announced.”  One shall not go to the monastery which does not have a normal monk.  If he goes, he shall not stay there.  At dusk, he shall cleanse feet of the normal monks by warm or cold water or is fit to the season, and also to massage their feet with oil, if the normal monks have no desire to be treated as such. One shall provide things of his (the normal monk’s) liking."
04d78b78881e4c2786c1be41d888f0c4,§17 pārivāsikamānāpyacārikā (311a1) bhikṣavo yathā prajñaptān āsamudācārikāṃ dharmāṃ na samādāya vartante sātisārā bhavanti ||  tasya vihāraṃ noddiśanti | lābhaṃ nānuprayacchanti | bhagavān āha |  sarvapaścāt tasya vihāre uddeṣṭavyaḥ | sarvapaścāc ca lābho deyaḥ ||  ||,སྤོ་བ་དང་མགུ་བར་བྱ་བ་སྤྱོད་པའི་དགེ་སློང་རྣམས་ཀྱིས་ཀུན་དུ་སྤྱོད་པའི་ཆོས་ཇི་ལྟར་བཅས་པ་བཞིན་ཡང་དག་པར ༼H༢༧༠བ༣༽ བླངས་ཏེ་འཇུག་པར་མི་བྱེད་ན་འགལ་ཚབས་ཅན་དུ་འགྱུར་རོ་༎ དགེ་སློང་རྣམས་ཀྱིས་དེ་ལ་གནས་ཁང་མ་བསྐོས ༼༡༨༠བ༡༽ རྙེད་པ་མ་བྱིན་པ་དང་བཅོམ་ལྡན་འདས་ཀྱིས་བཀའ་སྩལ་པ་། ཐམས་ཅད ༼H༢༧༠བ༤༽ ཀྱི་འོག་ཏུ་དེའི་གནས་ཁང་བསྐོ་བར་བྱ་ཐམས་ཅད་ཀྱི་འོག་ཏུ་རྙེད་པ་སྦྱིན་པར་བྱའོ་༎ ༎,"Then he, having in mind that he has to leave, shall mindfully prepare a bed.  Monks who are pārivāsikas or mānāpyacārikas must comply with this rule; if they do not adopt it or do not act accordingly, they become guilty of sin.  They normal monks do not direct him to the privileges of the monastery. They do not offer him the supplies. The blessed one said:"
aecce8c598274f23bf8f9aca505eec20,§18 uddānam* ||ṣaṣṭiśataṃ kuryāt* pudgalaś ca viṃśikāt* |saṃ(2)ghe mānāpyaṃ caritavyam āgatā‹ḥ› prativaikārikā‹ḥ› ||  ||,སྡོམ་ལ་།དྲུག་ཅུ་དང་ནི་བརྒྱ་དག་དང་༎ཉི་ཤུར་གང་ཟག་བྱ་བ་དང་༎དགེ་འདུན་ལ་ནི་མགུ་སྤྱད་དང་༎༼H༢༧༠བ༥༽ ཤ་འཁོན་ཅན ༼༢༽ དང་འོང་བའོ་༎,“privileges and supplies are to be presented and given to him after all normal monks.”
de8cfadc8c9748a8892a0edfee469c0d,§19 ṣaḍvargikā‹ḥ› pārivāsikamānāpyacārikāḥ santo bhikṣūṇāṃ ‹parivāsaṃ› pradadanti | etat prakaraṇaṃ bhikṣavo bhagavata ārocayanti |  bhagavān āha | na caturbhiḥ pārivāsikair bhikṣoḥ parivāso dātavyaḥ |  na tṛbhiḥ pārivāsikair ekena prakṛti(3)sthena |  na dvābhyāṃ pārivāsikābhyāṃ dvābhyāṃ prakṛtisthakābhyāṃ |  na ekena pārivāsikena tribhiḥ prakṛtisthakaiḥ |  kiṃ tu sarvaiḥ pariśuddhaiḥ samānadṛṣṭibhiḥ bhikṣoḥ parivāse 17 dātavyaḥ ||  yathā pārivāsikair evaṃ mūlapārivāsikair mānāpyacārikaiś caritamānāpyaiḥ ||  yathā pārivāsi(4)ka evaṃ mūlapārivāsika 18 mūlāpakarṣa‹ṃ› mānāpyaṃ mūlamānāpyaṃ mūlāpakarṣamānāpyaṃ ca ||,དྲུག་སྡེའི་དགེ་སློང་སྤོ་བ་དང་མགུ་བར་བྱ་བ་སྤྱོད་པ་རྣམས་ཀྱིས་དགེ་སློང་རྣམས་ལ་སྤོ་བ་བྱིན་པའི་སྐབས་དེ་དགེ་སློང་རྣམས་ཀྱིས་བཅོམ་ལྡན་འདས་ལ་གསོལ་བ ༼H༢༧༠བ༦༽ དང་། བཅོམ་ལྡན་འདས་ཀྱིས་བཀའ་སྩལ་པ་། སྤོས་པའི་དགེ་སློང་བཞིས་སྤོ་བ་སྦྱིན་པར་མི་བྱ་སྟེ་། སྤོས་པ་གསུམ ༼༣༽ དང་རང ༼H༢༧༠བ༧༽ བཞིན་དུ་གནས་པ་གཅིག་གིས་མ་ཡིན་། སྤོས་པ་གཉིས་དང་རང་བཞིན་དུ་གནས་པ་གཉིས་ཀྱིས་མ་ཡིན་། སྤོས་པ་གཅིག་དང་རང་བཞིན་དུ་གནས་པ་གསུམ་གྱིས་མ་ཡིན་ཏེ་། འོན་ཀྱང་ཐམས་ཅད་ཡོངས་སུ་དག་པ་ལྟ་བ་མཚུངས་པ་རྣམས་ཀྱིས་དགེ་སློང་ལ་སྤོ་བ ༼H༢༧༡ཨ༡༽ སྦྱིན་པར་བྱའོ་༎  ༼༤༽ སྤོས་པ་རྣམས་ཀྱིས་ཇི་ལྟ་བ་བཞིན་དུ་གཞི་ནས་སྤོ་བ་དང་མགུ་བར་བྱ་བ་སྤྱོད་པ་དང་། མགུ་བར་བྱ་བ་སྤྱད་པ་དང་། བསླབ་པ་བྱིན་པ་རྣམས་ཀྱིས་ཀྱང ༼H༢༧༡ཨ༢༽ དེ་བཞིན་ནོ་༎ སྤོ་བ་ཇི་ལྟ་བ་བཞིན་དུ་གཞི་ནས་སྤོ་བ་དང་། གཞི་ནས་བསླང་སྟེ་སྤོ་བ་དང་མགུ་བར་བྱ་བ་དང་། གཞི་ནས་མགུ་བར ༼༥༽ བྱ་བ་དང་། གཞི་ནས་བསླང་སྟེ་མགུ་བར་བྱ་བ་ཡང་དེ་བཞིན་ནོ་༎,"ContentsTwenty persons should do; sixty and hundred,a mānāpya should be performed in a precinct of the saṃgha,and came the quarrelsome monks.  Ṣaḍvargikas, being a pārivāsika as well as a mānāpyacārika grant parivāsa to the monks. The monks inform the blessed one on that matter.  The blessed one said; “parivāsa is to be granted to a monk, not by four pārivāsikas:  not by three pārivāsikas and one normal:  not by two pārivāsikas and two normals:  not by one pārivāsika and three normals.  However, parivāsa is to be granted to a monk by the pure monks who agree (or who has the same view).  In the same way as granting parivāsa by pārivāsika, this equally applies to mūlapārivāsika, mānāpyacārika, as well as caritamānāpya."
5f0da14d426149f4a107a4e2226b819d,§20 ṣaḍvargikā bhikṣavaḥ pārivāsikamānāpyacārikās santo bhikṣūn āvarhanti | etat prakaraṇaṃ bhikṣavo bhagavata ārocayanti |  bhagavān āha |  na viṃśatyā pārivāsikair bhikṣu(5)r āvarhitavyaḥ |  na ekona viṃśatyā pārivāsikair ekena prakṛtisthakena |  nāṣṭādaśabhiḥ pārivāsikaiḥ dvābhyāṃ prakṛtisthakābhyāṃ evaṃ yāvan na ekonaviṃśatyā prakṛtisthakaiḥ ekena ‹pārivāsikena› ||  yathā pārivāsikair evaṃ paryuṣitaparivāsair mānāpyacārikaiś cārita(6)mānāpyaiḥ śikṣādattakaiś ca ||,དྲུག་སྡེའི ༼H༢༧༡ཨ༣༽ དགེ་སློང་སྤོ་བ་དང་མགུ་བར་བྱ་བ་སྤྱོད་པ་རྣམས་ཀྱིས་དགེ་སློང་རྣམས་འབྱིན་པར་བྱེད་པའི་སྐབས་དེ་དགེ་སློང་རྣམས་ཀྱིས་བཅོམ་ལྡན་འདས་ལ་གསོལ་བ་དང་། བཅོམ་ལྡན་འདས་ཀྱིས ༼H༢༧༡ཨ༤༽ བཀའ་སྩལ་པ་། སྤོས་པ་ཉི ༼༦༽ ཤུས་དགེ་སློང་དབྱུང་བར་མི་བྱ་སྟེ་། སྤོས་པ་བཅུ་དགུ་དང་རང་བཞིན་དུ་གནས་པ་གཅིག་གིས་མ་ཡིན་། སྤོས་པ་བཅོ་བརྒྱད་དང་རང་བཞིན་དུ་གནས་པ་གཉིས་ཀྱིས ༼H༢༧༡ཨ༥༽ མ་ཡིན་པ་ནས་། དེ་བཞིན་དུ་རང་བཞིན་དུ་གནས་པ་བཅུ་དགུ་དང་སྤོས་པ་གཅིག་གིས་མ་ཡིན་ཞེས་བྱ་བའི་བར་དུའོ་༎ སྤོས ༼༧༽ པ་རྣམས་ཀྱིས་ཇི་ལྟ་བ་བཞིན་དུ་སྤོ་བ་སྤྱོད་པ་དང་། མགུ་བར་བྱ་བ་སྤྱོད ༼H༢༧༡ཨ༦༽ པ་དང་། མགུ་བར་བྱ་བ་སྤྱད་པ་དང་། བསླབ་པ་བྱིན་པ་རྣམས་ཀྱིས་ཀྱང་དེ་བཞིན་ནོ་༎,"In the same way as parivāsa, this equally applies to mūlaparivāsa, mūlāpakarṣa, mānāpya, mūlamānāpya, as well as mūlāpakarṣamānāpya.  Ṣaḍvargika-bhikṣus, being a pārivāsika as well as a mānāpyacārika reintegrate the monks into the saṃgha. The monks inform the blessed one on that matter.  The blessed one said;  “a monk is to be reintegrated into the saṃgha, not by twenty pārivāsikas:  not by nineteen pārivāsikas and one normal:  not by eighteen pārivāsikas and two normals: and so forth until, not by one pārivāsika and nineteen normals."
07a5b6d37c614d0990d23d23519d2fa2,§21 ṣaḍvargikā bhikṣavaḥ pārivāsikamānāpyacārikās santaḥ pārivāsikānāṃ bhikṣūṇām antike parivāsaṃ caraṃti | etat prakaraṇaṃ bhikṣavo bhagavata ārocayanti |  bhagavān āha |  na bhikṣuṇā caturṇāṃ pārivāsikānām antikāt* (7) parivāsaś caritavyaḥ |  na trayāṇāṃ pārivāsikānām ekasya prakṛtisthakasya |  na dvayoḥ pārivāsikayoḥ dvayoḥ prakṛtistha‹ka›yoḥ |  na trayāṇāṃ prakṛtisthakānāṃ ekasya pārivāsikasya |  api tu sarveṣāṃ pariśuddhānāṃ samānadṛṣṭikānām antikāt* parivāsaś caritavyaḥ |  yathā pā(8)rivāsikānām evaṃ paryuṣitapārivāsikānāṃ mānāpyacārikāṇāṃ cāritamānāpyānāṃ śikṣādattakānāṃ ca |  yathā pārivāsaṃ evaṃ mūlapārivāsaṃ mūlāpakarṣaṃ mānāpyaṃ mūlamānāpyaṃ mūlāpakarṣamānāpyaṃ caranti ||  ||,དྲུག་སྡེའི་དགེ་སློང་སྤོ་བ་དང་མགུ་བར་བྱ་བ་སྤྱོད་པ་རྣམས་ཀྱིས་དགེ་སློང་སྤོས་པ་རྣམས་ཀྱི་དྲུང་དུ་སྤོ་བ ༼H༢༧༡ཨ༧༽ སྤྱོད་པའི་སྐབས་དེ་དགེ་སློང ༼༡༨༡ཨ༡༽ རྣམས་ཀྱིས་བཅོམ་ལྡན་འདས་ལ་གསོལ་བ་དང་། བཅོམ་ལྡན་འདས་ཀྱིས་བཀའ་སྩལ་པ་། དགེ་སློང་གིས་སྤོས་པ་བཞིའི་དྲུང་དུ་སྤོ་བ་སྤྱད་པར་མི་བྱ་སྟེ་། སྤོས ༼H༢༧༡བ༡༽ པ་གསུམ་དང་རང་བཞིན་དུ་གནས་པ་གཅིག་ལ་མ་ཡིན་། སྤོས་པ་གཉིས་དང་རང་བཞིན་དུ་གནས་པ་གཉིས་ལམ ༼༢༽ ཡིན་། སྤོས་པ་གཅིག་དང་རང་བཞིན་དུ་གནས་པ་གསུམ་ལ་མ་ཡིན་ཏེ་། འོན་ཀྱང ༼H༢༧༡བ༢༽ ཐམས་ཅད་ཡོངས་སུ་དག་པ་ལྟ་བ་མཚུངས་པ་རྣམས་ཀྱི་དྲུང་དུ་སྤོ་བ་སྤྱད་པར་བྱའོ་༎ སྤོས་པ་རྣམས་ལ་ཇི་ལྟ་བ་བཞིན་དུ་སྤོ་བ་སྤྱད་པ་དང་། མགུ་བར་བྱ་བ་སྤྱོད་པ་དང་། མགུ་བར་བྱ་བ་སྤྱད་པ་དང་། ༼H༢༧༡བ༣༽ བསླབ་པ་བྱིན་པ ༼༣༽ རྣམས་ལ་ཡང་དེ་བཞིན་ནོ་༎ སྤོ་བ་ཇི་ལྟ་བ་བཞིན་དུ་གཞི་ནས་སྤོ་བ་དང་། གཞི་ནས་བསླང་སྟེ་སྤོ་བ་དང་། མགུ་བར་བྱ་བ་དང་། གཞི་ནས་མགུ་བར་བྱ་བ་དང་། གཞི་ནས་བསླང་སྟེ ༼H༢༧༡བ༤༽ མགུ་བར་བྱ་བ་ཡང་དེ་བཞིན་ནོ་༎,"The case which occurs by a pārivāsika is equally applied to the case of paryuṣitaparivāsa, mānāpyacārika, cāritamānāpya, as well as śikṣādattaka.  Ṣaḍvargika-bhikṣus, being pārivāsikas and mānāpyacārikas practice parivāsa in the presence of the monks who are pārivāsikas. The monks inform the blessed one on that matter.  The blessed one said;  “a monk shall not undergo parivāsa within the presence of four pārivāsikas:  or three pārivāsikas and one normal:  or two pārivāsikas and two normals:  or one pārivāsika and three normals;  but parivāsa is to be inflicted on an offender in the presence of all the pure monks who agree (or has the same view).  In the same way as of pārivāsika, this equally applies to paryuṣitapārivāsika, mānāpyacārika, cāritamānāpya, as well as the śikṣādattaka."
38d3eda97b964f28b044ae8203c8b5b6,§22 ṣaḍvargikā bhikṣavaḥ pārivāsikamānāpyacā(9)rikāḥ santaḥ śūnyavihāraṃ gatvā parivāsaṃ caranti | te bhikṣubhir dṛṣṭā uktāś ca |  āyuṣmantaḥ kim eṣa vihāro yuṣmābhir āvāsitaḥ |  te kathayanti |  nāyam asmābhir āvāsitaḥ | kiṃ tu parivāsaṃ carāma iti ||  te kathayanti |  yūyaṃ parivāsaṃ caratha | ki‹ṃ› tarhi pracchādante |  tair a(10)bhyāhatāḥ tūṣṇīm avasthitāḥ | etat prakaraṇaṃ bhikṣavo bhagavata ārocayanti |  bhagavān āha ||  na bhikṣavaḥ śunyāgāre parivāsaś caritavyo nāpi yatraiko bhikṣur dvau trayo vā |  api tu yatra catvāro bhikṣavaḥ pariśuddhāḥ samānadṛṣṭayaḥ prativasanti tatra parivāsaś cari(311b1)tavyaḥ |  yathā parivāsa evaṃ mūlaparivāsaḥ mūlāpakarṣo mānāpyaṃ mūlamānāpyaṃ mūlāpakarṣamānāpyaṃ ca ||  ||,དྲུག་སྡེའི་དགེ་སློང་སྤོ་བ་དང་མགུ་བར་བྱ་བ་ཡང་སྤྱོད་པ་རྣམས་གཙུག ༼༤༽ ལག་ཁང་སྟོང་པ་ཞིག་ཏུ་དོང་ནས་སྤོ་བ་སྤྱོད་པ་དེ་རྣམས་དགེ་སློང་དག་གིས་མཐོང་ནས་སྨྲས་པ་།  ༼H༢༧༡བ༥༽ ཚེ་དང་ལྡན་པ་དག་གཙུག་ལག་ཁང་འདིར་ཅི་ཁྱེད་ཅག་གནས་སམ་། དེ་རྣམས་ཀྱིས་སྨྲས་པ་། འདིར་བདག་ཅག་མི་གནས་ཏེ་འོན་ཀྱང་སྦོ་བ་སྤྱོད་དོ་༎ དེ་རྣམས་ཀྱིས་སྨྲས་པ་། ཁྱེད་ཅག ༼༥༽ ནི་སྤོ་བ ༼H༢༧༡བ༦༽ སྤྱོད་པ་མ་ཡིན་ཏེ་འོན་ཀྱང་འཆབ་པ་ཡིན་ནོ་༎ དེ་རྣམས་ཀྱིས་གནད་ལ་ཕབ་པས་ཅང་མི་སྨྲ་བར་འདུག་པའི་སྐབས་དེ་དགེ་སློང་རྣམས་ཀྱིས་བཅོམ་ལྡན་འདས་ལ་གསོལ་བ་དང་། བཅོམ་ལྡན ༼H༢༧༡བ༧༽ འདས་ཀྱིས་བཀའ་སྩལ་པ་། དགེ་སློང་དག་ཁང་སྟོང་དུ་སྤོ་བ་སྤྱོད་པར་མི་བྱ་སྟེ་། གང ༼༦༽ ན་དགེ་སློང་གཅིག་གམ་། གཉིས་སམ་། གསུམ་ཡོད་པར་ཡང་མ་ཡིན་ཏེ་། འོན་ཀྱང་གང་ན་ཡོངས་སུ་དག ༼H༢༧༢ཨ༡༽ པ་ལྟ་བ་མཚུངས་པའི་དགེ་སློང་བཞི་གནས་པ་དེར་སྤོ་བ་སྤྱད་པར་བྱའོ་༎ སྤོ་བ་ཇི་ལྟ་བ་བཞིན་དུ་གཞི་ནས་སྤོ་བ་དང་། གཞི་ནས་བསླབ་པ་དང་། མགུ་བར་བྱ་བ་དང་། ༼༧༽ གཞི ༼H༢༧༢ཨ༢༽ ནས་མགུ་བར་བྱ་བ་དང་། གཞི་ནས་བསླང་སྟེ་མགུ་བར་བྱ་བ་ཡང་དེ་བཞིན་ནོ་༎,"In the same way as parivāsa, this equally applies to the mūlaparivāsa, mūlāpakarṣa, mānāpya, mūlamānāpya, as well as the mūlāpakarṣamānāpya.  Ṣaḍvargika-bhikṣus, while being pārivāsikas and mānāpyacārikas, having gone to a deserted monastery, they undergo parivāsa. The monks had seen and told them,  “venerable sirs why have you dwelled in this monastery?”  They answer,  “we do not dwell in this monastery, but we are undergoing parivāsa.”  The monks say:  “you are undergoing parivāsa, but then why do they namely “you” keep it a secret?”  The Ṣaḍvargika-bhikṣus had rebuked those monks so that they became silent. The monks inform the blessed one on that matter.  The blessed one said;  “monks shall not undergo parivāsa in the deserted place, also any place where there is one monk or two or three monks;  but they shall undergo parivāsa where the four pure monks who agree (or have the same view) dwell."
6ed2ff963f804c089676fb8d8c1bc256,§23 athāyuṣmān upālī buddhaṃ bhagavantaṃ pṛcchati •  yathāpi tad bhadanta pārivāsikamānāpyacārikā‹iḥ śrutaṃ› bhikṣavaḥ āgacchanti kalahakārakā bhaṇḍanakāra(2)kā vigrahakārakā vivādakārakā ādhikaraṇikā‹ḥ› • te ’smāṃś codayiṣyanti alajjitena vā vaitarikeṇa veti |  tais teṣāṃ kathaṃ pratipattavyam iti |  bhagavān āha | pārivāsikamānāpyacārikair upāliṃ bhikṣubhiḥ kalahakārakā bhikṣavāgacchanti śrutvā sa parivāso bhikṣoḥ (3) purastāt pratinisraṣṭavyaḥ |,སངས་རྒྱས་བཅོམ་ལྡན་འདས་ལ་ཚེ་དང་ལྡན་པ་ཉེ་བ་འཁོར་གྱིས་ཞུས་པ་། བཙུན་པ་འདི་ལྟར་དགེ་སློང་སྤོ ༼H༢༧༢ཨ༣༽ བ་དང་། མགུ་བར་བགྱི་བ་སྤྱོད་པ་རྣམས་ཀྱིས་དགེ་སློང་འཐབ་ཀྲོལ་བགྱིད་པ་། མཚང་འདྲུ ༼༡༨༡བ༡༽ བར་བགྱིད་པ་། རྩོད་པར་བགྱིད་པ་། འགྱེད་པར་བགྱིད་པ་། རྩོད་པའི་གཞི་བགྱིད་པ་རྣམས་མཆི ༼H༢༧༢ཨ༤༽ ཞིང་དེ་རྣམས་ངོ་ཚ་མ་མཆིས་པས་། མཐོ་བཙམ་པའི་སླད་དུ་བདག་ཅག་ལ་གླེང་བར་བགྱིད་། དྲན་པར་བགྱིད་དོ་ཞེས་ཐོས་ན་དེ་རྣམས་ཀྱིས་དེ་དག་ལ་ཇི་ལྟར་བསྒྲུབ་པར་བགྱི་། བཅོམ ༼༢༽ ལྡན ༼H༢༧༢ཨ༥༽ འདས་ཀྱིས་བཀའ་སྩལ་པ་། ཉེ་བ་འཁོར་དགེ་སློང་སྤོ་བ་དང་མགུ་བར་བྱ་བ་སྤྱོད་པ་རྣམས་ཀྱིས་འཐབ་ཀྲོལ་བྱེད་པའི་དགེ་སློང་རྣམས་འོང་བ་ཐོས་ན་དགེ་སློང་གི་དགེ་མདུན་དུ་སྤོ་བ་ཕྱིར ༼H༢༧༢ཨ༦༽ དབུལ་བར་བྱའོ་༎,"In the same way as parivāsa, this equally applies to mūlaparivāsa, mūlāpakarṣa, mānāpya, mūlamānāpya, as well as mūlāpakarṣamānāpya.  At that time, venerable Upālin asks Buddha, the blessed one.  Bhadanta, what if pārivāsika and mānāpyacārika heard that monks, who are makers of quarrels, makers of strife, makers of contention, makers of dispute, posing as authorities on the saṃgha would come and shamelessly and scornfully accuse us.  What shall we do?"
143d5ab66c364ee3afb544c487a54347,§24 evaṃ ca punaḥ pratiniḥsraṣṭavyaḥ |  samīcīṃ kṛtvā utkuṭukena sthitvā añjaliṃ pragṛhya idaṃ syād vacanīyam* |  samanvāharāyuṣmaṃn aham evaṃnāmā evaṃrūpāṃ caivaṃrūpāṃ ca saṃghāvaśeṣām āpattim āpanna‹ḥ› iyaccirakālapraticchannāṃ |  tasya mama saṃghena iyantaṃ kā(4)laṃ parivāso dattaḥ |  tena mayā pārivāsikena satā śrutaṃ bhikṣava āgacchanti kalahakārakā bhaṇḍanakārakā vigrahakārakā vivādakārakā ādhikaraṇikās te māṃ codayiṣyanti smārayiṣyanti alajjitena vā vaitarikeṇa vā |  so ’ham evaṃnāmā pārivāsiko bhikṣus taṃ parivāsam ā(5)yuṣmataḥ purastāt pratiniḥsṛjāmi |,དབུལ་བ་ནི་འདི་ལྟར་བྱ་སྟེ་། འདུད་པ་བྱས་ལ་ཙོག་ཙོག་པོར་འདུག་སྟེ ༼༣༽ ཐལ་མོ་སྦྱར་བ་བཏུད་མ་ལ་ཚིག་འདི་སྐད་ཅེས་། ཚེ་དང་ལྡན་པ་དགོངས་སུ་གསོལ་། བདག་མིང་འདི ༼H༢༧༢ཨ༧༽ ཞེས་བགྱི་བ་ལ་དགེ་འདུན་ལྷག་མའི་ལྟུང་བ་འདི་ལྟ་བུ་དང་འདི་ལྟ་བུ་བྱུང་བ་དུས་འདི་སྲིད་ཅིག་བཅབས་པ་དང བདག་ལ་དགེ་འདུན་གྱིས་དུས་འདི་ཙམ་གྱི་སྤོ་བ་སྩལ་ཏེ བདག་སྤོ ༼H༢༧༢བ༡༽ བ་བགྱིད་པ ༼༤༽ ལས་དགེ་སློང་འཐབ་ཀྲོལ་བགྱིད་པ་། མཚང་འདྲུ་བར་བགྱིད་པ་། རྩོད་པར་བགྱིད་པ་། འགྱེད་པར་བགྱིད་པ་། རྩོད་པའི་གཞི་བགྱིད་པ་དེ་དག་མཆི་ཞིང་དེ་རྣམས་ངོ་ཚ་མེད་པས་མཐོ ༼H༢༧༢བ༢༽ བཙམ་པའི་ཕྱིར་བདག་ལ་གླེང་བར་བགྱིད་། དྲན་པར་བགྱིད་དོ་ཞེས་ཐོས་ན་། སྤོས་པའི་དགེ་སློང ༼༥༽ བདག་མིང་འདི་ཞེས་བགྱི་བའི་སྤོ་བ་དེ་ཚེ་དང་ལྡན་པའི་མདུན་དུ་ཕྱིར་དབུལ་བར་བགྱིའོ་༎,"The blessed one said; “Upālin! Having heard that the monks who are makers of quarrels will come, pārivāsika and mānāpyacārika shall retain a pārivāsa in front of the normal monk.  One shall retain pārivāsa in this manner:  after having paid homage, he stood in squatting posture; then made the hand gesture (añjali), this announcement should be uttered:  “Venerable sir!, may I have your attention: I N.N bhikṣu committed such and such saṃghāvaśeṣa offence, and concealed for some length.  The saṃgha granted that person, namely me, a parivāsa for such length.  I, that very person, hear it while being a pārivāsika that the monks who are makers of quarrels, makers of strife, makers of contention, makers of dispute, posing as authorities on the saṃgha will come and shamelessly and scornfully accuse and remind me."
9c5fae5930b04a06a6edf9dfc51f93e7,§25 iyatkālaṃ me caritam iyatkālaṃ tu caritavyam* |  prakṛtisthakaṃ māmāyuṣman dhārayatv iti |  tataḥ punar api gatavegair hatavegair gatapratyarthikais tathaiva prakṛtisthakasya bhikṣoḥ purastāt parivāsaḥ samādātavya‹ḥ› | evam ca punaḥ samā(6)dātavyaḥ |,དུས ༼H༢༧༢བ༣༽ འདི་ཙམ་ནི་བདག་གིས་སྤྱད་ལགས་སོ་༎ དུས་འདི་ཙམ་ནི་བདག་གིས་སྤྱད་པར་བགྱི་སྟེ་། ཚེ་དང་ལྡན་པས་བདག་རང་བཞིན་དུ་གནས་པར་གཟུང་དུ་གསོལ་། དེ་ནས་ཡང་ཕས་ཀྱི་རྒོལ་བ་སོང་ཞིང ༼༦༽ འཇིགས ༼H༢༧༢བ༤༽ པ་དང་བག་ཚ་བ་མེད་ནས་དེ་བཞིན་དུ་རང་བཞིན་དུ་གནས་པའི་དགེ་སློང་གི་མདུན་དུ་དེས་སྤོ་བ་བླང་བར་བྱའོ་༎,"I, that very person, who is a pārivāsika, N.N. bhikṣu retain the parivāsa in front of venerable sirs.  For how long I underwent, that long I shall still undergo the rest of it;  venerable sir!, may the saṃgha reintegrated me to the state of normality.”"
a5b55bc70482458aabb417c847bfa609,§26 samīcī‹ṃ› kṛtvā utkuṭukena sthitvā aṃjaliṃ pragṛhya idaṃ syād vacanīyam* |  samanvāharāyuṣmaṃ aham evaṃnāmā bhikṣuḥ evaṃrūpāṃ caivaṃrūpāṃ ca saṃghāvaśeṣām āpattim āpanna iyaccirakālapraticchannāṃ |  tasya mama saṃghena iyantaṃ kālaṃ parivāso dattaḥ |  tena ma(7)yā pārivāsikena śrutaṃ bhikṣava‹ḥ› āgacchanti kalahakārakā bhaṇḍanakārakā  vigrahakārakā vivādakārakā ādhikaraṇikās te māṃ codayiṣyanti smārayiṣyanti alajjitena ‹vā› vaitarikeṇeti | tan mayā pārivāsikavṛttaṃ bhikṣoḥ purastāt pratinissṛṣṭaṃ |  so ’ham evaṃnāmā bhi(8)kṣu‹s› taṃ parivāsam āyuṣmataḥ purastāt samādade |  iyatkālaṃ me caritam iyatkālaṃ me kartavyaṃ |  pārivāsikaṃ māmāyuṣman dhārayatu ||  yathā pārivāsi 19 evaṃ mūlapārivāsa 20 mūlāpakarṣa‹ḥ› mānāpyaṃ ‹mūlamānāpyaṃ› mūlāpakarṣamānāpyaṃ ca ||  ||,བླང་བ་ནི་འདི་ལྟར་བྱ་སྟེ་། འདུད་པ་བྱས་ལ་ཙོག་ཙོག་པོར་འདུག་སྟེ་ཐལ་མོ་སྦྱར་བ་བཏུད ༼H༢༧༢བ༥༽ ནས་ཚིག་འདི་སྐད་ཅེས་། ཚེ་དང་ལྡན་པ་དགོངས་སུ་གསོལ་། བདག་དགེ་སློང་མིང ༼༧༽ འདི་ཞེས་བགྱི་བ་ལ་དགེ་འདུན་ལྷག་མའི་ལྟུང་བ་འདི་ལྟ་བུ་དང་། འདི་ལྟ་བུ་བྱུང་བ་ལ་དུས་འདི་སྲིད་ཅིག་ཏུ་བཅབས ༼H༢༧༢བ༦༽ པ་དང བདག་ལ་དགེ་འདུན་གྱིས་དུས་འདི་ཙམ་གྱི་སྤོ་བ་སྩལ་ཏེ་། བདག་སྤོ་བ་བགྱིད་པ་ལས་དགེ་སློང་འཐབ་ཀྲོལ་བགྱིད་པ་། མཚང་འདྲུ་བར་བགྱིད་པ་། རྩོད་པར་བགྱིད་པ་། ༼༡༨༢ཨ༡༽ འགྱེད་པར་བགྱིད ༼H༢༧༢བ༧༽ པ་། རྩོད་པའི་གཞི་བགྱིད་པ་དག་མཆི་ཞིང་དེ་རྣམས་ངོ་ཚ་བ་མེད་པས་། མཐོ་བཙམ་པའི་ཕྱིར་བདག་ལ་གླེང་བར་བགྱིད་། དྲན་པར་བགྱིད་དོ་ཞེས་ཐོས་ནས བདག་གི་སྤོ་བ་སྤྱད་པ་དེ་དགེ་སློང་གི ༼H༢༧༣ཨ༡༽ མདུན་དུ་ཕྱིར་ཕུལ་བ་བདག་དགེ་སློང་མིང་འདི་ཞེས་བགྱི་བའི ༼༢༽ སྤོ་བ་དེ་ཚེ་དང་ལྡན་པའི་མདུན་དུ་བླང་བར་བགྱི་སྟེ་། དུས་འདི་ཙམ་ནི་བདག་གིས་སྤྱད་ལགས་སོ་༎ ༼H༢༧༣ཨ༢༽ དུས་འདི་ཙམ་ནི་བདག་གིས་སྤྱད་པར་བགྱི་ལགས་ཀྱི་། ཚེ་དང་ལྡན་པས་བདག་ལ་སྤོ་བ་ལགས་པར་གཟུང་དུ་གསོལ་། སྤོ་བ་ཇི་ལྟ་བ་བཞིན་དུ་གཞི་ནས་སྤོ་བ་དང་། གཞི་ནས་བསླང་སྟེ ༼༣༽ སྤོ་བ་དང་། ༼H༢༧༣ཨ༣༽ མགུ་བར་བྱ་བ་དང་། གཞི་ནས་མགུ་བར་བྱ་བ་དང་། གཞི་ནས་བསླང་སྟེ་མགུ་བར་བྱ་བ་ཡང་དེ་བཞིན་ནོ་༎,"Then the parivāsa is to be resumed by those monks who are free of enmity, whose agitation is gone, whose agitation is vanquished; and accordingly, he shall resume parivāsa in front of a normal monk. One shall resume parivāsa in this manner:  After having paid homage, he stood in squatting posture; then made the hand gesture (añjali), this announcement should be uttered:  “Venerable sir!, may I have your attention: I N.N bhikṣu committed such and such saṃghāvaśeṣa offence, and concealed for some length.  The saṃgha granted that person, namely me, a parivāsa for such length.  I, that very person, hear it while being the pārivāsika that the monks who are makers of quarrels, makers of strife, makers of contention, makers of dispute, posing as authorities on the saṃgha will come and shamelessly and scornfully accuse and remind me. By me, the conduct of being a pārivāsika is resumed in front of a normal monk.  I, that very person, N.N. bhikṣu resume the parivāsa in front of venerable sirs.  For how long I underwent, that long I shall still undergo the rest of it; venerable sir!, may the saṃgha support my status of being a pārivāsika.”"
798e85b4878448898862e052130e0cc1,pārivāsikavastu‹s› samāptaḥ ||,སྤོ་བའི་གཞི་རྫོགས་སོ་༎ ༎,"In the same way as parivāsa, this equally applies to mūlaparivāsa, mūlāpakarṣa, mānāpya as well as, mūlāpakarṣamānāpyaṃ."
