id,P001166,P001167,P001168
19fa775e6c5f4c48b0c7c2bd639854af,,Title,Vཨོལུམེ་ཏ༼༡ཨ༡༽
81a44de6204b4234ae80a28fd6d751b3,"ikṣuṇīprātimokṣa 
",..,༎ རྒྱ་གར་སྐད་དུ་། བྷིཀṣཨུ་ངī་པྲ་ཏི་མོཀṣཨ་སū་ཏྲ་། བོད་སྐད་དུ་། དགེ་སློང་མའི་སོ་སོར་ཐར་པའི་མདོ་། བམ་པོ་དང་པོ་། ཐམས་ཅད་མཁྱེན་པ་ལ་ཕྱག་འཚལ་ལོ་། ༼༢༽  །
7d7accb3117145dbaf91c2235a62bb81,"troduction 
",..,སངས་རྒྱས་འགྲོ་མགོན་གཅིག་དང་དམ་ཆོས་དང་༎ འཕགས་ཚོགས་དཀོན་མཆོག་རྣམས་ལ་ཕྱག་འཚལ་ཏེ་༎བདག་གིས་སྡུག་བསྔལ་རྣམ་པར་ཐར་པའི་རྒྱུ་༎ སོ་སོར ༼༣༽ ཐར་པ་བཤད་ཀྱིས་འབད་པས་ཉོན་༎སྙན་པའི་བ་དན་འཇིག་རྟེན་གསུམ་དུ་གྲགས་༎ དམ་པའི་ཆོས་སྒྲ་སེང་གེའི་སྒྲ་བསྒྲགས་པ་༎ཐམས་ཅད་མཁྱེན་པ་དཀོན་མཆོག་མཛོད་བརྙེས་པ་༎ ཞབས་ལ་ཚངས་དབང་གཙུག་གི་ནོར་བུས་གཏུགས་༎སྡུག་བསྔལ་རྒྱ་མཚོ་གཏིང་མཐའ་མེད་རྒལ་བ་༎ འགྲོ་བའི་གཙོ་ལ་སྤྱི་བོས་ཕྱག་འཚལ་ཏེ་༎ཐམས་ཅད་མཁྱེན་པའི ༼༤༽ བསླབ་གཞི་དཀོན་མཆོག་སྣོད་༎ འཕགས་པའི་ཚོགས་ཀྱི་དབུས་སུ་དབྱེ་བར་བྱ་༎སངས་རྒྱས་འདུལ་བ་གང་ཆེན་མཚོ་༎ གཏིང་མཐའ་མེད་པ་ཐམས་ཅད་ཀྱི་༎གནས་པའི་སྙིང ༼༥་དང་སྙིང་པོ་ནི་༎ སོ་སོར་ཐར་པ་འདི་ཡིན་ནོ་༎འདི་ནི་དམ་ཆོས་རྒྱལ་པོ་ཡི་༎ ཆོས་ཀུན་གྱི་ནི་འདྲེན་པ་མཆོག་༎འདི་ནི་དགེ་སློང་ཚོང་ཚོགས་ཀྱི་༎ བསླབ་ཟོང་ཚོང་ཁང་ཆེན་པོ་ཡིན་༎ཚུལ་ཁྲིམས་འཚལ་པས་ཟིན་རྣམས་ཀྱི་། ༼༢ཨ༡༽ སྙིང་པོ་ནི་༎ སོ་སོར་ཐར་པ་འདི་ཡིན་ནོ་༎འདི་ནི་དམ་ཆོས་རྒྱལ་པོ་ཡི་༎ ཆོས་ཀུན་གྱི་ནི་འདྲེན་པ་མཆོག་༎འདི་ནི་དགེ་སློང་ཚོག་ཚོགས་ཀྱི་༎ བསླབ་ཟོང་ཚོང་ཁང་ཁང་ཆེན་པོ་ཡིན་༎ཚུལ་ཁྲིམས་འཚལ་པས་ཟིན་རྣམས་ཀྱི་༎ ༼༢༽ ། གདུག་པ་རྣམ་སེལ་སྨན་འདི་ཡིན་༎འདི་ནི་ལང་ཚོ་རྣམ་སེལ་སྨན་འདི་ཡིན་༎ འདི་ནི་ལང་ཚོ་རྣམ་འཕྲུལ་བའི་༎རྐང་གཉིས་གཞོན་ནུའི་ལྕགས་ཀྱུ་ཡིན་༎ མཚོ་བས་ཟབ་པའི་འཁོར་བ་ལས་༎སྒྲོལ་བའི་རྒལ་ཐབས་འདི་ཡིན་ཏེ་༎འདི་ནི་བཟང་འགྲོར་འགྲོ་བ་ཡི་༎ ངེས་པའི་ཆུ་ལོན་ཟ་མ་པ ༼༣༽ ཡིན་༎འདི་ནི་ཉོན་མོངས་ཕམ་བྱེད་ལམ་༎ རྒྱལ་པོ་ཡི་ནི་འདྲེན་པ་མཆོག་༎འདི་ཅི་ཐར་པའི་གྲོང་འཇུག་པའི་༎ ཐེམ་སྐས་གཞི་དང་འདྲ་བར་གནས་༎ང་ནི་མྱ་ངན་འདས་གྱུར་ནས་༎ འདི་ནི་ཁྱེད་ཀྱི་སྟོན་པའོ་ཞེས་༎ཨང་བྱུང་ཉིད་ཀྱིས་གུས་བཅས ༼༤༽ པར་༎ ནན་ཏན་དགེ་སློང་ཚོགས་མདུན་བསྟོད་༎སངས་རྒྱས་ཞེས་བྱའི་སྒྲ་འདི་ཡང་༎ འཇིག་རྟེན་དག་ན་རབ་ཏུ་དཀོན་༎མི་ཉིད་རྙེད་པ་ཤིན་ཏུ་དཀོན་༎ རབ་ཏུ་འབྱུང་བ་ཤིན་ཏུ་དཀོན་༎དེ་བཞིན་རབ་ཏུ་བྱུང་རྣམས་ཀྱི་༎ ཚུལ་ཁྲིམས་ཕུན ༼༥༽ སུམ་ཚོགས་རབ་དཀོན་༎ཚུལ་ཁྲིམས་ཡོངས་སུ་དག་གྱུར་ཀྱང་༎ གྲོགས་བཟང་ཤིན་ཏུ་རྙེད་པར་དཀའ་༎འཇིག་རྟེན་སངས་རྒྱས་འབྱུང་བ་དང་༎ མི་དག་རབ་ཏུ་འབྱུང་བ་དང་༎ཚུལ་ཁྲིམས་ཕུན་སུམ་ཚོགས་པ་དང་༎ གྲོགས་བཟང་རྙེད་དཀའ ༼༦༽ རྙེད་གྱུར་ནས་༎མཁས་པ་བདག་ལ་ལེགས་འདོད་ཅིང་༎ དེ་དག་འབྲས་བཅས་བྱེད་འདོད་པས་༎སྡོམ་བརྩོན་རྣམས་ཀྱིས་སོ་སོར་ཐར་༎ མཉན་པའི་ཕྱིར་ནི་འབད་པར་བྱ་༎དགེ་སློང་དབང་དུལ་ཀུན་དབང་པོམ་༎ སངས་རྒྱས་མི་འགྱུར་རབ་བྱུང་བ་༎༼༢བ༡༽ ངེས་པར་ཐར་པ་འདོད་རྣམས་ཀྱི་༎ སོ་སོར་ཐར་པ་རྟག་ཏུ་སྲུངས་༎བསྐལ་པ་བྱེ་བ་རྣམས་སུ་ཡང་༎ སོ་སོར་ཐར་པ་ཐོས་པ་དང་༎གཟུང་དང་འཛིན་པ་རྙེད་དཀའ་ཞིང་༎ སྒྲུབ་པའང་ཤིན་ཏུ་རྙེད་པར་དཀའ༼་༎སངས་རྒྱས་རྣམས་ནི་འབྱུང་བ་བདེ་༎ ཆོས་བསྟན༼༢༽ པ་ཡང་བདེ་བ་ཡིན་༎དགེ་འདུན་མཐུན་པ་བདེ་བ་སྟེ་༎ མཐུན་པ་རྣམས་ཀྱི་དཀའ་ཐུབ་བདེ་༎འཕགས་པ་རྣམས་ནི་མཐོང་བ་བདེ་༎ དམ་པ་དག་དག་འགྲོགས་པ་བདེ་༎བྱིས་པ་རྣམས་ནི་མ་མཐོང་ན་༎ རྟག་ཏུ་བདེ་བ་ཉིད་དུ་འགྱུར་༎ཚུལ་ཁྲིམས་ལྡན་པ ༼༣༽ མཐོང་བ་བདེ་༎ མང་དུ་ཏོས་པ་མཐོག་བ་བདེ་༎ཡང་སྲིད་རྣམ་པར་གྲོལ་བ་ཡི་༎ དགྲ་བཅོམ་པ་དག་མཐོང་བ་བདེ་༎འཇུག་དོགས་བདེ་བའི་ཆུ་ཀླུང་བདེ་༎ ཆོས་ལ་གོམས་པའི་སྐྱེ་བོ་བདེ་༎ཤེས་རབ་ཐོབ་པར་གྱུར་པ་བདེ་༎ ང་འོ་ང་རྒྱལ་ཟད་པ་བདེ་༎ངེས ༼༤༽ པར་བྱས་ཤིང་དབང་པོ་ཐུལ་བ་དག་༎ དགོན་པ་ཞི་བ་རྣམས་སུ་རྒས་གྱུར་དང་༎མང་དུ་ཐོས་པ་ནགས་ཀྱི་ནག་དག་ཏུ་༎ ལང་ཚོ་ཡོལ་བ་རྣམས་ཀྱི་གནས་པ་བདེ་༎
8abab456e8a44dc798cbf26f454c63b3," .  .  . 
",..  ..  ..  ..,འཕགས་མ་དག་སོ་ག་རྣམས་ཀྱི་འདས་པ་དང་༎ ལྷག་མ་ཇི་ཙམ་པ་དེ་ཙམ་མོ་༎ འཕགས་མ་དག ༼༥༽ རྒ་བ་དང་འཆི་བ་མངོན་པར་འོང་ཞིང་སྟོན་པའི་བསྟན་པ་པ་ཡང་འཇིག་པར་འགྱུར་། ཆོས་ཀྱི་རི་རབ་ཀྱང་འཇིག་བར་འགྱུར་། ཆོས་ཀྱི་ཤིང་ལྗོན་པའང་འཆག་པར་འགྱུར་། ཆོས་ཀྱི་འཁོར་ལོ་ཡང་ཉམས་པར་འགྱུར་། ཆོས་ཀྱི་སྒྲོན་མའང་འཆི་བར་འགྱུར་། ཆོས་ཀྱི་རྒྱ་མཚོ་ཡང་སྐམས ༼༦༽ པར་འགྱུར་ལ་། མ་རིག་པའི་མུན་ནག་ནི་མཐུ་ཆེ་བར་འགྱུར་། སྒྲུབ་པར་བྱེད་པ་ནི་ཡོངས་སུ་ཉམས་པར་འགྱུར་ཏེ་། སྒྲུབ་པ་པོ་དག་མེད་ན་ཡུན་མི་རིང་བར་འཇིག་རྟེན་འདི་ན་སྣང་བ་མེད་པར་འགྱུར་བས་དེའི་ཕྱིར་འཕགས་མ་དག་བག་ཡོད་པས་རྣལ་འབྱོར་དུ་བྱའོ་༎ དེ་བཞིན ༼༧༽ གཤེགས་པ་དགྲ་བཅོམ་པ་ཡང་དག་པར་རྫོགས་པའི་སངས་རྒྱས་རྣམས་ཀྱི་བྱང་ཆུབ་དང་། གཞན་ཡང་གང་དག་དེ་ལྟ་བུ་དང་མཐུན་པ་དགེ་བའི་ཆོས་བྱང་ཆུབ་ཀྱི་ཕྱོགས་ཀྱི་ཆོས་རྣམས་ཀྱང་བག་ཡོད་བས་འཐོབ་བོ་༎ བཅོམ་ལྡན་འདས་ཀྱི་ཉན་ཐོས་ཀྱི་དགེ་འདུན་ནི་དོན་ཉུང་བ་བྱ་བ ༼༣ཨ༡༽ ཉུང་བ་ཡིན་པས་དགེ་འདུན་ཐོག་མར་བྱ་བ་ཅི་ཡོད་། འཕགས་མ་དོག་མ་ལྷགས་པ་རྣམས་ལ་འདུན་པ་དང་ཡོངས་སུ་དག་པ་དྲིས་ཤིག་། དྲིས་ནས་ཀྱང་བརྗོད་པར་བྱའོ་༎
feb101a23b7547e9bf2ebcc3b36afdff,"
",..,ཤཱཀྱ་སེང་གེ་དེ་ལ་ནི་༎སོར་མོ་བཅུ་ཡིས་ཐལ་སྦྱར་ནས་༎སོ་སོར་ཐར་བ་གདོ་ན ༼༢༽ བར་བྱ་༎ གདུལ་བའི་དོན་དུ་ང་ལས་ཉོན་༎ཐོས་ནས་དྲང་སྲོང་ཆེན་པོ་ཡིས་༎ ཇི་སྐད་གསུངས་བཞིན་བསྒྲུབ་བྱ་ཞིང་༎ཁ་ན་མ་ཐོ་ཕྲོ་རྣམས་ལ་༎ བརྟུན་ཅིང་བྱེད་བ་ཉིད་དུ་གྱིས་༎རྟག་ཏུ་འབད་པས་འདའ་བ་ཡི་༎ སེམས་རྟ་ཁ་བླན་དཀའ་བ་ལ་༎མཐུན་པ ༼༣༽ གཟེར་རྣོན་བརྒྱ་པ་ཡི་༎ སྲབ་འདི་སོ་སོར་ཐར་འདི་ཡིན་༎ཆེ་བ་གང་དག་ངག་ཙམ་གྱིས་༎ ལྡོག་ཅིང་མཚམས་ལས་མི་འདའ་བ་༎དེ་དག་མི་རྟ་བཟང་པོ་སྟེ་༎ ཉོན་མོངས་གཡུལ་ལས་དེས་རྒྱལ་འགྱུར་༎སུ་ལ་སྲབ་འདི་མེད་པ་དང་༎ ནམ་དུའང་འདོད་པར་མི་འགྱུར ༼༤༽ བ་༎དེ་དག་ཉོན་མོངས་གཡུལ་གྱིས་དཀྲུགས་༎ འཇོག་བྲལ་རྣམ་པར་འཁྱིམ་པར་འགྱུར་༎
ab13c38681924f48b3dc52ebf9e91bf2," .  .  .  .  .  . 
",..  ..  ..  ..  ..  ..  ..,དགེ་འདུན་འཕགས་མ་རྣམས་གསན་དུ་གསོལ་། དེང་དགེ་འདུན་གི་གསོ་སྦྱོང་བཅུ་བཞི་པའམ་བཅྭ་ལྔ་པ་ལགས་ཏེ་། གལ་ཏེ་དགེ་འདུན་གྱི་དུས་ལ་ཕབ་ཅིང་བཟོད་ན་དགེ ༼༥༽ འདུན་གྱིས་གནང་བར་མཛོད་ཅིག་དང་། དེང་དགེ་འདུན་གསོ་སྦྱོང་མཛད་དེ་སོ་སོར་ཐར་པའི་མདོ་གདོན་པ་གདོན་ཏོ་༎ འདི་ནི་གསོལ་བའོ་༎ འཕགས་མ་དག་བདག་ཅག་གསོ་སྦྱོང་བྱ་སྟེ་། བདག་གིས་སོ་སོར་ཐར་པའི་མདོ་གདོན་བ་གདོན་གྱིས་ལེགས་པར་ཉོན་ལ་རབ ༼༦༽ ཏུ་ཡིད་ལ་གྱིས་ཤིག་དང་བདག་གིས་ཁྱེད་ལ་བཤད་དོ་༎ ཁྱེད་ཅག་སུ་ལ་ལྟུང་བ་ཡོད་པ་དེ་མཐོལ་ཅིག་། ལྟུང་བ་མེད་ན་ཅང་མ་སྨྲ་ཤིག་། ཅང་མི་སྨྲ་ན་བདག་གིས་འཕགས་མ་དག་ཡོངས་སུ་དག་པར་རིག་པར་བྱའོ་༎ ཇི་ལྟར་སོ་སོར་དྲིས་ནས་དགེ་སློང་མས་ལན་བཏབ་པ་དེ ༼༧༽ བཞིན་དུ་དགེ་སློང་མའི་འཁོར་འདི་ལྟ་བུར་ཡང་ལན་གསུམ་གྱི་བར་དུ་བསྒྲགས་པར་བྱ་བ་ཡིན་ནོ་༎ ཡང་དགེ་སློང་མ་གང་དགེ་སློང་མའི་འཁོར་འདི་ལྟ་བུར་ལན་གསུམ་གྱི་བར་དུ་བསྒྲགས་པ་ན་ལྟུང་བ་ཡོད་ལ་དྲན་བཞིན་དུ་མི་མཐོལ་ན་དེ་ཤེས་བཞིན་དུ་བརྫུན་དུ་སྨྲ་བ་ཡིན་ནོ་། ༼༣བ༡༽ འཕགས་མ་དག་ཤེས་བཞིན་དུ་བརྫུན་དུ་སྨྲ་བ་ནི་བཅོམ་ལྡན་འདས་ཀྱིས་བར་དུ་གཅོད་པའི་ཆོས་སུ་གསུངས་སོ་༎ དེ་བས་ན་དགེ་སློང་མ་ལྟུང་བ་བྱུང་བ་རྣམ་པར་དག་པར་འདོད་པས་ལྟུང་བ་ཡོད་ལ་དྲན་བཞིན་དུ་མཐོང་བ་མཐོལ་བར་བྱའོ་༎ མཐོལ་ན་བདེ་བ་ལ་རེག་པར་གནས ༼༢༽ པར་འགྱུར་རོ་༎ མ་མཐོལ་མ་བཤགས་ན་མི་འགྱུར་རོ་༎
1ecbcc74e1ba424fba78863d694fc212,"rmula  .  . 
",..  ..  ..,འཕགས་མ་དག་བདག་གིས་སོ་སོར་ཐར་པའི་མདོ་གདོན་པའི་གླེང་གཞི་བཏོན་ཟིན་ཏོ་༎ དེ་ལ་བདག་གིས་འཕགས་མ་དག་ཅི་འདི་ལ་ཁྱེད་ཡོངས་སུ་དག་གམ་ཞེས་དྲིའོ་༎ ཅི་འདི་ལ་ཁྱེད་ཡོངས་སུ ༼༣༽ དག་གམ་ཞེས་ལན་གཉིས་ལན་གསུམ་དུ་དྲིའོ་༎ འདི་ལ་འཕགས་མ་དག་ཡོངས་སུ་དག་ན་འདི་ལྟར་ཅག་མི་སྨྲ་བས་དེ་དེ་བཟིན་དུ་འཛིན་ཏོ་༎ ༎
560aad53da7b400c8ea5ad79222d242c,"rājika 
",,-
b1b87a6608974f9eaded80a1c3304af7,"
",諸大徳。此八波羅市迦法。半月半月戒經中説攝頌曰不淨不與取　斷人稱上法觸八事覆隨　斯皆不共住,སྡོམ་ལ་།མི་ཚངས་སྤྱོད་དང་རྐུ་བ་དང་༎མི་གསོད་བརྫུན་དུ་སྨྲ་བ་དང་༎ས་གའི་བུ་དང་སྤོས་འཚོང་ཁྱེའུ་༎༼༤༽ མཛའ་མོ་དང་ནི་གྲེ་སྐྱེས་པའོ་༎
b76d24368d4d40bd914ac4411e3692bf,"
",,འཕགས་མ་དག་ཕམ་པར་འགྱུར་བའི་ཆོས་བརྒྱད་པོ་འདི་དག་ནི་ཟླ་བ་ཕྱེད་ཕྱེད་ཅིང་སོ་སོར་ཐར་པའི་མདོ་གདོན་པ་ལས་འབྱུང་ངོ་༎
36f7e53187f54797b41443164379aeec,"rājika 1: 
",若復苾芻尼與諸苾芻尼同得學處。不捨學處。學羸不自説。作不淨行。兩交會法。乃至共傍生。此苾芻尼亦得波羅市迦。不應共住　,ཡང་དགེ་སློང་མ་གང་དགེ་སློང་མ་རྣམས་དང་ལྷན་ཅིག་བསླབ་པ་མཚུངས་པར་གྱུར་པས་བསླབ་པ་མ་ཕུལ་བསླབ་པ ༼༥༽ ཉམས་པར་མ་བྱས་པར་མི་ཚངས་པར་སྤྱོད་པ་འཁྲིག་པའི་ཆོས་བསྟེན་ན་ཐ་ན་དུད་འགྲོའི་སྐྱེ་གནས་སུ་སྐྱེས་པ་དང་ལྷན་ཅིག་ཀྱང་རུང་སྟེ་། དགེ་སློང་མ་དེ་ཡང་ཕམ་པར་གྱུར་པ་ཡིན་གྱིས་གནས་པར་མི་བྱའོ་༎
6e6142ecbba246538b6e4931b328f4e4,"rājika 2: 
",若復苾芻尼若在聚落。若空閑處。他不與物以盜心取。如是盜時。若王若大臣。若捉若殺。若縛若驅擯。若呵責言。咄女子。汝是賊癡無所知。作如是盜。如是盜者。此苾芻尼亦得波羅市迦。不應共住,ཡང་དགེ་སློང་མ་གང་གཞན་དག་གིས་གྲོང་ན་འདུག་པ་དང་དགོན ༼༦༽ བ་ན་འདུག་པ་མ་བྱིན་པར་ལེན་པ་རྐུ་བའི་ལེན་པ་རྐུ་བའི་གྲངས་སུ་གཏོགས་བ་བླངས་ན་ཇི་ཙམ་མ་ཕྱིན་པར་བླངས་པས་དེ་རྒྱལ་པོའམ་བློན་པོ་ཆེན་པོས་བཟུང་ནས་དེ་ལ་འདི་སྐད་ཅེས་། ཀྱེ་བུད་མེད་ཁྱོད་ནི་རྐུན་མའོ་༎ བྱིས་པའོ་༎ བླུན་མོའོ་༎ རྐུ་བའོ་ཞེས་ཟེར་ཞིང་གསོད་དམ་། འཆིང ༼༧༽ དམ༈་སྤྱུག་ཀྱང་རུང་སྟེ་དགེ་སློང་མ་དེ་ལྟར་མ་བྱིན་པར་ལེན་ན་དགེ་སློང་མ་དེ་ཡང་ཕམ་པར་གྱུར་པ་ཡིན་གྱིས་གནས་པར་མི་བྱའོ་༎
d0c4cde6ce114c809b2d50f420b0a43c,"rājika 3: 
",若復苾芻尼若人若人胎。故自手斷其命。或持刀授與。或自持刀。或求持刀者。若勸死讃死。語言。咄女子。何用此罪累不淨惡活爲。汝今寧死死勝 生。隨自心念。以餘言説勸讃令死。彼因死者。此苾芻尼亦得波羅市迦。不應共住,ཡང་དགེ་སློང་མ་གང་མིའམ་མིར་ཆགས་པ་ལ་བསམས་བཞིན་དུ་རུང་གིས་ལག་དར་ཏེ་སྲོག་བཅད་དམ་། དེ་ལ་མཚོན་བྱིན་ནམ་། དེ་ལ་མཚོན ༼༤ཨ༡༽ ཐོགས་པ་གཉེར་ཏམ་། དེ་འཆིར་བཅུག་གམ་། དེ་ལ་འཆི་བའི་བསྔགས་པ་བརྗོད་ཀྱང་རུང་སྟེ་། དེ་ལ་འདི་སྐད་ཅེས་ཀྱེ་མི་ཁྱོད་འཚོ་བ་སྡིག་པ་མི་གཙོང་བ་ངན་པ་འདིས་ཅི་ཞིག་བྱ་། ཀྱེ་མི་ཁྱོད་གསོན་པ་བས་ཤི་བླའོ་ཞེས་ཟེར་ཞིང་། ཤེས་ཀྱི་འདོད་པ་དང་སེམས་ཀྱི ༼༢༽ ཀུན་ཏུ་རྟོག་པ་དག་གིས་རྣམ་གྲངས་དུ་མས་དེ་འཆིར་བཅུག་གམ་། དེ་འཆི་བའི་བསྔགས་པ་བརྗོད་དེ་། དེ་ཡང་རྩོམ་པ་དེས་དུས་བྱས་ན་དགེ་སློང་མ་དེ་ཡང་ཕམ་པར་གྱུར་པ་ཡིན་གྱིས་གནས་པར་མི་བྱའོ་༎
2f1b836c23134a1aa7a0f8f5e829bc84,"rājika 4: 
",若復苾芻尼實無知無遍知自知。不得上人法寂靜。聖者殊勝證悟智見安樂住。而言我知我見。彼於異時若問若不問。欲自清淨故。作如是説。諸具壽。我實不知不見。言知言見。虚誑妄語。除増上慢。此苾芻尼亦得波羅市迦。不應共住,ཡང་དགེ་སློང་མ་གང་མངོན་པར་མི་ཤེས་ཤིང་ཡོངས་སུ་མི་ཤེས་ལ་མིའི ༼༣༽ ཆོས་བླ་མ་མཐའ་དང་། འཕགས་པ་དང་། བྱེ་བྲག་ཐོབ་པ་དང་། ཤེས་པ་དང་། མཐོང་བ་དང་རེག་པར་སྤྱོད་པ་མེད་ལ་། མེད་བཞིན་དུ་འདི་ཤེས་སོ་༎ འདི་མཐོང་ངོ་ཞེས་ཁས་འཆེས་པ་ལས་དེ་ལྟུང་བ་བྱུང་བ་རྣམ་པར་དག་པར་འདོད་པས་དུས་གཞན་ཞིག་ན་དྲིས་ཀྱང་རུང་། མ་དྲིས ༼༤༽ ཀྱང་རུང་འདི་སྐད་ཅེས་། འཕགས་མ་དག་བདག་གིས་ནི་མི་ཤེས་པར་ཤེས་སོ་ཞེས་སྨྲས་། མ་མཐོང་བར་མཐོང་ངོ་ཞཻས་སྨྲས་ཏེ་། གསོག་གསོབ་བརྫུན་དུ་སྨྲས་སོ་ཞེས་ཟེར་ན་མངོན་པའི་ང་རྒྱལ་མ་གཏོགས་ཏེ་། དགེ་སློང་མ་དེ་ཡང་ཕ་མ་པར་གྱུར་པ་ཡིན་གྱིས་གནས་པར་མི་བྱའོ་༎
d334d254bad04bf7a16bdc344daacfa0,"rājika 5: 
",若復苾芻尼自有染心。共染心男子。從自腋已下膝已上作受樂心。身相摩觸。若極摩觸。於如是事。此苾芻尼亦得波羅市迦。不應共住,༼༥༽ ཡང་དགེ་སློང་མ་གང་ཆགས་པར་གྱུར་པས་སྐྱེས་པ་ཆགས་པར་གྱུར་པ་དང་། ལྷན་ཅིག་མིག་མན་ཆད་ཕུས་མོ་ཡན་ཆད་ཀྱི་བར་དུ་སྤྲད་། ཀུན་ཏུ་སྤྲད་པ་ཉམས་སུ་མྱོང་བར་བྱེད་ན་དགེ་སློང་མ་དེ་ཕ་མ་པར་གྱུར་པ་ཡིན་གྱིས་གནས་པར་མི་བྱའོ་༎
9c2bdd0b809343db984f650b3977e359,"rājika 6: 
",若復苾芻尼自有染心共染心男子。掉擧戲笑。指其處所。定時現相。來去丈夫。情相許可。在可行非處。縱身而臥。於是八事共相領受。若苾芻尼作如是事者。亦得波羅市迦。不應共住,ཡང་དགེ་སློང་མ་གང ༼༦༽ ཆགས་པར་གྱུར་པས་སྐྱེས་པ་ཆགས་པར་གུར་པ་དང་ལྷན་ཅིག་གཟོགས་སྟེགས་དང་། འཕྱར་གཡེང་དང་། རྩབ་ཧྲལ་དང་། ཡུལ་ཕྱོགས་དང་། བརྡ་དང་། མཚན་མ་དང་། སྐྱེས་པ་འོང་བ་དང་། འགྲོ་བ་བདག་གིར་བྱེད་པ་དང་། གང་དུ་སྐྱེས་པས་བུད་མེད ༼༧༽ བགྲོད་དུ་རུག་བ་དེ་ལྟ་བུའི་ཕྱོགས་སུ་ལུས་བཀན་པ་གཞི་བརྒྱད་པོའི་གནས་འདི་ལྟ་བུ་དགེ་སློང་མས་བྱས་ན་དགེ་སློང་མ་དེ་ཡང་ཕ་མ་བར་གྱུར་པ་ཡིན་གྱིས་གནས་པར་མི་བྱའོ་༎
d8fd3d616b5d400599fd3c427e430cd0,"rājika 7: 
",若復苾芻尼先知他苾芻尼犯他勝罪。而不曾説。彼身死後。若歸俗若出去。方作是語。尼衆應知。我先知此苾芻尼犯他勝罪。於如是事。此苾芻尼亦得波羅市迦。不應共住,ཡང་དགེ་སློང་མ་གང་དགེ་སློང་མ་ཞིག་ལ་ཕ་མ་པར་འགྱུར་བ་བྱུང་བར་ཤེས་བཞིན་དུ་འཆབ་བར་བྱེད་ཅིང ༼༤བ༡༽ གང་གི་ཚེ་དེ་ཉམས་སམ་། ཤིའམ་། འཁྱམས་སམ་། ཡུལ་འཁོར་གཞན་དང་ཡུལ་གཞན་དང་ཡུལ་གཞན་དང་ཡུལ་གཞན་དུ་བྲོས་པར་གྱུར་པ་དེའི་ཚེ་འདི་སྐད་ཅེས་། འཕགས་མ་དག་བདག་གིས་དགེ་སློང་མ་དེ་ལ་ཇི་ལྟར་ཕམ་པར་གྱུར་པ་བྱུང་བར་སྔ་ནས་ཤེས་སོ་ཞེས་ཟེར་ན་། དགེ་སློང་མ ༼༢༽ དེ་ཡང་ཕམ་པར་གྱུར་པ་ཡིན་གྱིས་གནས་པར་མི་བྱའོ་༎
e12f99f8905e42a48d1792979af1550a,"rājika 8: 
",若復苾芻尼知彼苾芻和合僧伽。與作捨置羯磨。苾芻尼衆亦復與作不禮敬法。彼苾芻於僧伽處現恭敬相。希求拔濟。自於界内乞解捨置法。彼苾芻尼報苾芻言。聖者。勿於僧伽處現恭敬相。希求拔濟。自於界内乞解捨置法。我爲聖者供給衣鉢及餘資具。悉令無乏。當可安心讀誦作意。時諸苾芻尼告此尼曰。汝豈不知衆與此人作捨置羯磨。苾芻尼與作不禮敬法。彼苾芻起謙下心。自於界内乞解捨置法。汝便供給衣鉢等物。令無乏少。汝今應捨此隨從事。諸苾芻尼如是諫時。捨者善。若不捨者。應可再三慇懃正諫。隨教應詰。令捨是事。捨者善。若不捨者。此苾芻尼亦得波羅市迦。不應共住,ཡང་དགེ་སློང་མ་གང་དགེ་སློང་གི་དགེ་འདུན་མཐུན་པས་དགེ་སློང་གང་ལ་གནས་ནས་དབྱུང་བའི་ལས་བྱས་ཏེ་དགེ་སོང་མའི་དགེ་འདུན་མཐུན་པས་ཕྱག་བྱ་བའི་འོས་མ་ཡིན་པའི་སྡོམ་པ་བྱིན་། སྐྲ་འགྲེང་བར་གྱུར་། སྐྲ ༼༣༽ འཕྱར་བར་གྱུར་ཅིང་། དགེ་སློང་གི་དགེ་འདུན་ལ་སྤུ་སྙོལ་བར་བྱེད་། འབྱུང་བར་བསྐྱོད་། མཚུངས་པ་ཉེ་བར་སྟོན་ལ་། མཚམས་ཀྱི་ནག་དུ་འདུག་སྟེ་། བཟོད་པར་གསོལ་བར་ཤེས་བཞིན་དུ་དེ་ལ་འདི་སྐད་ཅེས་། འཕགས་པ་ཁྱོད་སྐྲ་འགྲེང་བར་གྱུར་། སྐྲ་འཕྱར་བར་གྱུར ༼༤༽ ཅིང༈་དགེ་སློང་གི་དགེ་འདུན་ལ་སྤུ་སྙོལ་བར་མ་བྱེད་ཅིག་། འབྱུང་བར་མ་བསྐྱོད་ཅིག་། མཚུངས་པ་ཉེ་བར་མ་སྟོན་ཅིག་། མཚམས་ཀྱི་ནང་དུ་འདུག་སྟེ་བཟོད་བར་གསོལ་བར་མ་བྱེད་ཅིག་། བདག་གིས་འཕགས་པ་ཁྱོད་ལ་ལྷུང་བཟེད་དང་། ཆོས་གོས་དང་། དྲ་བ ༼༥༽ དང་༈་ཕོར་བུ་དང་། སྐ་རགས་དང་། བཀླག་པ་དང་། ཁ་ཏོག་བྱ་བ་དང་། རྣལ་འབྱོར་དང་། ཡིད་ལ་བྱ་བ་དང་། འཕགས་པ་ལ་ཅི་དང་ཅིས་བྲེལ་བ་དེ་དང་དེས་མི་བྲེལ་བར་བསྙེན་བཀུར་བྱའོ་ཞེས་ཟེར་ན་དགེ་སློང་མ་དེ་ལ་དགེ་སློང་མ་རྣམས་ཀྱིས་འདི་སྐད་ཅེས་འཕགས ༼༦༽ མ་ཁྱོད་དགེ་སློང་གི་དགེ་འདུན་མཐུན་པས་དགེ་སློང་གང་ལ་གནས་ནས་དབྱུང་བའི་ཕྲིན་ལས་མཛད་དེ་། དགེ་སློང་མའི་དགེ་འདུན་མཐུན་པས་ཕྱག་བྱ་བའི་འོས་མ་ཡིན་པའི་སྡོམ་པ་བྱིན་པ་། སྐྲ་འགྲེང་བར་གྱུར་། སྐྲ་འཕྱར་བར་གྱུར་ཅིང་། དགེ་སློང་གི་དགེ་འདུན་ལ་སྤུ་སྙོལ ༼༧༽ བར་བྱེད་། འབྱུང་བར་བསྐྱོད་། མཚུངས་པ་ཉེ་བར་སྟོན་ལ་། མཚམས་ཀྱི་ནང་དུ་འདུག་སྟེ་བཟོད་པར་གསོལ་བར་ཤེས་བཞིན་དུ་ད་ལ་འདི་སྐད་ཅེས་འཕགས་པ་ཁྱོད་སྐྲ་འགྲེང་བར་གྱུར་། སྐྲ་འཕྱཪ་བར་གྱུར་ཅིང་། དགེ་སློང་གི་དགེ་འདུན་ལ་སྤུ་སྙོལ་བར་མ་བྱེད་ཅིག་། འབྱུང ༼༥ཨ༡༽ བར་མ་བསྐྱོད་ཅིག་། མཚུངས་པ་ཉེ་བར་མ་སྟོན་ཅིག་། མཚམས་ཀྱི་ནང་དུ་འདུག་སྟེ་བཟོད་པར་གསོལ་བར་མ་བྱེད་ཅིག་། བདག་གིས་འཕགས་པ་ཁྱོད་ལཀ་ལྷུང་བཟེད་དང་། ཆོས་གོས་དང་། དྲ་བ་དང་། ཕོར་བུ་དྲུང་། སྐ་རགས་དང་། བཀླག་པ་དང ༼༢༽ ཁ་ཏོན་བྱ་བ་དང་། རྣལ་འབྱོར་དང་། ཡིད་ལ་བྱ་བ་དང་། འཕགས་པ་ལ་ཅི་དང་ཅིས་བྲེལ་བ་དེ་དང་དེས་མི་བྲེལ་བར་བསྙེན་བཀུར་བྱའོ་ཞེས་དེ་སྐད་མ་ཟེར་ཅིག་། འཕགས་མ་ཁྱོད་གནས་ནས་དབྱུང་བའི་རྗེས་སུ་ཕྱོགས་པའི་གཞི་འདི་ལྟ་བུ་ཐོང་ཤིག་ཅེས་བསློ་བར་བྱའོ་། ༼༣༽ དགེ་སློང་མ་དེ་ལ་། དགེ་སློང་མ་རྣམས་ཀྱིས་འདི་སྐད་ཅེས་བསྒོ་བ་ན་གལ་ཏེ་གཞི་དེ་གཏོང་ན་དེ་ལྟ་ན་ལེགས་། གལ་ཏེ་མི་གཏོང་ན་གཞི་དེ་གཏོང་བར་བྱ་བའི་ཕྱིར་ལན་གཉིས་ལན་གསུམ་གྱི་བར་དུ་ཡང་དག་པར་བསྒོ་བར་བྱ་། ཡང་དག་པར་བསྟན་པར་བྱའོ་། ལན་གཉིས ༼༤༽ ལེན་གསུམ་གྱི་བར་དུ་ཡང་དག་པར་བསྒོ་། ཡང་དག་པར་བསྟན་པ་ན་གཞི་དེ་གཏོང་ན་དེ་ལྟ་ན་ལེགས་། གལ་ཏེ་མི་གཏོང་ན་དགེ་སློང་མ་དེ་ཡང་ཕམ་པར་གྱུར་པ་ཡིན་གྱིས་གནས་པར་མི་བྱའོ་།
df2cc452d38b42029c18b8aac0389c82,"rmula  .  . 
",諸大徳。我已説八他勝法。苾芻尼於此隨犯一一事。不得與諸苾芻尼共住如前。後亦如是。得他勝罪。不應共住。今問諸大徳。是中清淨不  如是三説諸大徳。是中清淨  默然故。我今如是持,འཕགས་མ་དག་བདག་གིས་ཕམ་པར་གྱུར་པའི་ཆོས་བརྒྱད་པོ་དག་བཏོན་ཟིན་ཏོ་། ༼༥༽ དགེ་སློང་མས་དེ་དག་ལས་ལྟུང་བ་གང་ཡང་རུང་བ་ཞིག་བྱས་ན་ཐོག་མ་ཇི་ལྟ་བར་ཕྱིས་ཀྱང་དེ་བཞིན་དུ་ཕམ་པར་འགྱུར་བ་ཡིན་ཏེ་། དགེ་སློང་མ་རྣམས་དང་ལྷན་ཅིག་གནས་པ་དང་ལོངས་སྤྱད་དུ་མི་དབང་གིས་གནས་པར་མི་བྱའོ་། དེ་ལ་བདག་གིས་འཕགས་མ་དག་ལ་ཅི་འདི་ལ་ཁྱོད ༼༦༽ ཡོངས་སུ་དག་གམ་ཞེས་དྲིའོ་། ཅི་འདི་ལ་ཁྱེད་ཡོངས་སུ་དག་གམ་ཞེས་ལན་གཉིས་ལན་གསུམ་དུ་དྲིའོ་། འདི་ལ་འཕགས་མ་དག་ཡོངས་སུ་དག་ན་འདི་ལྟར་ཅང་མི་སྨྲ་བས་དེ་དེ་བཞིན་དུ་འཛིན་ཏོ་།
ecfbf348a3a24df5998ae4b080243e4d,"ṃghāvaśeṣa 
",..,-
1b16dfa3a8f84477b5c6376d2fa2f1d4,"
",..,སྡོམ་ལ་།སྨྱན་བྱེད་པ་དང་གཞི་མེད་དང་༎གསུམ་པ་བག་ཙམ ༼༧༽ ཆ་ལས་ལེན་༎བཞི་ཕ་ཅི་ཡང་རུང་པར་བྱ་༎ལྔ་པ་ཆགས་པ་མེད་པ་སྟེ་༎མཚན་མོ་ཉིན་མོ་ལམ་འགྲོ་དང་༎ཆུ་གླུང་ཕ་རོལ་ཡིད་མཐུན་ནོ་༎
f5c3c5588f6547cda28bb5d8083b351c,"
",..,འཕགས་མ་དག་དགེ་འདུན་ལྷག་མའི་ཆོས་ཉི་ཤུ་པོ་འདི་དག་ནི་ཟླ་བ་ཕྱེད་ཕྱེད་ཅིང་སོ་སོར་ཐར་པའི་མདོ་གདོན་པ་ལྟས་འབྱུང ༼༥བ༡༽ ངོ་༎
b9b55654e03d49238111b176dd777c41,"ṃghāvaśeṣa 1: 
",..,ཡང་དགེ་སློང་མ་གང་བུད་མེད་ལ་སྐྱེས་པའི་ཚིག་དང་། སྐྱེས་པ་ལ་བུད་མེད་ཀྱི་ཚིག་གིས་ཆུང་མ་ཉིད་དམ་མཛའ་ན་མོ་ཉིད་དུ་སྨྱན་བྱེད་ན་ཐ་ན་ཐང་འགའ་ཕྲད་པ་ལ་ཡང་རུང་སྟེ་། ཆོས་འདི་ནི་དང་པོས་ལྟུང་བར་འགྱུར་བ་འབྱུང་བ་དང་བཅས་པ་སྟེ་དགེ་འདུན་ལྷག་མའོ་༎
310b5d7d69d54912aa22da704468247b,"ṃghāvaśeṣa 2: 
",..,ཡང ༼༢༽ དགེ་སློང་མ་གང་ཁྲོས་ཤིང་ཞེ་སྡང་བར་གྱུར་ནས་ཅི་ནས་ཀྱང་འདི་ཚངས་པར་སྤྱོད་པ་དང་ད་བྲལ་ལོ་སྙམ་ནས་དགེ་སློང་མ་དག་པ་ལྟུང་བ་མེད་པ་ལ་གཞི་མེད་པར་ཕ་མ་པར་འགྱུར་བའི་ཆོས་ཀྱིས་སྐུར་པ་ལས་དེ་དུས་གཞན་ཞིག་ན་དྲིས་ཀྱང་རུང་། མ་དྲིས་ཀྱང་རུང་རྩོད་པ་དེ་ཡང་གཞི་མེད་པ ༼༣༽ ཡིན་ལ་དགེ་སློང་མ་ཡང་ཞེ་སྡང་ལ་གནས་ཤིང་ཞེ་སྡང་གིས་སྨྲས་སོ་ཞེ་ན་། ཆོས་འདི་ཡང་དང་པོས་ལྟུང་བར་འགྱུར་ལ་འབྱུང་བ་དང་བཅས་པ་སྟེ་། དགེ་འདུན་ལྷག་མའོ་༎
7495fe00c0404ea7ac9df76f6cf25232,"ṃghāvaśeṣa 3: 
",..,ཡང་དགེ་སློང་མ་གང་ཁྲོས་ཤིང་ཞེ་སྡང་བར་གྱུར་ནས་ཅི་ནས་ཀྱང་འདི་ཚངས་བར་སྤྱོད་པ་དང་དཔྲལ་ལོ༼༤༽ སྙམ་ནས་དགེ་སློང་མ་དག་པ་ལྟུང་བ་མེད་པ་ལ་གཞན་གྱི་ཆ་མ་ཡིན་པ་དང་མཐུན་པ་ཕ་མ་པར་འགྱུར་བའི་ཆོས་ཀྱིས་སྐུར་པ་ལས་དེ་དུས་གཞན་ཞིག་ན་དྲིས་ཀྱང་རུང་རྩོད་པ་དེ་ཡང་གཞན་གྱི་ཆ་མ་ཡིན་པ་དང་མཐུན་པས་བག་ཙམ་ལས་བསམས་པ་ཙམ་གྱིས་བླངས་པར ༼༥༽ གྱུར་ལ༈་དགེ་སློང་མ་ཡང་ཞེ་སྡང་ལ་གནས་པ་ཞེ་སྡང་གིས་སྨྲས་སོ་ཞེ་ན་། ཆོས་འདི་ཡང་དང་པོས་ལྟུང་བར་འགྱུར་ལ་འབྱུང་བ་དང་བཅས་པ་སྟེ་དགེ་འདུན་ལྷག་མའོ་༎
9201121f7ecb4a3e92c97b5097e24fc9,"ṃghāvaśeṣa 4: 
",..,ཡང་དགེ་སློང་མ་གང་ཆགས་པར་གྱུར་ལ་སྐྱེས་པ་ཆགས་པར་གྱུར་པ་ལས་ཅི་ཡང་རུང་བ་བདག་གི་གིར་བྱེད ༼༦༽ ན༈་ཆོས་འདི་ཡང་དང་པོས་ལྟུང་བར་འགྱུར་ལ་འབྱུང་བ་དང་བཅས་པ་སྟེ་དགེ་འདུན་ལྷག་མའོ་༎
c1adf52eae3e404ca2eeb051818e4bce,"ṃghāvaśeṣa 5: 
",..,ཡང་དགེ་སློང་མ་གང་དགེ་སློང་མ་ཞིག་ལ་འདི་སྐད་ཅེས་ཀྱེ་ཁྱོ་ཆགས་པར་མ་གྱུར་ན་ཆགས་པ་མེད་པས་སྐྱེས་པ་ཆགས་པར་གྱུར་པ་ལས་ཅི་ཡང་རུང་བ་བདག་གིར་བྱར་རུང་ངོ་ཞེས་ཟེར་ན་། ༼༧༽ ཆོས་འདི་ཡང་དང་པོས་ལྟུང་བར་འགྱུར་ལ་འབྱུང་བ་དང་བཅས་པ་སྟེ་དགེ་འདུན་ལྷག་མའོ་༎
894c228c5b324757a7857c579e34408c,"ṃghāvaśeṣa 6: 
",..,ཡང་དགེ་སློང་མ་གང་གཅིག་པུ་མཚན་མོ་དབྱར་ཁང་ནས་འབྲལ་བར་བྱེད་ན་། ཆོས་འདི་ཡང་དང་པོས་ལྟུང་བར་འགྱུར་ལ་འབྱུང་བ་དེང་བཅས་པ་སྟེ་དགེ་འདུན་ལྟག་མའོ་༎ དགེ་སློང་མ་གང༼༦ཨ༡༽ གཅིག་པུ་ཉིན་པར་དབྱར་ཁང་ནས་འབྲལ་བར་བྱེད་ན་། ཆོས་འདི་ཡང་དང་པོས་ལྟུང་བར་འགྱུར་ལ་འབྱུང་བ་དང་བཅས་པ་སྟེ་དགེ་འདུན་ལྷག་མའོ་༎
1891f2b38fb644a1b7d839e29f92bcb4,"ṃghāvaśeṣa 7: 
",..,ཡང་དགེ་སློང་མ་གང་གཅིག་པུ་ལམ་དུ་ཞུགས་ཤིང་འགྲོན་ཆོས་འདི་ཡང་དང་པོ་ས་ལྟུང་བར་འགྱུར་ལ་འབྱུང་བ་དང ༼༢༽ བཅས་པ་སྟེ་དགེ་འདུན་ལྷག་མའོ་༎
87660f17b7bb420c864cafd8f34a595d,"ṃghāvaśeṣa 8: 
",..,ཡང་དགེ་སློང་མ་གང་གཅིག་པུ་ཆུ་ཀླུང་གི་ཕ་རོལ་དུ་རྒལ་ན་ཆོས་འདི་ཡང་དང་པོས་ལྟུང་པར་འགྱུར་ལ་འབྱུང་པ་དག་བཅས་པ་སྟེ་དགེ་འདུན་ལྷག་མའོ་༎
0d6fcb034925454383df422a110eb05c,"ṃghāvaśeṣa 9: 
",..,ཡང་དགེ་སློང་མ་གང་བུད་མེད་གང་ཞིག་ཚོགས་པ་ཡིད་མཐུན་པ་བདག་པསོ་ཡོངས ༼༣༽ སུ་བཏང་བ་རྒྱལ་པོས་རྗེས་སུ་གནང་བར་ཤེས་བཞིན་དུ་རང་ཏུ་མི་འབྱིན་ན་། ཆོས་འདི་ཡང་དང་པོས་ལྟུང་བར་འགྱུར་ལ་འབྱུང་བ་དང་བཅས་ཏེ་དགེ་འདུན་ལྷག་མའོ་༎ ༎
6af9a7ca2dc64437a9bcd2e52b3cb292,"
",..,སྡོམ་ལ་།ཤི་བའི་ནོར་རྫས་ལེན་པ་དང་༎དགེ་སློང་མ་ལ་བཟོད་བྱེད་དང་༎སྤོང་དང་འཐབ ༼༤༽ ཀྲོལ་བྱེད་པ་དང་༎སྟེན་དང་སྟེན་དུ་འཇུག་པ་དང་༎དགེ་འདུན་དབྱེན་དང་དེ་རྗེས་ཕྱོགས་༎སུན་འབྱིན་བཀའ་བློ་མི་བདེ་བའོ་༎
cd10adb89c2f4b44a7a689f860a9aa74,"ṃghāvaśeṣa 10: 
",..,ཡང་དགེ་སློང་མ་གང་ཤི་བའི་ནོར་རྫས་ཆགས་རྒྱ་དེད་ན་ཆོས་འདི་ཡང་དང་པོས་ལྟུང་བར་འགྱུར་ལ་འབྱུང་བ་དང་བཅས་པ་སྟེ་དགེ་འདུན་ལྷག ༼༥༽ མའོ་༎
410380df54684a1d87b65884e161077e,"ṃghāvaśeṣa 11: 
",..,ཡང་དགེ་སློང་མ་གང་དགེ་སློང་མ་ཞིག་ལ་དགེ་སློང་མའི་དགེ་འདུན་མཐུན་པས་གནས་ནས་དབྱུང་བའི་ལས་བྱས་པར་ཤེས་བཞིན་དུ་དེ་མཚམས་ཀྱི་ཕྱི་རོལ་དུ་ཁྲིད་དེ་བཟོད་པ་གསོལ་དུ་བཅུག་ན་ཆོས་འདི་ཡང་དང་པོས་ལྟུང་བར་འགྱུར་ལ་འབྱུང་པ་དང་བཅས་པ་སྟེ་དགེ་འདུན ༼༦༽ ལྷག་མའོ་༎
43237f5a14dd46efa1830ee394ea5c9f,"ṃghāvaśeṣa 12: 
",..,ཡང་དགེ་སློང་མ་གང་ཁྲོས་འཁྲུགས་རྔ་མ་པར་གྱུར་ཏེ་ཡིད་མ་རངས་ནས་འདི་སྐད་ཅེས་སངས་རྒྱས་གཏོང་ངོ་༎ ཆོས་གཏོང་ངོ་༎ དགེ་འདུན་གཏོང་ངོ་༎
6ca1e2ea237440719b3317f5c60d75d9,"ṃghāvaśeṣa 13: 
",..,ཤཱཀྱ་འི་བུའི་དགེ་སྦྱོང་འབའ་ཞིག་ཚུལ་ཁྲིམས་དང་ལྡན་བ་། ཡོན་ཏན་དང་ལྡན་པ་། དེས་པ་། དགེ ༼༧༽ བའི་ཆོས་ཅན་མ་ཡིན་གྱི་། དགེ་སྦྱོང་དང་བྲམ་ཟེ་ཚུལ་ཁྲིམས་དང་ལྡན་བ་། ཡོན་ཏན་དང་ལྡན་པ་། དེས་པ་། དགེ་བའི་ཆོས་ཅན་གཞན་དག་ཀྱང་ཡོད་ཀྱིས་ང་དེ་དག་ལས་ཚངས་པར་སྤྱོད་པ་སྤྱད་དོ་ཞེས་ཟེར་ན་དེ་ལ་དགེ་སློང་མ་རྣམས་ཀྱིས་འདི་སྐད་ཅེས་འཕགས་མ་ཁྱོད ༼༦བ༡༽ ཁྲོས་འཁྲུགས་རྔམ་པར་གྱུར་ཏེ་ཡིད་མ་རངས་ནས་འདི་སྐད་ཅེས་སངས་རྒྱས་གཏོང་ངོ་༎ ཆོས་གཏོང་ངོ་༎ དགེ་འདུན་གཏོང་ངོ་༎ ཤཱཀྱ་འི་བུའི་དགེ་སྦྱོང་འབའ་ཞིག་ཚུལ་ཁྲིམས་དང་ལྡན་པ་། ཡོན་ཏན་དང་ལྡན་པ་། དེས་པ་། དགེ་བའི་ཆོས་ཅན་མ་ཡིན་གྱི་། དགེ་སྦྱོང ༼༢༽ དང་བྲམ་ཟེ་ཚུལ་ཁྲིམས་དང་ལྡན་པ་། ཡོན་ཏན་དག་ལྡན་པ་། དེས་པ་། དགེ་བའི་ཆོས་ཅན་གཞན་དག་ཀྱང་ཡོད་ཀྱིས་དེ་དག་ལས་ཚངས་པར་སྤྱད་པ་སྤྱོད་དོ་༎ ཞེས་མ་ཟེར་ཅིག་། འཕགས་མ་ཁྱོད་སྡིག་པ་ཅན་གྱི་ལྟ་བའི་རྣམ་པ་འདི་ལྟ་བུ་འདི་ཐོག་ཤིག་ཅེས་བསྒོ་བར་བྱའོ་༎ ༼༣༽ དགེ་སློང་མ་དེ་ལ་དགེ་སློང་མ་རྣམས་ཀྱིས་དེ་སྐད་བསྒོ་བ་ན་གལ་ཏེ་གཞི་དེ་གཏོང་ན་དེ་ལྟ་ན་ལེགས་། གལ་ཏེ་མི་གཏོང་ན་གཞི་དེ་གཏོང་བར་བྱ་བའི་ཕྱིར་ལན་གཉིས་ལན་གསུམ་དུ་ཡང་དག་པར་བསྒོ་བར་བྱ་། ཡང་དག་པར་བསྟན་པར་བྱའོ་༎ ལན་གཉིས་ལན་གསུམ་དུ་ཡང་དག་པར ༼༤༽ བསྒོ༈་ཡང་དག་པར་བསྟན་པ་ན་གལ་ཏེ་གཞི་དེ་གཏོང་ན་དེ་ལྟ་ན་ལེགས་། གལ་ཏེ་མི་གཏོང་ན་ཆོས་འདི་ནི་ལན་གསུམ་གྱི་བར་གྱིས་ལྟུང་བར་འགྱུར་ལ་འབྱུང་བ་དང་བཅས་པ་སྟེ་དགེ་འདུན་ལྷག་མའོ་༎
080a0989340c464e9429762307947030,"ṃghāvaśeṣa 14: 
",..,ཡང་དགེ་སློང་མ་གང་འཐབ་ཀྲོལ་བྱེད་ཅིང་གན་སཔ་ལ་དགེ་སློང་མ ༼༥༽ རྣམས་ཀྱིས་ཕུ་ནུ་མོ་ཁྱོད་འཐབ་ཀྲོལ་མ་བྱེད་ཅིག་། མཚང་མ་འདྲུ་ཞིག་། མ་རྩོད་ཅིག་། མ་འགྱེད་ཅིག་ཅེས་དེ་སྐད་བསྒོ་སྟེ་། དེ་ལྟར་བཟློག་ན་འདི་སྐད་ཅེས་འདི་ན་དགེ་སློང་མ་ཁ་ཅིག་འདུན་པས་འགྲོ་བ་། ཞེས་སྡང་གིས་འགྲོ་བ་། གཏི་མུག་གིས་འགྲོ་བ་། འཇིགས ༼༦༽ བས་འགྲོ་བ་དག་ཡིན་ཏེ་། འདི་ལྟར་དགེ་སློང་མ་འཐབ་ཀྲོལ་བྱེད་པ་། ཁ་ཅིག་ནི་སྐྲོད་པར་བྱེད་། ཁ་ཅིག་ནི་སྐྲོད་པར་མི་བྱེད་དོ་ཞེས་ཟེར་ན་། དགེ་སློང་མ་དེ་ལ་དགེ་སློང་མ་རྣམས་ཀྱིས་འདི་སྐད་ཅེས་ཕུ་ནུ་མོ་ཁྱོད་དགེ་སློང་མ་རྣམས་ཀྱིས་འཐབ་ཀྲོལ་མ་བྱེད་ཅིག་། མཚང་མ ༼༧༽ འདྲུ་ཞིག་། མ་རྩོད་ཅིག་། མ་འགྱེད་ཅིག་ཅེས་དེ་སྐད་ཅེས་བསྒོ་སྟེ་དེ་ལྟར་བཟློག་པ་ན་འདི་སྐད་ཅེས་འདི་ན་དགེ་སློང་མ་ཁ་ཅིག་འདུན་པས་འགྲོ་བ་། ཞེ་སྡང་གིས་འགྲོ་བ་། གཏི་མུག་གིས་འགྲོ་བ་། འཇིགས་པས་འགྲོ་བ་དག་ཡིན་ཏེ་། འདི་ལྟར་དགེ་སློང་མ་འཐབ་ཀྲོལ ༼༧ཨ༡༽ བྱེད་པ་ཁ་ཅིག་ནི་སྐྲོད་པར་བྱེད་ལ་ཁ་ཅིག་ནི་སྐྲོད་པར་བྱེད་ལ་ཁ་ཅིག་ནི་སྐྲོད་པར་མི་བྱེད་དོ་ཞེས་མ་ཟེར་ཅིག་། ཕུ་ནུ་མོ་ཁྱོད་འདུན་པས་འགྲོ་བའི་ཚིག་གི་ལམ་དང་། ཞེ་སྡང་གིས་འགྲོ་བ་། གཏི་མུག་གིས་འགྲོ་བ་། འཇིགས་པས་འགྲོ་བ་ཞེས་བྱ་བའི་ཚིག་གི་ལམ་འདི་ལྟ་བུ་འདི་ཐོང ༼༢༽ ཤིག་ཅེས་བསྒོ་བར་བྱ་སྟེ་། དགེ་སློང་མ་དེ་ལ་དགེ་སློང་མ་རྣམས་ཀྱིས་དེ་སྐད་བསྒོ་བ་ན་གཞི་དེ་གཏོང་ན་དེ་ལྟ་ན་ལེགས་། གལ་ཏེ་མི་གཏོང་ན་གཞི་དེ་གཏོང་བར་བྱ་བའི་ཕྱིར་ལན་གཉིས་ལན་གསུམ་དུ་ཡང་དག་པར་བསྒོ་བར་བྱ་། ཡང་དག་པར་བསྟན་པར་བྱའོ་༎ ལན་གཉིས ༼༣༽ ལན་གསུམ་དུ་ཡང་དག་པར་བསྒོ་། ཡང་དག་པར་བསྟན་པ་ན་གལ་ཏེ་གཞི་དེ་གཏོང་ན་དེ་ལྟ་ན་ལེགས་། གལ་ཏེ་མི་གཏོག་ན་ཆོས་འདི་ཡང་ལན་གསུམ་གྱི་བར་གྱིས་ལྟུང་བར་འགྱུར་ལ་འབྱུང་བ་དང་བཅས་པ་སྟེ་དགེ་འདུན་ལྷག་མའོ་༎
18f4ae15dc05428c9edb0f40d2e4da81,"ṃghāvaśeṣa 15: 
",..,ཡང་དགེ་སློང་མ་གང་བུད་མེད་དང ༼༤༽ གཞོགས་སྟེགས་དང་། འཕྱར་གཡེང་དང་། རྩ་བ་ཧྲལ་གྱི་རྒྱུར་གྱུར་པ་དག་གིས་སྡེ་ཞིང་གནས་པར་བྱེད་ལ་། དགེ་སློང་མ་རྣམས་ཀྱིས་འདི་སྐད་ཅེས་ཕུ་ནུ་མོ་ཁྱོད་བུད་མེད་དང་སྡེ་ཞིང་གནས་པར་མ་བྱེད་ཅིག་། སྡེ་ཞིང་གནས་ནས་གཞོགས་སྟེགས་དང་། འཕྱར་གཡེང ༼༥༽ དང་༈་རྩབ་ཧྲལ་དག་མ་བྱེད་ཅིག་། དགེ་སློང་མ་ཁྱེད་ཐ་དད་དུ་གྱིས་ཤིག་། ཁྱེད་ཐ་དད་དུ་གནས་ན་དགེ་བའི་ཆོས་རྣམས་འཕེལ་བ་ཉིད་དུ་ཤེས་པར་བྱའི་འགྲིབ་པར་ནི་མ་ཡིན་ནོ་ཞེས་བསྒོ་བར་བྱའོ་༎ དགེ་སློང་མ་དེ་ལ་དགེ་སློང་མ་རྣམས་ཀྱིས་དེ་སྐད་བསྒོ་བ་ན་། གལ་ཏེ་གཞི ༼༦༽ དེ་གཏོང་ན་དེ་ལྟ་ན་ལེགས་། གལ་ཏེ་མི་གཏོང་ན་གཞི་དེ་ལ་གཏོང་བར་བྱ་བའི་ཕྱིར་ལན་གཉིས་ལན་གསུམ་དུ་ཡང་དག་པར་བསྒོ་བར་བྱ་། ཡང་དག་པར་བསྟན་པར་བྱའོ་༎ ལན་གཉིས་ལན་གསུམ་དུ་ཡང་དག་པར་བསྒོ་། ཡང་དག་བར་བསྟན་པ་ན་གལ་ཏེ་གཞི་དེ་གཏོང ༼༧༽ ན་དེ་ལྟ་ན་ལེགས་། གལ་ཏེ་གཏོང་ན་ཆོས་འདི་ཡང་ལན་གསུམ་གྱི་བར་གྱིས་ལྟུང་བར་འགྱུར་ལ་འབྱུང་བ་དང་བཅས་པ་སྟེ་དགེ་འདུན་ལྷག་མའོ་༎
91b243f1becc44699922de5ceffb5ed3,"ṃghāvaśeṣa 16: 
",..,ཡང་དགེ་སློང་མ་གང་དགེ་སློང་མའི་དགེ་འདུན་མཐུན་པས་དགེ་སློང་མ་གང་དག་ཐ་དད་དུ་གནས་པར་བསྒོ་བ་སྡེ་ཞིང་གནས་བ ༼༧བ༡༽ དེ་བཏང་སྟེ་ཐ་དད་དུ་གནས་པར་ཤེས་བཞིན་དུ་དེ་ཉིད་ཀྱི་གན་དུ་སོང་སྟེ་། འདི་སྐད་ཅེས་ཕུ་ནུ་མོ་ཁྱེད་གཉིས་ཐ་དད་དུ་གནས་པར་མ་བྱེད་ཅིག་། ཁྱེད་གཉིས་ཐ་དད་དུ་གནས་ན་དགེ་བའི་ཆོས་རྣམས་འབྲི་བ་ཉིད་དུ་ཤེས་བར་བྱའི་འཕེལ་བར་ནི་མ་ཡིན་ནོ་༎ ཁྱེད་གཉིས་སྡེ་ཞིང ༼༢༽ གནས་པར་གྱིས་ཤིག་། ཁྱེད་གཉིས་སྡེ་ཞིང་གནས་ནས་དགེ་བའི་ཆོས་འཕེལ་བ་ཉིད་དུ་ཤེས་པར་བྱའི་འབྲི་བར་ནི་མ་ཡིན་ནོ་ཞེས་ཟེར་ན་དགེ་སློང་མ་དེ་ལ་དགེ་སློང་མ་རྣམས་ཀྱིས་འདི་སྐད་ཅེས་ཕུ་ནུ་མོ་ཁྱོད་དགེ་སློང་མ་གང་དག་སྡེ་ཞིང་གནས་ནས་གཞོགས་སྟེགས་དང་། འཕྱར་གཡེང ༼༣༽ དང་༈་རྩབ་ཧྲལ་བྱེད་པ་ལས་དེ་གཉིས་ཐ་དད་དུ་གནས་པར་ཤེས་བཞིན་དུ་འདི་སྐད་ཅེས་ཕུ་ནུ་མོ་ཁྱེད་གཉིས་ཐ་དད་དུ་གནས་པར་མ་བྱེད་ཅིག་། ཁྱེད་གཉིས་ཐ་དད་དུ་གནས་ན་དགེ་བའི་ཆོས་རྣམས་འབྲི་བ་ཉིད་དུ་ཤེས་པར་བྱའི་འཕེལ་བར་ནི་མ་ཡིན་ནོ་༎ ཁྱེད་གཉིས་སྡེ་ཞིང་གནས་པར ༼༤༽ གྱིས་ཤིག་། ཁྱེད་གཉིས་སྡེ་ཞིང་གནས་ནས་དགེ་བའི་ཆོས་རྣམས་འཕེལ་བ་ཉིད་དུ་ཤེས་པར་བྱའི་འབྲི་བར་ནི་མ་ཡིན་ནོ་ཞེས་མ་ཟེར་ཅིག་། ཕུ་ནུ་མོ་ཁྱོད་སྡིག་པ་ཅན་གྱི་ལྟ་བའི་རྣམ་པ་འདི་ལྟ་བུ་འདི་ཐོང་ཤིག་ཅེས་བསྒོ་བར་བྱའོ་༎ དགེ་སློང་མ་དེ་ལ་དགེ་སློང་མ་རྣམས་ཀྱིས་དེ ༼༥༽ སྐད་བསྒོ་བ་ན་གལ་ཏེ་གཞི་དེ་གཏོང་ན་དེ་ལྟ་ན་ལེགས་། གལ་ཏེ་མི་གཏོང་ན་གཞི་དེ་གཏོང་བར་བྱ་བའི་ཕྱིར་ལན་གཉིས་ལན་གསུམ་དུ་ཡང་དག་པར་བསྒོ་བར་བྱ་། ཡང་དག་པར་བསྟན་པར་བྱའོ་༎ ལན་གཉིས་ལན་གསུམ་དུ་ཡང་དག་པར་བསྒོ་། ཡང་དག་བར་བསྟན་པ ༼༦༽ ན་གཞི་དེ་གཏོང་ན་དེ་ལྟ་ན་ལེགས་། གལ་ཏེ་མི་གཏོང་ན་ཆོས་འདི་ཡང་ལན་གསུམ་གྱི་བར་གྱིས་ལྟུང་བར་འགྱུར་ལ་འབྱུང་བ་དང་བཅས་པ་སྟེ་དགེ་འདུན་ལྷག་མའོ་༎
4b50e216cea74bfea59884b63953619d,"ṃghāvaśeṣa 17: 
",..,ཡང་དགེ་སློང་མ་གང་དགེ་འདུན་འཐུན་པ་དབྱེ་བའི་ཕྱིར་རྟུལ་བར་བྱེད་ཅིང་དབྱེན་བྱེད་པར་འགྱུར་བའི་རྩོད་པ་ཡང ༼༧༽ དག་པར་བླངས་ནས་རབ་ཏུ་བཟུང་སྟེ་འདུག་དགེ་སློང་མ་དེ་ལ་དགེ་སློང་མ་རྣམས་ཀྱིས་འདི་སྐད་ཅེས་འཕགས་མ་ཁྱོད་དགེ་འདུན་མཐུན་པ་དབྱེ་བའི་ཕྱིར་རྟུལ་བར་མ་བྱེད་ཅིག་། དབྱེན་བྱེད་པར་འགྱུར་བའི་རྩོད་པ་ཡང་དག་པར་བླངས་ནས་རབ་ཏུ་བཟུང་སྟེ་མ་འདུག་ཤིག་། དགེ་འདུན ༼༨ཨ༡༽ མཐུན་པར་གྱིས་ཤིག་། དགེ་འདུན་མཐུན་མི་ཕྱེད་། ཀུན་ཏུ་དགའ་མི་རྩོད་། མཆོག་གཅིག་འདོན་པ་གཅིག་། ཆུ་དང་འོ་མ་གཅིག་ཏུ་འདྲེས་པ་ལྟ་བུར་གྱུར་ལ་། སྟོན་པའི་བསྟན་པ་གསལ་བར་བྱེད་ན་བདེ་བ་ལ་གནས་པར་འགྱུར་གྱིས་འཕགས་མ་ཁྱོད ༼༢༽ དགེ་འདུན་འབྱེད་པའི་གཞི་འདི་ལྟ་བུ་འདི་ཐོང་ཤིག་ཅེས་བསྒོ་བར་བྱའོ་༎ དགེ་སློང་མ་དེ་ལ་དགེ་སློང་མ་རྣམས་ཀྱིས་དེ་སྐད་བསྒོ་བ་ན་གལ་ཏེ་གཞི་དེ་གཏོང་ན་དེ་ལྟ་ན་ལེགས་། གལ་ཏེ་མི་གཏོང་ན་གཞི་དེ་གཏོང་བར་བྱ་བའི་ཕྱིར་ལན་གཉིས་ལན་གསུམ་གྱི་བར་དུ་ཡང་དག་པར ༼༣༽ བསྒོ་བར་བྱ་། ཡང་དག་པར་བསྟན་པར་བྱའོ་༎ ལན་གཉིས་ལན་གསུམ་དུ་ཡང་དག་པར་བསྒོ་། ཡང་དག་པར་བསྟན་པ་ན་གཞི་དེ་གཏོང་ན་དེ་ལྟ་ན་ལེགས་། གལ་ཏེ་མི་གཏོང་ན་ཆོས་འདི་ཡང་ལན་གསུམ་གྱི་བར་གྱིས་ལྷུང་བར་འགྱུར་ལ་འབྱུང་བ་དང་བ་ཅས་པ་སྟེ་དགེ་འདུན ༼༤༽ ལྷག་མའོ་༎
ce17c589764048a7991ab1ba8b80e985,"ṃghāvaśeṣa 18: 
",..,དགེ་སློང་མ་དེའི་གྲོགས་བྱེད་པའི་དགེ་སློང་མ་མི་མཐུན་པར་སྨྲ་བ་ཉིད་ཀྱི་རྗེས་སུ་ཕྱོགས་པ་གཅིག་གམ་གཉིས་སམ་མང་པོ་དག་ཡོད་ཅིང་། གལ་ཏེ་དེ་དག་དགེ་སློང་མ་རྣམས་ལ་འདི་སྐད་ཅེས་། འཕགས་མ་དག་ཁྱེད་ཅག་དགེ་ཡང་རུང་སྡིག་ཀྱང་རུང་དགེ་སློང ༼༥༽ མ་འདི་ལ་ཅི་ཡང་མ་སྨྲ་ཤིག་། དེ་ཅིའི་ཕྱིར་ཞེ་ན་། འཕགས་མ་དག་དགེ་སློང་མ་འདི་ནི་ཆོས་སྨྲ་བ་། འདུལ་བ་སྨྲ་བ་། དགེ་སློང་མ་འདི་ནི་ཆོས་དང་འདུལ་བ་ཡང་དག་པར་བླངས་ནས་རབ་ཏུ་བཟུང་སྟེ་རྗེས་སུ་ཐ་སྙད་འདོགས་པར་བྱེད་པ་། དགེ་སློང་མ་འདི་ནི་ཤེས་བཞིན་དུ་སྨྲེའི ༼༦༽ མི་ཤེས་པར་མ་ཡིན་པའི་ཕྱིར་ཏེ་། དགེ་སློང་མ་འདི་གང་ལ་འདོད་ཅིང་བཟོད་པ་དེ་ལ་བདག་ཅག་ཀྱང་འདོད་ཅིག་བཟོད་དོ་ཞེས་ཟེར་ན་། དགེ་སློང་མ་དེ་དག་ལ་དགེ་སློང་མ་རྣམས་ཀྱིས་འདི་སྐད་ཅེས་འཕགས་མ་དག་ཁྱེད་ཅག་དགེ་ཡང་རུང་སྡིག་ཀྱང་རུང་དགེ་སློང་མ་འདི་ལ་ཅི་ཡང་མ་སྨྲ་ཤིག་། ༼༧༽ དེ་ཅིའི་ཕྱིར་ཞེ་ན་། འཕགས་མ་དག་དགེ་སློང་མ་འདི་ནི་ཆོས་སྨ་བ་། འདུལ་བ་སྨྲ་བ་། དགེ་སློང་མ་འདི་ནི་ཆོས་དང་འདུལ་བ་ཡང་དག་པར་བླ་ནས་རབ་ཏུ་བཟུང་སྟེ་རྗེས་སུ་ཐ་སྙད་འདོགས་པར་བྱེད་པ་། དགེ་སློང་མ་འདི་ཤེས་བཞིན་དུ་སྨྲའི་མི་ཤེས་པར་མ་ཡིན་པའི་ཕྱིར་ཏེ་། དགེ ༼༨བ༡༽ སློང་མ་འདི་གང་ལ་འདོད་ཅིག་བཟོད་པ་དེ་ལ་བདག་ཅག་ཀྱང་འདོད་ཅིང་བཟོད་དོ་ཞེས་མ་ཟེར་ཅིག་། དེ་ཅིའི་ཕྱིར་ཞེ་ན་། འཕགས་མ་དག་དགེ་སློང་མ་འདི་ནི་ཆོས་མ་ཡིན་པ་སྨྲ་བ་། འདུལ་བ་མ་ཡིན་པ་སྨྲ་བ་། དགེ་སློང་མ་འདི་ནི་ཆོས་མ་ཡིན་པ་དང་། འདུལ་བ་མ་ཡིན་པར ༼༢༽ ཡང་དག་པར་བླངས་ནས་རབ་ཏུ་བཟུང་སྟེ་རྗེས་སུ་ཏ་སྙད་འདོགས་པར་བྱེད་པ་། དགེ་སློང་མ་འདི་ནི་མི་སེས་བཞིན་དུ་སྨྲའི་ཤེས་པར་སྨྲ་བ་མ་ཡིན་པའི་ཕྱིར་ཏེ་། དགེ་སློང་མ་འདི་གང་ལ་འདོད་ཅིག་བཟོད་པ་དེ་ལ་འཕགས་མ་དག་བཟོད་པར་མ་ཁྱེད་ཅིག་། འཕགས་མ་དག་ཁྱེད་དགེ ༼༣༽ འདུན་འབྱེད་འདོད་པར་མ་བྱེད་པར་འཕགས་མ་དག་དགེ་འདུན་མཐུན་པ་ཉིད་དུ་འདོད་པར་གྱིས་ཤིབ་། འཕགས་མ་དག་དགེ་འདུན་མཐུན་པར་གྱིས་ཤིག་། དགེ་འདུན་མཐུན་མི་ཕྱེད་། ཀུན་ཏུ་དགའ་མི་རྩོད་། མཆོག་གཅིག་འདོན་པ་གཅིག་། ཆུ་དང་འོ་མ་འདྲེས་པ་ལྟ་བུར ༼༤༽ གྱུར་ལ༈་སྟོན་པའི་བསྟན་པ་གསལ་བར་བྱེད་ན་བདེ་པ་ལ་རེག་པར་གནས་པར་འགྱུར་གྱིས་། འཕགས་མ་དག་དགེ་འདུན་འབྱེད་པའི་རྗེས་སུ་ཕྱོགས་ཤིག་མི་མཐུན་པར་སྨྲ་བ་འདི་ལྟ་བུ་འདི་ཐོང་ཤིག་ཅེས་བསྒོ་བར་བྱའོ་༎ དགེ་སློང་མ་དེ་དག་ལ་དགེ་སློང་མ་རྣམས་ཀྱིས་དེ་སྐད་བསྒོ༼༥༽ བ་ན་གལ་ཏེ་གཞི་དེ་གཏོང་ན་དེ་ལྟ་ན་ལེགས་། གལ་ཏེ་མི་གཏོང་ན་གཞི་དེ་གཏོང་བར་བྱ་བའི་ཕྱིར་ལན་གཉིས་ལན་གསུམ་དུ་ཡང་དག་པར་བསྒོ་བར་བྱ་། ཡང་དག་པར་བསྟན་པར་བྱའོ་༎ ལན་གཉིས་ལན་གསུམ་དུ་ཡང་དག་པར་བསྒོ་། ཡང་དག་པར་བསྟན་པ་ན་གཞི་དེ ༼༦༽ གཏོང་ན་དེ་ལྟ་ན་ལེགས་། གལ་ཏེ་མི་གཏོང་ན་ཆོས་འདི་ཡང་ལན་གཉིས་ལན་གསུམ་གྱི་བར་གྱིས་ལྟུང་བར་འགྱུར་ལ་འབྱུང་བ་དང་བཅས་པ་སྟེ་དགེ་འདུན་ལྷག་མའོ་༎
ec309e314ea1472397335f02e310e7fa,"ṃghāvaśeṣa 19: 
",..,དགེ་སློང་མ་རབ་ཏུ་མང་པོ་དག་གྲོང་དམ་གྲོང་རྡལ་ཞིག་ན་ཉེ་བར་བརྟེན་ཅིག་གནས་པར་གྱུར་པ་དེ་དག་ཀྱང་ཁྱིམ་སུན ༼༧༽ འབྱིན་པ་སྡིག་པའི་ཆོས་ཀུན་ཏུ་སྦྱོད་པར་གྱུར་ཅིག་དེ་དག་གིས་ཁྱིམ་དག་སུན་འབྱིན་པར་མཐོང་ངམ་། ཐོས་སམ་། རབ་ཏུ་ཤེས་སམ་། དེ་དག་སྡིག་པ་ཀུན་ཏུ་སྤྱོད་པར་མཐོང་ངམ་། ཐོས་སམ་། རབ་ཏུ་ཤེས་ན་དགེ་སློང་མ་དེ་དག་ལ་དགེ་སློང་མ་རྣམས་ཀྱིས་འདི་སྐད་ཅེས་འཕགས ༼༩ཨ༡༽ མ་དག་ཁྱེད་ཁྱིམ་སུན་འབྱིན་པ་སྡིག་པའི་ཆོས་ཀུན་ཏུ་སྤྱོད་པ་དག་ཡིན་ཏེ་། ཁྱེད་ཀྱིས་ཀྱིམ་དག་གི་སུན་ཕྱུཨུང་བར་མཐོང་ཞིག་ཐོས་ལ་རབ་ཏུ་ཤེས་། ཁྱེད་སྡིག་པ་ཀུན་ཏུ་སྦྱོད་པར་ཡང་མཐོང་ཞིག་ཐོས་ལ་རབ་ཏུ་ཤེས་ཀྱིས་༎ འཕགས་མ་དག་ཁྱེད་འདི་ན་གནས་པས་ཆོག ༼༢༽ གིས་གནས་འདི་ནས་དེང་ཤིག་ཅེས་བསྒོ་བར་བྱའོ་༎ གལ་ཏེ་དེ་དག་དགེ་སློངམ་རྣམས་ལ་འདི་སྐད་ཅེས་འཕགས་མ་དག་འདི་ན་དགེ་སློང་མ་ཁ་ཅིག་འདུན་པས་འགྲོ་བ་། ཞེ་སྡང་གིས་འགྲོ་བ་། གཏི་མུག་གིས་འགྲོ་བ་། འཇིགས་པས་འགྲོ་བ་དག་ཡིན་ཏེ་། འདི་ལྟར་ལྟུང ༼༣༽ བ་འདྲ་བ་ཁོ་ན་ལས་དགེ་སློང་མ་ཁ་ཅིག་ནི་སྐྲོད་པར་བྱེད་། ཁ་ཅིག་ནི་སྐྲོད་པར་མི་བྱེད་དེ་ཞེས་ཟེར་ན་དགེ་སློང་དེ་དག་ལ་དགེ་སློང་མ་རྣམས་ཀྱིས་འདི་སྐད་ཅེས་འཕགས་མ་ཁྱེད་དེ་སྐད་ཅེས་འཕགས་མ་དག་འདི་ན་དགེ་སློང་མ་ཁ་ཅིག་འདུན་པས་འགྲོ་བ་། ཞེ་སྡང་གིས་འགྲོ་བ་། གཏི ༼༤༽ མུག་གིས་འགྲོ་བ་། འཇིགས་པས་འགྲོ་བ་དག་ཡིན་ཏེ་། འདི་ལྟར་ལྟུང་བ་འདྲ་བ་ཁོ་ནལ་དགེ་སློང་མ་ཁ་ཅིག་ནི་སྒྲོད་པར་བྱེད་ཁ་ཅིག་ནི་སྐྲོད་པར་མི་བྱེད་དོ་ཞེས་མ་ཟེར་ཅིག་། དེ་ཅིའི་ཕྱིར་ནེ་ན་། དགེ་སློང་མ་དེ་དག་ནི་འདུན་པས་འགྲོ་བ་མ་ཡིན་། ཞེ་སྡང་གིས་འགྲོ་བ་མ་ཡིན་། ༼༥༽ གཏི་མུག་གིས་འགྲོ་བ་མ་ཡིན་། འཇིགས་པས་འགྲོ་བ་མ་ཡིན་གྱི་། འདི་ལྟར་འཕགས་མ་དག་ཉིད་ཀྱིམ་སུན་འབྱིན་པ་སྡིག་པའི་ཆོས་ཀུན་ཏུ་སྦྱོད་པ་ངག་ཡིན་ཏེ་། ཁྱེད་ཀྱིས་ཁྱིམ་དག་སུན་ཕྱུང་ཡང་མཐོང་ཞིང་ཐོས་ལ་རབ་ཏུ་ཤེས་། ཁྱེད་སྡིག་པ་ཀུན་ཏུ་སྤྱོད་པར་ཡང ༼༦༽ མཐོང་ཞིང་ཐོས་ལ་རབ་ཏུ་ཤེས་པའི་ཕྱིར་ཏེ་། འཕགས་མ་དག་འདུན་པས་འགྲོ་བ་ཞེས་བྱ་བའི་ཚིག་གི་ལམ་དང་། ཞེ་སྡང་གིས་འགྲོ་བ་། གཏི་མུག་གིས་འགྲོ་བ་། འཇིགས་པས་འགྲོ་བ་ཞེས་བྱ་བའི་ཚིག་གི་ལམ་འདི་ལྟ་བུ་འདི་ཐོང་ཤིག་ཅེས་བསྒོ་བར་བྱའོ་༎ དགེ་སློང་མ་དེ་དག ༼༧༽ ལ་དགེ་སློང་མ་རྣམས་ཀྱིས་དེ་སྐད་བསྒོ་བ་ན་གལ་ཏེ་གཞི་དེ་གཏོང་ན་དེ་ལྟ་ན་ལེགས་། གལ་ཏེ་མི་གཏོག་ན་གཞི་དེ་གཏོང་བར་བྱ་བའི་ཕྱིར་ལན་གཉིས་ལན་གསུམ་དུ་ཡང་དག་པར་བསྒོ་བར་བྱ་། ཡང་དག་པར་བསྟན་པར་བྱའོ་༎ ལན་གཉིས་ལན་གསུམ་དུ་ཡང་དག་པར་བསྒོ་། ཡང་དག་པར ༼༩བ༡༽ བསྟན་པ་ན་གཞི་དེ་གཏོང་ན་དེ་ལྟ་ན་ལེགས་། གལ་ཏེ་མི་གཏོང་ན་ཆོས་འདི་ཡང་ལན་གསུམ་གྱི་བར་གྱིས་ལྟུང་བར་འགྱུར་ལ་འབྱུང་བ་དང་བཅས་པ་སྟེ་དགེ་འདུན་ལྷག་མའོ་༎
b101bda70a80411eb02ade20febff06f,"ṃghāvaśeṣa 20: 
",..,འདི་ན་དགེ་སློང་མ་འགའ་ཞིག་བཀའ་བློ་མི་བདེ་བའི་རང་བཞིན་ཅ་ན་དུ་གྱུར་ལ་། དེ་ལ་དགེ་སློང་མ་རྣམས ༼༢༽ ཀྱིས་གདོན་པར་གཏོགས་པའི་བསླབ་པའི་གཞི་རྣམས་དང་། བདེ་བར་གཤེགས་པའི་མདོར་གཏོགས་པ་རྣམས་ཀྱིས་ཆོས་དང་མཐུན་པ་དང་། འདུལ་བ་དག་མཐུན་པར་སྨྲ་བ་ན་། འཕགས་མ་དག་ཁྱེད་ཅག་དགེ་ཡང་རུང་སྡིག་ཀྱང་རུང་བདག་ལ་ཅི་ཡང་མ་སྨྲ་ཤིག་། བདག ༼༣༽ ཀྱང་དགེ་ཡང་རུང་སྡིག་ཀྱང་རུང་འཕགས་མ་དག་ལ་ཅི་ཡང་མི་སྨྲའོ་༎ འཕགས་མ་དག་གིས་བདག་ལ་ཚིག་གིས་ལམ་འདི་ཐོང་ཤིག་། ཁྱེད་ལ་ཡང་བདག་གིས་སྨྲས་པས་ཅི་ཞིག་བྱ་ཞེས་བདག་ནིད་བརྗོད་པར་བྱ་བ་མ་ཡིན་པར་བྱེད་ན་དགེ་སློང་མ་དེ་ལ་དགེ་སློང་མ་རྣམས ༼༤༽ ཀྱིས་འདི་སྐད་ཅེས་འཕགས་མ་ཁྱོད་དགེ་སློང་མ་རྣམས་གདོན་པར་གཏོགས་པའི་བསླབ་པའི་གཞི་རྣམས་དང་། བདེ་བར་གཤེགས་པའི་མདོར་གཏོགས་པ་རྣམས་ཀྱི་ཆོས་དང་མཐུན་པ་དང་། འདུལ་བ་དང་མཐུན་པར་སྨྲས་པ་ན་བདག་ཉིད་བརྗོད་པར་བྱ་བ་མ་ཡིན་པར་མ་བྱེད་པར ༼༥༽ འཕགས་མས་བདག་ཉིད་བརྗོད་པར་བྱ་བ་ཁོ་ནར་གྱིས་ཤིག་དགེ་སློང་མ་རྣམས་ཀྱིས་འཕགས་མ་ལ་ཆོས་དག་མཐུན་པ་དང་། འདུལ་བ་དང་མཏུན་པར་སྨྲས་པ་ན་འཕགས་མ་ཡང་དགེ་སློང་མ་རྣམས་ལ་ཆོས་དང་མཐུན་པ་དང་། འདུལ་བ་དང་མཐུན་པར་སྨྲོས་ཤིག་། འདི་ལྟ་སྟེ་། གཅིག ༼༦༽ ལ་གཅིག་ལ་གཅིག་བརྗོད་པར་བྱ་བ་ཉིད་དུ་བྱེད་པ་དང་། གཅིག་ལ་གཅིག་འདོམས་ཤིག་རྗེས་སུ་སྟོན་པ་དང་། གཅིག་གིས་གཅིག་ལྟུང་བ་ལས་སློང་བ་ཉིད་དེ་ལྟ་བུས་བཅོམ་ལྡན་འདས་དེ་བཞིན་གཤེགས་པ་དགྲ་བཅོམ་པ་ཡང་དག་པར་རྗོགས་པའི་སངས་རྒྱས་དེའི་འཁོར་འདི་འཕེལ་བར ༼༧༽ འགྱུར་གྱིས་། འཕགས་མ་ཁྱོད་བདག་ཉིད་བརྗོད་པར་བྱ་བ་མ་ཡིན་བར་བྱེད་པའི་ལས་ཀྱི་མཐའ་འདི་ལྟ་བུ་འདི་ཐོང་ཤིག་ཅེས་བསྒོ་བར་བྱའོ་༎ དགེ་སློང་མ་དེ་ལ་དགེ་སློང་མ་རྣམས་ཀྱིས་དེ་སྐད་བསྒོ་བ་ན་གལ་ཏེ་གཞི་དེ་གཏོང་ན་དེ་ལྟ་ན་ལེགས་། གལ་ཏེ་མི་གཏོང་ན་གཞི་དེ ༼༡༠ཨ༡༽ གཏོང་བར་བྱ་བའི་ཕྱིར་ལན་གཉིས་ལན་གསུམ་དུ་ཡང་དག་པར་བསྒོ་བར་བྱ་། ཡང་དག་པར་བསྟན་པར་བྱའོ་༎ ལན་གནིས་ལན་གསུམ་དུ་ཡང་དག་པར་བསྒོ་། ཡང་དག་པར་བསྟན་པ་ན་གཞི་དེ་གཏོང་ན་དེ་ལྟ་ན་ལེགས་། གལ་ཏེ་མི་གཏོང་ན་ཅོས་འདི་ཡང ༼༢༽ ལན་གསུམ་གྱི་བར་གྱིས་ལྟུང་བར་འགྱུར་ལ་འབྱུང་བ་དང་བཅས་པ་སྟེ་དགེ་འདུན་ལྷག་མའོ་༎
1add24df930b49b9a33c7ceb3239629d,"rmula  .  . 
",..  ..  ..,འཕགས་མ་དག་བདག་གིས་དགེ་འདུན་ལྷག་མའི་ཆོས་ཉི་ཤུ་པོ་དག་བཏོན་ཟིན་ཏོ་༎ དེ་དག་ལས་བཅུ་གཉིས་ནི་ལྟུང་བ་དང་པོ་ཉདི་ཀྱིས་སོ་༎ བརྒྱད་ནི་ལན་གསུམ་གྱི་བར་གྱིས ༼༣༽ སོ་༎ དགེ་སློང་མས་དེ་དག་ལས་ལྟུང་བ་གང་ཡང་རུང་བ་ཞིག་བྱས་ལ་ཇི་སྲིད་དུ་ཤེས་བཞིན་དུ་འཆབ་པར་བྱེད་པ་དེ་སྲིད་དུ་དེ་མི་འདོད་བཞིན་དུ་སྤོ་བ་བྱའོ་༎ དགེ་སློང་མས་མི་འདོད་བཞིན་དུ་སྤོ་བ་བྱས་ནས་དེའི་འོག་ཏུ་ཟླ་བ་ཕྱེད་ཀྱི་བར་དུ་གཉི་གའི་དགེ་འདུན་མགུ་བར་བྱ་བ་སྦྱང་པར ༼༤༽ བྱའོ༈་། དགེ་སློང་མས་མགུ་བར་བྱ་བ་སྦྱང་ནས་དབྱུང་བ་ལ་ཐོགས་ཏེ་ཆོས་དང་མཐུན་པར་བྱས་ལ་གཉི་གའི་སེམས་མགུ་བར་བྱས་ནས་གང་ན་གཉི་གའི་དགེ་འདུན་བཞི་བཅུའི་ཚོགས་ཡོད་པ་དེར་དགེ་སློང་མ་དབྱུང་བར་བྱའོ་༎ གཉི་གའི་དགེ་འདུན་བཞི་བཅུར་གཅིག་གིས་མ ༼༥༽ ཚང་བའི་ཚོགས་ཀྱིས་དགེ་སློང་མ་དེ་འབྱིན་པར་བྱེད་ན་དགེ་སློང་མ་དེ་ཡང་མ་ཕྱིན་མ་། གཉི་གའི་དགེ་འདུན་དེ་དག་ཀྱང་སྨད་པར་བྱ་བ་ཡིན་ཏེ་། དེ་ལ་དེ་ནི་ཆོ་ག་ཡིན་ནོ་༎ དེ་ལ་བདག་གིས་འཕགས་མ་དག་ལ་ཅི་འདི་ལ་ཁྱེད་ཡོངས་སུ་དག་གམ་ཞེརས་དྲི་བར་བྱའོ་༎ ཅི་འདི ༼༦༽ ལ་ཁྱེད་ཡོངས་སུ་དག་གམ་ཞེས་ལན་གཉིས་ལན་གསུམ་དུ་དྲིའོ་༎ འདི་ལ་འཕགས་མ་དག་ཡོངས་སུ་དག་ན་འདི་ལྟར་ཅང་མི་སྨྲ་བས་དེ་དེ་བཞིན་དུ་འཛིན་ཏོ་༎ ༎
085e70605e22462982c5aff8bcf274f2,"iḥsargika 1: 
",..,-
7b6356164de6458c9ef2dc1348fe2601,"
",..,སྡོམ་ལ་།འཆང་བ་འབྲལ་བ་འཇོག་པ་དང་༎འཁྲུ་བ་དང་ནི་ལེན་པ་དང་༎སློང་དང་སྟོད་གཡོགས་སྨད ༼༧༽ གཡོགས་བཅས་༎རིན་ཐང་སོ་སོར་བསྐུར་བའོ་༎
cb37cd079b744bb49177a0c354e3c5f2,"
",..,འཕགས་མ་དག་སྤང་བའི་ལྟུང་བྱེད་ཀྱི་ཆོས་སུམ་བཅུ་རྩ་གསུམ་པོ་འདི་དག་ནི་ཟླ་བ་ཕྱེད་ཕྱེད་ཅིང་སོ་སོར་ཐར་པའི་མདོ་གདོན་པ་ལས་འབྱུང་ངོ་༎
035616ae2c2b437582ecc3deb229371f,"iḥsargika 1: 
",..,དགེ་སློང་མ་ཆོས་གོས་ཟིན་པས་སྲ་བརྐྱང་ཕྱུང་ནས་ཞག་བཅུའི་བར་དུ་གོས་ལྷག་པ་རུང༼༡༠བ༡༽ བ་མ་བྱས་པ་བཅང་བར་བྱའོ་༎ དེ་ལས་ལྷག་པར་འཆང་ན་སྤང་བའི་ལྟུང་བྱེད་དོ་༎
b450bfd90dc04fd58798b776883ff34f,"iḥsargika 2: 
",..,དགེ་སློང་མ་ཆོས་གོས་ཟིན་པས་སྲ་བརྐྱང་ཕྱུང་ན་གལ་ཏེ་ནུབ་གཅིག་ཀྱང་ཆོས་གོས་ལྔ་ལས་གང་ཡང་རུང་བ་དང་མཚམས་ཀྱི་ཕྱི་རོལ་དུ་འབྲ་བར་ཕྱེད་ན་དགེ་འདུན་གྱིས་གནང་བ་མ་གཏོགས་ཏེ ༼༢༽ སྤང་བའི་བའི་ལྟུང་བྱེད་དོ་༎
2b773ab559884421ab5812176b623efc,"iḥsargika 3: 
",..,དགེ་སློང་མས་ཆོས་གོས་ཟིན་པས་སྲ་བརྐྱང་ཕྱུང་ནས་དུས་མ་ཡིན་པའི་གོས་སིག་རྙེད་ལ་འདོད་ན་དགེ་སློང་མ་དེས་གོས་བླང་བར་བྱའོ་༎ བླངས་ནས་གལ་ཏེ་ལངས་ན་མྱུང་བ་ཁོ་ནར་གོས་སུ་བྱས་ཏེ་བཅང་བར་བྱའོ་༎ གལ་ཏེ་མི་ལངས་ན་ཁ་མ་ལགས་པ ༼༣༽ ཁ་སྐོང་བའི་གོས་ལ་རེ་བ་ཡོད་ན་དགེ་སློང་མ་དེས་གོས་དེ་ཟླ་བ་གཅིག་གི་མཐར་གཞག་བར་བྱའོ་༎ དེ་ལས་འདས་པར་འཇོག་ན་སྤང་བའི་ལྟུང་བྱེད་དོ་༎
a24c2221b2a34c81a1828d48db1acf9c,"iḥsargika 4: 
",..,ཡང་དགེ་སློང་མ་གང་དགེ་སློང་ཉེ་དུ་མ་ཡིན་པའི་གོས་རྙིང་པ་འཁྲུའམ་། འཆོད་དམ་། འཆག་ན་སྤང་བའི་ལྟུང་བྱེད་དོ་༎
54b541368dd244f0b3baf363ed22b90b,"iḥsargika 5: 
",..,༼༤༽ ཡང་དགེ་སློང་མ་གང་དགེ་སློང་ཉེ་དུ་མ་ཡིན་པ་ལས་གོས་ལེན་ན་བརྗེ་བམ་གཏོགས་ཏེ་སྤང་བའི་ལྟུང་བྱེད་དོ་༎
ed0dcb2f50c9473fa8c0c6d982632c26,"iḥsargika 6: 
",..,ཡང་དགེ་སློང་མ་གང་ཁྱིམ་བདག་གམ་ཁྱིམ་བདག་གི་ཆུང་བ་ཉེ་དུ་མ་ཡིན་པའི་གན་དུ་སོང་སྟེ་གོས་སློང་ན་དུས་མ་གཏོགས་ཏེ་སྦང་བའི་ལྟུང་བྱེད་དོ་༎
e79616693c894a7a8a562081b7d5e10b,"iḥsargika 7: 
",..,དེ་ལ་དུས་ནི་འདི ༼༥༽ ཡིན་ཏེ༈་དགེ་སློང་མ་གོས་ཕྲོགས་སམ་། གོས་བརླག་གམ་། གོས་ཚིག་གམ་། གོས་རླུང་གིས་ཁྱེར་རམ་། གོས་ཆུས་ཁྱེར་ན་དེ་ནི་དུས་ཡིན་ནོ་༎ དགེ་སློང་མ་གོས་ཕྲོགས་སམ་། གོས་བརླག་གམ་། གོས་ཚིག་གམ་། གོས་རླུང་གིས་ཁྱེར་རམ་། གོས་ཆུས་ཁྱེར ༼༦༽ ན་། ཁྱིམ་བདག་གམ་ཁྱིམ་བདག་གི་ཆུང་མ་ཉེ་དུ་མ་ཡིན་པའི་གན་དུ་སོང་ལ་བསླང་བར་བྱའོ་༎ གལ་ཏེ་དེ་ལ་བྲམ་ཟེའམ་ཁྱིམ་བདག་དད་པ་ཅན་ཞིག་གིས་གོས་མང་པོ་སྟོབས་ལ་འདོད་ན་དགེ་སློང་མ་དེ་ས་དེ་ལས་གོས་སྟོད་གཡོགས་དང་སྨད་གཡོགས་དང་བཅས་པའི་མཐར་ཐུག་པ་བླང་བར ༼༧༽ བྱའོ༈་། དེ་ལས་ལྷག་པར་ལེན་ན་སྤང་བའི་ལྟུང་བྱེད་དོ་༎
3c1e3357f5a1492fa76f5355f7d9fe58,"iḥsargika 8: 
",..,དགེ་སློང་མའི་ཕྱིར་ཁྱིམ་བདག་གམ་། ཁྱིམ་བདག་གི་ཆུང་མ་ཉེ་དུ་མ་ཡིན་པས་གོས་ཀྱི་རིན་འདི་དག་སྤགས་ནས་བདག་གིས་གོས་ཀྱི་རིན་འདི་དག་གིས་གོས་འདི་དང་འདི་ལྟ་བུ་ཞིག་ཉོས་ལ་། དགེ་སློང་མ་མིང་འདི་ཞེས་བྱ་བ་འོངས ༼༡༡ཨ༡༽ པ་དང་༈་དེ་ལ་གོས་རུང་བ་དུས་སུ་བསྐོན་ནོ་སྙམ་པ་ལས་དེ་ནས་གལ་ཏེ་དགེ་སློང་མ་དེ་ལས་སྔར་མ་བསྟབས་པར་རྣམ་པར་རྟོག་པ་འགའ་ཞིག་བྱུང་སྟེ་། བཟང་པོ་འདོད་པའི་ཕྱིར་ཁྱིམ་བདག་གམ་ཁྱིམ་བདག་གི་ཆུང་མ་ཉེ་དུ་མ་ཡིན་པའི་གན་དུ་སོང་ནས་འདི་སྐད་ཅེས་ཚེ ༼༢༽ དང་ལྡན་པས་བདག་གི་གོས་ཀྱི་རིན་དག་སྤངས་པའི་གོས་ཀྱི་རིན་དེ་དག་གིས་ཚེ་དང་ལྡན་པ་གོས་འདི་དང་འདི་ལྟ་བུ་ཞིག་ཉོས་ལ་བདག་ལ་གོས་རུང་བ་དུས་སུ་སྐོན་ཅིག་ཅེས་སྨྲས་ཏེ་གོས་གྲུབ་ན་སྤང་བའི་ལྟུང་བྱེད་དོ་༎
816f2f157be14bd0bf2252aa91191102,"iḥsargika 9: 
",..,དགེ་སློང་མའི་ཕྱིར་ཁྱི་མ་བདག་གམ་ཁྱིམ་བདག་གི་ཆུང་མ་ཉེ་དུ་མ་ཡིན ༼༣༽ པས་གོས་ཀྱི་རིན་སོ་སོ་བདག་སྦགས་ནས་བདག་ཅག་གཉིས་ཀྱིས་གོས་ཀྱི་རིན་སོ་སོ་བ་འདི་དག་གིས་གོས་འདི་དང་འདི་ལྟ་བུ་སོ་སོ་བ་འདི་དག་ཉོས་ལ་དགེ་སློང་མ་མིང་འདི་ཞེས་བྱ་བ་འོངས་པ་དག་བདག་ཅག་གཉིས་ཀྱིས་སོ་སོ་ནས་དེ་ལ་གོས་རུང་བ་དུས་སུ་བསྐོན་ནོ་སྙམ་པ་ལས་། དེ་ལ ༼༤༽ གལ་ཏེ་དགེ་སློང་མ་དེ་ལ་སྔར་མ་བསྟབས་པར་རྣམ་པར་རྟོག་པ་འགའ་ཞིག་བྱུང་སྟེ་། བཟང་པོ་འདོད་པའི་ཕྱིར་ཁྱིམ་བདག་གམ་ཁྱིམ་བདག་གི་ཆུང་མ་ཉེ་དུ་ཡིན་པའི་གན་དུ་སོང་ནས་འདི་སྐད་ཅེས་ཆོ་དང་ལྡན་པ་དག་གིས་བདག་གི་ཕྱིར་གོས་ཀྱི་རིན་སོ་སོ་བ་གང་དག་སྤགས་པའི་གོས ༼༥༽ ཀྱི་རིན་སོ་སོ་བ་འདི་དག་གིས་ཚེ་དང་ལྡན་པ་དག་གོས་འདི་དང་འདི་ལྟ་བུ་སོ་སོ་བ་དག་ཉོས་ལ་གཉི་ག་འདུས་ཏེ་བདག་ལ་གོས་རུང་བ་ཅིག་དུས་སུ་ལེགས་པར་སྐོན་ཅིག་ཅེས་སྨྲས་ཏེ་གོས་གྲུབ་ན་སྤང་བའི་ལྟུང་བྱེད་དོ་༎
3f305b80079143a0ac47bb89702e2cb5,"iḥsargika 10: 
",..,དགེ་སློང་མའི་ཕྱིར་རྒྱལ་པོའམ་། བློན་པོ་ཆེན་པོའམ་། བྲམ་ཟེའམ ༼༦༽ ཁྱིམ་བདག་གམ་། གྲོང་རྡལ་གྱི་མིའམ་། ཡུལ་གྱི་མིའམ་། ནོར་ཅན་ནམ་། ཚོག་དཔོན་ནམ་། དེད་དཔོན་གྱི་ཕོ་ཉའི་ལག་ཏུ་གོས་ཀྱི་རིན་དག་བསྐུར་བར་གྱུར་ལ་། དེ་ལས་ཕོ་ཉ་དེས་གོས་ཀྱི་རིན་དེ་དག་ཁྱེར་ནས་དགེ་སློང་མ་ག་ལ་བ་དེར་སོང་སྟེ་། དགེ་སློང་མ་དེ་ལ་འདི་སྐད་ཅེས ༼༧༽ འཕགས་མ་མཁྱེན་པར་མཛོད་ཅིག་། ཁྱོད་ལ་རྒྱལ་པོའམ་། བློན་པོ་ཆེན་པོའམ་། བྲམ་ཟེའམ་། ཁྱིམ་བདག་གམ་། གྲོང་རྡལ་གྱི་མིའམ་། ཡུལ་གྱི་མིའམ་། ནོར་ཅན་ནམ་། ཚོག་དཔན་ནམ་། དེད་དཔོན་ནམ་། དེད་དཔོན་ཆེ་གེ་མོས་གོས་ཀྱི་རིན་འདི་དག་བསྐུར་གྱིས ༼༡༡བ༡༽ འཕགས་མ་ཐུགས་བརྩེ་བའི་སླད་དུ་དེ་དག་བཞེས་ཤིག་ཅེས་ཟེར་ན་། དགེ་སློང་མ་དེས་ཕོ་ཉ་དེ་ལ་འདི་སྐད་ཅེས་ཚེ་དང་ལྡན་པ་ཕོ་ཉ་དགེ་སློང་མ་དག་ནི་གོས་ཀྱི་རིན་དག་ལེན་དུ་མི་རུང་སྟེ་། བདག་ཅག་གོས་རུང་བ་དུས་སུ་རྙེད་ན་ལེན་ཏོ་ཞེས་བརྗོད་པར་བྱའོ་༎ གལ་ཏེ་ཕོ་ཉད ༼༢༽ དགེ་སླང་མ་དེ་ལ་འདི་སྐད་ཅེས་འཕགས་མ་རྣམས་ཀྱི་ཞལ་ཏ་བགྱིད་པ་འཕགས་མ་རྣམས་ཀྱི་ཞལ་ཏ་ཉམས་སུ་ལེན་པ་གང་ལགས་པ་འགའ་མཆིས་སམ་ཞེས་ཟེར་ན་། དགེ་སློང་མ་གོས་འདོད་པས་ཕོ་ཉ་འདི་ནི་དགེ་སློང་མ་རྣམས་ཀྱི་ཞལ་ཏ་བྱེད་པ་སྟེ་། འདི་ནི་དགེ་སློང་མ ༼༣༽ རྣམས་ཀྱི་ཞལ་ཏ་ཉམས་སུ་ལེན་པའོ་ཞེས་ཀུན་དགའ་ར་པའམ་། དགེ་བ་སྙེན་ཞལ་ཏ་བྱེད་པ་བསྟན་པར་བྱའོ་༎ དེ་ནས་ཕོ་ཉ་དེས་གོས་ཀྱི་རིན་དག་ཁྱེར་ནས་ཞལ་ཏ་བྱེད་པ་ག་ལ་བ་དེར་འགྲོ་བར་བྱ་ཞིང་ཕྱིན་ནས་ཞལ་ཏ་བྱེད་པ་ག་ལ་བ་དེར་འགྲོ་བར་བྱ་ཞིང་ཕྱིན་ནས་ཞལ་ཏ་བྱེད་པ་དེ་ལ་འདི་སྐད་ཅེས་ཚེ་དང་ལྡན་པ་ཞལ་ཏ་བྱེད་པ་ཤེས ༼༤༽ ། པར་གྱིས་ཤིག་། ཁྱེད་ཀྱིས་གོས་ཀྱི་རིན་འདི་དག་གིས་གོས་འདི་དག་འདི་ལྟ་བུ་ཞིག་ཉོས་ལ་དགེ་སློང་མ་མིང་འདི་ཞེས་བྱ་བ་འོངས་པ་དང་། དེ་ལ་གོས་རུང་བ་དུས་སུ་རུང་བ་དུས་སུ་སྐོན་ཅིག་ཅེས་བརྗོད་པར་བྱའོ་༎ དེ་ནས་ཕོ་ཉ་དེས་ཞལ་ཏ་བྱེད་བ་དེ་ལ་ཤིན་ཏུ་ལེགས་པར་ཡང་དག་པར་བསྒོ ༼༥༽ ཞིང་ཡང་དག་པར་བསྟན་ནས་། དགེ་སློང་མ་ག་ལ་བ་དེར་འགྲོ་བར་བྱ་ཞིང་ཕྱིན་ནས་དགེ་སློང་མ་དེ་ལ་འདི་སྐད་ཅེས་། འཕགས་མས་ཞལ་ཏ་བགྱིད་པ་བསྟན་པ་གང་ལགས་པ་དེ་ལ་བདག་གིས་ཡང་དག་པར་བསྟན་ལགས་ཀྱིས་དེའི་གན་དུ་བཞུད་ཅིག་དང་། དེས་ཁྱོད་ལ ༼༦༽ གོས་རུང་བ་དུས་སུ་སྐོན་པར་འགྱུར་རོ་ཞེས་བརྗོད་པར་བྱའོ་༎ དགེ་སློང་མ་གོས་འདོད་པས་ཞལ་ཏ་བྱེད་པའི་གན་དུ་སོང་ལ་ཚེ་དང་ལྡན་པ་ཞལ་ཏ་བྱེད་པ་བདག་གོས་འདོད་དོ་༎ ཚེ་དང་ལྡན་པ་ཞལ་ཏ་བྱེད་པ་བདག་གོས་འདོད་དོ་༎ ཞེས་ལན་གཉིས་ལན་གསུམ་དུ་བསྐུལ་བར ༼༧༽ བྱ་དྲན་ཕར་བྱའོ་༎ ལན་གཉིས་ལན་གསུམ་དུ་བསྐུལ་ཞིང་དྲན་པར་བྱུས་པ་ན་གལ་ཏེ་གོས་དེ་གྲུབ་ན་དེ་ལྟ་ན་ལེགས་། གལ་ཏེ་མ་གྲུབ་ན་ལན་བཞི་ལན་ལྔ་ལན་དྲུག་གི་བར་དུ་ཕྱོགས་སུ་ཅང་མི་སྨྲ་བར་བསྡང་པར་བྱའོ་༎ ལན་བཞི་ལན་ལྡ་ལན་དྲུག་གི་བར་དུ་ཕྱོགས་སུ་ཅད ༼༡༢ཨ༡༽ མི་སྨྲ་པར་བསྡད་པ་ན་གལ་ཏེ་གོས་གྲུབ་ན་དེ་ལྟ་ན་ལེགས་། གལ་ཏེ་མ་གྲུབ་ན་དེའི་འོག་ཏུ་གོས་སྒྲུབ་པའི་ཕྱིར་རྩལ་ཏེ་གོས་གྲུབ་ན་སྤང་བའི་ལྟུང་བྱེད་དོ་༎
35713656863d40f39c427848185fd8e5,"iḥsargika 11: 
",..,གལ་ཏེ་མ་གྲུབ་ན་ཕྱོགས་གང་ན་གོས་ཀྱི་རི་དེ་དག་འོངས་པ་དེར་བདག་འགྲོ་བར་བྱའོ་༎ ཡང་ན ༼༢༽ ཡིད་བརྟན་པའི་ཕོ་ཉ་ལས་ཚེ་དང་ལྡན་པ་དག་གིས་དགེ་སློང་མ་ཆེ་གེ་མོའི་ཕྱིར་གོས་ཀྱི་རིན་བསྐུར་བ་དེ་དག་ནི་དགེ་སློང་མ་དེའི་དོན་ཅི་ཡག་མ་གྲུབ་ཀྱིས་ཤེས་པར་གྱིས་ཤིག་། ཚེ་དང་ལྡན་པ་དག་གིས་རང་གི་ནོར་ཆུད་མ་གསན་ཅིག་ཅེས་སྤྲིང་བར་བྱ་སྟེ་། དེ་ལ་དེ་ནི་ཆོ་ག་ཡིན་ནོ་༎ ༎
eb4a1e9ee3944ab9b76e5473fd7f60e2,"
",..,༼༣༽ སྡོམ་ལ་།གསེར་དངུལ་མངོན་ཚན་ཉོ་ཚོང་དང་༎ཚོལ་དང་འཐག་པ་སྐྱེད་པ་དང་༎བྱིན་ཕྲོགས་བསྔོས་དང་གསོག་འཇོག་དང་༎འཆང་དང་བྱིན་གྱིས་མི་རློབ་པའོ་༎
122511d2bf62427d9108b8735b497898,"iḥsargika 12: 
",..,ཡང་དགེ་སློང་མ་གང་རང་གི་ལག་གིས་གསེར་དང་དངུལ་ལེན་ཏམ་ལེན་དུ་འཇུག་ན་སྤང་བའི་ལྟུང་བྱེད ༼༤༽ དོ་༎
a6059cb0c6a241d2a782e3c04305626e,"iḥsargika 13: 
",..,ཡང་དགེ་སློང་མ་གང་མངོན་ཚན་ཅན་གྱི་སྤྱོད་པ་སྣ་ཚོགས་བྱེད་ན་སྤང་བའི་ལྟུང་བྱེད་དོ་༎
2e81b81f4507459890e5b9abee0a681b,"iḥsargika 14: 
",..,ཡང་དགེ་སློང་མ་གང་ཉོ་ཚོང་རྣམ་པ་སྣ་ཚོགས་བྱེད་ན་སྦང་བའི་ལྟུང་བྱེད་དོ་༎
428051a0eb9140ba90fa9386b41cd213,"iḥsargika 15: 
",..,ཡང་དགེ་སློང་མ་གང་ལྷུང་བཟེད་ལྷན་པ་ལྔ་མེད་པ་སྤྱད་བཟོད་པ་ཡོད་བཞིན་དུ་བཟང་པོ་འདོད་པའི་ཕྱིར་ལྟུང་བཟེད ༼༥༽ གསར་པ་གཞན་ཚོལ་ཞིང་གྲུབ་ན་སྤང་བའི་ལྟུང་བྱེད་དོ་༎
f600307de48a4dd7a62d1fd426eac430,"iḥsargika 16: 
",..,ཡང་དགེ་སློང་མ་དེས་ལྟུང་བཟེད་དེ་དགེ་སློང་མའི་འཁོར་ལ་དབུལ་བར་བྱའོ་༎ དགེ་སློང་མ་འཁོར་དེའི་ལྟུང་བཟེད་མཐར་གྱུར་པ་གང་ཡིན་པ་དེ་དགེ་སློང་མ་དེ་ལ་དགེ་སློང་མ་ཁྱོད་ཀྱིས་ལྷུང་བཟེད་འདི་བྱིན་གྱིས་བརླབ་པར ༼༦༽ མི་བྱ་། གཏད་པར་མི་བྱ་། གཞན་ལ་སྦྱིན་པར་མི་བྱ་བར་ཆག་པའི་མཐར་ཐུག་པའི་བར་དུ་ཁང་ཀྱིས་དལ་བུ་དལ་བུས་སྤྱད་པར་བྱའོ་ཞེས་སྦྱིན་པར་བྱ་སྟེ་། དེ་ལ་དེ་ནི་ཆོ་ག་ཡིན་ནོ་༎ ཡང་དགེ་སློང་མ་གང་རང་གིས་བླངས་པའི་དོག་པ་ཐ་ག་པ་ཉེ་དུ་མ་ཡིན་པ་ལ་འཐག་ཏུ་བཅུག་ནས་གོས ༼༧༽ ཐུབ་ན་སྤང་བའི་ལྟུང་བྱེད་དོ་༎
31cd20f7074a4ef8ba7a76a78aacf14b,"iḥsargika 17: 
",..,དགེ་སློང་མའི་ཕྱིར་ཁྱིམ་བདག་གམ་ཁྱིམ་བདག་གི་ཆུང་མ་ནེ་དུ་མ་ཡིན་པས་ཐ་ག་པ་ཉེ་དུ་མ་ཡིན་པ་ལ་འཐག་ཏུ་བཅུག་པ་ལས་དེ་ལ་གལ་ཏེ་དགེ་སློང་མ་དེ་ལ་སྒྲ་མ་བསྟབས་པར་རྣམ་པར་རྟོག་པ་འགའ་ཞིག་བྱུང་ནས་ཐག་བ་ཉེ་དུ་མ་ཡིན་པའི་གན་དུ་སོང་སྟེ ༼༡༢བ༡༽ འདི་སྐད་ཅེས་ཚེ་དང་ལྡན་པ་ཐ་ག་པ་ཤེས་པར་གྱིས་ཤིག་། གོས་འདི་ཁོ་མོའི་ཕྱིར་འཐང་གིས་ཚེ་དང་ལྡན་པ་ཐ་ག་པ་གོས་འདི་ཞེད་ཆེ་བ་དང་། ཁྲུན་རིག་བ་དང་། ཐཪ་གྱིས་ཞག་པ་དང་། ཐག་རན་བཟང་བ་ལེགས་པར་གྱིས་ཤིག་། ཚེ་དང་ལྡན་པ་ཐག་པ་ཁོ་མོས་གླ་རྡན་འདི ༼༢༽ ལྟ་སྟེ༈་བཟའ་བའམ་བཅའ་བའམ་། བཟའ་རྒྱུ་ཅུང་ཟད་སྤྱིན་ནོ་ཞེས་སྨྲས་ནས་དེ་ལ་གལ་ཏེ་དགེ་སློང་མ་དེས་གོས་སྒྲུབ་པའི་ཕྱིར་གླ་རྔན་འདི་ལྟ་སྟེ་། བཅའ་བའམ་བཟའ་བའམ་བཟའ་རྒྱུ་ཅུང་ཟད་ཅིག་བྱིན་ཞིང་གོས་གྲུབ་ན་སྤང་བའི་ལྟུང་བྱེད་དོ་༎
529e2290874546de8084156d55fcd7b1,"iḥsargika 18: 
",..,ཡང་དགེ་སློང་མ་གང་དགེ ༼༣༽ སློང་མ་ལ་གོས་བྱིན་ནས་དེའི་འོག་ཏུ་ཀྲོས་འཁྲུགས་རྔམ་པར་གྱུར་ཏེ་ཡིད་མ་རེངས་ནས་འཕྲོག་གམ་འཕྲོག་ཏུ་འཇུག་ཅིང་། དེ་ལ་འདི་སྐད་ཅེས་དགེ་སློང་མ་ཁྱོད་ལ་གོས་མི་སྦྱིན་གྱིས་ཕྱིར་བྱིན་ཅིག་ཟེར་ན་དགེ་སློང་མ་དེ་ལ་ལྷག་མ་ཡོད་ན་དེ་ལ་ཕྱིར་སྦྱིན་པར་བྱ་ཞིང་གཏད་ན་སྤང་བའི་ལྟུང ༼༤༽ བྱེད་དོ་༎
2ee2b4b819ba46e8b31218086a94dedd,"iḥsargika 19: 
",..,ཡང་དགེ་སློང་མ་གང་དགེ་འདུན་ལ་བསྡོས་པའི་རྙེད་པ་ཤེས་བཞིན་དུ་གང་ཟག་ལ་སྒྱུར་དུ་འཇུག་ན་སྤང་བའི་ལྟུང་བྱེད་དོ་༎
df56511eed3d45238c50262b4256d667,"iḥsargika 20: 
",..,བཅོམ་ལྡན་འདས་ཀྱིས་དགེ་སློང་མ་ན་བ་རྣམས་ལ་ཕན་པ་སོ་སོ་བསྟེན་པར་བྱ་བའི་སྨན་གང་དག་བཀའ་སྩལ་པ་འདི་ལྟ་སྟེ་། ཞུན་མར་དང་། འབྲུ་མར ༼༥༽ དང་༈་བུ་རམ་དང་། སྦྲང་རྩི་དང་། བུ་རམ་གྱི་དབུ་བ་དེ་དག་ལས་དགེ་སློང་མ་ན་བས་འདོད་ན་རང་གིས་ཞག་བདུན་བར་བྱིན་གྱིས་བརླབས་ཏེ་གསོག་འཇོག་གིས་ཡོངས་སུ་སྤྱད་པས་ཡོངས་སུ་ལོངས་སྤྱད་པར་བྱའོ་༎ དེ་ལས་འདས་པར་ཡོངས་སུ་ལོངས་སྤྱོད་པར་བྱེད་ན་སྤང ༼༦༽ བའི་ལྟུང་བྱེད་དོ་༎
c167a9852ce64372b2bb685d25c60b1d,"iḥsargika 21: 
",..,དགེ་སློང་མས་ལྷུང་བཟེད་ལྷག་བ་ཞག་གཅིག་གི་བར་དུ་བཅང་བར་བྱའོ་༎ དེ་ལས་འདས་པར་འཆང་ན་སྤང་བའི་ལྟུང་བྱེད་དོ་༎
92a93801d4d0435bb55bafb35d85f6b0,"iḥsargika 22: 
",..,ཡང་དགེ་སློང་མ་གང་ཆོས་གོས་བྱིན་གྱིས་བརླབ་ཏུ་རུང་བ་ཉི་མ་དང་པོ་ལའམ་ཟླ་བ་ཕྱེད་ཅིང་བྱིན་གྱིས་མི་རློབས་ན་སྤང་བའི ༼༧༽ ལྟུང་བྱེད་དོ་༎ ༎
e0d820dd20834f0dbaa18a38363f1ce1,"
",..,སྡོམས་།འབྱིན་དང་མི་འབྱིན་སློང་བ་དང་༎གོས་དང་གོས་རྒྱུ་མལ་ཆ་རྒྱུ་༎དབྱར་ཁང་རྒྱུ་དང་སྐྱེ་བོ་དང་༎དགེ་འདུན་བཅིངས་བཀྲོལ་ལྕི་ཡང་ངོ་༎
bf12827ca55b465e9e56e00bb321733d,"iḥsargika 23: 
",..,ཡང་དགེ་སློང་མ་གང་དུས་མ་ཡིན་པར་སྲ་བརྐྱང་འབྱིན་ན་སྤང་བའི་ལྟུང་བྱེད་དོ་༎
8c03f2fc105e4b1b80fe463a895e1e00,"iḥsargika 24: 
",..,ཡང་དགེ ༼༡༣ཨ༡༽ སློང་མ་གང་དུས་སུ་སྲ་བརྐྱང་མི་འབྱིན་ན་སྤང་བའི་ལྟུང་བྱེད་དོ་༎
9efc921fdce94a49bcca7bdca0e3c92c,"iḥsargika 25: 
",..,ཡང་དགེ་སློང་མ་གང་བདག་གི་ཕྱིར་མངོན་ཚན་ཅན་སློང་ན་སྤང་བའི་ལྟུང་བྱེད་དོ་༎
e841d56d28304cb5a5d970a8031220a4,"iḥsargika 26: 
",..,ཡང་དགེ་སློང་མ་གང་གཞན་གྱི་ཅེད་དུ་རྙེད་པའི་གོས་ཟས་སུ་བྱས་ཏེ་བཟའ་བའི་ཕྱིར་འཇོག་ན ༼༢༽ སྦང་བའི་ལྟུང་བྱེད་དོ་༎
6b9f0c089af5469594f07b42b210eb2b,"iḥsargika 27: 
",..,ཡང་དགེ་སློང་མ་གང་གོས་ཀྱི་ཆེད་དུ་རྙེད་པ་གང་ཡང་རུང་བ་ཟས་སུ་བྱས་ཏེ་བཟའ་བའི་ཕྱིར་འཇོག་ན་སྤང་བའི་ལྟུང་བྱེད་དོ་༎
9547ae74bac34aa3847f1ce90c950a2a,"iḥsargika 28: 
",..,ཡང་དགེ་སློང་མ་གང་མལ་ཆའི་ཆེད་དུ་རྙེད་པ་གང་ཡང་རུང་བ་ཟས་སུ་བྱས་ཏེ་བཟའ་བའི་ཕྱིར་འཇོག་ན་སྤང་བའི་ལྟུང༼༣༽ བྱེད་དོ་༎
2aaa1d6a76bf4a5fae1cf9849960ec11,"iḥsargika 29: 
",..,ཡང་དགེ་སློང་མ་གང་དབྱར་ཁང་གི་ཆེད་དུ་རྙེད་པ་གང་ཡང་རུང་བཟསས་སུ་བྱས་ཏེ་བཟའ་བའི་ཕྱིར་འཇོག་ན་སྤང་བའི་ལྟུང་བྱེད་དོ་༎
a3e6c1f3de934dea97f1aef2bfd95470,"iḥsargika 30: 
",..,ཡང་དགེ་སློང་མ་གང་དགེ་སློང་མའི་སྐྱེ་བོ་མང་པོའི་ཕྱིར་སྦྱོར་དུ་བཅུག་པའི་རྙེད་པ་གང་ཟག་ལ་ཡོངས་སུ་སྒྱུར་ན་སྤང་བའི ༼༤༽ ལྟུང་བྱེད་དོ་༎
14855e849d9145019c5efc9d08c0e055,"iḥsargika 31: 
",..,ཡང་དགེ་སློང་མ་གང་དགེ་སློང་མའི་དགེ་འདུན་གྱི་ཕྱིར་སྦྱོར་དུ་བཅུག་པའི་རྙེད་པ་གང་ཟག་བདག་ལ་ཡོངས་སུ་སྒྱུར་ན་ན་སྤང་བའི་ལྟུང་བྱེད་དོ་༎
5e59a066f05140209a5c6dd5941d59c8,"iḥsargika 32: 
",..,ཡང་དགེ་སློང་མ་གང་ཆགས་པར་གྱུར་བས་ཐུམ་པོ་བཅིངས་ཤིང་བཅིངས་ཤིང་འགྲོ་ལ་དུ་བཅུག་ན་སྤང ༼༥༽ བའི་ལྟུང་བྱེད་དོ་༎
7a2388a8e1104187adfbad882ab007f8,"iḥsargika 33: 
",..,ཡང་དགེ་སློང་མ་གང་གོས་ལྕིད་དག་རིན་ཐག་ལྕིབ་འཆང་ན་སྤང་བའི་ལྟུང་བྱེད་དོ་༎ ༎
632976ede07d4a14897d78e50707093f,"
",..,སྡོམ་ལ་།སྲིན་པལ་འབའ་ཞིག་ཆ་གཉིས་དང་༎དྲུག་དང་མཐོ་གང་ལམ ༼༦༽ དང་ནི་༎འཁྲུ་དང་འཆང་དང་རྟ་དང་དགོན་༎རས་ཆེན་མ་གཏོགས་ལྷག་མ་ཡིན་༎
a2ce1b07f5d641bcb5813a8e3d1c3529,"rmula  .  . 
",..  ..  ..,འཕགས་མ་དག་བདག་གིས་སྤང་བའི་ལྟུང་བྱེད་ཀྱི་ཆོས་སུམ་བཅུ་རྩ་གསུམ་པོ་དག་བཏོན་ཟིན་ཏོ་༎ དེ་ལ་བདག་གིས་འཕགས་མ་དག་ལ་ཅི་འདི་ལ་ཁྱེད་ཡོངས་སུ་དག་གམ་ཞེས ༼༧༽ དྲིའོ་༎ ཅི་འདི་ལ་ཁྱེད་ཡོངས་སུ་དག་གམ་ཞེས་ལན་གཉིས་ལན་གསུམ་དུ་དྲིའོ་༎ འདི་ལ་འཕགས་མ་དག་ཡོངས་སུ་དག་ན་འདི་ལྟར་ཅང་མི་སྨྲ་བས་དེ་དེ་བཞིན་དུ་འཛིན་ཏོ་༎ ༎
801e8b0bbece40678f451f86739698d5,"yantika 
",..,-
b1ab40f323ba4df18e4b9073f61b4b45,"
",..,དགེ་སློང་མའི་སོ་སོར་ཐར་པའི་མདོ་། བམ་པོ་གཉིས་པ་སྟེ་ཐ་མའོ་༎སྤྱི་སྡོམ ༼༡༣བ༡༽ ལ་། བརྫུན་དང་ས་བོན་འདུག་གནས་དང་༎སྲོག་ཆགས་བདེ་དང་ངུད་འགྲོ་དང་༎རྐུ་བ་དང་ནི་ཟས་བཅས་པ་༎དེ་དག་ཐུན་མོང་ཡིན་པར་འདོད་༎ ༎
26bcea9b05fd4d4a96e80b9b4ac7cd50,"
",..,སྡོམ་ལ་།བརྫུན་སྐྱོན་དགེ་སློང་ཕྲ་མ་དང་༎སྐྱོ་སྡོགས་བྱེད་དང་སྟོན་པ་དང་༎འདོན་དང་གནས ༼༢༽ ངན་ལེན་དང་ཆོས་༎བཤེས་ངོར་བྱེད་དང་ཁྱད་དུ་གསོད་༎
7faac4658750484dba44a1b5e175b9ae,"
",..,འཕགས་མ་དག་ལྟུང་བྱེད་ཀྱི་ཆོས་བརྒྱ་བརྒྱད་བཅུ་པོ་འདི་དག་ནི་ཟླ་བ་ཕྱེད་ཕྱེད་ཅིང་སོ་སོར་ཐར་པའི་མདོ་གདོན་པ་ལས་འབྱུང་ངོ་༎
f2f051886bdf42f8a69914602e56b995,"yantika 1: 
",..,ཤེས་བཞིན་དུ་བརྫུན་དུ་སྨྲ་ན་ལྟུང་བྱེད་དོ་༎
a2596666b27f47fc9ecb207b7742c296,"yantika 2: 
",..,མིའི་སྐྱོན་ནས་སྨྲན་ལྟུང་བྱེད༼༣༽ དོ་༎
312688c1ece8438ebab28a2eb714b4f6,"yantika 3: 
",..,དགེ་སློང་མ་ལ་ཕྲམ་བྱེད་ན་ལྟུང་བྱེད་དེ་༎
4b0acf5aa5ef400e9ce5074898997ff1,"yantika 4: 
",..,ཡང་དགེ་སློང་མ་གང་དགེ་འདུན་མཐུན་པས་ཆོས་བཞིན་དུ་རྩོད་པ་སྦྱངས་པ་ཤེས་བཞིན་དུ་ཡང་ལས་ཀྱིས་སྐྱོ་སྡོགས་བྱེད་ན་ལྟུང་བྱེད་དོ་༎
90fef51801384652b9ead2bf21ef1de6,"yantika 5: 
",..,ཡང་དགེ་སློང་མ་གང་སྐྱེས་པའི་ཡུལ་ལ་ཚིག་ལྔའམ་དྲུག་ལས་ལྷག་པར ༼༤༽ ཆོས་སྟོན་ན་རིག་པའི་བུད་མེད་མ་གཏོགས་ཏེ་ལྟུང་བྱེད་དོ་༎
7d5ddd297f0f4223a0c4a3077372a992,"yantika 6: 
",..,ཡང་དགེ་སློང་མ་གང་ཟག་བསྙེན་པར་མ་རྫོགས་པ་དང་ཚིག་གིས་ཆོས་འདོན་ན་ལྟུང་བྱེད་དོ་༎
7f51f4c98f8941ab9e4f72c649dcbe23,"yantika 7: 
",..,ཡང་དགེ་སློང་མ་གང་ཟག་བསྙེན་པར་མ་རྫོགས་པ་ལ་གནས་ངན་ལེན་གྱི་ལྟུང་བརྗོད་ན་དགེ་འདུན་གྱིས ༼༥༽ གནང་བམ་གཏོགས་ཏེ་ལྟུང་བྱེད་དོ་༎
efc6577c5bfd406f9ba2db1a2f5f3618,"yantika 8: 
",..,ཡང་དགེ་སློང་མ་གང་གང་ཟག་བསྙེན་པར་མ་རྫོགས་པ་ལ་མིའི་ཆོས་བླ་མ་བདེན་པར་སྨྲ་ན་ལྟུང་བྱེད་དོ་༎
bc804be956b94bdb807f93d5a8ebd219,"yantika 9: 
",..,ཡང་དགེ་སློང་མ་གང་སྔར་ལེགས་པར་རུང་བར་བྱས་ནས་དེའི་འོག་ཏུ་འདི་སྐད་ཅེས་འཕགས་མ་དག་འདི་ལྟར་བཤེས ༼༦༽ ངོར་བྱས་ཏེ་དགེ་འདུན་གྱི་རྙེད་པར་བསྡོས་བ་བདག་གི་གང་ཟག་ལ་བསྔོས་སོ་ཞེས་ཟེར་ན་ལྟུང་བྱེད་དོ་༎
eee9e483915a440398932e91081ee5db,"yantika 10: 
",..,ཡང་དགེ་སློང་མ་གང་ཟླ་བ་ཕྱེད་ཕྱེད་ཅིང་སོ་སོར་ཐར་པའི་མདོ་གདོན་པ་འདོན་ན་འདི་སྐད་ཅེས་འཕགས་མ་དག་གང་དག་གིས་དགེ་སློང་མ་རྣམས་འགྱོད་པ་དང་ཡིད་ལ ༼༧༽ གཅགས་པ་དང་། གནོད་བར་འགྱུར་བ་བསླབ་པའི་གཞི་ཕྲན་ཚེགས་རབ་ཏུ་ཕྲ་བ་འདི་དག་གིས་ཟླ་བ་ཕྱེད་ཕྱེད་ཅིང་སོ་སོར་ཐར་པའི་མདོ་གདོན་པ་བཏོན་པ་དག་གིས་ཅི་ཞིག་བྱ་ཞེས་ཟེར་ཞིང་བསླབ་པ་ཁྱད་དུ་གསོད་ན་ལྟུང་བྱེད་དོ་༎ ༎
f14179abc49343bead647acdd7ff66d3,"
",..,སྡོམ་ལ་།ས་ཁོན་འཕུ ༼༡༤ཨ༡༽ བ་བསྒོ་བ་དང་༎ཁྲི་དང་གདིང་དང་ཕྱིས་གནོན་དང་༎འབྱུང་བ་དང་ནི་འདེབས་པ་དང་༎རིམ་པ་གཉིས་སུ་རྩིག་པའོ་༎
86516a19aba244aab7751569b5bf17c7,"yantika 11: 
",..,ས་བོན་གྱི་ཚོགས་སམ་འབྱུང་པོའི་གནས་འཇིག་གམ་འཇིག་ཏུ་འཇུག་ན་ལྟུང་བྱེད་དོ་༎
3e3e24560b3d4519b443637c918997f0,"yantika 12: 
",..,འཕྱའམ་གཞོགས་འཕྱས་བྱེད་ན་ལྟུང ༼༢༽ བྱེད་དོ་༎
215ed45d039d450d9574b9c9fd14f09e,"yantika 13: 
",..,བསྒོ་བ་རྣ་ལ་གཞོན་ན་ལྟུང་བྱེད་དོ་༎
294937a0a781489ba1bd27f6339c663e,"yantika 14: 
",..,ཡང་དགེ་སློང་མ་གང་དགེ་འདུན་གྱི་ཁྲིའམ་། ཁྲིའུའམ་། སྟན་ནང་ཚངས་ཅན་ནམ་། ལ་བའམ་། སྔས་སམ་། གོར་བུ་བླ་གབ་མེད་པར་བཏིང་ངམ་འདིང་དུ་བཅུག་ནས་མ་བསྡུས་སམ་། སྡུད་དུ་མ་བཅུག་གམ་། དགེ་སློང ༼༣༽ མ་འཁོད་པ་ལ་ཡངམ་བཅོལ་བར་དེ་ནས་སོང་ན་དེ་འདྲ་བའི་རྐྱེན་མ་གཏོགས་ཏེ་ལྟུང་བྱེད་དོ་༎
de0b794e94d24339aadc79dac0eacc34,"yantika 15: 
",..,ཡང་དགེ་སློང་མ་གང་དགེ་འདུན་གྱི་དབྱར་ཁང་དུ་རྩྭའི་གདིང་བའམ་། ལོ་མའི་གདིང་བ་བཏིང་ངམ་། འདིང་དུ་བཅུག་ནས་མ་བསྡུས་སམ་། སྡུང་དུ་མ་བཅུག་གམ་། དགེ ༼༤༽ སློང་མ་འཁོད་པ་ལ་མ་བཅོལ་བར་དེ་ནས་སོང་ན་དེ་འདྲ་བའི་རྐྱེན་མ་གཏོགས་ཏེ་ལྟུང་བྱེད་དོ་༎
4074aa31f36a41f68bd116294da05045,"yantika 16: 
",..,ཡང་དགེ་སློང་མ་གང་དགེ་འདུན་གྱི་དབྱར་ཁང་ནས་དགེ་སློང་མ་ལྔ་ནས་འཁོད་པར་ཤེས་བཞིན་དུ་ཕྱིས་འོངས་ནས་སུ་ལ་གནོད་པ་དེ་འགྲོ་བར་འགྱུར་བ་དེ་ཉིད་རྐྱེན་དུ་བྱས ༼༥༽ ཏེ་ཕྱིས་གནོན་བྱས་ནས་སྟན་ལ་ཉལ་ལམ་འདུག་ན་ལྟུང་བྱེད་དོ་༎
5d4bad1b47704488b27879eff6902a73,"yantika 17: 
",..,ཡང་དགེ་སློང་མ་གང་དགེ་འདུན་གྱི་དབྱར་ཁང་གི་སྟེང་གི་ནམ་མཁའ་ལ་ཐོག་བོར་བར་ཁྲི་འམ་ཁྲིའུ་རྩ་བ་འབྱུང་བར་ཤེས་བཞིན་དུ་ལྗིད་ཀྱིས་ཕབ་སྟེ་འདུག་གམ་ཉལ་ན་ལྟུང་བྱེད་དོ་༎
15ade6bdae484320a4fcdb6a435fc52d,"yantika 18: 
",..,ཡང་དགེ ༼༦༽ སློང་མ་གང་ཤེས་བཞིན་དུ་སྲོག་ཆགས་དང་པ་ཅས་པའི་ཅུས་རྩྭའམ་། ལྕི་བའམ་། ས་ལ་འདེབས་སམ་། འདེབས་སུ་འཇུག་ན་ལྟུང་བྱེད་དོ་༎
8da76a51256c4f8d88ea78fa57d5d8d2,"yantika 19: 
",..,དགེ་སློང་མས་དབྱར་ཁང་ཆེན་པོ་ཞིག་རྩིག་གམ་། རྩིག་ཏུ་འཇུག་ན་སྒོའི་སྦུབས་དང་། གཏན་པ་དང་། སྣང ༼༧༽ བའི་གནས་ཇི་ཙམ་པའི་འདུ་ཤེས་ཀྱིས་ས་བརྟག་པ་ནས་བཟུང་སྟེ་། ཕ་གུ་རིམ་པ་གཉིས་སམ་གསུམ་བརྩིག་པར་བྱའོ་༎ དེ་ལས་ལྷག་པར་རྩིག་ན་ལྟུང་བྱེད་དོ་༎ ༎
5edb2ec5a08441ec88c5f98cd0b2857d,"
",..,སྡོམ་ལ་།འདུག་གནས་གཅིག་དང་ཕྱེ་དང་ནི་༎བཅའ་བ་དང་ནི་སྟོབས་པ་དང་༎༼༡༤བ༡༽ འདུས་པ་དང་ནི་དུས་མིན་དང་༎གསོག་འཇོག་དང་ནི་ཁ་ནས་མིད་༎
1f4ec98dd71e4f32b42e91e90e1654c6,"yantika 20: 
",..,དགེ་སློང་མ་གང་འདུག་གནས་གཅིག་ཏུ་ཞག་ལོན་པའི་དགེ་སློང་མ་གང་མི་ན་བས་བསོད་སྙོམས་གཅིག་བཟའ་བར་བྱའོ་༎ དེ་ལས་ལྟག་པར་ཟ་ན་ལྟུང་བྱེད་དོ་༎
c9ff7a32bfcc4d16a26bb5883bb1f916,"yantika 21: 
",..,དགེ་སློང་མ་རབ་ཏུ་མང་པོ ༼༢༽ དག་ཁྱིམ་རྣམས་སུ་དོང་བ་ལས་གལ་ཏེ་དེ་དག་ལས་བྲམ་ཟེའམ་། ཁྱིམ་བདག་དང་པ་ཅན་དག་གིས་ཕྱེ་དང་ཁུར་བ་དག་དུས་ཀྱིས་སྟོབས་པར་གྱུར་ལ་འདོད་ན་དགེ་སློང་མ་དེ་དག་གིས་ལྷུང་བཟེད་གང་བ་གཉིས་མ་། གསུམ་བླང་བར་བྱའོ་༎ དེ་ལས་ལྷག་བར་ལེན་ན ༼༣༽ ལྟུང་བྱེད་དོ་༎
e95087c7b63d44879321d08c9f0cc6f9,"yantika 22: 
",..,ལྟུང་བཟེད་གང་བ་གཉིས་སམ་གསུམ་བླངས་ནས་ཕྱིར་རོལ་ཀུན་དགའ་ར་བར་དོང་ལ་དགེ་སློང་མ་འཁོད་པ་རྣམས་ལ་ཡང་བགོ་བཤའ་བྱ་། བདག་ཅག་ཀྱང་བཟའ་བར་བྱ་སྟེ་། དེ་ལ་དེ་ནི་ཆོག་ཡིན་ནོ་༎ ཡང་དགེ་སློང་མ་གང་ཟས་ཟོས་ཟིན་ཅིང་སྤངས ༼༤༽ བ་ལས་ལྷག་པོར་མ་བྱས་པར་བཅའ་བའམ་བཟའ་བ་འཆའ་འམ་ཟན་ལྟུང་བྱེད་དོ་༎
d9a123551738482e97bc2f7cf955f403,"yantika 23: 
",..,ཡང་དགེ་སློང་མ་གང་ཤེས་བཞིན་དུ་དགེ་སློང་མ་གང་ཟས་ཟོས་ཟིན་ཅིང་སྤངས་པ་ལ་སྐབས་ཚོལ་ཅིང་ཅི་ནས་ཀྱང་དགེ་སློང་མ་འདི་ཉེས་པ་དབྱུང་བར་བྱའོ་༎ སྙམ་པ་དེ་ཉིད་རྐྱེན་དུ ༼༥༽ བྱས་ནས་འཕགས་མ་འདི་འཆོ་ཤིག་། འདི་ཟོས་ཤིག་ཅེས་ལྷག་པོར་མ་བྱས་པའི་བཟའ་བ་དང་བཅའ་བ་དུས་ཀྱིས་སྟོབས་པར་བྱེད་ན་ལྟུང་བྱེད་དོ་༎
ad51c834fde14df58a1114a74d115cbb,"yantika 24: 
",..,འདུས་ཏེ་ཟ་ན་དུས་མ་གཏོགས་ཏེ་ལྟུང་བྱེད་དོ་༎
565347e8c0694a81b5f8e797d878ebff,"yantika 25: 
",..,དེ་ལ་དུས་ནི་འདི་ཡིན་ཏེ་། ན་བ་དུས་སོ་༎ ལས་དུས་སོ་༎ ༼༦༽ ལམ་དུས་སོ་༎ གྲུར་ཞུགས་བ་དང་༎ འདུས་པ་ཆེན་པོ་དང་། དགེ་སྦྱོང་གི་ཟས་དུས་ཏེ་། དེ་ལ་དེ་ནི་དུས་ཡིན་ནོ་༎ ཡང་དགེ་སློང་མ་གང་དུས་མ་ཡིན་པར་བཙའ་བའམ་བཟའ་བ་འཆའ་འམ་ཟ་ན་ལྟུང་བྱེད་དོ་༎
963340858c0b446f8362ff9e386bc909,"yantika 26: 
",..,ཡང་དགེ་སློང་མ་གང་བཅའ་བའམ་བཟའ་བ༼༧༽ གསོག་འཇོག་བྱས་བ་ཟའམ་འཆའ་ན་ལྟུང་བྱེད་དོ་༎
cd65d54035c04c8e9eadbe48cc5041a4,"yantika 27: 
",..,ཡང་དགེ་སློང་མ་གང་བྱིན་ལེན་མ་བྱས་པར་ཁ་ནས་མིད་པའི་ཟས་ཟ་ན་ཆུ་དང་སོ་ཤིང་མ་གཏོགས་ཏེ་ལྟུང་བྱེད་དོ་༎ ༎
c7d8f7e634854a018ec5d658bbaaa720,"
",..,སྡོམ་ལ་།སྲོག་ཆགས་བཅས་དང་གཅེར་བུ་དང་༎དམག་ལ་ལྟ་དང ༼༡༥ཨ༡༽ ཞག་གཉིས་དང་༎བཤམས་པ་འཁྲུག་དང་རྡེག་པ་དང་༎གཟས་པ་དང་ནི་གནས་ངན་ལེན་༎
7fefe2988d304c9d893a2964267654a1,"yantika 28: 
",..,ཡང་དགེ་སློང་མ་གང་ཤེས་བཞིན་དུ་སྲོག་ཆགས་དང་བཅས་པའི་ཚུལ་སྤྱོད་ན་ལྟུང་བྱེད་དོ་༎
4b43a6adc673438a8b173a37523c44a2,"yantika 29: 
",..,ཡང་དགེ་སློང་མ་གང་གཅེར་བུ་མོའམ་། ཀུན ༼༢༽ ཏུ་རྒྱུའམ་། ཀུན་ཏུ་རྒྱུ་མོ་ལ་རང་གི་ལག་ནས་བཟའ་བ་དང་བཅའ་བ་བྱིན་ན་ལྟུང་བྱེད་དོ་༎
09862b5ff5aa43d0bcee3011bf2b4401,"yantika 30: 
",..,ཡང་དགེ་སློང་མ་གང་དམག་ཆས་པ་ལ་ལྟར་འགྲོ་ན་ལྟུང་བྱེད་དོ་༎
7bffa3a6d45f475aaa0bb3958a47376b,"yantika 31: 
",..,དགེ་སློང་མ་དམག་ཆས་པ་ལ་ལྟར་འགྲོ་བ་དེ་ལྟ་བུའི་རྐྱེན་འགའ་ཞིག་བྱུང་ན་དགེ་སློང་མ་དེས་དམག་དེའི ༼༣༽ ནང་དུ་ཞག་གཉིས་ཚུན་ཆད་གནས་པར་བྱའོ་༎ དེ་ལས་ལྷག་པར་གནས་ན་ལྟུང་བྱེད་དོ་༎
75fe437ac99844d7b4886a0ed4dd24a4,"yantika 32: 
",..,དགེ་སློང་མ་ཞག་གཉིས་དམག་དེའི་ནང་ན་གནས་པའི་ཚེ་ཡང་གལ་ཏེ་བཤམས་བ་འཁྲུག་ཏུ་འགྲོའམ་། རྒྱལ་མཚན་གྱི་ཚོགས་མཆོག་གམ་། དཔུང་གི་ཚོགས་སམ་། ༼༤༽ གཡུལ་བཤམས་པའི་དམག་ལ་ལྟ་བ་ཉམས་སུ་མྱོང་བར་བྱེད་ན་ལྟུང་བྱེད་དོ་༎
3ce9b8145f9142aeae9c6bc4ac7f011e,"yantika 33: 
",..,ཡང་དགེ་སློང་མ་གང་ཁྲོས་འཁྲུགས་རྔམ་པར་གྱུར་ཏེ་ཡིད་མ་རངས་ནས་དགེ་སློང་མ་ལ་རྡེག་ན་ལྟུང་བྱེད་དོ་༎
f324ef33116348d8b861cf21f497e55a,"yantika 34: 
",..,ཡང་དགེ་སློང་མ་གང་ཁྲོས་འཁྲུགས་རྔམ་པར་གྱུར་ཏེ་། ཡིད་མ་རངས ༼༥༽ ནས་དགེ་སློང་མ་ལ་རྡེག་པར་གཟས་ནས་ཐ་ན་ཐལ་མོས་ཀྱང་རུང་སྟེ་ལྟུང་བྱེད་དོ་༎
e1db61efebc14234bedc229ddf960fdf,"yantika 35: 
",..,ཡང་དགེ་སློང་མ་གང་ཤེས་བཞིན་དུ་དགེ་སློང་མའི་གནས་དང་ལེན་གྱི་ལྟུང་བ་འཆབ་ན་ལྟུང་བྱེད་དོ་༎ ༎
ed11169981384a0e92ce119f8741a886,"
",..,སྡོམ་ལ་།བདེ་དང་མེ་དང་འདུན་པ་དང་༎བསྙེན་པར་མ་རྫོགས་ཆོས ༼༦༽ དང་སྨྲ་༎དགེ་ཚུལ་ཁ་དོག་བསྒྱུར་བ་དང་༎རིན་པོ་ཆེ་དང་ཚ་བའི་ངུས་༎
7181be4d85564ab38f0526376b7160bb,"yantika 36: 
",..,ཡང་དགེ་སློང་མ་གང་ཀླན་ཀ་ཚོལ་ཞིང་ཅི་ནས་ཀྱང་དགེ་སློང་མ་ལས་ཀླན་ཀ་བཙལ་བར་བྱའོ་སྙམ་པ་དེ་ཉིད་རྐྱེན་དུ་བྱས་ཏེ་། དགེ་སློང་མ་ལ་འདི་སྐད་ཅེས་འཕགས་མ་ཚུར་ཤོག་ཁྱོད་ཁྱིམ་དག་ཏུ ༼༧༽ འདོང་དང་༈་དེར་ཁྱོད་ལ་བཅའ་བ་དང་བཟའ་བ་བསོད་པ་ཇི་ཙམ་འདོད་པ་སྦྱིན་དུ་གཞུག་གོ་ཞེས་སྨྲས་ནས་། དེས་དེ་ལ་སྦྱིན་དུ་མ་བཅུང་པར་དེའི་འོག་ཏུ་འདི་སྐད་ཅེས་འཕགས་མ་ཁོ་མོ་ལ་ཁྱོད་དང་ལྷན་ཅིག་སྨྲའམ་འདུག་པ་བདེ་བ་མ་ཡིན་གྱི་། འདི་ལྟར་ཁོ་མོ་གཅིག ༼༡༥བ༡༽ པུ་ཁོན་སྨྲའམ་འདུག་ན་བདེབས་ཁྱོད་སོང་ཤིག་ཅེས་ཟེར་ན་ལྟུང་བྱེད་དོ་༎
8ff82391446545f79eafddd193d2724c,"yantika 37: 
",..,ཡང་དགེ་སློང་མ་གང་མི་ན་བར་བདག་ཉིད་ཀྱི་ཕྱིར་མེ་ལ་རེག་གམ་རེག་ཏུ་འཇུག་ན་ལྟུང་བྱེད་དོ་༎
6f9579af14124be7a7a06f170613c40c,"yantika 38: 
",..,ཡང་དགེ་སློང་མ་གང་དགེ་འདུན་གྱི་བྱ་བ་ཆོས་དང་ལྡན་པ་ལ་དགེ་སློང་མ་ལ་འདུན་པ་ཕུལ་ནས་། ༼༢༽ དེའི་འོག་ཏུ་ཁྲོས་འཁྲུགས་ཇམ་པར་གྱུར་ཏེ་ཡིད་མ་རངས་ནས་སྤོང་བའི་ཆོས་སུ་བྱེད་ཅིང་འདི་སྐད་ཅེས་དགེ་སློང་མ་འདུན་པ་ཕྱིར་བྱིན་ཅིག་ཁྱོད་ལ་མི་སྦྱིན་ནོ་ཞེས་ཟེར་ན་ལྟུང་བྱེད་དོ་༎
58a6758dde9547148e4ca3f3239d3f8f,"yantika 39: 
",..,ཡང་དགེ་སློང་མ་གང་གང་ཟག་བསྙེན་པར་མ་རྫོགས་པ་དང་ལྷན་ཅིག་ནུབ ༼༣༽ གཉིས་ལས་ལྷག་པར་གནས་གཅིག་ཏུ་ཉལ་ན་ལྟུང་བྱེད་དོ་༎
a70eea85a9954d45b2d7516403abd7b6,"yantika 40: 
",..,ཡང་དགེ་སློང་མ་གང་འདི་སྐད་ཅེས་ཇི་ལྟར་བཅོམ་ལྡན་འདས་ཀྱིས་བར་དུ་གཅོད་པའི་ཆོས་སུ་གསུངས་པ་གང་དག་ཡིན་པ་དེ་དག་བསྟེན་ཀྱང་བར་དུ་གཅོད་པར་མི་འགྱུར་ཏེ་། དེ་ལྟར་བཅོམ ༼༤༽ ལྡན་འདས་ཀྱིས་ཆོས་བསྟན་པ་བདག་གིས་ཤེས་སོ་ཞེས་ཟེར་ན་། དགེ་སློང་མ་དེ་ལ་དགེ་སློང་མ་རྣམས་ཀྱིས་འདི་སྐད་ཅེས་འཕགས་མ་དག་ཇི་ལྟར་བཅོམ་ལྡན་འདས་ཀྱིས་བར་དུ་གཅོད་པའི་ཆོས་སུ་གསུངས་པ་གང་དག་ཡིན་པ་དེ་དག་བསྟེན་ཀྱང་བར་དུ་གཅོད ༼༥༽ པར་མི་འགྱུར་ཏེ་། དེ་ལྟར་བཅོམ་ལྡན་འདས་ཀྱིས་ཆོས་བསྟན་པ་བདག་གིས་ཤེས་སོ་ཞེས་དེ་སྐད་མ་ཟེར་ཅིག་། བཅོམ་ལྡན་འདས་ལ་སྐུར་པ་མ་འདེབས་ཤིག་། བཅོམ་ལྡན་འདས་ལ་སྐུར་པས་ལེགས་པར་མི་འགྱུར་རོ་༎ བཅོམ་ལྡན་འདས་ནི་དེ་སྐད་མི ༼༦༽ གསུང་ངོ་༎ འཕགས་མ་བར་དུ་གཅོད་པའི་ཆོས་རྣམས་ནི་བར་དུ་གཅོད་པ་ཉདི་དོ་ཞེས་བཅོམ་ལྡན་འདས་ཀྱིས་རྣམ་གྲངས་དུ་མར་གསུངས་ཏེ་། དེ་དག་བསྟེན་ན་བར་དུ་གཅོད་པར་འགྱུར་གྱིས་འཕགས་མ་ཁྱོད་སྡིག་པ་ཅན་གྱི་ལྟ་བའི་རྣམ་པ་འདི་ལྟ་བུ་འདི་ཐོང་ཤིག་ཅེས ༼༧༽ བསྒོ་བར་བྱའོ་༎ དགེ་སློང་མ་དེ་ལ་དགེ་སློང་མ་རྣམས་ཀྱིས་དེ་སྐད་བསྒོ་བ་ན་གལ་ཏེ་གཞི་དེ་གཏོང་ན་དེ་ལྟ་ན་ལེགས་། གལ་ཏེ་མི་གཏོང་ན་གཞི་དེ་གཏང་བར་བྱ་བའི་ཕྱིར་ལན་གཉིས་ལན་གསུམ་དུ་ཡང་དག་པར་བསྒོ་བར་བྱ་། ཡང་དག་བར་བསྟན་པར་བྱའོ་༎ ༼༡༦ཨ༡༽ ལན་གཉིས་ལན་གསུམ་དུ་ཡང་དག་པར་བསྒོ་། ཡང་དག་པར་བསྟན་པ་ན་གཞི་དེ་གཏོང་ན་དེ་ལྟ་ན་ལེགས་། གལ་ཏེ་མི་གཏོང་ན་ལྟུང་བྱེད་དོ་༎
359e6aa1b3de48b1b028e1eb0ffac9a7,"yantika 41: 
",..,ཡང་དགེ་སློང་མ་གང་ཤེས་བཞིན་དུ་དེ་སྐད་ཟེར་བའི་གང་ཟག་ཆོས་བཞིན་དུ་མ་བྱས་པའི་སྡིག་བ་ཅན་གྱི ༼༢༽ ལྟ་བའི་རྣམ་པ་དེ་དག་མ་སྤངས་པ་དང་གཏམ་འདྲེ་བར་བྱེད་། ཕེབས་པར་སྨྲ་བར་བྱེད་། ཀུན་ཏུ་གནས་པར་བྱེད་། ཀུན་ཏུ་ལོངས་སྦྱོད་པར་བྱེད་ཅིང་དེ་དག་དང་ལྷན་ཅིག་གནས་གཅིག་ཏུ་ཉལ་ན་ལྟུང་བྱེད་དོ་༎
d05b75b97ccf488a8a6dee6f5a99001e,"yantika 42: 
",..,དགེ་ཚུལ་མ་ཞིག་ཀྱང་འདི་སྐད་ཅེས་། འདི་ལྟར་བཅོམ་ལྡན ༼༣༽ འདས་ཀྱི་འདོད་པ་རྣམས་ནི་བར་དུ་གཅོད་པའོ་ཞེས་གསུངས་པ་གང་དག་ཡིན་པ་དེ་དག་བསྟེན་ཀྱང་བར་དུ་གཅོད་པར་མི་འགྱུར་ཏེ་། དེ་ལྟར་བཅོམ་ལྡན་འདས་ཀྱིས་ཆོས་བསྟན་པ་བདག་གིས་ཤེས་སོ་ཞེས་ཟེར་ན་། དགེ་ཚུལ་མ་དེ་ལ་དགེ་སློང་མ་རྣམས་ཀྱིས་འདི་སྐད ༼༤༽ ཅེས་དགེ་ཚུལ་མ་ཁྱོད་ཇི་ལྟར་བཅོམ་ལྡན་འདས་ཀྱིས་འདོད་པ་དག་ནི་བར་དུ་གཅོད་པའོ་ཞེས་གསུངས་པ་གང་དག་ཡིན་པ་དེ་དག་བསྟེན་ཀྱང་བར་དུ་གཅོད་པར་མི་འགྱུར་ཏེ་༎ དེ་ལྟར་བཅོམ་ལྡན་འདས་ཀྱིས་ཆོས་བསྟན་པ་བདག་གིས་ཤེས་སོ་ཞེས་མ་ཟེར་ཅིག་། ༼༥༽ བཅོམ་ལྡན་འདས་ལ་སྐུར་པ་མ་འདེབས་ཤིག་། བཅོམ་ལྡན་འདས་ལ་སྐུར་པས་ལེགས་པར་མི་འགྱུར་རོ་༎ བཅོམ་ལྡན་འདས་ནི་དེ་སྐད་མི་གསུང་ངོ་༎ དགེ་ཚུལ་མ་འདོད་པ་བར་དུ་གཅོད་པ་དག་ནི་བར་དུ་གཅོད་པ་ཉིད་དོ་ཞེས་བཅོམ་ལྡན་འདས་ཀྱིས་རྣམ ༼༦༽ གྲངས་དུ་མར་གསུངས་ཏེ་། དེ་དག་བསྟེན་ན་བར་དུ་གཅོད་པར་འགྱུར་གྱིས་དགེ་ཚུལ་མ་ཁྱོད་སྡིག་པ་ཅན་གྱི་ལྟ་བའི་རྣམ་པ་འདི་ལྟ་བུ་འདི་ཐོད་ཤིག་ཅེས་བསྒོ་བར་བྱའོ་༎ དགེ་ཚུལ་མ་དེ་ལ་དགེ་སློང་མ་རྣམས་ཀྱིས་དེ་སྐད་བསྒོ་བ་ན་གལ་ཏེ་བཞི་དེ་གཏོང་ན་དེ་ལྟ་ན༼༧༽ ལེགས་། གལ་ཏེ་མི་གཏོང་ན་གཞི་དེ་གཏང་བར་བྱ་འབི་ཕྱིར་ལན་གཉིས་ལན་གསུམ་དུ་ཡང་དག་པར་བསྒོ་བར་བྱ་། ཡང་དག་བར་བསྟན་པར་བྱའོ་༎ ལན་གཉིས་ལན་གསུམ་དུ་ཡང་དག་པར་བསྒོ་། ཡང་དག་པར་བསྟན་པ་ན་གཞི་དེ་གཏོང་ན་དེ་ལྟ་ན་ལེགས་། ༼༡༦བ༡༽ གལ་ཏེ་མི་གཏོང་ན་དགེ་ཚུལ་མ་དེ་ལ་དགེ་སློང་མ་རྣམས་ཀྱིས་དེང་ཕྱིན་ཆད་དགེ་ཚུལ་མ་ཁྱོད་བཅོམ་ལྡན་འདས་དེ་བཞིན་གཤེགས་པ་དགྲ་བཅོམ་པ་ཡང་དག་པར་རྫོགས་པའི་སངས་རྒྱས་དེ་ལ་སྟོན་པའོ་ཞེས་མ་ཟེར་ཅིག་། ཚངས་པ་མཚུངས་པར་སྤྱོད་པ་མཁས་པ ༼༢༽ བླ་མའི་གནས་ལྟ་བུ་གང་ཡང་རུང་བའི་ཕྱི་བཞིན་དུའང་མ་འགྲོ་ཤིག་། དགེ་སྤོང་མ་རྣམས་དང་། དགེ་ཚུལ་མ་ལྷན་ཅིག་ནུབ་གཉིས་ཚུལ་ཆད་གནས་གཅིག་ཏུ་ཉལ་དུ་དབང་བ་གང་ཡིན་པ་དེང་ཚུན་ཆད་ཁྱོད་ལ་མེད་དེ་བུད་མེད་གཏི་མུག་ཅན་ཁྱོད་བསྙིལ་གྱིས་གཞན་དུ ༼༣༽ སོར་ཤིག་ཅེས་བསྒོ་བར་བྱའོ་༎ ཡང་དགེ་སློང་མ་གང་ཤེས་བཞིན་དུ་དེ་ལྟར་བསྙིལ་བའི་དགེ་ཚུལ་མ་ཉེ་བར་འཇོག་བར་བྱེད་དམ་། ཉེ་བར་སྟོན་པར་བྱེད་དམ་། ཀུན་ཏུ་ལོངས་སྤྱོད་པར་བྱེད་དམ་། ཀུན་ཏུ་གནས་པར་བྱེད་དམ་། དེ་དང་ལྷན་ཅིག་གནས ༼༤༽ གཅིག་ཏུ་ཉལ་ན་ལྟུང་བྱེད་དོ་༎
0f023d0c0a314b68b80dbb9609a864bd,"yantika 43: 
",..,ཡང་དགེ་སློང་མ་གང་གོས་སར་པ་ཞིག་རྙེད་ན་ཁ་སྐྱུར་ག་གསུམ་པོ་སྒོན་པོའམ་། དམར་པོའམ་། ངུར་སྨྲིག་ལས་གང་ཡང་རུང་བར་ཁ་བསྒྱུར་བར་བྱའོ་༎ གལ་ཏེ་དགེ་སློང་མས་གོས་སར་པ་ཁ་བསྒྱུར་བ་གསུམ་པོ་སྔོན་བོའམ་། ༼༥༽ དམར་པོའམ་། དུར་སྨྲིག་པས་གང་ཡང་རུང་བར་ཁམ་བསྒྱུར་བར་ཀུན་ཏུ་ལོགས་སྤྱོད་པར་པར་བྱེད་། ཀུན་ཏུ་གནས་པར་བྱེད་ན་ལྟུང་བྱེད་དོ་༎
24ebcf44c8794375ba95558ab5aa3b13,"yantika 44: 
",..,ཡང་དགེ་སློང་མ་གང་རིན་པོ་ཆེའམ་། རིན་པོ་ཆེར་སྨོས་པར་རང་གི་ལག་གིས་ལེན་ཏམ་ལེན་དུ་འཇུག་ན་ཀུན་དགའ་ར་བར ༼༦༽ གཏོགས་པ་ན་འདུག་གམ་། གནས་ཁང་དུ་གཏོགས་པ་ན་འདུག་པ་མ་གཏོགས་ཏེ་ལྟུང་བྱེད་དོ་༎
80b37221a22b4e11a594c2f17ea0cc91,"yantika 45: 
",..,དགེ་སློང་མས་ཀུན་དགའ་ར་བར་གཏོགས་པ་ན་རིན་པོ་ཆེར་སྨོས་པ་འདུག་པ་ལ་འདི་སུའི་ཡིན་པ་དེ་ལེན་པར་འགྱུར་གྲང་སྙམ་པ་དེ་ལྟ་བུའི་སེམས་ཀྱིས་བླང་བར་བྱ་སྟེ་། ༼༧༽ དེ་ལ་དེ་ནི་ཆོ་ག་ཡིན་ནོ་༎ བཅོམ་ལྡན་འདས་ཀྱིས་ཟླ་བ་ཕྱེད་ཕྱེད་ཅིང་ཁྲུས་བྱ་བར་གསུངས་པ་དེ་ལས་དུས་མ་ཡིན་པར་བྱེད་ན་དུས་མ་གཏོགས་ཏེ་ལྟུང་བྱེད་དོ་༎
a6623ab9391b47f991926cb2fda0f4b2,"yantika 46: 
",..,དེ་ལ་དུས་ནི་འདི་ཡིན་ཏེ་། སོ་ག་རྣམས་ཀྱི་ཟླ་བ་ལྷག་མ་ཕྱེད་དང་གཉིས་། དབྱར་རྣམས་ཀྱི་དང་པོ ༼༡༧ཨ༡༽ དང་ཟླ་བ་ཕྱེད་དང་གསུམ་པོ་འདི་ནི་ཚ་བའི་དུས་སོ་༎ ལྷག་མ་ནི་ན་བ་དུས་སོ་༎ ལས་དུས་སོ་༎ ལམ་དུས་སོ་༎ རླུང་དུས་སོ་༎ ཆར་དུས་སོ་༎ རྫི་ཆར་དུས་ཏེ་། དེ་ལ་དེ་ནི་དུས་ཡིན་ནོ་༎ ༎
08da272170f54e2ca8fd579792f41ad0,"
",..,སྡོམ་ལ་།ངུད་འགྲོ་འགྱོད་པ་སོར་མོ ༼༢༽ དང་༎རྩེ་དང་ལྷན་ཅིག་སྡངས་བྱེད་དང་༎སྦེད་པ་དང་ནི་གཞི་མེད་དང་༎བུད་མེད་མེད་པར་ལམ་འགྲོ་བའོ་༎
db830badd8f346bdac2f8cbaeef50863,"yantika 47: 
",..,ཡང་དགེ་སློང་མ་གང་བསམས་བཞིན་དུ་དུང་འགྲོའི་སྐྱེ་གནས་སུ་གཏོགས་པའི་སྲོག་ཆགས་གསོད་ན་ལྟུང་བྱེད་དོ་༎
b3883910340f4a5fa04b6ad15d311e85,"yantika 48: 
",..,ཡང་དགེ་སློང་མ་གང་བསམས ༼༣༽ བཞིན་དུ་ཅི་ནས་ཀྱང་དགེ་སློང་མ་འདི་ཡུད་ཙམ་ཞིག་ཀྱང་བདེ་བལ་མི་རེག་པར་བྱའོ་སྙམ་པ་དེ་ཉིད་རྐྱེན་དུ་བྱས་ཏེ་། དགེ་སློང་མ་ལ་འགྱོད་པ་སྐྱེད་ན་ལྟུང་བྱེད་དོ་༎
eddb20155ea545669ae57c618c0d8ffd,"yantika 49: 
",..,སོར་མོས་ག་ག་ཚིལ་བྱེད་ན་ལྟུང་བྱེད་དོ་༎
f38dd71a628240cda65fc3b9fe69cda2,"yantika 50: 
",..,ཚུལ་རྩེ་ན་ལྟུང་བྱེད་དོ་༎
04e791c97ac04fff8f285fcc1a029e8c,"yantika 51: 
",..,ཡང་དགེ་སློང་མ་གང ༼༤༽ སྐྱེས་པའི་ཡུལ་དང་ལྷན་ཅིག་གནས་གཅིག་ཏུ་ཉལ་ན་ལྟུང་བྱེད་དོ་༎
a0f0830ff9c24cc3ad8fc0ca67986cc6,"yantika 52: 
",..,ཡང་དགེ་སློང་མ་གང་དགེ་སློང་མ་ལ་སྡངས་པར་བྱེད་དམ་། སྡངས་པར་བྱེད་དུ་འཇུག་ན་ཐ་ན་བཞད་གད་བྱ་བར་བསམས་ཀྱང་རུང་སྟེ་ལྟུང་བྱེད་དོ་༎
819c4701c3964cd69085e77c915ec205,"yantika 53: 
",..,ཡང་དགེ་སློང་མ་གང་དགེ་སློང་མ ༼༥༽ འམ༈་དགེ་སློབ་མ་འམ་། དགེ་ཚུལ་མི་ལྟུང་བཟེད་དམ་༎ ཆོས་གོས་ས་། དྲ་པའམ་། ཕརོ་བུའམ་། སྐྲ་རགས་སམ་། དགེ་སློང་གི་འཚོ་བའི་ཡོ་བྱང་གང་ཡང་རུང་བ་སྦེང་དམ་སྦེད་དམ་སྦེད་དུ་འཇུག་ན་དེ་འདྲ་བའི་རྐྱེན་མ་གཏོགས་ཏེ་ལྟུང་བྱེད་དོ་༎
6ad40225c0854e43a4c7111739312758,"yantika 54: 
",..,ཡང ༼༦༽ དགེ་སློང་མ་གང་ཁྲོས་ཤིག་ཞེས་སྡང་བར་གྱུར་ནས་དགེ་སློང་མ་དག་པ་ལྟུང་བ་མེད་པ་ལ་གཞི་མེད་པར་དགེ་འདུན་ལྷག་མའི་ཆོས་ཀྱིས་སྐུར་ན་ལྟུང་བྱེད་དོ་༎
61c6528231494efd857681199c2ad4d0,"yantika 55: 
",..,ཡང་དགེ་སློང་མ་བུད་མེད་མེད་པར་སྐྱེས་པ་དང་འགྲོན་ལམ་དུ་འགྲོ་ན་གྲོང་བར་དུ་ཡང་རུང་སྟེ་ལྟུང་བྱེད་དོ་༎ ༎
947d67f6bd254f509f117adff34d6277,"
",..,༼༧༽ སྡོམ་ལ་།རྐུ་བ་དང་ནི་ས་རྐོ་དང་༎མགྲོན་དུ་བོས་དང་བསླབ་པ་དང་༎འཐབ་དང་མི་སྨྲ་འགྲོ་བ་དང་༎མི་གུས་ཆང་འཐུང་དུས་མིན་པའོ་༎
7a8a3fe706d4433ead5274e31169dff8,"yantika 56: 
",..,ཡང་དགེ་སློང་མ་གང་དོན་མཐུན་རྐུན་མ་དང་ལྷན་ཅིག་འགྲོ་ན་ཐ་ན་གྲོང་བར་དུ་ཡང་རུང་སྟེ་ལྟུང་བྱེད་དོ་༎
a10f039e342b4b9e81fb969c472643f9,"yantika 57: 
",..,ཡང་དགེ་སློང་མ་གང ༼༡༧བ༡༽ རང་གི་ལག་གིས་ས་རྐོའམ་རྐོར་འཇུག་ན་ལྟུང་བྱེད་དོ་༎
545a4e24be6e44b085228c2c7ed18321,"yantika 58: 
",..,ཡང་དགེ་སློང་མས་ཟླ་བ་བཞིར་མགྲོན་དུ་བོས་པ་བདག་གིར་བྱའོ་༎ དེ་ལས་ལྷག་པར་བདག་གིར་བྱེད་ན་ལྟུང་བྱེད་དོ་༎
df6e8532cefc409885a4bc4eb42c00cf,"yantika 59: 
",..,སོ་སོར་མགྲོན་དུ་བོས་པ་དང་། ཡང་ཡང་མགྲོན་དུ་བོས་པ་དང་། དུས་གྱིས་མགྲོན་དུ ༼༢༽ བོས་པ་དང་། རྟག་ཏུ་མགྲོན་དུ་པོས་པ་ནི་མ་གཏོགས་ཏེ་། དེ་ལ་དེ་ནི་དུས་ཡིན་ནོ་༎ ཡང་དགེ་སློང་མ་གང་དགེ་སློང་མ་རྣམས་ཀྱིས་འཕགས་མ་ཁྱོད་ཀྱིས་བསླབ་པ་འདི་ལ་བསླབ་པར་བྱའོ་༎ ཞེས་བསྒོ་བ་ན་དེ་དག་ལ་འདི་སྐད་ཅེས་བདག་དགེ་སློང་མ་མདོ་སྡེ ༼༣༽ འཛིན་པ་དང་། འདུལ་བ་འཛིན་པ་དང་། མ་མོ་འཛིན་པ་རྣམས་ལ་འདྲི་བའི་བར་དུ་བྱིས་པ་། རྨོངས་པ་། མི་གསལ་པ་། མི་མཁས་པ་ཁྱོད་ཀྱི་ཚིག་གིས་བསླབ་པ་འདི་ལ་མི་སློབ་བོ་ཞེས་ཟེར་ན་ལྟུང་བྱེད་དོ་༎
c3ac71abfde741a59e125be9beb9be52,"yantika 60: 
",..,དགེ་སློང་མ་ཀུན་ཤེས་པར་འདོད་པས ༼༤༽ བསླབ་པ་དེ་ལ་བསླབ་པ་དེ་ལ་བསླབ་པར་བྱའོ་༎ དགེ་སློང་མ་མདོ་སྡེ་འཛིན་པ་དང་། འདུལ་བ་འཛིན་པ་དང་། མ་མོ་འཛིན་པ་རྣམས་ལ་ཡང་འདི་བར་བྱ་སྟེ་། དེ་ལ་དེ་ནི་ཆོ་ག་ཡིན་ནོ་༎ ཡང་དགེ་སློང་མ་གང་དགེ་སློང་མ་རྣམས་དང་འཐབ་པར་གྱུར་། མཚང་འདྲུ་བར ༼༥༽ གྱུར༈་མི་མཐུན་པར་གྱུར་། རྩོད་པར་འགྱུར་ཞིག་འཁོད་པ་ལ་། དགེ་སློང་མ་འདི་དག་ཇི་སྐད་ཟེར་བ་དེ་བདག་གིས་མཉན་ཏེ་། དེ་ལྟ་དེ་ལྟར་ཐ་སྙད་གདགས་པར་བྱའོ་སྙམ་པ་དེ་ཉིད་རྐྱེན་དུ་བྱས་ཏེ་ཅང་མི་སྨྲ་བར་ཉན་རྣས་འདུག་ན་ལྟུང་བྱེད་དོ་༎
6d7b9f2d80da4a5db67fd6075ee481f8,"yantika 61: 
",..,ཡང་དགེ་སློང ༼༦༽ མ་གང་དགེ་འདུན་གྱིས་ཆོས་དང་མཐུན་པའི་གཏམ་རྣམ་པར་གཏན་ལ་འབེབས་པ་ན་ཅང་མི་སྨྲ་བར་སྟན་ལས་ལངས་ཤིང་འགྲོ་ན་། དགེ་སློང་མ་འདུག་པ་ལ་མི་སྨྲ་ན་དེ་འདྲ་བའི་རྐྱེན་མ་གཏོགས་ཏེ་ལྟུང་བྱེད་དོ་༎
432acbe9bbc041599f7e379791cffac1,"yantika 62: 
",..,གུས་པར་མི་བྱེད་ན་ལྟུང་བྱེད་དོ་། འབྲུའི་ཆང་དང་༎ ༼༧༽ བཅོས་མའི་ཆང་མྱོས་པར་འགྱུར་བ་འཐུང་ལྟུང་བྱེད་དོ་༎
0fab7bea90d4435692bba95ec31f71bd,"yantika 63: 
",..,ཡང་དགེ་སློང་མ་གང་དུས་མ་ཡིན་པར་གྲོང་དུ་འགྲོ་ཞིང་དགེ་སློང་མ་འདུག་པ་ལ་མི་སྨྲན་དེ་འདྲ་བའི་རྐྱེན་མ་གཏོགས་ཏེ་ལྟུང་བྱེད་དོ་༎ ༎
52a30d21f5624259a91d950f95312c87,"
",..,སྡོམ་ལ་།ཟས་བཅས་སྐྱ་རེངས་ད་གདོད་དང་༎ཁ་བར་ལ ༼༡༨ཨ༡༽ དང་ནི་ཀྲི་རྐང་དང་༎བདལ་དང་གདིང་དང་གཡན་པ་དང་༎བདེ་བར་གཤེགས་པའི་ཆོས་གོས་སོ་༎
b17ac79e9a824949ba543e733ec3c19f,"yantika 64: 
",..,ཡང་དགེ་སློང་མ་གང་ཟས་དང་བཅས་པའི་ཁྱིམ་དུ་འགྲོན་དུ་བོས་ནས་སྔ་དྲོ་དང་ཕྱི་དྲོ་ཁྱིམ་དག་ཏུ་རྒྱུ་ཞིང་ཁྱིམ་པ་འདུག་པ་ལ་མི་བསྒོ་ན་དེ་འདྲ་བའི་རྐྱེན་མ༼༢༽ གཏོགས་ཏེ་ལྟུང་བྱེད་དོ་༎
4b1a48fb07c340f0a43dfb8b38e89e9b,"yantika 65: 
",..,ཡང་དགེ་སློང་མ་གང་ནམ་མ་ལངས་སྐྱ་རེངས་མ་ཤར་བར་རིན་པོ་ཆེ་དག་གམ་རིན་པོ་ཆེར་སྨོས་པ་དག་མ་བསུམ་པར་རྒྱལ་པོ་རྒྱལ་རིགས་སྤྱི་བོ་ནས་དབང་བསྐུར་བའི་སྒོ་གཏན་ནམ་སྒོ་གཏན་གྱི་ཉེ་འཁོར་ལས་འདས་ནས་དེ་འདྲ་བའི་རྐྱེན་མ་གཏོགས་ཏེ་ལྟུང ༼༣༽ བྱེད་དོ་༎
b141c490097c4e8ca2009b6618ef1dca,"yantika 66: 
",..,ཡང་དགེ་སློང་མ་གང་ཟླ་བ་ཕྱེད་ཕྱེད་ཅིང་སོ་སོར་ཐར་པའི་མདོ་གདོན་པ་འདོན་པའི་ཚེ་འདི་སྐད་ཅེས་། འཕགས་མ་དག་འདི་ལྟར་ཆོས་འདི་ཡང་མདོའི་ནང་དུ་གཏོགས་སོ་༎ མདོའི་ནང་དུ་འདུས་པར་བདག་གིས་ད་གདོད་ཤེས་སོ་ཞེས་ཟེར་ལ་། དེ་ལ་གལ་ཏེ་དགེ ༼༤༽ སློང་མ་རྣམས་ཀྱིས་ཀྱང་དགེ་སློང་མ་འདི་སྔོན་གསོ་སྦྱོང་གི་ལས་གཉིས་སམ་གསུམ་གྱི་ཚེ་འདུག་པར་སེས་ཤིང་ལན་མང་དུ་ལྟ་ཅི་སྨོས་ན་། དགེ་སློང་མ་དེ་མི་ཤེས་པས་མི་འགྲོལ་བས་དེ་ལྟུང་བ་གང་བྱུང་བ་ཆོས་བཞིན་དུ་བྱེད་དུ་གཞུགས་གི་སྟེང་དུ་ཁྱོད་ཟླ་བ་ཕྱེད་ཕྱེད་ཅིང་སོ་སོར་ཐར ༼༥༽ པའི་མདོ་གདོན་པ་འདོན་པའི་ཚེ་གུས་པར་བྱས་ཏེ་ཆོས་ཉན་པར་མི་བྱེད་། བླ་མར་བྱས་ཏེ་མི་བྱེད་། རུ་ཤིང་ལྟར་བྱས་ཏེ་མི་བྱེད་། ཡིད་ལ་བྱས་ཏེ་མི་བྱེད་། སེམས་རྩེ་གཅིག་ཏུ་མི་བྱེད་། རྣ་བླགས་ཏེ་མི་བྱེད་། སེམས་ཐམས་ཅད་ཀྱིས་བསམས་ཏེ་ཆོས་ཉན་པར་མི་བྱེད་པས་། ༼༦༽ དགེ་སློང་མ་ཁྱོད་ཀྱིས་མ་རྙེད་པ་རྙེད་དེ་རྙེད་པ་མ་ཡིན་ཞིང་ཉེས་པ་རྙེད་དེ་ལེགས་པ་རྙེད་པ་མ་ཡིན་ནོ་ཞེས་འགྱོད་པར་བྱའོ་༎ དགེ་སློང་མ་དེ་ལ་འགྱོད་པར་བྱ་བ་ནི་དེ་ཡིན་ཏེ་ལྟུང་བྱེད་དོ་༎
9514b3b38fb4472f9ffda0b46e5fd62a,"yantika 67: 
",..,ཡང་དགེ་སློང་མ་གང་བ་སོའམ་། རུས་པའམ་། རྭ་ལས་ཁབ་རལ་བྱེད་དུ་འཇུག་ན་བཅང་ནས་ལྟུང ༼༧༽ བྱེད་དོ་༎
12cc822848ac4ccb92be3df54b1d82f3,"yantika 68: 
",..,དགེ་སློང་མས་དགེ་འདུན་གྱི་ཁྲིའམ་ཁྲིའུ་བྱེད་དུ་འཇུག་ན་རྩ་བ་བུ་གར་འཇུག་པ་མ་གཏོགས་པ་བདེ་བར་གཤེགས་པའི་སོར་བརྒྱད་ཀྱི་ཚད་བྱེད་དུ་གཞུགས་པར་བྱའོ་༎ དེ་ལས་ལྷག་པར་བྱེད་དུ་འཇུག་ན་བཅད་ནས་ལྟུང་བྱེད་དོ་༎
0041f6bb462544d6ac0b8229078dd24e,"yantika 69: 
",..,ཡང་དགེ་སློང་མ་གང་དགེ་འདུན་གྱི་ཁྲིའམ ༼༡༨བ༡༽ ཁྲིའུ་ལ་ཤིང་ངམ་ཤིག་བལ་འདལ་ལ་མ་འདལ་དུ་བཅུག་ན་། བསྡུས་ནས་ལྟུང་བྱེད་དོ་༎
a93897481e2c43d7add2fd6b5be66572,"yantika 70: 
",..,དགེ་སློང་མས་གདིང་བ་བྱེད་དུ་འཇུག་ན་ཚད་བཞིན་དུ་བྱེད་དུ་ཆུག་ཤིག་༎ དེ་ལ་གདིང་བའི་ཚད་ནི་འདི་ཡིན་ཏེ་སྲིད་དུ་བདེ་བར་གཤེགས་པའི་མཐོའི་མཐོ་དོ་། ཞེང་དུ་མཐོ་ཕྱེད་དང་དོ་། སྲིད་དུ ༼༢༽ མཐོ་གང་གིས་སྲིངས་ཤིག་། དེ་ལས་ལྷག་པར་བྱེད་དུ་འཇུག་ནས་ཅད་ནས་ལྟུང་བྱེད་དོ་༎
9248d450f3f04c9e83bceee8898ebc1f,"yantika 71: 
",..,ཡང་དགེ་སློང་མས་གཡན་པ་དག་བ་པ་བྱེད་དུ་འཇུག་ན་ཚད་བཞིན་དུ་བྱེད་དུ་ཆུང་ཤིག་། དེ་ལ་གཡན་པ་དག་བ་པའི་ཚད་ནི་འདི་ཡིན་ཏེ་། སྲིད་དུ་བདེ་བར་གཤེགས་པའི་མཐོའི་མཐོ་བཞི་། ཞིང ༼༣༽ དུ་མཐོ་དོའོ་༎ དེ་ལས་ལྷག་པར་བྱེད་དུ་འཇུག་ན་བཅད་ནས་ལྟུང་བྱེད་དོ་༎
31aa3b9478394e9aa2962c7a370e57a8,"yantika 72: 
",..,ཡང་དགེ་སློང་མ་གང་བདེ་བར་གཤེགས་པའི་ཆོས་གོས་ཀྱི་ཚད་ཀྱི་ཆོས་གོས་བྱེད་དུ་འཇུག་གམ་། བདེ་བར་གཤེགས་པའི་ཆོས་གོས་ལས་ལྷག་པར་བྱེད་དུ་འཇུག་ན་ལྟུང་བྱེད་དོ་༎
1a621b72f56a480c8496c43a4640ea5e," . 
",..  ..,དེ་ལ་བདེ་བར་གཤེགས ༼༤༽ པའི་ཆོས་གོས་ཀྱི་ཚད་ནི་འདི་ཡིན་ཏོ་༎ སྲིད་དུ་བདེ་བར་གཤེགས་པའི་མཐོའི་མཐོ་བཅུ་། ཞེང་དུ་མཐོ་དྲུག་སྟེ་། དེ་ལ་འདི་ནི་བདེ་བར་གཤེགས་པའི་ཆོས་གོས་ཀྱི་ཚད་དོ་༎ དེ་ལྟར་བདུན་བཅུ་རྩ་གཉིས་པོ་དེ་དག་གི་ནི་དགེ་སློང་དང་ཐུན་མོང་ཡིན་པར་འདོད་དོ་༎ དགེ་སློང་མ་རྣམས ༼༥༽ ཀྱི་རྒྱ་རྩ་བརྒྱད་ནི་འོག་ནས་འབྱུང་སྟེ་༎ ༎
8a40684e359d4ee396736ce45191a35b,"
",..,སྤྱི་སྡོམ་ལ་།མ་ལོན་འདིད་དག་ནད་གཡོག་དང་༎ཉེན་དང་ཁྲི་གཅིག་པུ་ཤེལ་ཅི་༎མཆིལ་ལྷམ་སྒོང་སྐྱ་ཆོས་དང་ནི་༎འདུན་དང་མི་འགྲོ་ཐ་མ་ཡིན་༎
c7e917079cb144a7b7e815ddc28ca2bc,"
",..,སྡོམ་ལ་།མ་ལོན་འཁོར་དང་འཁོར་མང་པོ་༎བཅུ་གཉིས་ཉི་ཤུ ༼༦༽ ཁྱིམ་སོ་གཉིས་༎མ་བསླབས་པ་དང་བསླཔ་དང་༎ཆོས་ཚོང་སྡེ་ཚན་བསྡུས་པ་ཡིན་༎
5089003b0033488ea42e294a111c1051,"yantika 73: 
",..,ཡང་དགེ་སློང་མ་གང་བདག་ཉིད་བསྙེན་པར་གས་ནས་ལོ་བཅུ་གཉིས་ལ་ལོན་པར་གཞན་རབ་ཏུ་འབྱིན་པ་དང་། བསྙེན་པར་རྫོགས་པར་བྱེད་ན་ལྟུང་བྱེད་དོ་༎
a2cfc80a42504e4e974843a716c8f530,"yantika 74: 
",..,ཡང་དགེ་སློང་མ་གང ༼༧༽ འཁོར་ཉེ་བར་འཇོག་ན་དགེ་འདུན་གྱིས་གནང་བ་མ་གཏོགས་ཏེ་ལྟུང་བྱེད་དོ་༎
174cf2e7b5c14db3bacd5b5f78103009,"yantika 75: 
",..,ཡང་དགེ་སློང་མ་གང་འཁོར་མང་པོ་ཉེ་བར་འཇོག་ན་དགེ་འདུན་གྱིས་གནང་བ་མ་གཏོགས་ཏེ་ལྟུང་བྱེད་དོ་༎
387e9920d9a24b7984a8bb8f1f124e59,"yantika 76: 
",..,ཡང་དགེ་སློང་མ་གང་ཤེས་བཞིན་དུ་བུད་མེད་ཁྱིམས་བཟུང་བ་ལོ་བཅུ་གཉིས་མ་ལོན་པར་བསྙེན ༼༡༩ཨ༡༽ པར་རྫོགས་པར་བྱེད་ན་ལྟུང་བྱེད་དོ་༎
03f5534703094770b45afde3100207e8,"yantika 77: 
",..,ཡང་དགེ་སློང་མ་གང་ཤེས་བཞིན་དུ་བུད་མེད་ཁྱིམ་སོམ་བཟུང་བ་ལོ་ཉི་ཤུ་མ་ལོན་པ་བསྙེན་པར་རྫོགས་པར་བྱེད་ན་ལྟུང་བྱེད་དོ་༎
ad8a04fcce774fd4966c9e8a9d2eaed3,"yantika 78: 
",..,ཡང་དགེ་སློང་བམ་བུད་མེད་ཁྱིམ་སོ་བཟུང་བ་ལོ་བཅུ་གཉིས་ལོན་ཀྱང་ལོ་གཉིས་སུ ༼༢༽ ཆོས་དྲུག་དང་། རྗེས་སུ་མཐུན་པའི་ཆོས་དྲུག་ལ་བསླང་པའི་སྡོམ་པ་མ་བྱིན་པར་བསྣེན་པར་རྡོགས་པར་བྱེད་ན་ལྟུང་བྱེད་དོ་༎
3a9886630f6a4a5badad0d4fb01d59af,"yantika 79: 
",..,ཡང་དགེ་སློང་བུད་མེད་ཁྱིམ་སོ་མ་བཟུང་བ་ལོ་ཉི་ཤུ་ལོན་ཡང་ལོ་གཉིས་སུ་ཆོས་དྲུག་དག་རྗེས་སུ་མཐུན་པའི་ཆོས་དྲུག་ལ་བསླབ་པའི་སྡོམ་པ ༼༣༽ མ་བྱིན་པར་བསྣེན་པར་རྫོགས་པར་བྱེད་ན་ལྟུང་བྱེད་ན་ལྟུང་བྱེད་དོ་༎
af95898bdca8404d9d41538cc0bbc2e8,"yantika 80: 
",..,ཡང་དགེ་སློང་མ་གང་བུད་མེད་ལོ་གཉསི་སུ་ཆོས་དྲུག་དང་རྗེས་སུ་མཏུན་པའི་ཆོས་དྲུག་ལ་མ་བསླབས་པར་བསྣེན་པར་རྫོགས་པར་བྱེད་ན་ལྟུང་བྱེད་དོ་༎
aba55fb238ce4af8819cd8c644d7d3c8,"yantika 81: 
",..,ཡང་དགེ་སློང་མ་གང་ལོ་གཉིས་སུ་ཆོས་དྲུག་དང་རྗེས་སུ་མཐུན་པའི་ཆོས ༼༤༽ དྲུག་ལ་བསླབས་པ་བསྙེན་པར་རྫོགས་པར་མི་བྱེད་ན་ལྟུང་བྱེད་དོ་༎
24bbe0c6007442f8b644154e8fe8c9df,"yantika 82: 
",..,ཡང་དགེ་སློང་མ་གང་བུད་མེད་བསྙེན་པར་རྫོགས་པར་འདོད་པ་ལ་འདི་སྐད་ཅེས་གལ་ཏེ་ཁོ་མོ་ལ་གོས་སྦྱིན་པ་ལྟ་ན་དེའི་ཕྱིར་ཁྱོད་བསྙེན་པར་རྫོགས་པར་བྱ་འོ་༎ ཞེས་ཟེར་ན་ལྟུང་བྱེད་དོ་༎ ༎
cef6915585094109a7d709d930f69535,"
",..,སྡོམ་ལ་།འདྲིད ༼༥༽ དང་ལོ་རེམ་གནང་དང་༎འཁྲུལ་སྦུམ་མྱ་ངན་རྩ་བ་ཀྲོལ་དང་༎ཕན་མི་འདོགས་དག་མི་འདྲེན་དང་༎བསླབ་པ་དག་ལ་མི་སློབ་པའོ་༎
55434b44157c4b51a6404d6b050c611b,"yantika 83: 
",..,ཡང་དགེ་སློང་མ་གངབདག་མོ་ལ་འདི་སྐད་ཅེས་ཁྱོད་ཁྱིམ་སོ་ཐོང་ཤིག་དང་ཕྱིས་རབ་ཏུ་འབྱུང་བ་མི་དཀའོ་ཞེས་སྨྲ་བ་དེའི་འོག་ཏུ་རབ་ཏུ་མི ༼༦༽ འབྱིན་ན་ལྟུང་བྱེད་དོ་༎
a28d1bae75284335b1899513fbd0d2d4,"yantika 84: 
",..,ཡང་དགེ་སློང་མ་གང་ལོ་རེ་རེ་ཞིང་རབ་ཏུ་འབྱིན་ན་ལྟུང་བྱེད་དོ་༎
e859243dea09454fb50d6c1fc7148829,"yantika 85: 
",..,ཡུང་དགེ་སློང་མ་གང་ཤེས་བཞིན་དུ་བུད་མེད་བདག་པོས་མ་གང་བ་རབ་ཏུ་འབྱིན་ན་ལྟུང་བྱེད་དོ་༎
378a41aa40534389b992f6eecd803679,"yantika 86: 
",..,ཡང་དགེ་སློང་མ་གང་ཤེས་བཞིན་དུ་བུད་མེད་འཀྲུལ་པ་མོ་རབ་ཏུ་འབྱིན་ན་ལྟུང་བྱེད་དོ་༎
a442d9ee2c1f496fa7df90e98ea6dcd1,"yantika 87: 
",..,༼༧༽ ཡང་དགེ་སློང་མ་གང་ཤེས་བཞིན་དུ་བུད་མེད་སྦུམ་མར་རབ་ཏུ་འབྱིན་ན་ལྟུང་བྱེད་དོ་༎
5b587dcc49df4f1ea8f9fe9047caac75,"yantika 88: 
",..,ཡང་དགེ་སློང་མ་གང་ཤེས་བཞིན་དུ་བུང་མེད་མྱ་ངན་གྱིས་གཞིར་བར་རབ་ཏུ་འབྱིན་ན་ལྟུང་བྱེད་དོ་༎
9991a6aab63640c78be6d2adead8a36b,"yantika 89: 
",..,ཡང་དགེ་སློང་མ་གང་ཤེས་བཞིན་དུ་བུད་མེད་རྩ་བ་ཀྲོལ་ཅན་རབ་ཏུ་འབྱིན་ན་ལྟུང་བྱེད་དོ་༎
9aeb7f5963694ef09f5f9a29bef2096d,"yantika 90: 
",..,ཡང ༼༡༩བ༡༽ དགེ་སློང་མ་གང་ཕྱུང་ངམ་བསྙེན་པར་རྫོགས་པར་བྱས་ནས་ཕན་མི་འདོགས་ན་ལྟུང་བྱེད་དོ་༎
a99a4ff4d65d477183802316dab60fb0,"yantika 91: 
",..,ཡང་དགེ་སློང་མ་གང་རབ་ཏུ་ཕྱུང་ངམ་བསྙེན་པར་རྫོགས་པར་བྱས་བདག་ལ་བར་ཆད་མཐོང་བ་མི་འདྲེན་ན་ལྟུང་བྱེད་དོ་༎
6a3e642733154194b84cb150bc0f324c,"yantika 92: 
",..,ཡང་དགེ་སློང་མ་གང་རབ་ཏུ་ཕྱུང་ངམ་བསྙེན་པར ༼༢༽ རྫོགས་པར་བྱས་ནས་བསླབ་པ་དག་ལ་སློབ་ཏུ་མི་འཇུག་ན་ལྟུང་བྱེད་དོ་༎ ༎
a8102be81d31489c827cabc98e8bd7da,"
",..,སྡོམ་ལ་།ནང་གཡོག་རྒྱ་སྐྱེངས་སོར་མོ་དང་༎ཐལ་མོ་སྤུ་དང་དབ༡་གཉིས་དང་༎བླ་གབ་མེད་པ་གཉིས་དང་ནི་༎རྣ་བར་བཤུབ་ཅིག་སྨྲ་བའོ་༎
468fdf5eebae43ac9fe2f12dfa3288da,"yantika 93: 
",..,ཡང་དགེ་སློང་མ་གང་ལྷན་ཅིག་གནས་པ ༼༣༽ དང་ཉེ་གནས་ན་བ་དག་ལ་ནད་གཡོག་མི་བྱེད་ན་ལྟུང་བྱེད་དོ་༎
9f6a3108842f452b8853f611eae69411,"yantika 94: 
",..,ཡང་དགེ་སློང་མ་གང་རང་གིས་བསྟེན་པར་བྱ་བའི་ནང་དུ་རྒྱ་སྐྱེངས་ཀྱི་ཆང་བུ་བཅུང་ན་ལྟུང་བྱེད་དོ་༎
ce66e82abe1040028652d0d8318f15c8,"yantika 95: 
",..,ཡང་དགེ་སློང་མ་གང་བསྟེན་བར་བྱ་བའི་ནང་དུ་སོར་མོའི་ཆིགས་གཉིས་འདས་ཏེ་འཁྲུ་ན་ལྟུང་བྱེད་དོ་༎
a8037c7ef40e44c692b7181381108452,"yantika 96: 
",..,ཡང ༼༤༽ དགེ་སློང་མ་གང་བསྟེན་པར་བྱ་བ་ལ་ཐལ་མོ་རྡོག་ན་ལྟུང་བྱེད་དོ་༎
0d5eef8ceba24d1f8a5582905f758131,"yantika 97: 
",..,ཡང་དགེ་སློང་མ་གང་གསང་བའི་ཕྱོགས་ཀྱི་སྤུ་འཐོང་ན་ལྟུང་བྱེད་དོ་༎
366ab0c6031944fa98d88f66b9c5ade3,"yantika 98: 
",..,ཡང་དགེ་སློང་མ་གང་ཀྱིམ་པ་དང་ལྷན་ཅིག་དབ༡་པ་སྐྱབས་ཡོད་པ་ན་འདུག་ན་ལྟུང་བྱེད་དོ་༎
5c8119a19ce14ea682188ebd6ef3c4d9,"yantika 99: 
",..,ཡང་དགེ་སློང་མ་གང་དགེ་སློང་དང་ལྷན་ཅིག ༼༥༽ དབ༡་པ་སྐྱབས་ཡོད་པ་ན་འདུག་ན་ལྟུང་བྱེད་དོ་༎
ab2f7068c42c48b4a72a39830628d618,"yantika 100: 
",..,ཡང་དགེ་སློང་མ་གང་ཁྱིམ་པ་དང་ལྷན་ཅིག་བླ་གབ་མེད་པ་ན་འགྲེང་ན་ལྟུང་བྱེད་དོ་༎
9ccf5c97133145fb89e533362e44997e,"yantika 101: 
",..,ཡང་དགེ་སློང་མ་གང་དགེ་སློང་དང་གླབས་ཅིག་བླ་གབ་མེད་པ་ན་འགེང་ན་ལྟུང་བྱེད་དོ་༎
99f4139adfaf4ed9a9811a9c099a360c,"yantika 102: 
",..,ཡང་དགེ་སློང་མ་གང་ཁྱིམ་པའི་རྣ་བར་བཤུབ་ཅིང ༼༦༽ སྨྲན་ལྟུང་བྱེད་དོ་༎ ༎
5b4d71cdd49b4a87995976c497fc60ee,"
",..,སྡོམ་ལ་།ཉན་དང་དགེ་སློང་རྣམ་གཉིས་དང་༎རིག་པ་གཉིས་དང་རྨ་འགྲོལ་དང་༎བུ་དང་ཁྱིམ་དག་མ་བརྟགས་དང་༎མཚན་མོ་གཅིག་པུ་ཉལ་བའོ་༎
4d142d2b554442be98a22328ac4b7ee8,"yantika 103: 
",..,ཡང་དགེ་སློང་མ་གང་ཁྱིམ་པ་ལས་རྣར་བཤུབ་ཅིང་སྨྲ་བ་ཉན་ན་ལྟུང་བྱེད་དོ་༎
864fbcb9c9b04c5fb8c48c7157bcc0ee,"yantika 104: 
",..,༼༧༽ ཡང་དགེ་སློང་མ་གང་དགེ་སློང་གི་རྣར་བཤུབ་ཅིག་སྨྲ་ན་ལྟུང་བྱེད་དོ་༎
914c84c0ed1a45bda4ee818290f4a0f8,"yantika 105: 
",..,ཡང་དགེ་སོང་མ་གང་དགེ་སློང་གི་རྣར་བཤུབ་ཅིང་ཉན་ན་ལྟུང་བྱེད་དོ་༎
a715620edd1d4d04a8cbad0a7cf4212b,"yantika 106: 
",..,ཡང་དགེ་སློང་མ་གང་ཁྱིམ་པ་ལས་རིག་པ་ལེན་ན་ལྟུང་བྱེད་དོ་༎
0eecbe744fc2449e856b599eedc80f2a,"yantika 107: 
",..,ཡང་དགེ་སློང་མ་གང་ཁྱིམ་པ་ལས་རིག་པ་ལེན་ན་ལྟུང་བྱེད་དོ་༎
43ad21b3cc7d42ab9f830db640389a11,"yantika 108: 
",..,ཡང་དགེ་སློང་མ་གང་ཁྱིམ་པ་ལས་རིག་པ་ཀློག་ན་ལྟུང ༼༢༠ཨ༡༽ བྱེད་དོ་༎
589606e937be4e368c4c17aa82b16a4a,"yantika 109: 
",..,ཡང་དགེ་སློང་མ་གང་སྒྱུ་ཐབས་ཀྱིས་རྨ་བཅིངས་ཤིག་བཅིག་ཤིག་འགྲོལ་འཇུག་ན་ལྟུང་བྱེད་དོ་༎
40b1a3985c114393ae7ee5d2ff545f32,"yantika 110: 
",..,ཡང་དགེ་སློང་མ་གང་བུ་འཚོ་ན་ལྟུང་བྱེད་དོ་༎
3833da5dcf3e434594521c37a9b6665e,"yantika 111: 
",..,ཡང་དགེ་སློང་མ་ག་ཁྱིམ་བདག་ལ་མ་དྲིས་པར་ཁྱིམ་གཞན་དུ་མཚན་མོ་ཉལ་ན་ལྟུང་བྱེད་དོ་༎
390bc45bb8d047059809fd515b71b9c4,"yantika 112: 
",..,ཡང་དགེ་སློང ༼༢༽ མ་གང་མ་བརྟགས་པར་མཚན་མོའི་སྐྱབས་ཡོད་པར་ཉལ་ན་ལྟུང་བྱེད་དོ་༎
d2036baace774bcd8587105c136675ba,"yantika 113: 
",..,ཡང་དགེ་སློང་མ་གང་དགེ་སློང་མ་གཞན་མེད་པར་གནས་ཁང་དུ་མཚན་མོ་ཉལ་ན་ལྟུང་བྱེད་དོ་༎ ༎
c2cea24df71649eba27ef054d0e9aecb,"
",..,སྡོམ་ལ་།ཁྲི་ཅིག་ལ་ནི་ཉལ་བ་དང་༎དྲིལ་ཕྱི་བྱེད་པ་རྣམ་ལྡ་དང་༎བཀྲུ་བཤལ་བྱེད་དང ༼༣༽ དྲི་ཞིམ་དང་༎འབྲུ་མར་དང་ནི་ཆུ་ཁྲུས་སོ་༎
ddcf3276714147e080fb5e064e993e6d,"yantika 114: 
",..,ཡང་དགེ་སློང་མ་གང་དགེ་སློང་མ་དང་ལྷན་ཅིག་ཁྲི་གཅིག་གི་སྟེང་དུ་ཉལ་ན་ལྟུང་བྱེད་དོ་༎
30e892885d284383bbe165a7fa583d9b,"yantika 115: 
",..,ཡང་དགེ་སློང་མ་གང་རང་གི་ལུས་ལ་དགེ་སློང་མ་དྲིལ་ཕྱིར་བྱེད་དུ་འཇུག་ན་ལྟུག་བྱེད་དོ་༎
e666be414d6d4f68a08dac660b4e1574,"yantika 116: 
",..,ཡང་དགེ་སློང་མ་གར་རང་གི་ལུས་ལ་དགེ་སློབ་མ་དྲིལ་ཕྱི ༼༤༽ བྱེད་དུ་བཅུག་ན་ལྟུང་བྱེད་དོ་༎
506e85f309bf46148d0a11971e359234,"yantika 117: 
",..,ཡང་དགེ་སློང་མ་གང་རང་གི་ལསུ་ལ་ཁྱིམ་བ་མོ་དྲིལ་ཕྱི་བྱེད་དུ་བཅུག་ན་ལྟུང་བྱེད་དོ་༎
a1a7578ea62d48a29147dc1a68dd66b4,"yantika 118: 
",..,ཡང་དགེ་སློང་མ་གང་རང་གི་ལུས་ལ་ཀུན་དུ་རྒྱུ་མོ་དྲིལ་ཕྱི་བྱེད་དུ་བཅུག་ན་ལྟུང་བྱེད་དོ་༎
0f0474b80d2b4ebbbea2629b245d11a4,"yantika 119: 
",..,ཡང་དགེ་སློང་མ་གང་རང་གི་ལསུ་ལ་བུད་མེད་བཀྲུ་བཤལ་ཁྱེད་དུ་བཅུག་ན ༼༥༽ ལྟུང་བྱེད་དོ་༎
66714c9ac11e4ac79be284ef68da7587,"yantika 120: 
",..,ཡང་དགེ་སློང་མ་གང་རང་གི་ལུས་ལ་རྡས་དྲུཨི་ཞིག་པོ་སྐུད་ན་ལྟུང་བྱེད་དོ་༎
974bf8f5be3d4dd9a5cb172f9666524c,"yantika 121: 
",..,ཡང་དགེ་སློང་མ་གང་རང་གི་ལས་ལ་འབྲུ་མར་གྱི་ཚིགས་མ་སྐུད་ན་ལྟུང་བྱེད་དོ་༎
9ceacbf2d973407480fed55b252ff481,"yantika 122: 
",..,ཡང་དགེ་སློང་མ་གང་ལག་པ་སྦྲེལ་ཏེ་ཆུར་ཁྲུས་བྱེད་ན་ལྟུང་བྱེད་དོ་༎ ༎
27c1d269079e41c3b84e3baf6ef742af,"
",..,སྡོམ་ལ་།པུ་ཤེལ་ཙི་དང་སོ་མངས ༼༦༽ དང་༎སྨིག་ཤད་གསུམ་དང་སྐྲ་བརྙན་དང་༎རྒྱུན་ན་དང་བྲོ་རྡུང་གླུ་ལེན་དང་༎རོལ་མོ་བྱེད་དང་གདུགས་ཐོགས་པའོ་༎
fb9a18a55fe9442b88aa3cefefd09d62,"yantika 123: 
",..,ཡང་དགེ་སློང་མ་གང་པུ་ཤེལ་ཙིས་སྐྲ་འཆད་ན་ལྟུང་བྱེད་དོ་༎
298e1f0a1c5344f68b5c8385c14aa497,"yantika 124: 
",..,ཡང་དགེ་སློང་མ་གང་སོ་མངས་ཀྱིས་སྐྲ་འཆད་ན་ལྟུང་བྱེད་དོ་༎
5f7398dc03d240c1be8fdece901f69f4,"yantika 125: 
",..,ཡང་དང་དགེ་སློང་མ་གང ༼༧༽ སྨིག་ཤད་ཀྱིས་སྐྲ་འཆད་ན་ལྟུང་བྱེད་དོ་༎
479dc517956e46f4aba547588bc5d562,"yantika 126: 
",..,ཡང་དགེ་སློང་མ་གང་པུ་ཤེལ་ཅི་དག་སོ་མངས་དང་སྨིག་ཤད་དག་གསུམ་ཅར་གྱིས་སྐྲ་འཆད་ན་ལྟུང་བྱེད་དོ་༎
04166e9657fc47fab6f8fe263ad479ec,"yantika 127: 
",..,ཡང་དགེ་སློང་མ་གང་སྐྲ་བརྙན་ཐོགས་ན་ལྟུང་བྱེད་དོ་༎
3559f75f74784c25a004c00c13ea20e2,"yantika 128: 
",..,ཡང་དགེ་སློང་མ་གང་ཁྱིམ་པ་མོའི་རྒྱན་ཐོགས་ན་ལྟུང་བྱེད་དོ་༎
0c5465b23fbf49e5b2fac5e4549bfdf1,"yantika 129: 
",..,ཡང ༼༢༠བ༡༽ དགེ་སློང་མ་གང་བྲོ་རྡུང་ན་ལྟུང་བྱེད་དོ་༎
98a0d7b47710412b958e4c79f0faa4ff,"yantika 130: 
",..,ཡང་དགེ་སློང་མ་གང་གླུ་ལེན་ན་ལྟུང་བྱེད་དོ་༎
bfe8dfac766f46e286c79a4bd45a1d5a,"yantika 131: 
",..,ཡང་དགེ་སློང་མ་གང་རོལ་མོ་ལ་རེག་མོ་ལ་རེག་ན་ལྟུང་བྱེད་དོ་༎
9858e2817d0f44839281876c3c781df1,"yantika 132: 
",..,ཡང་དགེ་སློང་མ་གང་གདུགས་ཐོགས་ན་ལྟུང་བྱེད་དོ་༎ ༎
b24c1e8711ff40e59f3bfb6f62917c3b,"
",..,སྡོམ་ལ་།མཆིལ་ལྷམ་ཁྲིའུ་ཕྱིས་གནོན་དང་༎སྟན་དང་། ༼༢༽ སྐུད་པ་ཁྱིམ་ལས་དང་༎རྗེན་པ་འཚོད་དང་གོས་དང་ནི་༎ཟས་འ་ཚོང་པ་དག་ལྟོ་འདུན་ནོ་༎
6cb2bbef7ffa4b0ab5769f1d7174a560,"yantika 133: 
",..,ཡང་དགེ་སློང་མ་གང་མཆིལ་ལྷམ་གྱོན་ན་ལྟུང་བྱེད་དོ་༎
b03ed35d0c344f75a157ba306e6f98af,"yantika 134: 
",..,ཡང་དགེ་སློང་མ་གང་ཁྲིལ་འདུག་པའི་བསྙེན་བཀུར་ཉམས་སུ་ལེན་པར་བྱེད་ན་ལྟུང་བྱེད་དོ་༎
a54fe600eaee4760b6c334caf1d967e3,"yantika 135: 
",..,ཡང་དགེ་སློང་མ་གང་ཁྱིམ ༼༣༽ གཞན་དུ་མ་བསྒོ་བར་སྟན་ལ་ཕྱིས་གནོན་བྱས་ཏེ་འདུག་ན་ལྟུང་བྱེད་དོ་༎
91e0f701abfa4e1a9169165c9310fc33,"yantika 136: 
",..,ཡང་དགེ་སློང་མ་གང་ཆོས་སྟོན་པ་ན་ཁྱིམ་པའི་སྟན་སྤྱད་པ་མ་གཏད་པར་འགྲོ་ན་ལྟུང་བྱེད་དོ་༎
1576e7f96bc94e199979ccc33d689b32,"yantika 137: 
",..,ཡང་དགེ་སློང་མ་གང་སྐུད་པ་འཁལ་ན་ལྟུང་བྱེད་དོ་༎
eb446f80c79c47339a0e05afbb7132aa,"yantika 138: 
",..,ཡང་དགེ་སློང་མ་གང་ཁྱིམ་གྱི་ལས་བྱེད་ན་ལྟུང་བྱེད ༼༤༽ དོ་༎
a1042c5dad14457b9f705fd177ba2844,"yantika 139: 
",..,ཡང་དགེ་སློང་མ་གང་རྗེན་པ་འཚོད་ན་ལྟུང་བྱེད་དོ་༎
9e05adf5c44d4437916b085e0e2ec7bf,"yantika 140: 
",..,ཡང་དགེ་སློང་མ་གང་ཟས་འཚོང་ན་ལྟུང་བྱེད་དོ་༎
a9faca2a95e948f4ac409404d371ee1d,"yantika 141: 
",..,ཡང་དགེ་སློང་མ་གང་ལྟོ་འདུན་གྱི་ཟས་ཟོས་ནས་སྟན་ལས་ལགས་ཏེ་ཡང་ཟ་ན ༼༥༽ ལྟུང་བྱེད་དོ་༎ ༎
b97f200bfd0843858e0e3858b369faf8,"
",..,སྡོམ་ལ་།སྒོ་སྐྱ་སྨེ་གབ་ཆུ་གོས་དང་༎འཁྲུར་འཇུག་པ་དག་དགེ་སྦྱོང་གོས་༎རྗེ་དང་བསྔགས་པ་ཁྱིམ་དང་ནི་༎གནས་དང་རྙེད་པའི་སེར་སྣའོ་༎
3d6161839a0e4711b3cdcc63d7b40a33,"yantika 142: 
",..,ཡང་དགེ་སློང་མ་གང་སྒོང་སྐྱ་ཟན་ལྟུང་བྱེད་དོ་༎
cc8d66342918470dbcf9826c97154710,"yantika 143: 
",..,ཡང་དགེ་སློང་མ་གང་སྨེ་གབ་མི་འཆག་ན་ལྟུང་བྱེད ༼༦༽ དོ་༎
0094ab314e4c460ea37776093ecc243b,"yantika 144: 
",..,ཡང་དགེ་སློང་མ་གང་ཆུ་གོས་མི་འཆང་ན་ལྟུང་བྱེད་དོ་༎
240a2ba1bd4048b78e4a9aac502b37d9,"yantika 145: 
",..,ཡང་དགེ་སློང་མ་གང་བཀྲུ་བཤལ་བ་ལ་གོས་འཁྲུར་འཆོལ་ན་ལྟུང་བྱེད་དོ་༎
20bb682cb9b14a2da0a8f48f8f4e660f,"yantika 146: 
",..,ཡང་དགེ་སློང་མ་གང་དགེ་སྦྱོང་གི་གོས་ཁྱིམ་པ་ལ་བགོ་བའི་ཕྱིར་སྦྱིན་ན་ལྟུང་བྱེད་དོ་༎
e348c766d5d14bada3edd334e1fa6ea2,"yantika 147: 
",..,ཡང་དགེ་སློང་མ་གང་འཁོར་གཙོ་བོ་ལ་ཆོས ༼༧༽ གོས་སྣམ་སྦྱར་རྗེན་ལྟུང་རྗེན་ལྟུང་བྱེད་དོ་༎
8d71f688e79940399e52e5e723581627,"yantika 148: 
",..,ཡང་དགེ་སློང་མ་གང་བསྔགས་པ་ལ་སེར་སྣ་བྱེད་ན་ལྟུང་བྱེད་དོ་༎
9383914dde6441d5af2721f01efe2f39,"yantika 149: 
",..,ཡང་དགེ་སློང་མ་གང་ཁྱིམ་ལ་སེར་སྣ་བྱེད་ན་ལྟུང་བྱེད་དོ་༎
f2909ea19cef4c2da7d319baa1b8d6e0,"yantika 150: 
",..,ཡང་དགེ་སློང་མ་གང་གན་ལ་སེར་སྣ་བྱེད་ན་ལྟུང་བྱེད་དོ་༎
378ff9f9c4da4004b26e3047f3f53e82,"yantika 151: 
",..,ཡང་དགེ་སློང་མ་གང་རྙེད་པ་ལ་སེར་སྣ་བྱེད་ན་ལྟུང་བྱེད་ན་ལྟུང་བྱེད་དོ་༎ ༎
0579cd7a48f34b7ba8c0156d64038182,"
",..,༼༢༡ཨ༡༽ སྡོམ་ལ་།ཆོས་དང་སྐྲོད་པ་རྣམ་གཉིས་དང་༎གླེང་དང་མནའ་འདོར་རྡེག་པ་དང་༎བརྙས་ཐབས་སྤྱོ་དང་ཆུ་འཐོར་དང་༎འཁྲུག་ལོང་ཡང་བར་འདོར་བའོ་༎
14248d2c4c89403381863e05307ec73a,"yantika 152: 
",..,ཡང་དགེ་སློང་མ་གང་ཆོས་ལ་སེར་སྣ་བྱེད་ན་ལྟུང་བྱེད་དོ་༎
5158eb97dd1943859a7dfc442f72cd23,"yantika 153: 
",..,ཡང་དགེ་སློང་མ་གང་ཁྲོས་འཁྲུགས ༼༢༽ རྔམ་པར་གྱུར་ཏེ་ཡི་མ་རངས་ནས་དབྱར་ཁང་ནས་དགེ་སློང་མ་སྐྲོད་མ་སྐྲོད་ན་ལྟུང་བྱེད་དོ་༎
434179874db9426d9a3d48a487dbd6bb,"yantika 154: 
",..,ཡང་དགེ་སློང་མ་གང་ཁྱིམ་གཞན་ན་དགེ་སློང་མ་ང་ནས་གནས་པར་ཤེས་བཞིན་དུ་ཕྱིས་འོངས་ཏེ་སྐྲོད་པར་བྱེད་ན་ལྟུང་བྱེད་དོ་༎
e44cdc7109a04b0aba8b7fc060591894,"yantika 155: 
",..,ཡང་དགེ་སློང་མ་གང་ལེགས་པར་མཐོང་བ་དང་། ཐོས་པ་དང་། དོགས ༼༣༽ པ་མེད་པར་དགེ་སློང་མའི་ལྟུང་བ་གླེང་ན་ལྟུང་བྱེད་དོ་༎
85236af7bebd4d71a788a70647ad8c2d,"yantika 156: 
",..,ཡང་དགེ་སློང་མ་གང་མནའ་འདོར་ན་ལྟུང་བྱེད་དོ་༎
08db16a6fdc9425f910c38f41779a8a8,"yantika 157: 
",..,ཡང་དགེ་སློང་མ་གང་ཁྲོས་འཁྲུགས་རྔམ་པར་གྱུར་ཏེ་ཡི་མ་རངས་ནས་བདག་ཉིད་ལ་རྡེག་ན་ལྟུང་བྱེད་དོ་༎
76b81b43d23d4fc69ddf8120896cab2e,"yantika 158: 
",..,ཡང་དགེ་སློང་མ་གང་དགེ་སློང་མའི་ཚོགས་ལ་བརྙས་ཐབས་བྱེད་ན་ལྟུང ༼༤༽ བྱེད་དོ་༎
583884aa1e194c51ab3e5e76d9fcbcc0,"yantika 159: 
",..,ཡང་དགེ་སློང་མ་གང་དགེ་སློང་མའི་ཚོགས་ལ་སྤྱོ་ན་ལྟུང་བྱེད་དོ་༎
bca06491826747929344fb6a586edf83,"yantika 160: 
",..,ཡང་དགེ་སློང་མ་གང་འཁོར་གཙོ་བོ་ལ་ཆུས་འཐོར་ན་ལྟུང་བྱེད་དོ་༎
f34f7754ef104f7cb7aab3fe267b1c4e,"yantika 161: 
",..,ཡང་དགེ་སློང་མ་གང་མཐུ་ཡོད་བཞིན་དུ་དགེ་སློང་མ་རྣམས་ཀྱིས་འཁྲུག་ལོང་ཡལ་བར་འདོར་ན་ལྟུང་བྱེད་དོ་༎ ༎
ae4d38afe6224d098e9b950365dc60d5,"
",..,སྡོམ་ལ་།འདུན ༼༥༽ པ་གདམས་ངག་དབྱར་གནས་དང་༎དགག་དབྱེ་གསོ་སྦྱོང་སྲ་བརྐྱང་དང་༎དབྱུང་དང་གོས་འགྱེད་དབྱར་ཁང་དང་༎དབྱར་གྱི་ནང་དུ་ལྗོངས་རྒྱུ་བའོ་༎
96929a3423234eadbf3f9613682f4501,"yantika 162: 
",..,ཡང་དགེ་སློང་མ་གང་ཞག་ལོན་པའི་འདུན་པ་འབུལ་ན་ལྟུང་བྱེད་དོ་༎
7147c00842e641aa9aa318842dbe34e5,"yantika 163: 
",..,ཡང་དགེ་སློང་མ་གང་ཟླ་ཕྱེད་ཕྱེད་ཅིག་དགེ་སློང་ལ་གདམས་ངག ༼༦༽ དང་རྗེས་སུ་བསྟན་པ་མི་ཉན་ན་ལྟུག་བྱེད་དོ་༎
f703ea1109714d1487fb46569bc3ff96,"yantika 164: 
",..,ཡང་དགེ་སློང་མ་གང་དགེ་སློང་མེད་པའི་གནས་སུ་དབྱར་གནས་པར་ཁས་ལེན་ན་ལྟུང་བྱེད་དོ་༎
305af2f03bf7498fab0731b0c52a906b,"yantika 165: 
",..,ཡང་དགེ་སློང་མ་གང་དབྱར་གནས་པས་གཉིས་ཀའི་དགེ་འདུན་ལ་མཐོང་བ་དང་། ཐོས་པ་དང་། དོགས་པའི་གནས་གསུམ་གྱིས་དགག་དབྱེ ༼༧༽ མི་བྱེད་ན་ལྟུང་བྱེད་དོ་༎
8a603deed70c4e8e853509f15c9842b6,"yantika 166: 
",..,ཡང་དགེ་སློང་མ་གང་དགེ་སློང་མེད་པར་གསོ་སྦྱོང་བྱེད་ན་ལྟུང་བྱེད་དོ་༎
69281e1f272b44a6ad6880c887d1b445,"yantika 167: 
",..,ཡང་དགེ་སློང་མ་གང་དབུལ་པ་སྲ་བརྐྱང་སྦྱོར་དུ་འཇུག་ན་ལྟུང་བྱེད་དོ་༎
e404cda604084cb6a6f60fa543c5861a,"yantika 168: 
",..,ཡང་དགེ་སློང་མ་གང་སྲ་བརྐྱང་སྦྱོར་དུ་འཇུག་ན་ལྟུང་བྱེད་དོ་༎
eb9d01efe424468e9cec5fbf18e958d8,"yantika 169: 
",..,ཡང་དགེ་སློང་མ་གང་སྲ་བརྐྱང་དབྱུང་བའི་ཐབས་བག་ཡངས་སུ་བྱ་བའི་ཚོགས་པ་མི་སྦྱིན་ན་ལྟུང་བྱེད་དོ་༎
b443d331787a44df836418f22cc05133,"yantika 170: 
",..,ཡང ༼༢༡བ༡༽ དགེ་སློང་གང་གོས་འགྱེད་པའི་ཕྱིར་བག་ཡངས་སུ་བྱ་བའི་ཕྱིར་ཚོགས་པ་སྦྱིན་པ་པར་མི་བྱེད་ན་ལྟུང་བྱེད་དོ་༎
6b8f6717046a492289d5d78166d8de22,"yantika 171: 
",..,ཡང་དགེ་སློང་མ་གང་དབྱར་ཁང་མ་གཏད་པར་དེ་ནས་གཞན་དུ་འགྲོ་ན་ལྟུང་བྱེད་དོ་༎
882e7e2af8524fdfba0583f78d176150,"yantika 172: 
",..,ཡང་དགེ་སློག་མ་གང་དབྱྲ་གྱི་ནང་དུ་ལྗོངས་རྒྱུ་ཞིང་འགྲོ་ན་ལྟུང་བྱེད་དོ་༎ ༎
b96b3a4dfc18441d982b58b2ac7b1744,"
",..,སྡོམ་ལ་།མི ༼༢༽ འགྲོ་དོགས་པ་མི་མཐུན་དང་༎འཐབ་ཀྲོལ་བྱེད་དང་འདྲི་བ་དང་༎གཅིག་པུ་སྡོ་དང་མ་བལྟས་པའི་༎སྡེ་ཚ་ན་ཐ་མར་བྱས་པ་ཡིན་༎
14515424841e4612a4d2fa4cb8969123,"yantika 173: 
",..,ཡང་དགེ་སློང་མ་གང་དབྱར་གནས་པའི་འོག་རོལ་དུ་རྒྱང་གྲགས་ཀྱི་མཐར་མི་འགྲོ་ན་ལྟུང་བྱེད་དོ་༎
9215997be7ca40b7aaa9e16915fdfba4,"yantika 174: 
",..,ཡང་དག་སློང་མ་གང་ཡུལ་འཁོར་དོགས་པ ༼༣༽ དང་བཅས་པར་ལྗོངས་རྒྱུ་ཞིང་འགྲོ་ན་ལྟུང་བྱེད་དོ་༎
8fd1512d2fc647048a8b78a58a108fc3,"yantika 175: 
",..,ཡང་དགེ་སློང་མ་གང་ཡུལ་འཁོར་མི་མཐུན་པ་དང་བཅས་པར་ལྗོངས་རྒྱུ་ཞིང་འགྲོ་ན་ལྟུང་བྱེད་དོ་༎
a1fa3f23a7bc404bbcafec6a6311f5c0,"yantika 176: 
",..,ཡང་དགེ་སློང་མ་གང་ཡུལ་འཁོར་མི་མཐུན་པ་དང་བཅས་པར་ལྗོངས་རྒྱུ་ཞིང་འགྲོ་ན་ལྟུང་བྱེད་དོ་༎
2852f8a70c4a41dda16ab682eb5072d4,"yantika 177: 
",..,ཡང་དགེ་སློང་མ་གང་གནས་གཞན་དུ་འཐབ་ཀྲོལ་བྱེད་ན་ལྟུང་བྱེད་དོ་༎
74e4d035e8f64aa7ba37ed971649109d,"yantika 178: 
",..,ཡང་དགེ་སློང་མ་གང་སྐབས་མ་ཕྱེ་བར་འདྲི་ན་ལྟུང་བྱེད་དོ་༎
3d9d974ae20540fea359e2340a9c4b14,"yantika 179: 
",..,༼༤༽ ཡང་དགེ་སློང་མ་གང་གཅིག་བུ་ཕྱི་སར་འགྲོ་ན་ལྟུང་བྱེད་དོ་༎
273d09e9f4054d68ad0b1e10520e7faa,"yantika 180: 
",..,ཡང་དགེ་སློང་མ་གང་རྩྭ་སྔོན་པོའི་སྟེང་དུ་བཤང་གཅི་འདོར་ན་ལྟུང་བྱེད་དོ་༎
f1ea10d06497449186a84f788a96b516,"yantika 181: 
",..,ཡང་དགེ་སློང་མ་གང་རྩིག་པའི་ཕག་ཏུ་མ་བལྟས་པར་བཤང་གཅི་འདོར་ན་ལྟུང་བྱེད་དོ་༎ ༎
f036084fdd9e4f6da0a00278056fa4fc,"
",..,བར་སྡོམ་ལ་།ཐུན་མོང་མིན་པ་བརྒྱ་རྩ་བརྒྱད་༎༼༥༽ དགེ་སློག་ཐུན་མོང་བདུན་བཅུ་གཉིས་༎བརྒྱ་དང་བརྒྱད་བཅུར་གནས་པ་དག་༎ལྟུང་བྱེད་འབའ་ཞིག་གྱུར་པ་ཡིན་༎སྒྲོད་དང་མ་བསྐོས་ཉི་ནུབ་དང་༎ཟས་དང་ཆོས་གོས་གཉིས་དག་དང་༎དོན་མཐུན་གྲུ་དང་དབ༡་པ་གཉིས་༎སྦྱོར་བཅུག་ཡང་ཡང་བསོད་པ་དང་༎ཉལ་སར ༼༦༽ འདུག་དང་འགྲེང་བ་དང་༎གདེང་མེད་ཉི་ཤུ་མ་ལོན་དང་༎རས་ཆེན་ལྟུང་བ་བཅྭ་བརྒྱད་པོ་༎བཀོལ་བའི་ལྷག་མ་འདིར་འདོད་དོ་༎
a8a6e4505a3b415e855c7fa513821980,"rmula  .  . 
",..  ..  ..,འཕགས་མ་དག་བདག་གིས་ལྟུང་བྱེད་ཀྱི་ཆོས་བརྒྱ་བརྒྱད་བཅུ་པོ་དག་བཏོབ་ཟིན་ཏོ་༎ དེ་ལ་བདག་གིས་འཕགས་མ་དག་ལ་ཅི་འདི་ལ་ཁྱེད ༼༧༽ ཡོངས་སུ་དག་གམ་ཞེས་དྲིའོ་༎ ཅི་འདི་ལ་ཁྱེད་ཡོངས་སུ་དག་གམ་ཞེས་ལན་གཉིས་ལན་གསུམ་དུ་དྲིའི་༎ འདི་ལ་འཕགས་མ་དག་ཡོངས་སུ་དག་ན་འདི་ལྟར་ཅང་མི་སྨྲ་བས་དེ་དེ་བཞིན་དུ་འཛིན་ཏོ་༎ ༎
c6986c8e9ac04ec0b899e3b461d8dc25,"atideśanīya 
",..,-
efba3cc8aa934cd390f46fd0960b1b90,"
",..,སྡོམ་ལ་།འོ་མ་ཤོ་དག་མར་དང་ནི་༎ཞུན་མར་འབྲུ་མར་སྦྲང་རྩི ༼༢༢ཨ༡༽ དང་༎དབུ་བ་ཉ་ཤ་ཤ་དང་ནི་༎ཤ་སྐམ་བསླབ་སྡོམ་བྱིན་པའོ་༎
6f287b2c8df94c33b93a86dfa2b40acd,"
",..,འཕགས་མ་དག་སོ་སོར་བཤགས་པར་བྱ་བའི་ཆོས་བཅུ་གཅིག་པོ་འདི་དག་ནི་ཟླ་བ་ཕྱེད་ཕྱེད་ཅིང་སོ་སོར་ཐར་པའི་མདོ་གདོན་པ་ལས་འབྱུང་ངོ་༎
7f1fdf386252412fb6603a715ba618a6,"
",..,ཡང་དགེ་སློང་མ་གང་མི་ན་བར་གཞན་གྱི ༼༢༽ ཁྱིམ་ནས་བདག་གི་དོན་དུའོ་མ་བླངས་ཏེ་འཐུང་ན་དགེ་སློང་མ་དེས་ཕྱི་རོལ་དཔྱར་ཁང་དུ་སོང་སྟེ་། དགེ་སློང་པ་རྣམས་ལ་འཕགས་མ་དག་བདག་ལ་སྨད་པར་བྱ་བའི་གནས་མི་རིགས་པ་སོ་སོར་བཤགས་པར་བྱ་བ་བྱུང་གིས་ཆོས་དེ་སོ་སོར་བཤགས་པར་བྱ་སྟེ་། ཆོས་འདི་ནི་སོ་སོར་བཤགས་པར ༼༣༽ བྱ་བའོ་༎
183a552ed4de4a7889f6aad86c9ad090,"
",..,ཡང་དགེ་སློང་མ་གང་མི་ན་བར་གཞན་གྱི་ཁྱིམ་ནས་བདག་གི་དོན་དུ་ཞོ་དང་། མར་དང་། ཞུན་མར་དང་། འབྲུ་མར་དང་། སྦྲང་རྩི་དང་། བུར་མ་གྱི་དབུ་བ་དང་། ཉ་ཤ་དང་། ཤ་དང་། ཤ་སྐམ་བླངས་ཏེ་འཐུངས་སམ་ཟོས་ན་དགེ་སློང་མ་དེས་ཕྱི་རོལ་དབྱར་ཁང་དུ ༼༤༽ སོང་སྟེ་། དགེ་སློང་མ་རྣམས་ལ་འཕགས་མ་དག་བདག་ལ་སྨད་པའི་གནས་མི་རིགས་པ་སོ་སོར་བཤགས་པར་བྱ་བ་བྱུང་གིས་ཆོས་དེ་སོ་སོར་བཤགས་སོ་ཞེས་སོ་སོར་བཤགས་པར་བྱ་སྟེ་། ཆོས་འདི་ཡང་སོ་སོར་བཤགས་པར་བྱའོ་༎
da8cfc11afc74c7c80cb0b178d42573b,"
",..,སློབ་པ་དག་གི་ཁྱིམ་གང་དག་ན་དགེ་འདུན་གྱི་བསླབ ༼༥༽ པའི་སྡོམ་པས་བསྡམས་པར་གྱུར་པ་ལ་དགེ་སློང་མ་གང་སློང་མ་གང་སློ་བ་པ་དག་གིས་ཁྱིམ་གང་དག་དགེ་འདུན་གྱི་བསླབ་པའི་སྡོམ་པས་བསྡམས་པ་དེ་ལྟ་བུའི་ངག་ཏུ་སྔར་མགྲོན་དུ་མ་བོས་པར་སོང་སྟེ་། རང་གི་ལག་གིས་བཅའ་བ་དང་བཅའ་བ་དང་བཟའ་བ་བླངས་ནས་འཆའའམ་ཟ་ན་དགེ་སློང་མ་དེས་ཕྱི་རོལ ༼༦༽ དབྱར་ཁང་དུ་སོང་སྟེ་། དགེ་སློང་མ་རྣམས་ལ་འཕགས་མ་དག་བདག་ལ་སྨད་པའི་གནས་མི་རིགས་པ་སོ་སོར་བཤགས་པར་བྱ་བ་བྱུང་གིས་ཆོས་འདི་ཡང་སོ་སོར་འཆགས་ཞེས་སོ་སོར་བཤགས་པར་བྱ་སྟེ་། ཆོས་འདི་ཡང་སོ་སོར་བཤགས་པར་བྱ་བའོ་༎
994fd77a3c4040a4b7d3a248b9fe8db5,"rmula  .  . 
",..  ..  ..,འཕགས་མ་དག་བདག ༼༧༽ གིས་སོ་སོར་བཤགས་པར་བྱ་བའི་ཆོས་བཅུ་གཅིག་པོ་འདི་དག་བཏོན་ཟིན་ཏོ་༎ དེ་ལ་བདག་གིས་འཕགས་མ་དག་ལ་ཅི་འདི་ལ་ཁྱེད་ཡོངས་སུ་དག་གམ་ཞེས་དྲིའོ་༎ ཅི་འདི་ལ་ཁྱེད་ཡོངས་སུ་དག་གམ་ཞེས་ལན་གཉིས་ལན་གསུམ་དུ་དྲིའོ་༎ འདི་ལ་འཕགས་མ་དག་ཡོངས་སུ ༼༢༢བ༡༽ དགན་འདི་ལྟར་ཅང་མི་སྨྲ་བས་དེ་དེ་བཞིན་དུ་འཛིན་ཏོ་༎ ༎
ee431616188a4fbf9db4819ab12582e4,"ikṣādharma 
",..,-
925178d928eb4766a6d4abdd35f58389,"
",..,སྡོམ་ལ་།ཤམ་ཐབས་ལ་ནི་རྣམ་བརྒྱད་དང་༎སྟེང་གཡོགས་ལ་ནི་རྣམས་གསུམ་དང་༎ཤིན་ཏུ་བསྡམས་ལ་སོགས་པ་དྲུག་༎མགོ་གཡོགས་ལ་སོགས་རྣམ་པ་ལྔ་༎མཆོད་ལ་སོགས་པ་རྣམས་པ་ལྔ་༎༼༢༽ འདུས་ལ་སོགས་པ་རྣམ་པ་ལྔ་༎འདུག་པར་བྱ་བ་བརྒྱད་དག་དང་༎བྱིན་ལེན་བྱ་བ་བརྒྱད་རྣམས་སོ་༎
3d5a59f1ac7643049bf1ccb331b3b717,"
",..,འཕགས་མ་དག་བསླབ་པར་བྱ་བའི་ཆོས་མང་པོ་འདི་དག་ནི་ཟླ་བ་ཕྱེད་ཕྱེད་ཅིང་སོ་སོར་ཐར་པའི་མདོ་གདོན་པ་ལས་འབྱུང་ངོ་༎
50ccfaabc44942e2a5065bb4146c1431,"ikṣa 1: 
",..,ཤམ་ཐབས་ཟླུམ་པོར་བགོ་བར་བསླབ་པར་བྱའོ་༎
16e10c6b858344dc988f0d5d2a2b30d9,"ikṣa 2: 
",..,༼༣༽ ཧ་ཅང་བརྗེས་པ་མ་ཡིན་པ་དང་།
6e7299235ce7479a83c55118ffa3f5fe,"ikṣa 3: 
",..,ཧ་ཅང་འཇོལ་བ་མ་ཡིན་པ་དང་།
7216e110932d4928986766cede38d340,"ikṣa 4: 
",..,གླང་པོ་ཆེའི་སྣ་ལྟར་མ་ཡིན་པ་དང་།
a186c623da9543ffb7908e2ab043dcd4,"ikṣa 5: 
",..,ཏ་ལའི་ལོ་མ་ལྟར་མ་ཡིན་པ་དང་།
6a4d82ae3a8f4d72960d0ecfe8e3eebe,"ikṣa 6: 
",..,འབྲུའི་ཕུར་མ་ལྟར་མ་ཡིན་པ་དང་།
46967a118f2542179e3284dac6748ef7,"ikṣa 7: 
",..,སྦྲུལ་མགོའི་གདེངས་ཀ་ལྟར་མ་ཡིན་པ་དང་།
ee251e519cd84584888d56c5b2aadc56,"ikṣa 8: 
",..,ཤམ་ཐབས་རྐེད་པ་སྣང་བར་མི་བགོ་བར ༼༤༽ བསླབ་པར་བྱའོ་༎
0eb725997b66448a978a767c5ebdf6e8,"ikṣa 9: 
",..,ཆོས་གོས་ཟླུམ་པོར་བགོ་བར་བྱའོ་༎
0a7a1866d23a4311885dbec3386fdd20,"ikṣa 10: 
",..,ཆོས་གོས་ཧ་ཅང་བརྗེས་བ་མ་ཡིན་པ་དང་།
edaf3dc2fcac4f8a8cfcc38498c6deb9,"ikṣa 11: 
",..,ཧ་ཅང་འཇོལ་བ་མ་ཡིན་པར་བསྒོ་བར་བསླབ་པར་བྱའོ་༎
7d197c493ed14f4eae109b5b567fa0cc,"ikṣa 12: 
",..,ཤིན་ཏུ་བསྡམས་པ་དང་།
ef06285b77b6453b88c23de626ef75bf,"ikṣa 13: 
",..,ལེགས་པར་བགོས་པ་དང་།
fb3b0f9ab92a4a9cb9bc6ea067778fdf,"ikṣa 14: 
",..,སྒྲ་བསྐྱུང་བ་དང་།
0bce149cee0a4bc6bb384b9db0353cf1,"ikṣa 15: 
",..,མིག་གི་ཡེང་བར་མི་བྱ་བ ༼༥༽ དང་།
5f5dd4eb586344c8a4242d79b3b6c4c0,"ikṣa 16: 
",..,གཉའ་ཤིང་གས་ཙམ་ལྟ་ཞིང་འགྲོ་བ་དང་།
5872dfc8325847aebc448eba723b2ce8,"ikṣa 17: 
",..,ཆགས་པར་གྱུར་ཅིང་ཁྱིམ་གཞན་དུ་མི་འགྲོ་བར་བསླབ་པར་བྱའོ་༎
8e42488af9f940e59ba419df8ea30781,"ikṣa 18: 
",..,མགོ་མི་གཡོགས་པ་དང་།
0fc7910c178648daae0dfa3faa873104,"ikṣa 19: 
",..,མི་བརྗེ་པ་དང་།
64a621be222c485aa1d30f8be15ad63f,"ikṣa 20: 
",..,མི་གཟེར་བ་དང་།
96243d7faff0429486a26478276aa55e,"ikṣa 21: 
",..,གཉའ་གོང་དུ་མི་བསྣོལ་བ་དང་།
adf21901b986495d8d2d69da5755788a,"ikṣa 22: 
",..,ལྟག་པར་མི་བསྣོལ་བར་ཁྱིམ་གཞན་དུ་འགྲོ་བར ༼༦༽ བསླབ་པར་བྱའོ་༎
e9d39984da6c40888c2e5045236fbf1d,"ikṣa 23: 
",..,མི་མཆོང་བ་དང་།
7225d045af1f49128a9715f4b0160a92,"ikṣa 24: 
",..,ཙོག་བུ་མ་ཡིན་པ་དང་།
5c50908376fd405e821bb10ef92ea492,"ikṣa 25: 
",..,བྲང་བས་མ་ཡིན་པ་དང་།
1e20b42768894cdba09a16e67ddb0060,"ikṣa 26: 
",..,དཀུར་མི་བསྟེན་པར་ཁྱིམ་གཞན་དུ་འགྲོ་བར་བསླབ་པར་བྱའོ་༎
e782193d464f4be692d7fd4246d3bfbf,"ikṣa 27: 
",..,ལུས་མི་བསྒྱུར་བ་དང་།
4bd4efba4b5d4bd9a643bb3d729fd42b,"ikṣa 28: 
",..,ལག་པ་མི་དཀྱོག་པ་དང་།
e6bf26ce59194bd0a7de177604905f46,"ikṣa 29: 
",..,མགོ་མི་བསྒྱུར་བ་དང་།
63ad1a82dce9457cba2b95d06a10891f,"ikṣa 30: 
",..,ཕྲག་པ་མི ༼༧༽ སྤྲད་པེ་དང་།
6518596b3b7f46e9b3e53d301c76ef15,"ikṣa 31: 
",..,ལག་པ་མི་སྦྲེལ་བར་ཁྱིམ་གཞོན་དུ་འགྲོ་བར་བསླབ་པར་བྱའོ་༎
617a348e73a34440baa01f1567643f8a,"ikṣa 32: 
",..,སྟན་ལམ་བརྟགས་པ་དང་།
cf92494778994aaeb0094d22976aba15,"ikṣa 33: 
",..,ལུས་ཐམས་ཅད་ཀྱི་ལྕིད་ཀྱིས་མི་དབས་པ་དང་།
2c91014ec3494eee811805d6cfc54dbc,"ikṣa 34: 
",..,རྐང་པ་མི་བསྣོལ་པ་དང་།
2bb2b93782974b9eb5221f5a001381d7,"ikṣa 35: 
",..,བརླ་མི་བསྙོལ་བ་དང་བསྣོལ་བ་དང་།
04ea25b293b94a559b61156f547b326d,"ikṣa 36: 
",..,ལོང་བུའི་སྟེང་དུ་ལོང་བུ་མི་གཞག་པ་དང་།
4b7a4bfc62d54f4db946613ce2ee2052,"ikṣa 37: 
",..,རྐང་པ་མི་དགུ༼༢༣ཨ༡༽ པ་དང་།
f8381eebc7984997996b42090bb3088c,"ikṣa 38: 
",..,རྐང་པ་མི་གདང་བ་དང་།
d8058ba83ddd4223a99ea16f0087fe24,"ikṣa 39: 
",..,མདོམས་མི་སྣང་བར་ཁྱིམ་གཞན་དུ་སྟན་ལ་འདུག་པར་བསླབ་པར་བྱའོ་༎
7fe35cf7ee524481b49bafc3460808af,"ikṣa 40: 
",..,ལེགས་པར་ཟས་བླངས་པར་བསླབ་བར་བྱའོ་༎
54166f9fd46a4947b48a2a626f23ea32,"ikṣa 41: 
",..,མུ་དང་ཁད་ཆད་དུ་མ་ཡིན་པ་དང་།
b2e5426dbbbe4087a7e390cd5dbceba9,"ikṣa 42: 
",..,ཚོད་མ་དང་།
a8c681fc59324868985e363da27f9139,"ikṣa 43: 
",..,མཉམ་པར་མ་ཡིན་པ་དང་།
08ceef3b61be4133b1de3e60c8f7135a,"ikṣa 44: 
",..,ཐར་ཆགས ༼༢༽ སུ་དང་།
8204e0bb87ae4bf6858b585ff3161df8,"ikṣa 45: 
",..,ལྷུང་བཟེད་ལ་བལྟ་བ་དང་།
42d85de41952451481bee577ea13d51b,"ikṣa 46: 
",..,བཅའ་བ་དང་བཟའ་བ་མ་འོངས་པར་ལྟུང་བཟེད་མི་བཟེད་པ་དང་།
6ee6ce2fc32449149661e193d42258da,"ikṣa 47: 
",..,ཡང་འདོད་པའི་ཕྱིར་འབྲས་ཆན་གྱི་ཚོད་མ་མི་དག་བ་པ་དང་།
8259cd99c75b4151a914fd985ba28df2,"ikṣa 48: 
",..,ཚོད་མས་འབྲས་ཆ་ན་མི་དག་བ་པ་དང་།
27bde9baaa234ec885cb94cf0aecc848,"ikṣa 49: 
",..,བཅའ་བ་དང་བཟའ་བའི་སྟེང་དུ་ལྷུང་བཟེད་མི་བཟེད་བར་བསླབ་པར་བྱའོ་༎ ༎
505a00ac9b3647cfa49dde46313ddff3,"
",..,༼༣༽ སྡོམ་ལ་།ཟས་ལ་ལེགས་པར་བྱ་བ་དྲུག་༎ཙུག་ཙུག་ལ་སོགས་རྣམ་པ་ལྔ་༎འབྲུ་ནས་ཐ་དད་བྱེད་པ་ལྔ་༎ལག་པ་བལྡང་ལ་སོགས་པ་ལྔ་༎ལེགས་པར་ཟས་བཟའ་བར་བསླབ་པར་བྱའོ་༎
a3cb1ca9cf5f484ea18dee45e29e5e4d,"ikṣa 50: 
",..,ཧ་ཅང་ཁམ་ཆུང་བའམ་༎ ཧ་ཅང་ཁམ་ཆེ་བ་དང་།
6f8752f691844acd91277dd665dea1bd,"ikṣa 51: 
",..,ཁམ་རན་པ་དང་།
c0e4239d77f345fbb292e204a050bef3,"ikṣa 52: 
",..,ཁམ ༼༤༽ མ་གཟས་པར་ཁ་མི་གདང་བ་དང་།
7a5144d0e2cb4c979859170060fb9985,"ikṣa 53: 
",..,ཁམ་གྱིས་བཀང་སྟེ་མི་སྨྲ་བར་བསླབ་པར་བྱའོ་༎
5acf325ab01c432c984aee08766d5c99,"ikṣa 54: 
",..,ཙུག་ཙུག་མི་བྱ་བ་དང་།
e3e3919f22224303aad134796dea7401,"ikṣa 55: 
",..,བལྕག་བལྕག་མི་བྱ་བ་དང་།
2ad66627f41948d18ab988fbf3b8d70a,"ikṣa 56: 
",..,ཧུ་ཧུ་མི་བྱ་བ་དང་།
a9bf22883a764cb4ba4586577b8ff6a3,"ikṣa 57: 
",..,ཕུ་ཕུ་མི་བྱ་བ་དང་།
1047782c50054dfd8f215acbba738b87,"ikṣa 58: 
",..,ལྕེ་ཕྱུང་སྟེ་ཟས་མི་བཟའ་བར་བསླབ་པར་བྱའོ་༎
1da70c6616a549629f2db733c79eec01,"ikṣa 59: 
",..,འབྲུ་ནས་ཐ་དད་དུ་མི་བྱ་བ་དང་།
24af413f95fb44d6b23ced3fa1963bf7,"ikṣa 60: 
",..,འཕྱས ༼༥༽ མི་གདགས་པ་དང་།
3d484d7aeb73469f96f5600ec46579f2,"ikṣa 61: 
",..,མཁུར་བ་མི་སྤོ་བ་དང་།
ad868243e6e240f69f58727d82d82aaf,"ikṣa 62: 
",..,རྐན་མི་ཏོག་པ་དང་།
3998846d1fd64e5d92c03d1eb9c0b638,"ikṣa 63: 
",..,ཁམ་འཕྲོར་མི་གཅད་པར་ཟས་བཟའ་བར་བསླབ་པར་བྱའོ་༎
82fe3b2c87d84aca8aba61a760196595,"ikṣa 64: 
",..,ལག་པ་མི་བལྡག་པ་དང་།
1fa6ed6b4f5b45d982040ea727ba530b,"ikṣa 65: 
",..,ལྟུང་བཟེད་མི་བྱོག་པ་དང་།
740dbe9c44844bf79f1526ceb162ce47,"ikṣa 66: 
",..,ལག་པ་མི་སྤུང་པ་དང་།
180b4ffaf58143f2b1b8cd8a85390c27,"ikṣa 67: 
",..,ལྷུང་བཟེད་མི་བསྐྱོམ་པ་དང་།
3f3f4bfe14c148c5bc38aa99771d8419,"ikṣa 68: 
",..,མཆོད་རྟེན་འདྲ་བར་བཅོས་ཏེ ༼༦༽ ཟས་མི་བཟའ་བར་བསླབ་པར་བྱའོ་༎ ༎
4c76631437e04ec194028023cd59b192,"
",..,སྡོམ་ལ་།འཕྱ་ལ་སོགས་པ་རྣམ་པ་བཞི་༎ལྷུང་བཟེད་ལ་ཡང་རྣམ་པ་བཅུ་༎འགྲེང་བར་བྱེད་ལ་སོགས་པ་ལྔ་༎མགོ་གཡོགས་ལ་སོགས་རྣམ་པ་ལྔ་༎དོ་ཀེར་ཅན་ལ་སོགས་པ་ལྔ་༎གླང་ཆེན་ལ་སོགས་བཞོ་བ་ལྔ་༎ལག ༼༧༽ ན་ཁར་བ་ལ་སོགས་དྲུག་༎ན་བ་རྣམ་པ་གསུམ་རྣམས་སོ་༎
ee7a48e64f08496089942aae22c840bc,"ikṣa 69: 
",..,དྲུང་ན་འདུག་པའི་དགེ་སློང་མའི་ལྷུང་བཟེད་ལ་འཕྱས་གདགས་པའི་ཕྱིར་མི་བལྟ་བར་བསླབ་པར་བྱའོ་༎
027cea060ad24eb2a9dcf1afb05d2a76,"ikṣa 70: 
",..,ལག་པ་ཟས་དང་འབགས་པས་ཆུ་སྣོད་ལ་མི་གཟུང་བར་བསླབ་པར་བྱའོ་༎
859f374c77f84bda8b292d0c33d087f9,"ikṣa 71: 
",..,དྲུང་ན་འདུག་པའི་དགེ་སློང་མ་ལ་ཟས་དང ༼༢༣བ༡༽ འཕགས་པའི་ཆུས་མི་གཏོར་བར་བསླབ་པར་བྱའོ་༎
c591a6742e26494c8c43284bd4f649ef,"ikṣa 72: 
",..,ཁྱིམ་པ་འདུག་པ་ལམ་དྲིས་པར་ཆུ་ཟས་དང་འབགས་པ་ཁྱིམ་གཞན་དུ་མི་དབོ་བར་བསླབ་པར་བྱའོ་༎
94417d89177b41deb6aa8fbb1a5650bb,"ikṣa 73: 
",..,ལྟུང་བཟེད་ཀྱི་ནང་དུ་ཟས་ཀྱི་ལྷག་མ་བླུགས་ཏེ་མི་ད་ཕོ་བར་བསླབ་པར་བྱའོ་༎
614917113aab4fd099af470a56c6ad9b,"ikṣa 74: 
",..,འོག་གཞི་མེད་པའི་ས་ཕྱོགས་སུ་ལྟུང་བཟེད་མི ༼༢༽ གཞག་པར་བསླབ་པར་བྱའོ་༎
2b0434cf3f4d45d1b8447a80b69b4b66,"ikṣa 75: 
",..,གད་ཁམ་ཡིན་པ་དང་། གཡང་ཁམ་ཡིན་པ་དང་། དཀན་གཟར་པོ་མ་ཡིན་པར་ལྟུང་བཟེད་གཞག་པར་བསླབ་པར་བྱའོ་༎
b96261c695ca4bd1b725333669f68b6f,"ikṣa 76: 
",..,འགྲེང་སྟེ་ལྟུང་བཟེད་མི་བཀྲུ་བར་བསླབ་པར་བྱའོ་༎
5fea050a3aec4295a03e633d87e606a4,"ikṣa 77: 
",..,གད་ཁ་མ་ཡིན་པ་དང་། གཡང་ཁ་མ་ཡིན་པ་དང་དཀན་གཟར ༼༢༽ པོ་མ་ཡིན་པར་ལྟུང་བཟེད་བཀྲུ་བར་བསླབ་པར་བྱའོ་༎
6f3d57773ba94eb8a838ad7faafc3088,"ikṣa 78: 
",..,འབབ་ཆུ་དྲག་པོའི་རྒྱུན་ལས་བཟློག་སྟེ་ལྟུང་བཟེད་ཀྱིས་ཆུ་མི་བཅུ་བར་བསླབ་པར་བྱའོ་༎
43a1e2c13497445da2dbefa461ce49dc,"ikṣa 79: 
",..,མི་ན་བར་འདུག་པ་ལ་འགྲེང་སྟེ་ཆོས་མི་བཤད་པར་བསླབ་པར་བྱའོ་༎
34876813398944beb1ee3388083c5eda,"ikṣa 80: 
",..,མི་ན་བར་ཉལ་བ་ལ་འདུག་སྟེ་ཆོས་མི་བཤད་པར་བསླབ་པར ༼༤༽ བྱའོ་༎
306fbc984c5740f8b69ade2a577ee1d5,"ikṣa 81: 
",..,མི་ན་བར་སྟན་མཐོན་པོ་ལ་འདུག་པ་ལ་སྟན་དམའ་བ་ལ་འདུག་སྟེ་ཆོས་མི་བཤས་པར་བསླབ་པར་བྱའོ་༎
7dc1b49d8e26408e870d3590160b0a90,"ikṣa 82: 
",..,མི་ན་བར་མདུན་དུ་འགྲོ་བ་ལ་ཕྱི་ནས་འགྲོ་ཞིང་ཆོས་མི་བཤད་པར་བསླབ་པར་བྱའོ་༎
e2e20ab6984648a28175ec32d8b2edfb,"ikṣa 83: 
",..,མི་ན་བར་ལམ་ནས་འགྲོ་བ་ལ་ལམ་གྱི་འགྲམ་ནས་འགྲོ་ཞིང་ཆོས་མི་བཤད་པར ༼༥༽ བསླབ་པར་བྱའོ་༎
a0a11f13712c43e093e5c856fbcdf905,"ikṣa 84: 
",..,མི་ན་བར་མགོ་གཡོགས་པ་དང་།
7941eaafd4484af283665a8599434ebb,"ikṣa 85: 
",..,བརྗེས་པ་དང་།
9db2ecce3d2a4099818a9d36db7af8fe,"ikṣa 86: 
",..,གཟར་བ་དང་།
b7171dca008344ca9852d490f6862d38,"ikṣa 87: 
",..,གཉའ་གོང་དུ་བསྣོལ་བ་དང་།
5937f78ceb3d49f3b5b600a074f7348a,"ikṣa 88: 
",..,ལྟག་པར་བསྣོལ་བ་ལ་ཆོས་མི་བཤད་པར་བསླབ་པར་བྱའོ་༎
1c794470a5fc4ddfa18b89159be7376e,"ikṣa 89: 
",..,མི་ན་བར་སྐྲ་དོ་ཀེར་ཅན་དང་།
bd5fc6a6eef6467897142b3bcd94668f,"ikṣa 90: 
",..,ཞྭ་གྱོན་པ་དང་།
886067657f93435dab318d3e45b65c47,"ikṣa 91: 
",..,མགོ་ཅོད་པན་ཅན་དང་།
3e4915f939504e66adaf62cf439fb001,"ikṣa 92: 
",..,མགོ་ཕྲེང་བ་ཅན་དང་།
3f6ceb51ff794baab908a3efb35c65c2,"ikṣa 93: 
",..,མགོ ༼༦༽ དཀྲིས་པ་ལ་ཆོས་མི་བཤད་པར་བསླབ་པར་བྱའོ་༎
f590854476604e209a933882f9fabc33,"ikṣa 94: 
",..,མི་ན་བར་གླང་པོ་ཆེ་ཞོན་པ་དང་།
e1e6114092ac470fa513f1ee54f9ff09,"ikṣa 95: 
",..,རྟ་ཞོན་པ་དང་།
74b4b4b77ed2478e974f793c1dafd557,"ikṣa 96: 
",..,ཁྱོགས་ན་འདུག་བ་དང་།
ea027a70d3fd42fd88e07a0393f6cc15,"ikṣa 97: 
",..,བཞོན་པའི་སྟེང་ན་འདུག་པ་དང་།
7e7e36953e5f464397aa201e17b8d2e9,"ikṣa 98: 
",..,མཆིལ་ལྷམ་གྱོན་པ་ལ་ཆོས་མི་བཤད་པར་བསླབ་པར་བྱའོ་༎
aeae414461c74917b07ff92c7f60206e,"ikṣa 99: 
",..,མི་ན་བར་ལག་ན་ཁར་བ་ཐོགས་པ་དང་།
d948d3f00d8d4a9882c737f25afbcb99,"ikṣa 101: 
",..,ལག་ན་གདུགས ༼༧༽ ཐོགས་པ་དང་།
62fc9baafaf84d5eb76caaf969fe96a2,"ikṣa 102: 
",..,ལན་ན་མཚོན་ཐོགས་པ་དང་།
a069efdf0671478db929f4f68f197aab,"ikṣa 103: 
",..,ལག་ནར་ལ་གྲི་ཐོགས་པ་དང་།
cd315e700da44bf9a328d8c030a5ce02,"ikṣa 104: 
",..,ལག་ན་དགྲ་ཆ་ཐོགས་པ་དང་།
e1139265b8fc4c1c9d0caecb5ae838ef,"ikṣa 105: 
",..,གོ་ཆ་གྱོན་པ་ལ་ཆོས་མི་བཤད་པར་བསླབ་པར་བྱའོ་༎
4d00576b08504c9cbb2cd851e6555010,"ikṣa 106: 
",..,མི་ན་པར་འགྲེང་སྟེ་བཤང་གཅི་མི་བྱ་བར་བསླབ་པར་བྱའོ་༎
0379547135fc4202a336ba3a4ed57f5c,"ikṣa 107: 
",..,མི་ན་བར་ཆུའི་ནང་དུ་བཤང་གཅི་དང་། མཆིལ ༼༢༤ཨ༡༽ མ་དང་སྣ་བས་དང་། སྐྱུགས་པ་དང་། རླུགས་པ་མི་འདོར་བར་བསླབ་པར་བྱའོ་༎
425b3828259f41c591ec516cbe1d6dc2,"ikṣa 108: 
",..,གནོད་པ་བྱུང་བ་མ་གཏོགས་པར་ཤིང་ལ་མི་གང་ཙམ་ལས་མཐོར་མི་འཛེག་པར་བསླར་པར་བྱའོ་༎
62862185f4ec41889c22339f18e00e11,"rmula  .  . 
",..  ..  ..,འཕགས་མ་དག་བདག་གིས་བསླབ་པའི་ཆོས་མང་པོ་དག་བཏོན་ཟིན་ཏོ་༎ དེ ༼༢༽ ལ་བདག་གིས་འཕགས་མ་དག་ལ་ཅི་འདི་ལ་ཁྱེད་ཡོངས་སུ་དག་གམ་ཞེས་དྲིའོ་༎ ཅི་འདི་ལ་ཁྱེད་ཡོངས་སུ་དག་གམ་ཞེས་ལན་གཉིས་ལན་གསུམ་དུ་དྲིའོ་༎ འདི་ལ་འཕགས་མ་དག་ཡོངས་སུ་དག་ན་འདི་ལྟར་ཅང་མི་སྨྲ་བས་དེ་དེ་བཞིན་དུ་འཛིན་ཏོ་༎ ༎
f453ee3064524f0b938d9523729f5d9c,"hikaraṇaśamatha 
",..,-
0120f7e58ecb490ea0618be07a19ea9c,"
",..,སྡོམ་ལ་།མངོན་སུམ་དྲན་པ ༼༣༽ མ་མྱོས་དང་༎དེ་བཞིན་གང་མང་ངོ་བོ་ཉིད་༎རྩྭ་རྣམས་བཀྲམ་པ་ལྟ་བུ་དང་༎ཁས་བླང་བར་ཡང་བྱ་བའོ་༎
f5f94cab870a4dbe96806bcfebc85d9b,"
",..,འཕགས་མ་དག་རྩོད་པ་ཞི་བར་བྱ་བའི་ཆོས་བདུན་པོ་འདི་དག་ནི་ཟླ་བ་ཕྱེད་ཕྱེད་ཅིང་སོ་སོར་ཐར་པའི་མདོ་གདོན་པ་ལས་འབྱུང་ངོ་༎
d80a3dccdf7a411eab7c0faa426e2326,"hikaraṇaśamatha 1: 
",..,མངོན་སུམ་གྱིས་འདུལ་བར་འོས་པ་ལ་མངོན ༼༤༽ སུམ་གྱིས་འདུལ་བ་སྦྱིན་ནོ་༎
f3c5ddb6cdc4473190cd4b72d004b0ba,"hikaraṇaśamatha 2: 
",..,དྲན་པས་འདུལ་པར་འོས་པ་ལ་དྲན་པས་འདུལ་བ་སྦྱིན་ནོ་༎
2dff6902e9674d8ea92a3a9ff51dc32e,"hikaraṇaśamatha 3: 
",..,མ་མྱོས་པས་འདུལ་བར་འོས་པ་ལ་མ་མྱོས་པས་འདུལ་བ་སྦྱིན་ནོ་༎
ba9aaecba8334739898cba0789fd7c87,"hikaraṇaśamatha 4: 
",..,གང་ཚུལ་ཤིང་མང་པོ་སྦྱིན་པར་འོས་པ་ལ་ཚུལ་ཤིང་མང་པོ་སྦྱིན་ནོ་༎
c38528ddfd5d4c679292c209ea2a5f83,"hikaraṇaśamatha 5: 
",..,དེའི་ངོ་བོ་ཉིད་ཚོལ་དུ་གཟུག་པར་འོས་པ་ལ་དེའི་ངོ་བོ ༼༥༽ ཉིད་ཚོལ་བ་སྦྱིན་ནོ་༎
f9d4e2d48114416f95c2cb1f856f5950,"hikaraṇaśamatha 6: 
",..,རྩྭ་བཀྲམ་པ་ལྟ་བུར་འོས་པ་ལ་རྩྭ་བཀྲམ་པ་ལྟ་བུར་སྦྱིན་ནོ་༎
d910fef841c84de0a360af9556700e12,"hikaraṇaśamatha 7: 
",..,གང་ཁས་བླངས་པར་འོས་པ་ལ་ཁས་བླང་བར་བྱའོ་༎
cc85ff82ef0d43188bbf0260ae97ad78,"
",..,རྩོད་པ་བྱུང་བར་གྱུར་པ་རྣམས་རྩོད་པ་ཞི་བའི་ཆོས་འདུན་པོ་འདི་དག་གིས་ཆོས་དང་འདུལ་བ་དང་སྟོན་པའི་བསྟན་པ་ཇི་ལྟ་བ་བཞིན་དུ་དུལ་བར ༼༦༽ བྱ་། ཞི་བར་བྱ་། རྣམ་པར་ཞི་བར་བྱའོ་༎
cadd471d453344c2b4badf05036bd0e6,"rmula  .  . 
",..  ..  ..,འཕགས་མ་དག་བདག་གིས་རྩོད་པ་ཞི་བར་བྱ་བའི་ཆོས་བདུན་པོ་དག་བཏོན་ཟིན་ཏོ་༎ དེ་ལ་བདག་གིས་འཕགས་མ་དག་ལ་ཅི་འདི་ལ་ཁྱེད་ཡོངས་སུ་དག་གམ་ཞེས་དྲིའོ་༎ ཅི་འདི་ལ་ཁྱེད་ཡོངས་སུ་དག་གམ་ཞེས་ལན་གཉིས་ལན ༼༧༽ གསུམ་དུ་དྲིའོ་༎ འདི་ལ་འཕགས་མ་དག་ཡོངས་སུ་དག་ན་འདི་ལྟར་ཅང་མི་སྨྲ་བས་དེ་དེ་བཞིན་དུ་འཛིན་ཏོ་༎
709ff94ca21f4749b1aa6b80672ac9be," . 
",..  ..,འཕགས་མ་དག་བདག་གིས་སོ་སོར་ཐར་པའི་མདོ་གདོན་པའི་གླེང་གཞི་བཏོན་ཟིན་ཏོ་༎ ཕམ་པར་འགྱུར་བའི་ཆོས་བརྒྱད་དང་། དགེ་འདུན་ལྷག་མའི་ཆོས་ཉི་ཤུ་དང་། ༼༢༤བ༡༽ སྤང་བའི་ལྟུང་བྱེད་ཀྱི་ཆོས་སུམ་བཅུ་རྩ་གསུམ་དང་། ལྟུང་བྱེད་ཀྱི་ཆོས་བརྒྱ་བརྒྱད་བཅུ་དང་། སོ་སོར་བཤགས་བར་བྱ་བའི་ཆོས་བཅུ་གཅིག་དང་། བསླབ་པའི་ཆོས་མང་པོ་དང་རྩོད་པ་ཞི་བར་བྱ་བའི་ཆོས་བདུན་པོ་དག་བཏོན་ཟིན་ཏོ་༎ བཅོམ་ལྡན་འདས་དེ་བཞིན་གཤེགས ༼༢༽ པ་དགྲ་བཅོམ་པ་ཡང་དག་པར་རྫོགས་པའི་སངས་རྒྱས་དེའི་མདོར་གཏོགས་ཤིང་བསྡུས་པ་ནི་འདི་དག་གོ་༎ གང་གཞན་ནས་འབྱུང་བའི་ཆོས་ཀྱི་རྗེས་སུ་མཐུན་པའི་ཆོས་དེ་ལ་ཡང་ཁྱེད་རྣམས་འདུམ་པ་དང་། མཐུན་པ་དང་། དགའ་བ་དང་། མི་རྩོད་པར་སེམས་ཀུན་དུ་བསྲུང་བ་དང་། ༼༣༽ དྲན་པ་དང་། བག་ཡོད་པས་རྣལ་འབྱོར་དུ་བྱའོ་༎
e9b13a74de0249208b6d7dcf2bfefbea,"ncluding verses 
",..,བཟོད་པ་དཀའ་ཐུབ་དམ་པ་བཟོད་པ་ཡིན་༎ མྱ་ངན་འདས་པ་མཆོག་ཅེས་སངས་རྒྱས་གསུང་༎རབ་ཏུ་བྱུང་བ་གཞན་ལ་གནོད་པ་དང་༎ གཞན་ལ་འཚེ་བ་དགེ་སྦྱོང་མ་ཡིན་ནོ་༎མིག་ལྡན་འགྲོ་བ་ཡོད་པ་ཡིས་༎ ཉམ ༼༤༽ ང་བདག་ཇི་བཞིན་དུ་༎མཁས་པས་འཚོ་བའི་འཇིག་རྟེན་འདིར་༎ སྡིག་པ་དག་ནི་ཡོངས་སུ་སྤང་༎སྐུར་པ་མི་གདབ་གནོད་མི་བྱ་༎ སོ་སོར་ཐར་པའང་བསྡམ་པར་བྱ་༎ཟས་ཀྱི་ཚོད་ཀྱང་རིག་པར་བྱ་༎ བས་མཐའི་གནས་སུ་གནས་པར་བྱ་༎ལྷག་མའི་སེམས་ལ་ཡང ༼༥༽ དག་སྦྱོར་༎ འདི་ནི་སངས་རྒྱས་བསྟན་པ་ཡིན་༎ཇི་ལྟར་བུང་བ་མེ་ཏོག་ལས་༎ ཁ་དོག་དྲི་ལ་མི་གནོད་པར་༎ཁུ་བ་བཟིབས་ནས་འཕུར་བལྟར་༎ དེ་བཞིན་ཐུབ་པ་གྲོང་དུ་རྒྱུ་༎བདག་གིས་རིགས་དང་མི་རིགས་ལ་༎ བརྟགས་པར་བྱ་སྟེ་གཞན་རྣམས་ཀྱི་༎མི ༼༦༽ མཐུན་པ་དང་གཞན་རྣམས་ཀྱི་༎ བྱས་དང་མ་བྱས་རྣམས་ལ་མིན་༎ལྷག་པའི་སེམས་ལ་བག་བྱ་སྟེ་༎ ཐུབ་པའི་བསླབ་གཞི་རྣམས་ལ་བསླབ་༎ཉེར་ཞི་རྟག་ཏུ་དྲན་ལྡན་པའི་༎ སྐྱོབ་པ་མྱ་ངན་མེད་པ་ཡིན་༎སྦྱིན་པས་བསོད་ནམས་རབ་ཏུ་འཕེལ་༎ ལེགས ༼༧༽ བསྡམས་དགྲ་སོགས་མི་འགྱུར་རོ་༎དགེ་དང་ལྡན་པས་སྡིག་པ་སྤོང་༎ ཉོན་མོངས་ཟད་པས་མྱ་ངན་འདའ་༎སྡིག་པ་ཐམས་ཅད་མི་བྱ་སྟེ་༎ དགེ་བ་ཕུན་སུམ་ཚོགས་པར་སྦྱད་༎རང་གི་སེམས་ནི་ཡོངས་སུ་གདུལ་༎ འདི་ནི་སངས་རྒྱས་བསྟན་པ་ཡིན་༎ལུས་ཀྱི་སྡོམ་པ་ལེགས་པ ༼༢༥ཨ༡༽ སྟེ་༎ ངག་གི་སྡོམ་པ་ལེགས་པ་ཡིན་༎ཡིད་ཀྱི་སྡོམ་པའང་ལེགས་པ་སྟེ་༎ ཐམས་ཅད་དུ་ནི་སྡོམ་པ་ལེགས་༎ཀུན་དུ་བསྡམས་པའི་དགེ་སློང་ནི་༎ སྡུག་བསྔལ་ཀུན་ལས་རབ་ཏུ་གྲོལ་༎ངག་རྣམས་བསྲུང་ཞིང་ཡིད་ཀྱིས་རབ་བསྡམས་ཏེ་༎ ལུས་ཀྱིས་མི་དགེ ༼༢༽ བདག་མི་བྱེད་ཅིང་༎ལས་ལམ་བཅུ་པོ་འདི་དག་རབ་སྦྱངས་ན་༎ དྲང་སྲོང་གསུངས་པའི་ལམ་ནི་ཐོབ་པར་འགྱུར་༎སངས་རྒྱས་རྣམ་གཟིགས་གཙུག་ཐོར་ཐམས་ཅད་སྐྱོབ་༎ འཁོར་བ་འཇིག་དང་གསེར་ཐུབ་འོད་སྲུང་དང་༎ཤཱཀྱ་ཐུབ་པ་གཏོམ་ལྷ་ཡི་ལྷ་༎ མི་འདུལ་ཁ་ལོ་སྒྱུར་བ ༼༣༽ བླས་མེད་༎འཇིག་རྟེན་མགོན་པོ་སྐྱོབ་པ་མཅོག་༎ སངས་རྒྱས་དཔའ་བོ་འབདུན་པོ་དག་༎གྲགས་ལྡན་རྣམས་ཀྱི་སོ་སོར་ཐར་༎ འདི་ནི་རབ་ཏུ་རྒྱས་པར་བཏོན་༎འདི་ལ་སངས་རྒྱས་རྣམས་དང་གང་༎ སངས་རྒྱས་ཉན་ཐོས་རྣམས་ཀྱང་གུས་༎འདི་ལ་གུས་དང་བཅས་གྱུར་པས་༎ འདུས ༼༤༽ མ་བྱས་པ་ཐོབ་པར་གྱིས་༎བརྩམ་པར་བྱ་ཞིང་འབྱུང་བར་བྱ་༎ སངས་རྒྱས་བསྟན་ལ་འཇུག་པར་བྱ་༎འདམ་བུའི་ཁྱིམ་ལ་གླང་ཆེན་བཞིན་༎ འཅི་བདག་སྡེ་ནི་གཞོམ་པར་བྱ་༎གང་ཞིག་རབ་ཏུ་བག་ཡོད་པར་༎ ཆོས་འདུལ་འདི་ལ་སྦྱོད་གྱུར་པ་༎སྐྱེ་བའི་འཁོར་བར་བ་སྤངས ༼༥༽ ནས་༎ སྡུག་བསྔལ་ཐ་མར་བྱེད་པར་འགྱུར་༎ཕན་ཚུན་ཚུལ་ཁྲིམས་བསྲུང་བ་དང་༎ བསྟན་པ་འཕེལ་བར་བྱ་བའི་ཕྱི་༎སོ་སོར་ཐར་པ་འདི་བཏོན་པས་༎ དགེ་འདུན་གྱིས་ནི་གསོ་སྦྱོང་བྱས་༎གང་གི་ཕྱིར་ནི་མདོ་བཏོན་དང་༎ གང་ཕྱིར་གསོ་སྦྱོང་བྱས་གྱུར་པས་༎ཚུལ ༼༦༽ ཁྲིམས་དེ་ནི་བསྲུང་བྱ་སྟེ་༎ གཡང་རྔའི་རྩེ་མོ་ཇི་བཞིན་ནོ་༎སོ་སོར་ཏར་པ་བཏོན་པ་ཡི་༎ བསོད་ནམས་གྲུབ་པ་གང་ཡོད་པ་༎དེས་ནི་འཇིག་རྟེན་མ་ལུས་པ་༎ ཐུབ་དབང་གོ་འཕང་ཐོབ་པར་ཤོག་༎
0344040ba06647938b3fd3fd72f961e3,"
",..,དགེ་སློང་མའི་སོ་སོར་ཐར་པའི་མདོ་རྫོགས་སྷོ་༎ ༎
8159b765182a4b00902620bb8a23445d,lophon,..,དབང་ཕྱུག་དམ་པའི ༼༧༽ མགའ་བདག་དཔལ་ལྷ་བཙན་པོའི་བཀའ་ལུང་གིས་འཕགས་པ་གཞི་ཏམས་ཅད་ཡོད་པར་སྨྲ་བའི་འདུལ་བ་འཛིན་པ་ཁ་ཆེ་བྱེ་བྲག་ཏུ་སྨྲ་བའི་སློབ་དཔོན་ཛིན་མི་ཏྲ་དང་། ཞུ་ཆེན་གྱི་ལོཙྪ་བ་ཅོག་རོ་ཀླུའི་རྒྱལ་མཚན་གྱིས་བསྒྱུར་ཅིང་ཞུས་ཏེ་གཏན་ལ་ཕབ་པ་༎ ༎
